instrument_code,valuation_date,clean_price,yield,source
102382884.IB,8/22/2025,102.53,0.020052,cb
102382884.IB,8/25/2025,102.5114,0.020064,cb
102382884.IB,8/26/2025,102.5303,0.019854,cb
102382884.IB,8/27/2025,102.5418,0.019707,cb
102382884.IB,8/28/2025,102.5445,0.019633,cb
102382884.IB,8/29/2025,102.5351,0.019664,cb
102382884.IB,9/1/2025,102.5332,0.019528,cb
102382884.IB,9/2/2025,102.5171,0.019617,cb
102382884.IB,9/3/2025,102.5314,0.019443,cb
102382884.IB,9/4/2025,102.5402,0.019315,cb
102382884.IB,9/5/2025,102.5305,0.019347,cb
102382884.IB,9/8/2025,102.4883,0.019562,cb
102382884.IB,9/9/2025,102.467,0.019697,cb
102382884.IB,9/10/2025,102.4552,0.019749,cb
102382884.IB,9/11/2025,102.4348,0.019879,cb
102382884.IB,9/12/2025,102.4289,0.01988,cb
102382884.IB,9/15/2025,102.4101,0.019892,cb
102382884.IB,9/16/2025,102.4045,0.019891,cb
102382884.IB,9/17/2025,102.3962,0.019914,cb
102382884.IB,9/18/2025,102.3785,0.020021,cb
102382884.IB,9/19/2025,102.3735,0.020014,cb
102382884.IB,9/22/2025,102.3581,0.019997,cb
102382884.IB,9/23/2025,102.3126,0.02036,cb
102382884.IB,9/24/2025,102.2806,0.020602,cb
102382884.IB,9/25/2025,102.2436,0.020889,cb
102382884.IB,9/26/2025,102.2428,0.020847,cb
102382884.IB,9/29/2025,102.2351,0.020764,cb
102382884.IB,9/30/2025,102.2364,0.020701,cb
102382884.IB,10/9/2025,102.2011,0.020562,cb
102382884.IB,10/10/2025,102.1913,0.020602,cb
102382884.IB,10/13/2025,102.1973,0.020383,cb
102382884.IB,10/14/2025,102.2008,0.020295,cb
102382884.IB,10/15/2025,102.1936,0.020311,cb
102382884.IB,10/16/2025,102.1924,0.020267,cb
102382884.IB,10/17/2025,102.2121,0.02002,cb
102382884.IB,10/20/2025,102.2082,0.01989,cb
102382884.IB,10/21/2025,102.209,0.019826,cb
102382884.IB,10/22/2025,102.2145,0.019715,cb
102382884.IB,10/23/2025,102.2264,0.01954,cb
102382884.IB,10/24/2025,102.2225,0.019521,cb
102382884.IB,10/27/2025,102.2044,0.019526,cb
102382884.IB,10/28/2025,102.2209,0.019299,cb
102382884.IB,10/29/2025,102.2265,0.019181,cb
102382884.IB,10/30/2025,102.2307,0.019076,cb
102382884.IB,10/31/2025,102.2333,0.018986,cb
102382884.IB,11/3/2025,102.2194,0.018937,cb
102382884.IB,11/4/2025,102.2152,0.018915,cb
102382884.IB,11/5/2025,102.2159,0.018844,cb
102382884.IB,11/6/2025,102.2072,0.018868,cb
102382884.IB,11/7/2025,102.1984,0.018893,cb
102382884.IB,11/10/2025,102.1759,0.018931,cb
102382884.IB,11/11/2025,102.1725,0.0189,cb
102382884.IB,11/12/2025,102.1695,0.018866,cb
102382884.IB,11/13/2025,102.1606,0.018893,cb
102382884.IB,11/14/2025,102.1549,0.018887,cb
102382884.IB,11/17/2025,102.1326,0.018923,cb
102382884.IB,11/18/2025,102.1287,0.018897,cb
102382884.IB,11/19/2025,102.1239,0.018882,cb
102382884.IB,11/20/2025,102.1153,0.018906,cb
102382884.IB,11/21/2025,102.1012,0.018989,cb
102382884.IB,11/24/2025,102.0721,0.0191,cb
102382884.IB,11/25/2025,102.0761,0.018989,cb
102382884.IB,11/26/2025,102.0577,0.019121,cb
102382884.IB,11/27/2025,102.0444,0.019198,cb
102382884.IB,11/28/2025,102.0373,0.019207,cb
102382884.IB,12/1/2025,102.0214,0.019178,cb
102382884.IB,12/2/2025,102.0106,0.019228,cb
102382884.IB,12/3/2025,101.9991,0.019286,cb
102382884.IB,12/4/2025,101.9798,0.019432,cb
102382884.IB,12/5/2025,101.9705,0.019467,cb
102382884.IB,12/8/2025,101.9513,0.019476,cb
102382884.IB,12/9/2025,101.9473,0.019451,cb
102382884.IB,12/10/2025,101.945,0.019408,cb
102382884.IB,12/11/2025,101.9335,0.019468,cb
102382884.IB,12/12/2025,101.9227,0.019522,cb
102382884.IB,12/15/2025,101.889,0.019697,cb
102382884.IB,12/16/2025,101.8839,0.019687,cb
102382884.IB,12/17/2025,101.8829,0.019628,cb
102382884.IB,12/18/2025,101.8846,0.019538,cb
102382884.IB,12/19/2025,101.8878,0.01943,cb
102382884.IB,12/22/2025,101.8664,0.019465,cb
102382884.IB,12/23/2025,101.8592,0.019478,cb
102382884.IB,12/24/2025,101.8528,0.01948,cb
102382884.IB,12/25/2025,101.8478,0.019467,cb
102382884.IB,12/26/2025,101.8386,0.019504,cb
102382884.IB,12/29/2025,101.8211,0.019494,cb
102382884.IB,12/30/2025,101.8178,0.019459,cb
102382884.IB,12/31/2025,101.8103,0.019477,cb
102382884.IB,1/5/2026,101.786,0.019399,cb
102382884.IB,1/6/2026,101.7843,0.019345,cb
102382884.IB,1/7/2026,101.7814,0.019305,cb
102382884.IB,1/8/2026,101.7815,0.019228,cb
102382884.IB,1/9/2026,101.7753,0.019228,cb
102382884.IB,1/12/2026,101.7545,0.019255,cb
102382884.IB,1/13/2026,101.7493,0.019243,cb
102382884.IB,1/14/2026,101.7401,0.019282,cb
102382884.IB,1/15/2026,101.7325,0.0193,cb
102382884.IB,1/16/2026,101.7267,0.019295,cb
102382884.IB,1/19/2026,101.7095,0.019278,cb
102382884.IB,1/20/2026,101.7049,0.019258,cb
102382884.IB,1/21/2026,101.7053,0.019174,cb
102382884.IB,1/22/2026,101.7103,0.019028,cb
102382884.IB,1/23/2026,101.7091,0.018963,cb
102382884.IB,1/26/2026,101.6869,0.019008,cb
102382884.IB,1/27/2026,101.6829,0.018979,cb
102382884.IB,1/28/2026,101.6826,0.0189,cb
102382884.IB,1/29/2026,101.7167,0.018365,cb
102382884.IB,1/30/2026,101.7109,0.018357,cb
102382884.IB,2/2/2026,101.69,0.018379,cb
102382884.IB,2/3/2026,101.6836,0.018379,cb
102382884.IB,2/4/2026,101.6804,0.018336,cb
102382884.IB,2/5/2026,101.6755,0.018315,cb
102382884.IB,2/6/2026,101.6721,0.018275,cb
102382884.IB,2/9/2026,101.6575,0.018209,cb
102382884.IB,2/10/2026,101.6484,0.018247,cb
102382884.IB,2/11/2026,101.6421,0.018244,cb
102382884.IB,2/12/2026,101.6355,0.018246,cb
102382884.IB,2/13/2026,101.6364,0.018144,cb
102382884.IB,2/24/2026,101.5709,0.018064,cb
102382884.IB,2/25/2026,101.5654,0.01805,cb
102382884.IB,2/26/2026,101.5561,0.01809,cb
102382884.IB,2/27/2026,101.5479,0.018116,cb
102382884.IB,3/2/2026,101.5372,0.017987,cb
102382884.IB,3/3/2026,101.531,0.017982,cb
102382884.IB,3/4/2026,101.5303,0.017895,cb
102382884.IB,3/5/2026,101.5241,0.017891,cb
102382884.IB,3/6/2026,101.5212,0.017835,cb
102382884.IB,3/9/2026,101.5031,0.017812,cb
102382884.IB,3/10/2026,101.505,0.017681,cb
102382884.IB,3/11/2026,101.5031,0.017608,cb
102382884.IB,3/12/2026,101.4987,0.017574,cb
102382884.IB,3/13/2026,101.4995,0.017457,cb
102382884.IB,3/16/2026,101.4758,0.017519,cb
102382884.IB,3/17/2026,101.4701,0.017503,cb
102382884.IB,3/18/2026,101.4663,0.017459,cb
102382884.IB,3/19/2026,101.4683,0.01732,cb
102382884.IB,3/20/2026,101.4617,0.017319,cb
102382884.IB,3/23/2026,101.4437,0.017285,cb
102382884.IB,3/24/2026,101.4412,0.017218,cb
102382884.IB,3/25/2026,101.4376,0.017166,cb
102382884.IB,3/26/2026,101.4369,0.017067,cb
102382884.IB,3/27/2026,101.4297,0.017074,cb
102382884.IB,3/30/2026,101.4108,0.017053,cb
102382884.IB,3/31/2026,101.4084,0.016979,cb
102382884.IB,4/1/2026,101.401,0.016989,cb
102382884.IB,4/2/2026,101.3996,0.016897,cb
102382884.IB,4/3/2026,101.3994,0.016785,cb
102382884.IB,4/7/2026,101.3851,0.016558,cb
102382884.IB,4/8/2026,101.3781,0.016561,cb
102382884.IB,4/9/2026,101.3716,0.016554,cb
102382884.IB,4/10/2026,101.3715,0.016434,cb
102382884.IB,4/13/2026,101.3521,0.016409,cb
102382884.IB,4/14/2026,101.3452,0.016409,cb
102382884.IB,4/15/2026,101.3388,0.0164,cb
102382884.IB,4/16/2026,101.3328,0.016383,cb
102382884.IB,4/17/2026,101.3244,0.016412,cb
102382884.IB,4/20/2026,101.3104,0.016285,cb
102382884.IB,4/21/2026,101.3029,0.016296,cb
102382884.IB,4/22/2026,101.2946,0.016322,cb
102382884.IB,4/23/2026,101.2867,0.01634,cb
102382884.IB,4/24/2026,101.2841,0.016258,cb
102382884.IB,4/27/2026,101.2612,0.016297,cb
102382884.IB,4/28/2026,101.2595,0.016195,cb
102382884.IB,4/29/2026,101.2552,0.016143,cb
102382884.IB,4/30/2026,101.2492,0.016125,cb
102382884.IB,5/6/2026,101.205,0.016172,cb
102382884.IB,5/7/2026,101.1992,0.016149,cb
102382884.IB,5/8/2026,101.1934,0.016125,cb
102382884.IB,5/11/2026,101.1829,0.015905,cb
102382884.IB,5/12/2026,101.1798,0.015823,cb
102382884.IB,5/13/2026,101.1761,0.015751,cb
102382884.IB,5/14/2026,101.1714,0.0157,cb
102382884.IB,5/15/2026,101.1644,0.015697,cb
102382884.IB,5/18/2026,101.1457,0.015641,cb
102382884.IB,5/19/2026,101.1396,0.015619,cb
102382884.IB,5/20/2026,101.1338,0.01559,cb
102382884.IB,5/21/2026,101.1258,0.015611,cb
102382884.IB,5/22/2026,101.1192,0.015598,cb
102382884.IB,5/25/2026,101.0981,0.015595,cb
102382884.IB,5/26/2026,101.0901,0.015614,cb
102382884.IB,5/27/2026,101.0836,0.0156,cb
102382884.IB,5/28/2026,101.0782,0.015559,cb
102382884.IB,5/29/2026,101.0742,0.015486,cb
102382884.IB,6/1/2026,101.0564,0.015401,cb
102382884.IB,6/2/2026,101.0512,0.015351,cb
102382884.IB,6/3/2026,101.0459,0.015308,cb
102382884.IB,6/4/2026,101.0384,0.015315,cb
102382884.IB,6/5/2026,101.0317,0.015303,cb
102382884.IB,6/8/2026,101.0083,0.015348,cb
102382884.IB,6/9/2026,100.9892,0.015649,cb
102382884.IB,6/10/2026,100.9786,0.015739,cb
102382884.IB,6/11/2026,100.9593,0.016053,cb
102382884.IB,6/12/2026,100.9494,0.01613,cb
102382884.IB,6/15/2026,100.926,0.016198,cb
102382884.IB,6/16/2026,100.9178,0.016229,cb
102382884.IB,6/17/2026,100.9133,0.016166,cb
102382884.IB,6/18/2026,100.9076,0.016132,cb
102382884.IB,6/22/2026,100.8794,0.016143,cb
102382884.IB,6/23/2026,100.8659,0.016327,cb
102382884.IB,6/24/2026,100.8581,0.01635,cb
102382884.IB,6/25/2026,100.8533,0.016293,cb
102382884.IB,6/26/2026,100.8492,0.01621,cb
102382884.IB,6/29/2026,100.8295,0.016178,cb
102382884.IB,6/30/2026,100.8229,0.016169,cb
102382884.IB,7/1/2026,100.8171,0.016134,cb
102382884.IB,7/2/2026,100.8115,0.016094,cb
102382884.IB,7/3/2026,100.8076,0.016002,cb
102382884.IB,7/6/2026,100.7913,0.015856,cb
102382884.IB,7/7/2026,100.7816,0.015939,cb
102382884.IB,7/8/2026,100.7758,0.015902,cb
102382884.IB,7/9/2026,100.7706,0.015844,cb
102382884.IB,7/10/2026,100.7621,0.015892,cb
102382884.IB,7/13/2026,100.7422,0.015852,cb
102382884.IB,7/14/2026,100.7341,0.015888,cb
102382884.IB,7/15/2026,100.7279,0.015862,cb
102382884.IB,7/16/2026,100.7167,0.016005,cb
102382884.IB,7/17/2026,100.7104,0.01598,cb
102382884.IB,7/20/2026,100.6902,0.015953,cb
102382884.IB,7/21/2026,100.684,0.015925,cb
102382884.IB,7/22/2026,100.6775,0.015909,cb
102382884.IB,7/23/2026,100.6739,0.015785,cb
102382884.IB,7/24/2026,100.6633,0.015916,cb
102382884.IB,7/27/2026,100.6427,0.015898,cb
102382884.IB,7/28/2026,100.634,0.015967,cb
102382884.IB,7/29/2026,100.6255,0.016026,cb
102382884.IB,7/30/2026,100.6164,0.016111,cb
102382884.IB,7/31/2026,100.6095,0.016109,cb
102382884.IB,8/3/2026,100.5886,0.016109,cb
102382884.IB,8/4/2026,100.5843,0.015999,cb
102382884.IB,8/5/2026,100.5776,0.01599,cb
102382884.IB,8/6/2026,100.5693,0.016045,cb
102382884.IB,8/7/2026,100.5635,0.015995,cb
102382884.IB,8/10/2026,100.5435,0.015954,cb
102382884.IB,8/11/2026,100.5377,0.015897,cb
102382884.IB,8/12/2026,100.5313,0.01587,cb
102382884.IB,8/13/2026,100.5243,0.015873,cb
102382884.IB,8/14/2026,100.5175,0.015861,cb
102382884.IB,8/17/2026,100.4952,0.015927,cb
102382884.IB,8/18/2026,100.4897,0.015851,cb
102382884.IB,8/19/2026,100.4828,0.015844,cb
102382884.IB,8/20/2026,100.4758,0.015842,cb
102382884.IB,8/21/2026,100.4674,0.015917,cb
102400640.IB,8/22/2025,101.0177,0.028206,cb
102400640.IB,8/25/2025,101.0296,0.028164,cb
102400640.IB,8/26/2025,101.0465,0.028111,cb
102400640.IB,8/27/2025,101.0667,0.028048,cb
102400640.IB,8/28/2025,101.0489,0.028099,cb
102400640.IB,8/29/2025,101.0235,0.028173,cb
102400640.IB,9/1/2025,101.044,0.028104,cb
102400640.IB,9/2/2025,101.0665,0.028034,cb
102400640.IB,9/3/2025,101.0587,0.028055,cb
102400640.IB,9/4/2025,101.0972,0.027937,cb
102400640.IB,9/5/2025,101.063,0.028037,cb
102400640.IB,9/8/2025,100.9998,0.028221,cb
102400640.IB,9/9/2025,100.9715,0.028304,cb
102400640.IB,9/10/2025,100.9316,0.028423,cb
102400640.IB,9/11/2025,100.9178,0.028463,cb
102400640.IB,9/12/2025,100.9197,0.028455,cb
102400640.IB,9/15/2025,100.9304,0.028416,cb
102400640.IB,9/16/2025,100.9075,0.028484,cb
102400640.IB,9/17/2025,100.9049,0.028489,cb
102400640.IB,9/18/2025,100.9194,0.028443,cb
102400640.IB,9/19/2025,100.8597,0.028623,cb
102400640.IB,9/22/2025,100.8549,0.028632,cb
102400640.IB,9/23/2025,100.8035,0.028787,cb
102400640.IB,9/24/2025,100.7339,0.028999,cb
102400640.IB,9/25/2025,100.6408,0.029284,cb
102400640.IB,9/26/2025,100.6386,0.029289,cb
102400640.IB,9/29/2025,100.6116,0.029368,cb
102400640.IB,9/30/2025,100.6171,0.029349,cb
102400640.IB,10/9/2025,100.6377,0.029273,cb
102400640.IB,10/10/2025,100.633,0.029286,cb
102400640.IB,10/13/2025,100.7162,0.029022,cb
102400640.IB,10/14/2025,100.7272,0.028986,cb
102400640.IB,10/15/2025,100.87,0.02854,cb
102400640.IB,10/16/2025,100.8956,0.028458,cb
102400640.IB,10/17/2025,100.9417,0.028312,cb
102400640.IB,10/20/2025,100.9669,0.028227,cb
102400640.IB,10/21/2025,101.0103,0.028089,cb
102400640.IB,10/22/2025,101.0412,0.02799,cb
102400640.IB,10/23/2025,101.1067,0.027783,cb
102400640.IB,10/24/2025,101.1431,0.027666,cb
102400640.IB,10/27/2025,101.1524,0.027629,cb
102400640.IB,10/28/2025,101.2621,0.027283,cb
102400640.IB,10/29/2025,101.3142,0.027117,cb
102400640.IB,10/30/2025,101.3839,0.026896,cb
102400640.IB,10/31/2025,101.4584,0.026659,cb
102400640.IB,11/3/2025,101.4977,0.026526,cb
102400640.IB,11/4/2025,101.5322,0.026414,cb
102400640.IB,11/5/2025,101.5443,0.026372,cb
102400640.IB,11/6/2025,101.5138,0.026464,cb
102400640.IB,11/7/2025,101.5051,0.026488,cb
102400640.IB,11/10/2025,101.5039,0.026481,cb
102400640.IB,11/11/2025,101.5154,0.026441,cb
102400640.IB,11/12/2025,101.5289,0.026395,cb
102400640.IB,11/13/2025,101.533,0.026378,cb
102400640.IB,11/14/2025,101.5488,0.026324,cb
102400640.IB,11/17/2025,101.5382,0.026347,cb
102400640.IB,11/18/2025,101.5493,0.026308,cb
102400640.IB,11/19/2025,101.5586,0.026275,cb
102400640.IB,11/20/2025,101.5578,0.026273,cb
102400640.IB,11/21/2025,101.5128,0.026412,cb
102400640.IB,11/24/2025,101.5046,0.026427,cb
102400640.IB,11/25/2025,101.4729,0.026525,cb
102400640.IB,11/26/2025,101.4192,0.026692,cb
102400640.IB,11/27/2025,101.3193,0.027008,cb
102400640.IB,11/28/2025,101.3255,0.026985,cb
102400640.IB,12/1/2025,101.3252,0.026977,cb
102400640.IB,12/2/2025,101.3136,0.027011,cb
102400640.IB,12/3/2025,101.3173,0.026996,cb
102400640.IB,12/4/2025,101.2122,0.027331,cb
102400640.IB,12/5/2025,101.1925,0.027391,cb
102400640.IB,12/8/2025,101.1601,0.027487,cb
102400640.IB,12/9/2025,101.203,0.027346,cb
102400640.IB,12/10/2025,101.2176,0.027295,cb
102400640.IB,12/11/2025,101.2634,0.027144,cb
102400640.IB,12/12/2025,101.2902,0.027054,cb
102400640.IB,12/15/2025,101.2825,0.027069,cb
102400640.IB,12/16/2025,101.2927,0.027033,cb
102400640.IB,12/17/2025,101.3353,0.026891,cb
102400640.IB,12/18/2025,101.3752,0.026758,cb
102400640.IB,12/19/2025,101.4161,0.026621,cb
102400640.IB,12/22/2025,101.4151,0.026614,cb
102400640.IB,12/23/2025,101.4131,0.026617,cb
102400640.IB,12/24/2025,101.4157,0.026605,cb
102400640.IB,12/25/2025,101.4428,0.026512,cb
102400640.IB,12/26/2025,101.3154,0.026926,cb
102400640.IB,12/29/2025,101.1366,0.027504,cb
102400640.IB,12/30/2025,101.1473,0.027466,cb
102400640.IB,12/31/2025,101.1365,0.027499,cb
102400640.IB,1/5/2026,100.9627,0.02806,cb
102400640.IB,1/6/2026,100.7754,0.028681,cb
102400640.IB,1/7/2026,100.7691,0.028701,cb
102400640.IB,1/8/2026,100.6283,0.029169,cb
102400640.IB,1/9/2026,100.4699,0.029698,cb
102400640.IB,1/12/2026,100.3276,0.030174,cb
102400640.IB,1/13/2026,100.3395,0.030133,cb
102400640.IB,1/14/2026,100.1905,0.030635,cb
102400640.IB,1/15/2026,100.0762,0.031022,cb
102400640.IB,1/16/2026,100.1148,0.030891,cb
102400640.IB,1/19/2026,100.1507,0.030769,cb
102400640.IB,1/20/2026,100.1568,0.030748,cb
102400640.IB,1/21/2026,100.0137,0.031235,cb
102400640.IB,1/22/2026,99.8925,0.03165,cb
102400640.IB,1/23/2026,99.8029,0.031957,cb
102400640.IB,1/26/2026,99.8465,0.03181,cb
102400640.IB,1/27/2026,99.8829,0.031686,cb
102400640.IB,1/28/2026,99.8792,0.031699,cb
102400640.IB,1/29/2026,99.8776,0.031705,cb
102400640.IB,1/30/2026,99.8835,0.031686,cb
102400640.IB,2/2/2026,99.8911,0.031662,cb
102400640.IB,2/3/2026,99.8967,0.031643,cb
102400640.IB,2/4/2026,99.7801,0.032047,cb
102400640.IB,2/5/2026,99.6368,0.032544,cb
102400640.IB,2/6/2026,99.6517,0.032494,cb
102400640.IB,2/9/2026,99.6517,0.032499,cb
102400640.IB,2/10/2026,99.6806,0.032399,cb
102400640.IB,2/11/2026,99.6817,0.032397,cb
102400640.IB,2/12/2026,99.7018,0.032328,cb
102400640.IB,2/13/2026,99.5981,0.032691,cb
102400640.IB,2/24/2026,99.4615,0.033192,cb
102400640.IB,2/25/2026,99.3095,0.033733,cb
102400640.IB,2/26/2026,99.1661,0.034245,cb
102400640.IB,2/27/2026,99.1547,0.034288,cb
102400640.IB,3/2/2026,99.1763,0.034221,cb
102400640.IB,3/3/2026,99.1956,0.034154,cb
102400640.IB,3/4/2026,99.1836,0.034201,cb
102400640.IB,3/5/2026,99.1895,0.034183,cb
102400640.IB,3/6/2026,99.2147,0.034095,cb
102400640.IB,3/9/2026,99.1838,0.034213,cb
102400640.IB,3/10/2026,99.1729,0.034254,cb
102400640.IB,3/11/2026,99.1633,0.034291,cb
102400640.IB,3/12/2026,99.1744,0.034253,cb
102400640.IB,3/13/2026,99.2074,0.034136,cb
102400640.IB,3/16/2026,99.2088,0.034137,cb
102400640.IB,3/17/2026,99.2222,0.034091,cb
102400640.IB,3/18/2026,99.2524,0.033983,cb
102400640.IB,3/19/2026,99.2909,0.033846,cb
102400640.IB,3/20/2026,99.2961,0.033829,cb
102400640.IB,3/23/2026,99.2786,0.033898,cb
102400640.IB,3/24/2026,99.3122,0.033778,cb
102400640.IB,3/25/2026,99.3073,0.033797,cb
102400640.IB,3/26/2026,99.3437,0.033667,cb
102400640.IB,3/27/2026,99.3578,0.033617,cb
102400640.IB,3/30/2026,99.3527,0.03364,cb
102400640.IB,3/31/2026,99.3783,0.033549,cb
102400640.IB,4/1/2026,99.4091,0.033438,cb
102400640.IB,4/2/2026,99.4455,0.033306,cb
102400640.IB,4/3/2026,99.4723,0.03321,cb
102400640.IB,4/7/2026,99.4962,0.033127,cb
102400640.IB,4/8/2026,99.643,0.03259,cb
102400640.IB,4/9/2026,99.6738,0.032478,cb
102400640.IB,4/10/2026,99.6655,0.032509,cb
102400640.IB,4/13/2026,99.666,0.032509,cb
102400640.IB,4/14/2026,99.6661,0.03251,cb
102400640.IB,4/15/2026,99.7943,0.032039,cb
102400640.IB,4/16/2026,99.9272,0.03155,cb
102400640.IB,4/17/2026,100.0728,0.031015,cb
102400640.IB,4/20/2026,100.0922,0.030942,cb
102400640.IB,4/21/2026,100.1163,0.030852,cb
102400640.IB,4/22/2026,100.3904,0.029844,cb
102400640.IB,4/23/2026,100.3852,0.029861,cb
102400640.IB,4/24/2026,100.3725,0.029906,cb
102400640.IB,4/27/2026,100.3509,0.029981,cb
102400640.IB,4/28/2026,100.362,0.029939,cb
102400640.IB,4/29/2026,100.3708,0.029904,cb
102400640.IB,4/30/2026,100.3615,0.029937,cb
102400640.IB,5/6/2026,100.3211,0.030078,cb
102400640.IB,5/7/2026,100.3126,0.030108,cb
102400640.IB,5/8/2026,100.2956,0.03017,cb
102400640.IB,5/11/2026,100.2615,0.030294,cb
102400640.IB,5/12/2026,100.3,0.030148,cb
102400640.IB,5/13/2026,100.3199,0.030072,cb
102400640.IB,5/14/2026,100.3412,0.029991,cb
102400640.IB,5/15/2026,100.3573,0.029929,cb
102400640.IB,5/18/2026,100.392,0.029794,cb
102400640.IB,5/19/2026,100.4101,0.029724,cb
102400640.IB,5/20/2026,100.4314,0.029643,cb
102400640.IB,5/21/2026,100.5861,0.029058,cb
102400640.IB,5/22/2026,100.7222,0.028544,cb
102400640.IB,5/25/2026,100.7179,0.028552,cb
102400640.IB,5/26/2026,100.7364,0.02848,cb
102400640.IB,5/27/2026,101.0134,0.027434,cb
102400640.IB,5/28/2026,101.0564,0.027268,cb
102400640.IB,5/29/2026,101.0544,0.027272,cb
102400640.IB,6/1/2026,101.07,0.027201,cb
102400640.IB,6/2/2026,101.0955,0.027101,cb
102400640.IB,6/3/2026,101.1229,0.026993,cb
102400640.IB,6/4/2026,101.2768,0.026408,cb
102400640.IB,6/5/2026,101.2933,0.02634,cb
102400640.IB,6/8/2026,101.2633,0.026439,cb
102400640.IB,6/9/2026,101.3554,0.026085,cb
102400640.IB,6/10/2026,101.3206,0.026212,cb
102400640.IB,6/11/2026,101.2338,0.026536,cb
102400640.IB,6/12/2026,101.2024,0.026651,cb
102400640.IB,6/15/2026,101.2043,0.02663,cb
102400640.IB,6/16/2026,101.2234,0.026552,cb
102400640.IB,6/17/2026,101.2577,0.026416,cb
102400640.IB,6/18/2026,101.2741,0.026349,cb
102400640.IB,6/22/2026,101.2678,0.026353,cb
102400640.IB,6/23/2026,101.2756,0.026318,cb
102400640.IB,6/24/2026,101.2731,0.026323,cb
102400640.IB,6/25/2026,101.2869,0.026265,cb
102400640.IB,6/26/2026,101.3067,0.026184,cb
102400640.IB,6/29/2026,101.2974,0.026204,cb
102400640.IB,6/30/2026,101.2932,0.026215,cb
102400640.IB,7/1/2026,101.2266,0.026468,cb
102400640.IB,7/2/2026,101.2142,0.026511,cb
102400640.IB,7/3/2026,101.2164,0.026498,cb
102400640.IB,7/6/2026,101.2242,0.026452,cb
102400640.IB,7/7/2026,101.2312,0.02642,cb
102400640.IB,7/8/2026,101.2439,0.026366,cb
102400640.IB,7/9/2026,101.2442,0.02636,cb
102400640.IB,7/10/2026,101.2528,0.026321,cb
102400640.IB,7/13/2026,101.2611,0.026274,cb
102400640.IB,7/14/2026,101.2705,0.026232,cb
102400640.IB,7/15/2026,101.2697,0.026229,cb
102400640.IB,7/16/2026,101.2468,0.026315,cb
102400640.IB,7/17/2026,101.2478,0.026306,cb
102400640.IB,7/20/2026,101.2453,0.0263,cb
102400640.IB,7/21/2026,101.2434,0.026302,cb
102400640.IB,7/22/2026,101.2617,0.026225,cb
102400640.IB,7/23/2026,101.2589,0.026231,cb
102400640.IB,7/24/2026,101.2576,0.026231,cb
102400640.IB,7/27/2026,101.2516,0.026239,cb
102400640.IB,7/28/2026,101.227,0.026332,cb
102400640.IB,7/29/2026,101.2325,0.026305,cb
102400640.IB,7/30/2026,101.2508,0.026227,cb
102400640.IB,7/31/2026,101.2512,0.02622,cb
102400640.IB,8/3/2026,101.2472,0.02622,cb
102400640.IB,8/4/2026,101.254,0.026188,cb
102400640.IB,8/5/2026,101.2516,0.026192,cb
102400640.IB,8/6/2026,101.2503,0.026192,cb
102400640.IB,8/7/2026,101.2479,0.026196,cb
102400640.IB,8/10/2026,100.9973,0.027192,cb
102400640.IB,8/11/2026,101.0013,0.027172,cb
102400640.IB,8/12/2026,100.9989,0.027177,cb
102400640.IB,8/13/2026,100.9999,0.027168,cb
102400640.IB,8/14/2026,100.8987,0.027575,cb
102400640.IB,8/17/2026,100.8918,0.027592,cb
102400640.IB,8/18/2026,100.907,0.027526,cb
102400640.IB,8/19/2026,100.892,0.027583,cb
102400640.IB,8/20/2026,100.8972,0.027558,cb
102400640.IB,8/21/2026,100.8929,0.027572,cb
102400935.IB,8/22/2025,100.1687,0.029247,cb
102400935.IB,8/25/2025,100.2015,0.029159,cb
102400935.IB,8/26/2025,100.1464,0.029306,cb
102400935.IB,8/27/2025,100.1015,0.029426,cb
102400935.IB,8/28/2025,100.0679,0.029516,cb
102400935.IB,8/29/2025,100.0701,0.029511,cb
102400935.IB,9/1/2025,100.0778,0.029491,cb
102400935.IB,9/2/2025,100.0185,0.02965,cb
102400935.IB,9/3/2025,100.0688,0.029515,cb
102400935.IB,9/4/2025,100.1627,0.029262,cb
102400935.IB,9/5/2025,100.2175,0.029115,cb
102400935.IB,9/8/2025,100.1453,0.029307,cb
102400935.IB,9/9/2025,100.073,0.029501,cb
102400935.IB,9/10/2025,100.1797,0.029213,cb
102400935.IB,9/11/2025,100.1429,0.029312,cb
102400935.IB,9/12/2025,100.0737,0.029498,cb
102400935.IB,9/15/2025,100.1188,0.029375,cb
102400935.IB,9/16/2025,100.1214,0.029367,cb
102400935.IB,9/17/2025,100.1571,0.02927,cb
102400935.IB,9/18/2025,100.1657,0.029246,cb
102400935.IB,9/19/2025,100.1747,0.029221,cb
102400935.IB,9/22/2025,100.1603,0.029258,cb
102400935.IB,9/23/2025,100.102,0.029416,cb
102400935.IB,9/24/2025,100.0032,0.029685,cb
102400935.IB,9/25/2025,99.8807,0.030019,cb
102400935.IB,9/26/2025,99.8907,0.029992,cb
102400935.IB,9/29/2025,99.8673,0.030055,cb
102400935.IB,9/30/2025,99.7872,0.030275,cb
102400935.IB,10/9/2025,99.8718,0.030042,cb
102400935.IB,10/10/2025,99.8399,0.03013,cb
102400935.IB,10/13/2025,99.9291,0.029884,cb
102400935.IB,10/14/2025,100.1111,0.029382,cb
102400935.IB,10/15/2025,100.1247,0.029344,cb
102400935.IB,10/16/2025,100.1515,0.029269,cb
102400935.IB,10/17/2025,100.2163,0.02909,cb
102400935.IB,10/20/2025,100.262,0.028962,cb
102400935.IB,10/21/2025,100.3167,0.02881,cb
102400935.IB,10/22/2025,100.3916,0.028602,cb
102400935.IB,10/23/2025,100.4406,0.028466,cb
102400935.IB,10/24/2025,100.5001,0.028301,cb
102400935.IB,10/27/2025,100.7041,0.027734,cb
102400935.IB,10/28/2025,100.796,0.027478,cb
102400935.IB,10/29/2025,100.8819,0.02724,cb
102400935.IB,10/30/2025,100.9217,0.027128,cb
102400935.IB,10/31/2025,100.9852,0.026951,cb
102400935.IB,11/3/2025,101.2475,0.026222,cb
102400935.IB,11/4/2025,101.2751,0.026143,cb
102400935.IB,11/5/2025,101.2926,0.026092,cb
102400935.IB,11/6/2025,101.3084,0.026046,cb
102400935.IB,11/7/2025,101.2762,0.026132,cb
102400935.IB,11/10/2025,101.2979,0.026064,cb
102400935.IB,11/11/2025,101.5016,0.025499,cb
102400935.IB,11/12/2025,101.5384,0.025395,cb
102400935.IB,11/13/2025,101.5549,0.025346,cb
102400935.IB,11/14/2025,101.5202,0.025439,cb
102400935.IB,11/17/2025,101.5384,0.025379,cb
102400935.IB,11/18/2025,101.5832,0.025252,cb
102400935.IB,11/19/2025,101.5911,0.025227,cb
102400935.IB,11/20/2025,101.5732,0.025273,cb
102400935.IB,11/21/2025,101.5301,0.02539,cb
102400935.IB,11/24/2025,101.5137,0.025426,cb
102400935.IB,11/25/2025,101.6542,0.025032,cb
102400935.IB,11/26/2025,101.6097,0.025153,cb
102400935.IB,11/27/2025,101.5248,0.025386,cb
102400935.IB,11/28/2025,101.5322,0.025362,cb
102400935.IB,12/1/2025,101.5256,0.025371,cb
102400935.IB,12/2/2025,101.5071,0.02542,cb
102400935.IB,12/3/2025,101.4491,0.025579,cb
102400935.IB,12/4/2025,101.3439,0.025871,cb
102400935.IB,12/5/2025,101.3339,0.025897,cb
102400935.IB,12/8/2025,101.2968,0.025993,cb
102400935.IB,12/9/2025,101.2987,0.025985,cb
102400935.IB,12/10/2025,101.284,0.026023,cb
102400935.IB,12/11/2025,101.3177,0.025926,cb
102400935.IB,12/12/2025,101.3117,0.02594,cb
102400935.IB,12/15/2025,101.2952,0.025978,cb
102400935.IB,12/16/2025,101.1069,0.02651,cb
102400935.IB,12/17/2025,101.1172,0.026478,cb
102400935.IB,12/18/2025,101.0945,0.02654,cb
102400935.IB,12/19/2025,101.1173,0.026473,cb
102400935.IB,12/22/2025,101.1065,0.026496,cb
102400935.IB,12/23/2025,101.151,0.026367,cb
102400935.IB,12/24/2025,101.1559,0.026351,cb
102400935.IB,12/25/2025,101.1508,0.026363,cb
102400935.IB,12/26/2025,101.1218,0.026443,cb
102400935.IB,12/29/2025,101.137,0.026393,cb
102400935.IB,12/30/2025,101.1316,0.026406,cb
102400935.IB,12/31/2025,101.1306,0.026406,cb
102400935.IB,1/5/2026,101.1052,0.026467,cb
102400935.IB,1/6/2026,101.0706,0.026564,cb
102400935.IB,1/7/2026,101.1211,0.026416,cb
102400935.IB,1/8/2026,101.1025,0.026468,cb
102400935.IB,1/9/2026,101.0635,0.026578,cb
102400935.IB,1/12/2026,101.0593,0.026583,cb
102400935.IB,1/13/2026,101.1015,0.026458,cb
102400935.IB,1/14/2026,101.1338,0.026363,cb
102400935.IB,1/15/2026,101.1328,0.026363,cb
102400935.IB,1/16/2026,101.1767,0.026233,cb
102400935.IB,1/19/2026,101.23,0.026071,cb
102400935.IB,1/20/2026,101.2864,0.025904,cb
102400935.IB,1/21/2026,101.3512,0.025713,cb
102400935.IB,1/22/2026,101.3747,0.025642,cb
102400935.IB,1/23/2026,101.4207,0.025506,cb
102400935.IB,1/26/2026,101.4929,0.025286,cb
102400935.IB,1/27/2026,101.515,0.025219,cb
102400935.IB,1/28/2026,101.5598,0.025085,cb
102400935.IB,1/29/2026,101.5551,0.025095,cb
102400935.IB,1/30/2026,101.5748,0.025035,cb
102400935.IB,2/2/2026,101.5867,0.02499,cb
102400935.IB,2/3/2026,101.5939,0.024965,cb
102400935.IB,2/4/2026,101.6082,0.02492,cb
102400935.IB,2/5/2026,101.6164,0.024892,cb
102400935.IB,2/6/2026,101.6277,0.024856,cb
102400935.IB,2/9/2026,101.6744,0.024708,cb
102400935.IB,2/10/2026,101.7158,0.024583,cb
102400935.IB,2/11/2026,101.7336,0.024527,cb
102400935.IB,2/12/2026,101.74,0.024505,cb
102400935.IB,2/13/2026,101.7845,0.02437,cb
102400935.IB,2/24/2026,101.7975,0.024288,cb
102400935.IB,2/25/2026,101.811,0.024245,cb
102400935.IB,2/26/2026,101.7805,0.024331,cb
102400935.IB,2/27/2026,101.7877,0.024306,cb
102400935.IB,3/2/2026,101.8104,0.024226,cb
102400935.IB,3/3/2026,101.8108,0.024221,cb
102400935.IB,3/4/2026,101.8163,0.024201,cb
102400935.IB,3/5/2026,101.8134,0.024205,cb
102400935.IB,3/6/2026,101.8384,0.024127,cb
102400935.IB,3/9/2026,101.8133,0.024189,cb
102400935.IB,3/10/2026,101.8013,0.024221,cb
102400935.IB,3/11/2026,101.8176,0.024168,cb
102400935.IB,3/12/2026,101.8141,0.024174,cb
102400935.IB,3/13/2026,101.8666,0.024013,cb
102400935.IB,3/16/2026,101.8547,0.024036,cb
102400935.IB,3/17/2026,101.8791,0.023959,cb
102400935.IB,3/18/2026,101.9418,0.023766,cb
102400935.IB,3/19/2026,101.9913,0.023613,cb
102400935.IB,3/20/2026,102.005,0.023567,cb
102400935.IB,3/23/2026,101.9988,0.023572,cb
102400935.IB,3/24/2026,102.0408,0.023441,cb
102400935.IB,3/25/2026,102.063,0.02337,cb
102400935.IB,3/26/2026,102.1126,0.023215,cb
102400935.IB,3/27/2026,102.1603,0.023067,cb
102400935.IB,3/30/2026,102.1532,0.023073,cb
102400935.IB,3/31/2026,102.1451,0.023093,cb
102400935.IB,4/1/2026,102.1706,0.023011,cb
102400935.IB,4/2/2026,102.2073,0.022895,cb
102400935.IB,4/3/2026,102.2382,0.022796,cb
102400935.IB,4/7/2026,102.2628,0.022701,cb
102400935.IB,4/8/2026,102.3137,0.022541,cb
102400935.IB,4/9/2026,102.338,0.022462,cb
102400935.IB,4/10/2026,102.3714,0.022355,cb
102400935.IB,4/13/2026,102.3667,0.022353,cb
102400935.IB,4/14/2026,102.3702,0.022336,cb
102400935.IB,4/15/2026,102.3636,0.022351,cb
102400935.IB,4/16/2026,102.366,0.022338,cb
102400935.IB,4/17/2026,102.3515,0.022377,cb
102400935.IB,4/20/2026,102.36,0.022334,cb
102400935.IB,4/21/2026,102.385,0.022252,cb
102400935.IB,4/22/2026,102.3959,0.022213,cb
102400935.IB,4/23/2026,102.3465,0.022359,cb
102400935.IB,4/24/2026,102.369,0.022284,cb
102400935.IB,4/27/2026,102.3759,0.022246,cb
102400935.IB,4/28/2026,102.3876,0.022204,cb
102400935.IB,4/29/2026,102.4046,0.022146,cb
102400935.IB,4/30/2026,102.4097,0.022124,cb
102400935.IB,5/6/2026,102.3552,0.022258,cb
102400935.IB,5/7/2026,102.3309,0.022328,cb
102400935.IB,5/8/2026,102.313,0.022378,cb
102400935.IB,5/11/2026,102.2611,0.022522,cb
102400935.IB,5/12/2026,102.2951,0.022411,cb
102400935.IB,5/13/2026,102.2984,0.022395,cb
102400935.IB,5/14/2026,102.3226,0.022314,cb
102400935.IB,5/15/2026,102.3445,0.02224,cb
102400935.IB,5/18/2026,102.3924,0.022073,cb
102400935.IB,5/19/2026,102.4175,0.021988,cb
102400935.IB,5/20/2026,102.4545,0.021866,cb
102400935.IB,5/21/2026,102.4965,0.021729,cb
102400935.IB,5/22/2026,102.4982,0.021717,cb
102400935.IB,5/25/2026,102.5358,0.021581,cb
102400935.IB,5/26/2026,102.5588,0.021502,cb
102400935.IB,5/27/2026,102.5745,0.021446,cb
102400935.IB,5/28/2026,102.5657,0.021468,cb
102400935.IB,5/29/2026,102.6133,0.021312,cb
102400935.IB,6/1/2026,102.6132,0.021292,cb
102400935.IB,6/2/2026,102.6599,0.021138,cb
102400935.IB,6/3/2026,102.6876,0.021044,cb
102400935.IB,6/4/2026,102.7331,0.020894,cb
102400935.IB,6/5/2026,102.7465,0.020845,cb
102400935.IB,6/8/2026,102.7278,0.020883,cb
102400935.IB,6/9/2026,102.6713,0.021055,cb
102400935.IB,6/10/2026,102.6071,0.021252,cb
102400935.IB,6/11/2026,102.4895,0.021619,cb
102400935.IB,6/12/2026,102.4822,0.021636,cb
102400935.IB,6/15/2026,102.487,0.021602,cb
102400935.IB,6/16/2026,102.4962,0.021566,cb
102400935.IB,6/17/2026,102.5184,0.021489,cb
102400935.IB,6/18/2026,102.5191,0.02148,cb
102400935.IB,6/22/2026,102.5249,0.021435,cb
102400935.IB,6/23/2026,102.4711,0.021602,cb
102400935.IB,6/24/2026,102.4801,0.021566,cb
102400935.IB,6/25/2026,102.4863,0.02154,cb
102400935.IB,6/26/2026,102.5214,0.02142,cb
102400935.IB,6/29/2026,102.5285,0.021377,cb
102400935.IB,6/30/2026,102.5254,0.021381,cb
102400935.IB,7/1/2026,102.4425,0.021642,cb
102400935.IB,7/2/2026,102.4553,0.021595,cb
102400935.IB,7/3/2026,102.4414,0.021633,cb
102400935.IB,7/6/2026,102.4354,0.021633,cb
102400935.IB,7/7/2026,102.4537,0.021567,cb
102400935.IB,7/8/2026,102.4695,0.021509,cb
102400935.IB,7/9/2026,102.4884,0.021441,cb
102400935.IB,7/10/2026,102.5263,0.021311,cb
102400935.IB,7/13/2026,102.5172,0.02132,cb
102400935.IB,7/14/2026,102.539,0.021243,cb
102400935.IB,7/15/2026,102.5461,0.021213,cb
102400935.IB,7/16/2026,102.5839,0.021082,cb
102400935.IB,7/17/2026,102.5815,0.021083,cb
102400935.IB,7/20/2026,102.5812,0.021063,cb
102400935.IB,7/21/2026,102.6032,0.020984,cb
102400935.IB,7/22/2026,102.6228,0.020912,cb
102400935.IB,7/23/2026,102.6302,0.020881,cb
102400935.IB,7/24/2026,102.6166,0.020918,cb
102400935.IB,7/27/2026,102.6424,0.020812,cb
102400935.IB,7/28/2026,102.6366,0.020823,cb
102400935.IB,7/29/2026,102.6258,0.020852,cb
102400935.IB,7/30/2026,102.6011,0.020927,cb
102400935.IB,7/31/2026,102.6052,0.020906,cb
102400935.IB,8/3/2026,102.5892,0.020937,cb
102400935.IB,8/4/2026,102.5682,0.021,cb
102400935.IB,8/5/2026,102.5702,0.020986,cb
102400935.IB,8/6/2026,102.588,0.02092,cb
102400935.IB,8/7/2026,102.5881,0.020912,cb
102400935.IB,8/10/2026,102.5903,0.020883,cb
102400935.IB,8/11/2026,102.5848,0.020894,cb
102400935.IB,8/12/2026,102.5716,0.020931,cb
102400935.IB,8/13/2026,102.5785,0.020901,cb
102400935.IB,8/14/2026,102.5755,0.020904,cb
102400935.IB,8/17/2026,102.6007,0.020797,cb
102400935.IB,8/18/2026,102.6126,0.02075,cb
102400935.IB,8/19/2026,102.6097,0.020752,cb
102400935.IB,8/20/2026,102.6286,0.020681,cb
102400935.IB,8/21/2026,102.5975,0.020778,cb
102480571.IB,8/22/2025,101.1124,0.019757,cb
102480571.IB,8/25/2025,101.1065,0.019757,cb
102480571.IB,8/26/2025,101.1301,0.019584,cb
102480571.IB,8/27/2025,101.157,0.01939,cb
102480571.IB,8/28/2025,101.1654,0.01932,cb
102480571.IB,8/29/2025,101.1615,0.019332,cb
102480571.IB,9/1/2025,101.1715,0.019221,cb
102480571.IB,9/2/2025,101.1604,0.019283,cb
102480571.IB,9/3/2025,101.1839,0.019108,cb
102480571.IB,9/4/2025,101.2005,0.018981,cb
102480571.IB,9/5/2025,101.1917,0.019025,cb
102480571.IB,9/8/2025,101.1633,0.019176,cb
102480571.IB,9/9/2025,101.143,0.0193,cb
102480571.IB,9/10/2025,101.1294,0.019379,cb
102480571.IB,9/11/2025,101.1035,0.019544,cb
102480571.IB,9/12/2025,101.0999,0.019554,cb
102480571.IB,9/15/2025,101.0941,0.019552,cb
102480571.IB,9/16/2025,101.095,0.019532,cb
102480571.IB,9/17/2025,101.096,0.01951,cb
102480571.IB,9/18/2025,101.0819,0.019595,cb
102480571.IB,9/19/2025,101.0793,0.019599,cb
102480571.IB,9/22/2025,101.0791,0.019557,cb
102480571.IB,9/23/2025,101.0228,0.019941,cb
102480571.IB,9/24/2025,100.9888,0.020169,cb
102480571.IB,9/25/2025,100.9458,0.020461,cb
102480571.IB,9/26/2025,100.9455,0.02045,cb
102480571.IB,9/29/2025,100.9434,0.020427,cb
102480571.IB,9/30/2025,100.9423,0.020421,cb
102480571.IB,10/9/2025,100.9369,0.020343,cb
102480571.IB,10/10/2025,100.9268,0.020403,cb
102480571.IB,10/13/2025,100.9495,0.020196,cb
102480571.IB,10/14/2025,100.9609,0.020099,cb
102480571.IB,10/15/2025,100.9595,0.020095,cb
102480571.IB,10/16/2025,100.9626,0.020059,cb
102480571.IB,10/17/2025,100.9996,0.019771,cb
102480571.IB,10/20/2025,101.0138,0.019621,cb
102480571.IB,10/21/2025,101.0315,0.019474,cb
102480571.IB,10/22/2025,101.056,0.019275,cb
102480571.IB,10/23/2025,101.0891,0.019012,cb
102480571.IB,10/24/2025,101.0879,0.019005,cb
102480571.IB,10/27/2025,101.0725,0.019072,cb
102480571.IB,10/28/2025,101.118,0.018712,cb
102480571.IB,10/29/2025,101.1381,0.018542,cb
102480571.IB,10/30/2025,101.1479,0.018451,cb
102480571.IB,10/31/2025,101.1586,0.018352,cb
102480571.IB,11/3/2025,101.1632,0.018263,cb
102480571.IB,11/4/2025,101.163,0.018247,cb
102480571.IB,11/5/2025,101.172,0.018159,cb
102480571.IB,11/6/2025,101.1614,0.018223,cb
102480571.IB,11/7/2025,101.154,0.018261,cb
102480571.IB,11/10/2025,101.1498,0.018238,cb
102480571.IB,11/11/2025,101.1478,0.018235,cb
102480571.IB,11/12/2025,101.1542,0.018167,cb
102480571.IB,11/13/2025,101.1428,0.018237,cb
102480571.IB,11/14/2025,101.1411,0.018232,cb
102480571.IB,11/17/2025,101.1269,0.018288,cb
102480571.IB,11/18/2025,101.1328,0.018223,cb
102480571.IB,11/19/2025,101.1426,0.018126,cb
102480571.IB,11/20/2025,101.1286,0.018218,cb
102480571.IB,11/21/2025,101.1214,0.018257,cb
102480571.IB,11/24/2025,101.0974,0.018391,cb
102480571.IB,11/25/2025,101.1014,0.018341,cb
102480571.IB,11/26/2025,101.083,0.01847,cb
102480571.IB,11/27/2025,101.0671,0.018579,cb
102480571.IB,11/28/2025,101.0697,0.018539,cb
102480571.IB,12/1/2025,101.0613,0.018551,cb
102480571.IB,12/2/2025,101.0471,0.018649,cb
102480571.IB,12/3/2025,101.0548,0.018568,cb
102480571.IB,12/4/2025,101.0227,0.018811,cb
102480571.IB,12/5/2025,101.0142,0.018863,cb
102480571.IB,12/8/2025,101.0076,0.018863,cb
102480571.IB,12/9/2025,101.0076,0.018844,cb
102480571.IB,12/10/2025,101.0074,0.018828,cb
102480571.IB,12/11/2025,101.0019,0.018855,cb
102480571.IB,12/12/2025,101.0092,0.018776,cb
102480571.IB,12/15/2025,100.995,0.018839,cb
102480571.IB,12/16/2025,100.9924,0.018843,cb
102480571.IB,12/17/2025,100.9987,0.018771,cb
102480571.IB,12/18/2025,101.0065,0.018686,cb
102480571.IB,12/19/2025,101.0012,0.018712,cb
102480571.IB,12/22/2025,101.0108,0.018573,cb
102480571.IB,12/23/2025,101.0069,0.018588,cb
102480571.IB,12/24/2025,101.004,0.018593,cb
102480571.IB,12/25/2025,101.0064,0.018553,cb
102480571.IB,12/26/2025,101.0001,0.018587,cb
102480571.IB,12/29/2025,100.955,0.018918,cb
102480571.IB,12/30/2025,100.9576,0.018877,cb
102480571.IB,12/31/2025,100.9596,0.018841,cb
102480571.IB,1/5/2026,100.9493,0.018835,cb
102480571.IB,1/6/2026,100.9604,0.018717,cb
102480571.IB,1/7/2026,100.9537,0.018757,cb
102480571.IB,1/8/2026,100.9555,0.018721,cb
102480571.IB,1/9/2026,100.949,0.018759,cb
102480571.IB,1/12/2026,100.9609,0.018593,cb
102480571.IB,1/13/2026,100.9613,0.018569,cb
102480571.IB,1/14/2026,100.9625,0.018538,cb
102480571.IB,1/15/2026,100.9645,0.018499,cb
102480571.IB,1/16/2026,100.9762,0.018373,cb
102480571.IB,1/19/2026,100.9656,0.018406,cb
102480571.IB,1/20/2026,100.9656,0.018385,cb
102480571.IB,1/21/2026,100.9637,0.018382,cb
102480571.IB,1/22/2026,100.9713,0.018291,cb
102480571.IB,1/23/2026,100.978,0.018207,cb
102480571.IB,1/26/2026,100.967,0.018244,cb
102480571.IB,1/27/2026,100.9792,0.018109,cb
102480571.IB,1/28/2026,100.9733,0.018141,cb
102480571.IB,1/29/2026,100.9705,0.018145,cb
102480571.IB,1/30/2026,100.9677,0.018149,cb
102480571.IB,2/2/2026,100.9665,0.018094,cb
102480571.IB,2/3/2026,100.9633,0.018101,cb
102480571.IB,2/4/2026,100.9585,0.018123,cb
102480571.IB,2/5/2026,100.9641,0.018048,cb
102480571.IB,2/6/2026,100.9624,0.018042,cb
102480571.IB,2/9/2026,100.9578,0.018016,cb
102480571.IB,2/10/2026,100.9595,0.017977,cb
102480571.IB,2/11/2026,100.9515,0.01803,cb
102480571.IB,2/12/2026,100.9463,0.018057,cb
102480571.IB,2/13/2026,100.9525,0.017974,cb
102480571.IB,2/24/2026,100.9367,0.017866,cb
102480571.IB,2/25/2026,100.9409,0.017799,cb
102480571.IB,2/26/2026,100.9246,0.017938,cb
102480571.IB,2/27/2026,100.9204,0.017955,cb
102480571.IB,3/2/2026,100.9222,0.017811,cb
102480571.IB,3/3/2026,100.9257,0.017749,cb
102480571.IB,3/4/2026,100.9256,0.017722,cb
102480571.IB,3/5/2026,100.928,0.017671,cb
102480571.IB,3/6/2026,100.9374,0.017548,cb
102480571.IB,3/9/2026,100.929,0.017551,cb
102480571.IB,3/10/2026,100.9394,0.017415,cb
102480571.IB,3/11/2026,100.9402,0.017378,cb
102480571.IB,3/12/2026,100.939,0.017363,cb
102480571.IB,3/13/2026,100.939,0.017334,cb
102480571.IB,3/16/2026,100.9281,0.017362,cb
102480571.IB,3/17/2026,100.9311,0.017301,cb
102480571.IB,3/18/2026,100.9406,0.017172,cb
102480571.IB,3/19/2026,100.9448,0.017098,cb
102480571.IB,3/20/2026,100.9452,0.017063,cb
102480571.IB,3/23/2026,100.9462,0.016961,cb
102480571.IB,3/24/2026,100.9494,0.016897,cb
102480571.IB,3/25/2026,100.9455,0.016908,cb
102480571.IB,3/26/2026,100.9416,0.016919,cb
102480571.IB,3/27/2026,100.9372,0.016936,cb
102480571.IB,3/30/2026,100.9416,0.016795,cb
102480571.IB,3/31/2026,100.9503,0.016668,cb
102480571.IB,4/1/2026,100.9465,0.016677,cb
102480571.IB,4/2/2026,100.9541,0.016561,cb
102480571.IB,4/3/2026,100.9629,0.016431,cb
102480571.IB,4/7/2026,100.96,0.01633,cb
102480571.IB,4/8/2026,100.9568,0.016333,cb
102480571.IB,4/9/2026,100.9554,0.016315,cb
102480571.IB,4/10/2026,100.9645,0.016178,cb
102480571.IB,4/13/2026,100.9551,0.016181,cb
102480571.IB,4/14/2026,100.9505,0.016199,cb
102480571.IB,4/15/2026,100.9482,0.01619,cb
102480571.IB,4/16/2026,100.9464,0.016176,cb
102480571.IB,4/17/2026,100.9507,0.016091,cb
102480571.IB,4/20/2026,100.9477,0.016019,cb
102480571.IB,4/21/2026,100.9497,0.01596,cb
102480571.IB,4/22/2026,100.9505,0.015915,cb
102480571.IB,4/23/2026,100.9484,0.015903,cb
102480571.IB,4/24/2026,100.9522,0.015821,cb
102480571.IB,4/27/2026,100.9416,0.015835,cb
102480571.IB,4/28/2026,100.9348,0.015879,cb
102480571.IB,4/29/2026,100.9353,0.015835,cb
102480571.IB,4/30/2026,100.9416,0.015723,cb
102480571.IB,5/6/2026,100.9205,0.015749,cb
102480571.IB,5/7/2026,100.9195,0.015722,cb
102480571.IB,5/8/2026,100.9162,0.015724,cb
102480571.IB,5/11/2026,100.9057,0.015736,cb
102480571.IB,5/12/2026,100.9112,0.015628,cb
102480571.IB,5/13/2026,100.9142,0.015551,cb
102480571.IB,5/14/2026,100.9153,0.015497,cb
102480571.IB,5/15/2026,100.9153,0.015456,cb
102480571.IB,5/18/2026,100.9111,0.015386,cb
102480571.IB,5/19/2026,100.9135,0.015314,cb
102480571.IB,5/20/2026,100.9162,0.015239,cb
102480571.IB,5/21/2026,100.9136,0.01523,cb
102480571.IB,5/22/2026,100.9143,0.015178,cb
102480571.IB,5/25/2026,100.9076,0.015137,cb
102480571.IB,5/26/2026,100.9015,0.015173,cb
102480571.IB,5/27/2026,100.8982,0.015173,cb
102480571.IB,5/28/2026,100.898,0.015132,cb
102480571.IB,5/29/2026,100.8976,0.015093,cb
102480571.IB,6/1/2026,100.8909,0.01505,cb
102480571.IB,6/2/2026,100.8919,0.014992,cb
102480571.IB,6/3/2026,100.8887,0.01499,cb
102480571.IB,6/4/2026,100.8837,0.015013,cb
102480571.IB,6/5/2026,100.8807,0.015008,cb
102480571.IB,6/8/2026,100.8586,0.015172,cb
102480571.IB,6/9/2026,100.8479,0.015273,cb
102480571.IB,6/10/2026,100.8321,0.015446,cb
102480571.IB,6/11/2026,100.8116,0.015685,cb
102480571.IB,6/12/2026,100.8059,0.015719,cb
102480571.IB,6/15/2026,100.7889,0.015826,cb
102480571.IB,6/16/2026,100.7809,0.015894,cb
102480571.IB,6/17/2026,100.7783,0.015886,cb
102480571.IB,6/18/2026,100.7783,0.015843,cb
102480571.IB,6/22/2026,100.7678,0.015815,cb
102480571.IB,6/23/2026,100.7541,0.015967,cb
102480571.IB,6/24/2026,100.7527,0.015943,cb
102480571.IB,6/25/2026,100.7542,0.015876,cb
102480571.IB,6/26/2026,100.7468,0.015939,cb
102480571.IB,6/29/2026,100.7383,0.015927,cb
102480571.IB,6/30/2026,100.7378,0.015888,cb
102480571.IB,7/1/2026,100.7271,0.016002,cb
102480571.IB,7/2/2026,100.732,0.015883,cb
102480571.IB,7/3/2026,100.7227,0.015976,cb
102480571.IB,7/6/2026,100.7204,0.01587,cb
102480571.IB,7/7/2026,100.7172,0.015872,cb
102480571.IB,7/8/2026,100.7132,0.015886,cb
102480571.IB,7/9/2026,100.7157,0.0158,cb
102480571.IB,7/10/2026,100.7146,0.015769,cb
102480571.IB,7/13/2026,100.7021,0.015818,cb
102480571.IB,7/14/2026,100.7017,0.015774,cb
102480571.IB,7/15/2026,100.7054,0.015667,cb
102480571.IB,7/16/2026,100.7002,0.015698,cb
102480571.IB,7/17/2026,100.6939,0.01575,cb
102480571.IB,7/20/2026,100.6861,0.015724,cb
102480571.IB,7/21/2026,100.6852,0.015687,cb
102480571.IB,7/22/2026,100.6733,0.015829,cb
102480571.IB,7/23/2026,100.6786,0.015693,cb
102480571.IB,7/24/2026,100.682,0.015585,cb
102480571.IB,7/27/2026,100.661,0.015776,cb
102480571.IB,7/28/2026,100.6543,0.015836,cb
102480571.IB,7/29/2026,100.658,0.015722,cb
102480571.IB,7/30/2026,100.6529,0.015755,cb
102480571.IB,7/31/2026,100.649,0.015768,cb
102480571.IB,8/3/2026,100.6399,0.015764,cb
102480571.IB,8/4/2026,100.637,0.015759,cb
102480571.IB,8/5/2026,100.6298,0.015831,cb
102480571.IB,8/6/2026,100.6284,0.0158,cb
102480571.IB,8/7/2026,100.6293,0.01573,cb
102480571.IB,8/10/2026,100.6187,0.015752,cb
102480571.IB,8/11/2026,100.6158,0.015748,cb
102480571.IB,8/12/2026,100.6111,0.015776,cb
102480571.IB,8/13/2026,100.6109,0.015722,cb
102480571.IB,8/14/2026,100.6134,0.01562,cb
102480571.IB,8/17/2026,100.6068,0.015568,cb
102480571.IB,8/18/2026,100.6036,0.015569,cb
102480571.IB,8/19/2026,100.5997,0.015583,cb
102480571.IB,8/20/2026,100.5959,0.015594,cb
102480571.IB,8/21/2026,100.5913,0.015622,cb
102480893.IB,8/22/2025,101.4479,0.019845,cb
102480893.IB,8/25/2025,101.4407,0.019843,cb
102480893.IB,8/26/2025,101.4625,0.019684,cb
102480893.IB,8/27/2025,101.4899,0.019489,cb
102480893.IB,8/28/2025,101.4972,0.019424,cb
102480893.IB,8/29/2025,101.4944,0.019425,cb
102480893.IB,9/1/2025,101.502,0.019323,cb
102480893.IB,9/2/2025,101.4917,0.019374,cb
102480893.IB,9/3/2025,101.5147,0.019205,cb
102480893.IB,9/4/2025,101.5307,0.01908,cb
102480893.IB,9/5/2025,101.5211,0.019126,cb
102480893.IB,9/8/2025,101.4929,0.01926,cb
102480893.IB,9/9/2025,101.4728,0.019377,cb
102480893.IB,9/10/2025,101.4559,0.019472,cb
102480893.IB,9/11/2025,101.4287,0.019636,cb
102480893.IB,9/12/2025,101.4248,0.019645,cb
102480893.IB,9/15/2025,101.418,0.019639,cb
102480893.IB,9/16/2025,101.4182,0.019621,cb
102480893.IB,9/17/2025,101.4196,0.019594,cb
102480893.IB,9/18/2025,101.4054,0.019672,cb
102480893.IB,9/19/2025,101.4017,0.01968,cb
102480893.IB,9/22/2025,101.4002,0.019638,cb
102480893.IB,9/23/2025,101.3434,0.020009,cb
102480893.IB,9/24/2025,101.3086,0.020232,cb
102480893.IB,9/25/2025,101.2631,0.020528,cb
102480893.IB,9/26/2025,101.2603,0.020531,cb
102480893.IB,9/29/2025,101.2562,0.020512,cb
102480893.IB,9/30/2025,101.2548,0.020505,cb
102480893.IB,10/9/2025,101.2446,0.020429,cb
102480893.IB,10/10/2025,101.2339,0.020488,cb
102480893.IB,10/13/2025,101.2556,0.020283,cb
102480893.IB,10/14/2025,101.266,0.020192,cb
102480893.IB,10/15/2025,101.2647,0.020184,cb
102480893.IB,10/16/2025,101.2683,0.020141,cb
102480893.IB,10/17/2025,101.3055,0.019857,cb
102480893.IB,10/20/2025,101.318,0.019712,cb
102480893.IB,10/21/2025,101.3358,0.019565,cb
102480893.IB,10/22/2025,101.3612,0.019363,cb
102480893.IB,10/23/2025,101.3939,0.019107,cb
102480893.IB,10/24/2025,101.3923,0.019099,cb
102480893.IB,10/27/2025,101.376,0.019158,cb
102480893.IB,10/28/2025,101.4223,0.018801,cb
102480893.IB,10/29/2025,101.4434,0.018625,cb
102480893.IB,10/30/2025,101.4528,0.018536,cb
102480893.IB,10/31/2025,101.464,0.018432,cb
102480893.IB,11/3/2025,101.4677,0.018341,cb
102480893.IB,11/4/2025,101.4682,0.018316,cb
102480893.IB,11/5/2025,101.4774,0.018226,cb
102480893.IB,11/6/2025,101.4661,0.018288,cb
102480893.IB,11/7/2025,101.4591,0.018318,cb
102480893.IB,11/10/2025,101.4535,0.018295,cb
102480893.IB,11/11/2025,101.4508,0.018293,cb
102480893.IB,11/12/2025,101.457,0.018225,cb
102480893.IB,11/13/2025,101.4449,0.018294,cb
102480893.IB,11/14/2025,101.4426,0.018289,cb
102480893.IB,11/17/2025,101.4266,0.018344,cb
102480893.IB,11/18/2025,101.4325,0.018277,cb
102480893.IB,11/19/2025,101.442,0.018182,cb
102480893.IB,11/20/2025,101.4271,0.018274,cb
102480893.IB,11/21/2025,101.4192,0.018311,cb
102480893.IB,11/24/2025,101.3934,0.018443,cb
102480893.IB,11/25/2025,101.3966,0.018396,cb
102480893.IB,11/26/2025,101.3768,0.018527,cb
102480893.IB,11/27/2025,101.3594,0.01864,cb
102480893.IB,11/28/2025,101.3618,0.0186,cb
102480893.IB,12/1/2025,101.3517,0.018612,cb
102480893.IB,12/2/2025,101.3368,0.018708,cb
102480893.IB,12/3/2025,101.3443,0.018627,cb
102480893.IB,12/4/2025,101.3101,0.018874,cb
102480893.IB,12/5/2025,101.3003,0.01893,cb
102480893.IB,12/8/2025,101.2918,0.018932,cb
102480893.IB,12/9/2025,101.2914,0.018913,cb
102480893.IB,12/10/2025,101.2908,0.018896,cb
102480893.IB,12/11/2025,101.285,0.01892,cb
102480893.IB,12/12/2025,101.2925,0.018838,cb
102480893.IB,12/15/2025,101.2775,0.018892,cb
102480893.IB,12/16/2025,101.2743,0.018896,cb
102480893.IB,12/17/2025,101.2802,0.018826,cb
102480893.IB,12/18/2025,101.2878,0.018742,cb
102480893.IB,12/19/2025,101.2815,0.01877,cb
102480893.IB,12/22/2025,101.2914,0.018621,cb
102480893.IB,12/23/2025,101.2868,0.018635,cb
102480893.IB,12/24/2025,101.2833,0.01864,cb
102480893.IB,12/25/2025,101.2862,0.018594,cb
102480893.IB,12/26/2025,101.2797,0.018624,cb
102480893.IB,12/29/2025,101.2302,0.018966,cb
102480893.IB,12/30/2025,101.2323,0.018926,cb
102480893.IB,12/31/2025,101.234,0.018889,cb
102480893.IB,1/5/2026,101.2208,0.018885,cb
102480893.IB,1/6/2026,101.2321,0.018765,cb
102480893.IB,1/7/2026,101.2242,0.018809,cb
102480893.IB,1/8/2026,101.2253,0.018775,cb
102480893.IB,1/9/2026,101.2181,0.018813,cb
102480893.IB,1/12/2026,101.23,0.01864,cb
102480893.IB,1/13/2026,101.23,0.018616,cb
102480893.IB,1/14/2026,101.2311,0.018581,cb
102480893.IB,1/15/2026,101.2331,0.01854,cb
102480893.IB,1/16/2026,101.2461,0.018402,cb
102480893.IB,1/19/2026,101.2333,0.018439,cb
102480893.IB,1/20/2026,101.2328,0.018418,cb
102480893.IB,1/21/2026,101.2299,0.018418,cb
102480893.IB,1/22/2026,101.2368,0.018332,cb
102480893.IB,1/23/2026,101.2435,0.018248,cb
102480893.IB,1/26/2026,101.2309,0.018282,cb
102480893.IB,1/27/2026,101.244,0.018139,cb
102480893.IB,1/28/2026,101.2364,0.018181,cb
102480893.IB,1/29/2026,101.2327,0.018188,cb
102480893.IB,1/30/2026,101.2293,0.018193,cb
102480893.IB,2/2/2026,101.2273,0.018131,cb
102480893.IB,2/3/2026,101.2237,0.018137,cb
102480893.IB,2/4/2026,101.2177,0.018164,cb
102480893.IB,2/5/2026,101.2235,0.018085,cb
102480893.IB,2/6/2026,101.221,0.018081,cb
102480893.IB,2/9/2026,101.2144,0.01806,cb
102480893.IB,2/10/2026,101.2166,0.018012,cb
102480893.IB,2/11/2026,101.2073,0.018071,cb
102480893.IB,2/12/2026,101.2013,0.018099,cb
102480893.IB,2/13/2026,101.2069,0.018019,cb
102480893.IB,2/24/2026,101.1855,0.017912,cb
102480893.IB,2/25/2026,101.1906,0.017835,cb
102480893.IB,2/26/2026,101.1721,0.017984,cb
102480893.IB,2/27/2026,101.1674,0.018,cb
102480893.IB,3/2/2026,101.1733,0.017856,cb
102480893.IB,3/3/2026,101.1772,0.017788,cb
102480893.IB,3/4/2026,101.1758,0.017773,cb
102480893.IB,3/5/2026,101.1785,0.017717,cb
102480893.IB,3/6/2026,101.1903,0.017571,cb
102480893.IB,3/9/2026,101.1797,0.017584,cb
102480893.IB,3/10/2026,101.1901,0.01745,cb
102480893.IB,3/11/2026,101.1894,0.017426,cb
102480893.IB,3/12/2026,101.1872,0.017417,cb
102480893.IB,3/13/2026,101.185,0.017407,cb
102480893.IB,3/16/2026,101.1727,0.017435,cb
102480893.IB,3/17/2026,101.1766,0.017362,cb
102480893.IB,3/18/2026,101.1874,0.017219,cb
102480893.IB,3/19/2026,101.1896,0.017162,cb
102480893.IB,3/20/2026,101.1903,0.017121,cb
102480893.IB,3/23/2026,101.1912,0.017008,cb
102480893.IB,3/24/2026,101.1946,0.016937,cb
102480893.IB,3/25/2026,101.1901,0.016948,cb
102480893.IB,3/26/2026,101.1848,0.016968,cb
102480893.IB,3/27/2026,101.1787,0.016995,cb
102480893.IB,3/30/2026,101.1821,0.016853,cb
102480893.IB,3/31/2026,101.1912,0.016721,cb
102480893.IB,4/1/2026,101.186,0.01674,cb
102480893.IB,4/2/2026,101.1941,0.016618,cb
102480893.IB,4/3/2026,101.2043,0.016472,cb
102480893.IB,4/7/2026,101.2015,0.016351,cb
102480893.IB,4/8/2026,101.1976,0.016353,cb
102480893.IB,4/9/2026,101.1953,0.01634,cb
102480893.IB,4/10/2026,101.2034,0.016214,cb
102480893.IB,4/13/2026,101.1914,0.016227,cb
102480893.IB,4/14/2026,101.1869,0.016236,cb
102480893.IB,4/15/2026,101.1831,0.016238,cb
102480893.IB,4/16/2026,101.1822,0.016209,cb
102480893.IB,4/17/2026,101.183,0.01616,cb
102480893.IB,4/20/2026,101.1796,0.016077,cb
102480893.IB,4/21/2026,101.1799,0.016033,cb
102480893.IB,4/22/2026,101.1825,0.015963,cb
102480893.IB,4/23/2026,101.1805,0.015945,cb
102480893.IB,4/24/2026,101.184,0.015864,cb
102480893.IB,4/27/2026,101.1729,0.015863,cb
102480893.IB,4/28/2026,101.1657,0.015903,cb
102480893.IB,4/29/2026,101.1648,0.015872,cb
102480893.IB,4/30/2026,101.1706,0.015763,cb
102480893.IB,5/6/2026,101.1462,0.015787,cb
102480893.IB,5/7/2026,101.1446,0.015762,cb
102480893.IB,5/8/2026,101.1404,0.015768,cb
102480893.IB,5/11/2026,101.1274,0.015789,cb
102480893.IB,5/12/2026,101.1329,0.015679,cb
102480893.IB,5/13/2026,101.136,0.015598,cb
102480893.IB,5/14/2026,101.1361,0.015552,cb
102480893.IB,5/15/2026,101.1371,0.015495,cb
102480893.IB,5/18/2026,101.1314,0.015426,cb
102480893.IB,5/19/2026,101.1336,0.015354,cb
102480893.IB,5/20/2026,101.1363,0.015274,cb
102480893.IB,5/21/2026,101.1334,0.015263,cb
102480893.IB,5/22/2026,101.1335,0.015214,cb
102480893.IB,5/25/2026,101.1262,0.015161,cb
102480893.IB,5/26/2026,101.1199,0.015191,cb
102480893.IB,5/27/2026,101.1162,0.015188,cb
102480893.IB,5/28/2026,101.1155,0.015149,cb
102480893.IB,5/29/2026,101.1146,0.015112,cb
102480893.IB,6/1/2026,101.1068,0.015063,cb
102480893.IB,6/2/2026,101.1074,0.015006,cb
102480893.IB,6/3/2026,101.1031,0.01501,cb
102480893.IB,6/4/2026,101.097,0.015038,cb
102480893.IB,6/5/2026,101.0931,0.015038,cb
102480893.IB,6/8/2026,101.0691,0.015197,cb
102480893.IB,6/9/2026,101.0577,0.015295,cb
102480893.IB,6/10/2026,101.0402,0.015473,cb
102480893.IB,6/11/2026,101.0184,0.01571,cb
102480893.IB,6/12/2026,101.0126,0.015736,cb
102480893.IB,6/15/2026,100.9928,0.015851,cb
102480893.IB,6/16/2026,100.9834,0.015927,cb
102480893.IB,6/17/2026,100.9798,0.015927,cb
102480893.IB,6/18/2026,100.9799,0.015876,cb
102480893.IB,6/22/2026,100.967,0.015852,cb
102480893.IB,6/23/2026,100.9543,0.015975,cb
102480893.IB,6/24/2026,100.9505,0.015977,cb
102480893.IB,6/25/2026,100.9527,0.015896,cb
102480893.IB,6/26/2026,100.943,0.01598,cb
102480893.IB,6/29/2026,100.9329,0.015967,cb
102480893.IB,6/30/2026,100.9314,0.015937,cb
102480893.IB,7/1/2026,100.9204,0.016041,cb
102480893.IB,7/2/2026,100.9252,0.015921,cb
102480893.IB,7/3/2026,100.9152,0.016012,cb
102480893.IB,7/6/2026,100.9115,0.015908,cb
102480893.IB,7/7/2026,100.9088,0.015894,cb
102480893.IB,7/8/2026,100.903,0.015925,cb
102480893.IB,7/9/2026,100.9057,0.015833,cb
102480893.IB,7/10/2026,100.9024,0.015827,cb
102480893.IB,7/13/2026,100.8879,0.015878,cb
102480893.IB,7/14/2026,100.8864,0.015845,cb
102480893.IB,7/15/2026,100.8908,0.015725,cb
102480893.IB,7/16/2026,100.8871,0.015726,cb
102480893.IB,7/17/2026,100.8805,0.015769,cb
102480893.IB,7/20/2026,100.8701,0.015758,cb
102480893.IB,7/21/2026,100.8676,0.015739,cb
102480893.IB,7/22/2026,100.8563,0.015855,cb
102480893.IB,7/23/2026,100.8585,0.015766,cb
102480893.IB,7/24/2026,100.8622,0.015651,cb
102480893.IB,7/27/2026,100.8389,0.01584,cb
102480893.IB,7/28/2026,100.832,0.015892,cb
102480893.IB,7/29/2026,100.8367,0.01576,cb
102480893.IB,7/30/2026,100.8301,0.015805,cb
102480893.IB,7/31/2026,100.825,0.015829,cb
102480893.IB,8/3/2026,100.8153,0.015806,cb
102480893.IB,8/4/2026,100.8108,0.01582,cb
102480893.IB,8/5/2026,100.8047,0.01586,cb
102480893.IB,8/6/2026,100.804,0.01581,cb
102480893.IB,8/7/2026,100.8044,0.015744,cb
102480893.IB,8/10/2026,100.7921,0.015764,cb
102480893.IB,8/11/2026,100.7889,0.015755,cb
102480893.IB,8/12/2026,100.7836,0.015783,cb
102480893.IB,8/13/2026,100.7823,0.015743,cb
102480893.IB,8/14/2026,100.784,0.015652,cb
102480893.IB,8/17/2026,100.776,0.015597,cb
102480893.IB,8/18/2026,100.7728,0.015588,cb
102480893.IB,8/19/2026,100.7681,0.015604,cb
102480893.IB,8/20/2026,100.7636,0.015618,cb
102480893.IB,8/21/2026,100.7581,0.015649,cb
102482310.IB,8/22/2025,100.057,0.027825,cb
102482310.IB,8/25/2025,100.0962,0.027714,cb
102482310.IB,8/26/2025,100.0583,0.02782,cb
102482310.IB,8/27/2025,100.2006,0.027421,cb
102482310.IB,8/28/2025,100.1609,0.027532,cb
102482310.IB,8/29/2025,100.1644,0.027522,cb
102482310.IB,9/1/2025,100.1733,0.027495,cb
102482310.IB,9/2/2025,100.1269,0.027625,cb
102482310.IB,9/3/2025,100.1707,0.027501,cb
102482310.IB,9/4/2025,100.2434,0.027296,cb
102482310.IB,9/5/2025,100.2938,0.027154,cb
102482310.IB,9/8/2025,100.2354,0.027316,cb
102482310.IB,9/9/2025,100.1886,0.027448,cb
102482310.IB,9/10/2025,100.2483,0.027278,cb
102482310.IB,9/11/2025,100.2166,0.027367,cb
102482310.IB,9/12/2025,100.1433,0.027574,cb
102482310.IB,9/15/2025,100.1981,0.027417,cb
102482310.IB,9/16/2025,100.2032,0.027402,cb
102482310.IB,9/17/2025,100.2259,0.027337,cb
102482310.IB,9/18/2025,100.2356,0.027309,cb
102482310.IB,9/19/2025,100.2283,0.027329,cb
102482310.IB,9/22/2025,100.2081,0.027385,cb
102482310.IB,9/23/2025,100.1485,0.027555,cb
102482310.IB,9/24/2025,100.061,0.027804,cb
102482310.IB,9/25/2025,99.9496,0.028122,cb
102482310.IB,9/26/2025,99.9629,0.028084,cb
102482310.IB,9/29/2025,99.9421,0.028144,cb
102482310.IB,9/30/2025,99.8886,0.028297,cb
102482310.IB,10/9/2025,99.9507,0.028118,cb
102482310.IB,10/10/2025,99.9259,0.02819,cb
102482310.IB,10/13/2025,100.0004,0.027974,cb
102482310.IB,10/14/2025,100.0026,0.027968,cb
102482310.IB,10/15/2025,100.0307,0.027886,cb
102482310.IB,10/16/2025,100.0438,0.027848,cb
102482310.IB,10/17/2025,100.0983,0.02769,cb
102482310.IB,10/20/2025,100.124,0.027614,cb
102482310.IB,10/21/2025,100.1881,0.027427,cb
102482310.IB,10/22/2025,100.2546,0.027233,cb
102482310.IB,10/23/2025,100.3091,0.027074,cb
102482310.IB,10/24/2025,100.3607,0.026923,cb
102482310.IB,10/27/2025,100.39,0.026836,cb
102482310.IB,10/28/2025,100.4888,0.026547,cb
102482310.IB,10/29/2025,100.5718,0.026304,cb
102482310.IB,10/30/2025,100.63,0.026134,cb
102482310.IB,10/31/2025,100.697,0.025937,cb
102482310.IB,11/3/2025,100.7585,0.025754,cb
102482310.IB,11/4/2025,100.7855,0.025673,cb
102482310.IB,11/5/2025,100.7989,0.025632,cb
102482310.IB,11/6/2025,100.8095,0.0256,cb
102482310.IB,11/7/2025,100.7867,0.025665,cb
102482310.IB,11/10/2025,100.8028,0.025612,cb
102482310.IB,11/11/2025,100.8369,0.025511,cb
102482310.IB,11/12/2025,100.8633,0.025431,cb
102482310.IB,11/13/2025,100.8748,0.025396,cb
102482310.IB,11/14/2025,100.8614,0.025433,cb
102482310.IB,11/17/2025,100.8684,0.025407,cb
102482310.IB,11/18/2025,100.8999,0.025313,cb
102482310.IB,11/19/2025,100.9098,0.025281,cb
102482310.IB,11/20/2025,100.8991,0.025311,cb
102482310.IB,11/21/2025,100.8579,0.02543,cb
102482310.IB,11/24/2025,100.8175,0.025544,cb
102482310.IB,11/25/2025,100.7822,0.025646,cb
102482310.IB,11/26/2025,100.7316,0.025794,cb
102482310.IB,11/27/2025,100.6726,0.025968,cb
102482310.IB,11/28/2025,100.6826,0.025936,cb
102482310.IB,12/1/2025,100.6822,0.025933,cb
102482310.IB,12/2/2025,100.6678,0.025974,cb
102482310.IB,12/3/2025,100.6265,0.026096,cb
102482310.IB,12/4/2025,100.5365,0.026363,cb
102482310.IB,12/5/2025,100.5246,0.026397,cb
102482310.IB,12/8/2025,100.4948,0.026483,cb
102482310.IB,12/9/2025,100.5032,0.026457,cb
102482310.IB,12/10/2025,100.5031,0.026456,cb
102482310.IB,12/11/2025,100.5319,0.026368,cb
102482310.IB,12/12/2025,100.5416,0.026338,cb
102482310.IB,12/15/2025,100.4998,0.02646,cb
102482310.IB,12/16/2025,100.4994,0.02646,cb
102482310.IB,12/17/2025,100.5115,0.026423,cb
102482310.IB,12/18/2025,100.4689,0.02655,cb
102482310.IB,12/19/2025,100.478,0.026521,cb
102482310.IB,12/22/2025,100.4515,0.026598,cb
102482310.IB,12/23/2025,100.5116,0.026415,cb
102482310.IB,12/24/2025,100.5188,0.026392,cb
102482310.IB,12/25/2025,100.5294,0.026359,cb
102482310.IB,12/26/2025,100.5071,0.026425,cb
102482310.IB,12/29/2025,100.5221,0.026376,cb
102482310.IB,12/30/2025,100.5292,0.026353,cb
102482310.IB,12/31/2025,100.5595,0.02626,cb
102482310.IB,1/5/2026,100.5488,0.026286,cb
102482310.IB,1/6/2026,100.5122,0.026397,cb
102482310.IB,1/7/2026,100.5392,0.026313,cb
102482310.IB,1/8/2026,100.5174,0.026379,cb
102482310.IB,1/9/2026,100.6528,0.025962,cb
102482310.IB,1/12/2026,100.6565,0.025946,cb
102482310.IB,1/13/2026,100.7052,0.025795,cb
102482310.IB,1/14/2026,100.7418,0.025681,cb
102482310.IB,1/15/2026,100.742,0.025679,cb
102482310.IB,1/16/2026,100.8016,0.025494,cb
102482310.IB,1/19/2026,100.8484,0.025344,cb
102482310.IB,1/20/2026,100.8985,0.025188,cb
102482310.IB,1/21/2026,100.9481,0.025033,cb
102482310.IB,1/22/2026,100.9766,0.024943,cb
102482310.IB,1/23/2026,101.0146,0.024823,cb
102482310.IB,1/26/2026,101.0739,0.024633,cb
102482310.IB,1/27/2026,101.0868,0.024591,cb
102482310.IB,1/28/2026,101.1251,0.02447,cb
102482310.IB,1/29/2026,101.1198,0.024484,cb
102482310.IB,1/30/2026,101.1334,0.024439,cb
102482310.IB,2/2/2026,101.1441,0.024397,cb
102482310.IB,2/3/2026,101.1495,0.024378,cb
102482310.IB,2/4/2026,101.1502,0.024373,cb
102482310.IB,2/5/2026,101.1539,0.024359,cb
102482310.IB,2/6/2026,101.1663,0.024318,cb
102482310.IB,2/9/2026,101.2036,0.024193,cb
102482310.IB,2/10/2026,101.2413,0.024073,cb
102482310.IB,2/11/2026,101.2491,0.024045,cb
102482310.IB,2/12/2026,101.2418,0.024065,cb
102482310.IB,2/13/2026,101.2876,0.023919,cb
102482310.IB,2/24/2026,101.2878,0.023884,cb
102482310.IB,2/25/2026,101.2847,0.023891,cb
102482310.IB,2/26/2026,101.2703,0.023933,cb
102482310.IB,2/27/2026,101.2635,0.023952,cb
102482310.IB,3/2/2026,101.2858,0.023872,cb
102482310.IB,3/3/2026,101.2758,0.0239,cb
102482310.IB,3/4/2026,101.2854,0.023867,cb
102482310.IB,3/5/2026,101.2854,0.023864,cb
102482310.IB,3/6/2026,101.3101,0.023782,cb
102482310.IB,3/9/2026,101.3005,0.023803,cb
102482310.IB,3/10/2026,101.2862,0.023845,cb
102482310.IB,3/11/2026,101.3065,0.023777,cb
102482310.IB,3/12/2026,101.315,0.023747,cb
102482310.IB,3/13/2026,101.3816,0.023531,cb
102482310.IB,3/16/2026,101.3777,0.023533,cb
102482310.IB,3/17/2026,101.3946,0.023476,cb
102482310.IB,3/18/2026,101.4636,0.023252,cb
102482310.IB,3/19/2026,101.51,0.0231,cb
102482310.IB,3/20/2026,101.5168,0.023074,cb
102482310.IB,3/23/2026,101.4987,0.023121,cb
102482310.IB,3/24/2026,101.5371,0.022993,cb
102482310.IB,3/25/2026,101.5597,0.022917,cb
102482310.IB,3/26/2026,101.6088,0.022755,cb
102482310.IB,3/27/2026,101.6575,0.022595,cb
102482310.IB,3/30/2026,101.6436,0.022627,cb
102482310.IB,3/31/2026,101.6346,0.022652,cb
102482310.IB,4/1/2026,101.6683,0.022539,cb
102482310.IB,4/2/2026,101.7124,0.022392,cb
102482310.IB,4/3/2026,101.7412,0.022295,cb
102482310.IB,4/7/2026,101.7614,0.022212,cb
102482310.IB,4/8/2026,101.9565,0.021576,cb
102482310.IB,4/9/2026,101.9728,0.021518,cb
102482310.IB,4/10/2026,101.9949,0.021441,cb
102482310.IB,4/13/2026,101.9916,0.021436,cb
102482310.IB,4/14/2026,101.9943,0.021422,cb
102482310.IB,4/15/2026,101.9825,0.021455,cb
102482310.IB,4/16/2026,101.9808,0.021456,cb
102482310.IB,4/17/2026,101.9665,0.021497,cb
102482310.IB,4/20/2026,101.9721,0.021463,cb
102482310.IB,4/21/2026,101.9977,0.021374,cb
102482310.IB,4/22/2026,101.999,0.021365,cb
102482310.IB,4/23/2026,101.9552,0.021503,cb
102482310.IB,4/24/2026,101.9672,0.021458,cb
102482310.IB,4/27/2026,101.9717,0.021428,cb
102482310.IB,4/28/2026,101.9805,0.021393,cb
102482310.IB,4/29/2026,101.9909,0.021354,cb
102482310.IB,4/30/2026,102.0028,0.021309,cb
102482310.IB,5/6/2026,101.9512,0.021448,cb
102482310.IB,5/7/2026,101.9341,0.021499,cb
102482310.IB,5/8/2026,101.9194,0.021542,cb
102482310.IB,5/11/2026,101.8706,0.021689,cb
102482310.IB,5/12/2026,101.9007,0.021584,cb
102482310.IB,5/13/2026,101.9191,0.021517,cb
102482310.IB,5/14/2026,101.9432,0.021432,cb
102482310.IB,5/15/2026,101.9628,0.021361,cb
102482310.IB,5/18/2026,102.0021,0.021213,cb
102482310.IB,5/19/2026,102.0263,0.021127,cb
102482310.IB,5/20/2026,102.0582,0.021015,cb
102482310.IB,5/21/2026,102.0958,0.020883,cb
102482310.IB,5/22/2026,102.099,0.020867,cb
102482310.IB,5/25/2026,102.1295,0.020747,cb
102482310.IB,5/26/2026,102.1509,0.020669,cb
102482310.IB,5/27/2026,102.1676,0.020607,cb
102482310.IB,5/28/2026,102.1617,0.020621,cb
102482310.IB,5/29/2026,102.2046,0.02047,cb
102482310.IB,6/1/2026,102.2034,0.020456,cb
102482310.IB,6/2/2026,102.2455,0.020307,cb
102482310.IB,6/3/2026,102.2698,0.020219,cb
102482310.IB,6/4/2026,102.3046,0.020095,cb
102482310.IB,6/5/2026,102.3154,0.020052,cb
102482310.IB,6/8/2026,102.3006,0.020082,cb
102482310.IB,6/9/2026,102.2474,0.020256,cb
102482310.IB,6/10/2026,102.1915,0.020439,cb
102482310.IB,6/11/2026,102.0787,0.020817,cb
102482310.IB,6/12/2026,102.073,0.020831,cb
102482310.IB,6/15/2026,102.0759,0.020803,cb
102482310.IB,6/16/2026,102.084,0.020769,cb
102482310.IB,6/17/2026,102.1015,0.020703,cb
102482310.IB,6/18/2026,102.1012,0.020698,cb
102482310.IB,6/22/2026,102.1039,0.020661,cb
102482310.IB,6/23/2026,102.0545,0.020825,cb
102482310.IB,6/24/2026,102.0622,0.020792,cb
102482310.IB,6/25/2026,102.067,0.020769,cb
102482310.IB,6/26/2026,102.094,0.020669,cb
102482310.IB,6/29/2026,102.101,0.020624,cb
102482310.IB,6/30/2026,102.0984,0.020626,cb
102482310.IB,7/1/2026,102.0269,0.020868,cb
102482310.IB,7/2/2026,102.0316,0.020845,cb
102482310.IB,7/3/2026,102.0191,0.020882,cb
102482310.IB,7/6/2026,102.0149,0.020876,cb
102482310.IB,7/7/2026,102.0282,0.020823,cb
102482310.IB,7/8/2026,102.036,0.02079,cb
102482310.IB,7/9/2026,102.0491,0.020737,cb
102482310.IB,7/10/2026,102.0828,0.020613,cb
102482310.IB,7/13/2026,102.0771,0.020612,cb
102482310.IB,7/14/2026,102.0941,0.020546,cb
102482310.IB,7/15/2026,102.0969,0.020529,cb
102482310.IB,7/16/2026,102.1282,0.020412,cb
102482310.IB,7/17/2026,102.1265,0.020411,cb
102482310.IB,7/20/2026,102.1218,0.020406,cb
102482310.IB,7/21/2026,102.1415,0.02033,cb
102482310.IB,7/22/2026,102.1576,0.020266,cb
102482310.IB,7/23/2026,102.1626,0.020241,cb
102482310.IB,7/24/2026,102.1528,0.020269,cb
102482310.IB,7/27/2026,102.1726,0.020177,cb
102482310.IB,7/28/2026,102.1541,0.020235,cb
102482310.IB,7/29/2026,102.154,0.020228,cb
102482310.IB,7/30/2026,102.1403,0.02027,cb
102482310.IB,7/31/2026,102.15,0.020228,cb
102482310.IB,8/3/2026,102.1342,0.020262,cb
102482310.IB,8/4/2026,102.1198,0.020307,cb
102482310.IB,8/5/2026,102.12,0.020298,cb
102482310.IB,8/6/2026,102.132,0.020248,cb
102482310.IB,8/7/2026,102.1367,0.020224,cb
102482310.IB,8/10/2026,102.1343,0.020211,cb
102482310.IB,8/11/2026,102.1382,0.020189,cb
102482310.IB,8/12/2026,102.1242,0.020232,cb
102482310.IB,8/13/2026,102.1311,0.0202,cb
102482310.IB,8/14/2026,102.1277,0.020205,cb
102482310.IB,8/17/2026,102.1433,0.020126,cb
102482310.IB,8/18/2026,102.1539,0.020081,cb
102482310.IB,8/19/2026,102.1514,0.020082,cb
102482310.IB,8/20/2026,102.1619,0.020037,cb
102482310.IB,8/21/2026,102.1374,0.020118,cb
102482724.IB,8/22/2025,100.2531,0.030375,cb
102482724.IB,8/25/2025,100.2908,0.030268,cb
102482724.IB,8/26/2025,100.2508,0.030379,cb
102482724.IB,8/27/2025,100.2136,0.030482,cb
102482724.IB,8/28/2025,100.174,0.030593,cb
102482724.IB,8/29/2025,100.1785,0.030579,cb
102482724.IB,9/1/2025,100.1871,0.030553,cb
102482724.IB,9/2/2025,100.1394,0.030687,cb
102482724.IB,9/3/2025,100.1838,0.030562,cb
102482724.IB,9/4/2025,100.2585,0.030351,cb
102482724.IB,9/5/2025,100.309,0.030208,cb
102482724.IB,9/8/2025,100.2493,0.030374,cb
102482724.IB,9/9/2025,100.1996,0.030513,cb
102482724.IB,9/10/2025,100.2646,0.030329,cb
102482724.IB,9/11/2025,100.2324,0.03042,cb
102482724.IB,9/12/2025,100.1591,0.030626,cb
102482724.IB,9/15/2025,100.2131,0.030471,cb
102482724.IB,9/16/2025,100.218,0.030457,cb
102482724.IB,9/17/2025,100.2421,0.030388,cb
102482724.IB,9/18/2025,100.2516,0.03036,cb
102482724.IB,9/19/2025,100.2463,0.030375,cb
102482724.IB,9/22/2025,100.2269,0.030428,cb
102482724.IB,9/23/2025,100.1677,0.030596,cb
102482724.IB,9/24/2025,100.2546,0.030347,cb
102482724.IB,9/25/2025,100.1421,0.030668,cb
102482724.IB,9/26/2025,100.3297,0.030132,cb
102482724.IB,9/29/2025,100.3079,0.030192,cb
102482724.IB,9/30/2025,100.2511,0.030353,cb
102482724.IB,10/9/2025,100.3134,0.030168,cb
102482724.IB,10/10/2025,100.2875,0.030242,cb
102482724.IB,10/13/2025,100.3629,0.030022,cb
102482724.IB,10/14/2025,100.3646,0.030016,cb
102482724.IB,10/15/2025,100.3907,0.02994,cb
102482724.IB,10/16/2025,100.4052,0.029897,cb
102482724.IB,10/17/2025,100.4605,0.029736,cb
102482724.IB,10/20/2025,100.4876,0.029654,cb
102482724.IB,10/21/2025,100.5503,0.029471,cb
102482724.IB,10/22/2025,100.6174,0.029276,cb
102482724.IB,10/23/2025,100.6709,0.02912,cb
102482724.IB,10/24/2025,100.7231,0.028967,cb
102482724.IB,10/27/2025,100.7508,0.028882,cb
102482724.IB,10/28/2025,100.8484,0.028597,cb
102482724.IB,10/29/2025,100.9313,0.028355,cb
102482724.IB,10/30/2025,100.9871,0.028191,cb
102482724.IB,10/31/2025,101.0534,0.027997,cb
102482724.IB,11/3/2025,101.1162,0.027808,cb
102482724.IB,11/4/2025,101.1431,0.027728,cb
102482724.IB,11/5/2025,101.1566,0.027686,cb
102482724.IB,11/6/2025,101.1676,0.027651,cb
102482724.IB,11/7/2025,101.1436,0.027719,cb
102482724.IB,11/10/2025,101.1596,0.027664,cb
102482724.IB,11/11/2025,101.1922,0.027567,cb
102482724.IB,11/12/2025,101.2195,0.027485,cb
102482724.IB,11/13/2025,101.2313,0.027448,cb
102482724.IB,11/14/2025,101.2154,0.027492,cb
102482724.IB,11/17/2025,101.223,0.027461,cb
102482724.IB,11/18/2025,101.2556,0.027363,cb
102482724.IB,11/19/2025,101.2651,0.027333,cb
102482724.IB,11/20/2025,101.2534,0.027364,cb
102482724.IB,11/21/2025,101.2119,0.027483,cb
102482724.IB,11/24/2025,101.1736,0.027588,cb
102482724.IB,11/25/2025,101.1376,0.027691,cb
102482724.IB,11/26/2025,101.0876,0.027836,cb
102482724.IB,11/27/2025,101.0259,0.028016,cb
102482724.IB,11/28/2025,101.0354,0.027985,cb
102482724.IB,12/1/2025,101.0337,0.027983,cb
102482724.IB,12/2/2025,101.0187,0.028025,cb
102482724.IB,12/3/2025,100.9755,0.028151,cb
102482724.IB,12/4/2025,100.884,0.028421,cb
102482724.IB,12/5/2025,100.8721,0.028455,cb
102482724.IB,12/8/2025,100.841,0.028542,cb
102482724.IB,12/9/2025,100.8486,0.028517,cb
102482724.IB,12/10/2025,100.8467,0.028521,cb
102482724.IB,12/11/2025,100.8757,0.028432,cb
102482724.IB,12/12/2025,100.8834,0.028407,cb
102482724.IB,12/15/2025,100.844,0.028519,cb
102482724.IB,12/16/2025,100.8422,0.028523,cb
102482724.IB,12/17/2025,100.8539,0.028486,cb
102482724.IB,12/18/2025,100.8132,0.028606,cb
102482724.IB,12/19/2025,100.8235,0.028573,cb
102482724.IB,12/22/2025,100.798,0.028644,cb
102482724.IB,12/23/2025,100.8562,0.028467,cb
102482724.IB,12/24/2025,100.8629,0.028445,cb
102482724.IB,12/25/2025,100.8716,0.028416,cb
102482724.IB,12/26/2025,100.8484,0.028485,cb
102482724.IB,12/29/2025,100.8628,0.028435,cb
102482724.IB,12/30/2025,100.8685,0.028416,cb
102482724.IB,12/31/2025,100.8951,0.028333,cb
102482724.IB,1/5/2026,100.8814,0.028365,cb
102482724.IB,1/6/2026,100.8447,0.028475,cb
102482724.IB,1/7/2026,100.8745,0.028382,cb
102482724.IB,1/8/2026,100.8529,0.028446,cb
102482724.IB,1/9/2026,100.8236,0.028533,cb
102482724.IB,1/12/2026,100.8262,0.02852,cb
102482724.IB,1/13/2026,100.8742,0.028371,cb
102482724.IB,1/14/2026,100.9104,0.028258,cb
102482724.IB,1/15/2026,100.9103,0.028256,cb
102482724.IB,1/16/2026,100.9683,0.028076,cb
102482724.IB,1/19/2026,101.0155,0.027924,cb
102482724.IB,1/20/2026,101.066,0.027766,cb
102482724.IB,1/21/2026,101.1169,0.027608,cb
102482724.IB,1/22/2026,101.1447,0.02752,cb
102482724.IB,1/23/2026,101.1834,0.027398,cb
102482724.IB,1/26/2026,101.2435,0.027205,cb
102482724.IB,1/27/2026,101.2573,0.027159,cb
102482724.IB,1/28/2026,101.2961,0.027037,cb
102482724.IB,1/29/2026,101.1288,0.02755,cb
102482724.IB,1/30/2026,101.143,0.027504,cb
102482724.IB,2/2/2026,101.1539,0.027462,cb
102482724.IB,2/3/2026,101.1594,0.027442,cb
102482724.IB,2/4/2026,101.1615,0.027433,cb
102482724.IB,2/5/2026,101.0047,0.027918,cb
102482724.IB,2/6/2026,101.0171,0.027877,cb
102482724.IB,2/9/2026,101.0555,0.02775,cb
102482724.IB,2/10/2026,101.0935,0.027629,cb
102482724.IB,2/11/2026,101.1024,0.027598,cb
102482724.IB,2/12/2026,101.0964,0.027614,cb
102482724.IB,2/13/2026,101.1421,0.027469,cb
102482724.IB,2/24/2026,101.1451,0.02743,cb
102482724.IB,2/25/2026,101.1437,0.027431,cb
102482724.IB,2/26/2026,101.1281,0.027478,cb
102482724.IB,2/27/2026,101.1227,0.027492,cb
102482724.IB,3/2/2026,101.1454,0.027412,cb
102482724.IB,3/3/2026,101.1365,0.027438,cb
102482724.IB,3/4/2026,101.1456,0.027406,cb
102482724.IB,3/5/2026,101.1454,0.027404,cb
102482724.IB,3/6/2026,101.1701,0.027323,cb
102482724.IB,3/9/2026,101.1598,0.027347,cb
102482724.IB,3/10/2026,101.1458,0.027389,cb
102482724.IB,3/11/2026,101.1659,0.027322,cb
102482724.IB,3/12/2026,101.1734,0.027295,cb
102482724.IB,3/13/2026,101.2387,0.027084,cb
102482724.IB,3/16/2026,101.2347,0.027088,cb
102482724.IB,3/17/2026,101.2523,0.027028,cb
102482724.IB,3/18/2026,101.3207,0.026806,cb
102482724.IB,3/19/2026,101.5238,0.026153,cb
102482724.IB,3/20/2026,101.6878,0.025626,cb
102482724.IB,3/23/2026,101.6705,0.025669,cb
102482724.IB,3/24/2026,101.7091,0.025541,cb
102482724.IB,3/25/2026,101.7315,0.025465,cb
102482724.IB,3/26/2026,101.7807,0.025303,cb
102482724.IB,3/27/2026,101.8293,0.025143,cb
102482724.IB,3/30/2026,101.8156,0.025173,cb
102482724.IB,3/31/2026,101.8064,0.025198,cb
102482724.IB,4/1/2026,101.8394,0.025088,cb
102482724.IB,4/2/2026,101.8828,0.024943,cb
102482724.IB,4/3/2026,101.9117,0.024846,cb
102482724.IB,4/7/2026,101.9318,0.024762,cb
102482724.IB,4/8/2026,101.973,0.024624,cb
102482724.IB,4/9/2026,101.9905,0.024562,cb
102482724.IB,4/10/2026,102.0134,0.024483,cb
102482724.IB,4/13/2026,102.0101,0.024478,cb
102482724.IB,4/14/2026,102.0131,0.024463,cb
102482724.IB,4/15/2026,102.1559,0.023995,cb
102482724.IB,4/16/2026,102.1545,0.023994,cb
102482724.IB,4/17/2026,102.14,0.024036,cb
102482724.IB,4/20/2026,102.1457,0.024,cb
102482724.IB,4/21/2026,102.171,0.023913,cb
102482724.IB,4/22/2026,102.1728,0.023901,cb
102482724.IB,4/23/2026,102.1282,0.024041,cb
102482724.IB,4/24/2026,102.2949,0.023492,cb
102482724.IB,4/27/2026,102.2991,0.02346,cb
102482724.IB,4/28/2026,102.3079,0.023425,cb
102482724.IB,4/29/2026,102.3186,0.023384,cb
102482724.IB,4/30/2026,102.4828,0.022842,cb
102482724.IB,5/6/2026,102.4285,0.02298,cb
102482724.IB,5/7/2026,102.4104,0.023033,cb
102482724.IB,5/8/2026,102.3948,0.023078,cb
102482724.IB,5/11/2026,102.3444,0.023225,cb
102482724.IB,5/12/2026,102.3745,0.023119,cb
102482724.IB,5/13/2026,102.3913,0.023057,cb
102482724.IB,5/14/2026,102.4154,0.022971,cb
102482724.IB,5/15/2026,102.4349,0.0229,cb
102482724.IB,5/18/2026,102.4743,0.02275,cb
102482724.IB,5/19/2026,102.4988,0.022662,cb
102482724.IB,5/20/2026,102.5311,0.022548,cb
102482724.IB,5/21/2026,102.5691,0.022415,cb
102482724.IB,5/22/2026,102.5717,0.022399,cb
102482724.IB,5/25/2026,102.6022,0.022276,cb
102482724.IB,5/26/2026,102.6232,0.022199,cb
102482724.IB,5/27/2026,102.6394,0.022138,cb
102482724.IB,5/28/2026,102.6324,0.022154,cb
102482724.IB,5/29/2026,102.6757,0.022002,cb
102482724.IB,6/1/2026,102.6732,0.021988,cb
102482724.IB,6/2/2026,102.7157,0.021839,cb
102482724.IB,6/3/2026,102.74,0.02175,cb
102482724.IB,6/4/2026,102.7761,0.021621,cb
102482724.IB,6/5/2026,102.7865,0.021578,cb
102482724.IB,6/8/2026,102.7705,0.021608,cb
102482724.IB,6/9/2026,102.7162,0.021783,cb
102482724.IB,6/10/2026,102.6582,0.021971,cb
102482724.IB,6/11/2026,102.544,0.022349,cb
102482724.IB,6/12/2026,102.538,0.022362,cb
102482724.IB,6/15/2026,102.5402,0.022333,cb
102482724.IB,6/16/2026,102.5484,0.022298,cb
102482724.IB,6/17/2026,102.5662,0.02223,cb
102482724.IB,6/18/2026,102.5652,0.022226,cb
102482724.IB,6/22/2026,102.5675,0.022189,cb
102482724.IB,6/23/2026,102.5168,0.022355,cb
102482724.IB,6/24/2026,102.5245,0.022321,cb
102482724.IB,6/25/2026,102.5289,0.022299,cb
102482724.IB,6/26/2026,102.5568,0.022196,cb
102482724.IB,6/29/2026,102.5627,0.022152,cb
102482724.IB,6/30/2026,102.5596,0.022154,cb
102482724.IB,7/1/2026,102.486,0.022399,cb
102482724.IB,7/2/2026,102.4915,0.022372,cb
102482724.IB,7/3/2026,102.478,0.022411,cb
102482724.IB,7/6/2026,102.4723,0.022407,cb
102482724.IB,7/7/2026,102.4859,0.022352,cb
102482724.IB,7/8/2026,102.4946,0.022314,cb
102482724.IB,7/9/2026,102.5084,0.022258,cb
102482724.IB,7/10/2026,102.3985,0.022631,cb
102482724.IB,7/13/2026,102.2479,0.023133,cb
102482724.IB,7/14/2026,102.2653,0.023065,cb
102482724.IB,7/15/2026,102.2686,0.023046,cb
102482724.IB,7/16/2026,102.3006,0.022926,cb
102482724.IB,7/17/2026,102.2986,0.022926,cb
102482724.IB,7/20/2026,102.2941,0.022919,cb
102482724.IB,7/21/2026,102.3139,0.022842,cb
102482724.IB,7/22/2026,102.3303,0.022777,cb
102482724.IB,7/23/2026,102.3354,0.022751,cb
102482724.IB,7/24/2026,102.3249,0.02278,cb
102482724.IB,7/27/2026,102.3448,0.022687,cb
102482724.IB,7/28/2026,102.3275,0.02274,cb
102482724.IB,7/29/2026,102.326,0.022737,cb
102482724.IB,7/30/2026,102.3106,0.022784,cb
102482724.IB,7/31/2026,102.3193,0.022746,cb
102482724.IB,8/3/2026,102.3031,0.02278,cb
102482724.IB,8/4/2026,102.2876,0.022827,cb
102482724.IB,8/5/2026,102.288,0.022818,cb
102482724.IB,8/6/2026,102.3004,0.022766,cb
102482724.IB,8/7/2026,102.3044,0.022744,cb
102482724.IB,8/10/2026,102.3019,0.02273,cb
102482724.IB,8/11/2026,102.3044,0.022713,cb
102482724.IB,8/12/2026,102.2904,0.022755,cb
102482724.IB,8/13/2026,102.2971,0.022723,cb
102482724.IB,8/14/2026,102.2937,0.022727,cb
102482724.IB,8/17/2026,102.31,0.022645,cb
102482724.IB,8/18/2026,102.3205,0.022599,cb
102482724.IB,8/19/2026,102.3178,0.022601,cb
102482724.IB,8/20/2026,102.4681,0.022052,cb
102482724.IB,8/21/2026,102.4427,0.022135,cb
102482815.IB,8/22/2025,100.4487,0.022491,cb
102482815.IB,8/25/2025,100.4499,0.022473,cb
102482815.IB,8/26/2025,100.4587,0.02242,cb
102482815.IB,8/27/2025,100.4939,0.022221,cb
102482815.IB,8/28/2025,100.4967,0.022201,cb
102482815.IB,8/29/2025,100.5115,0.022114,cb
102482815.IB,9/1/2025,100.5142,0.022085,cb
102482815.IB,9/2/2025,100.5196,0.02205,cb
102482815.IB,9/3/2025,100.5414,0.021923,cb
102482815.IB,9/4/2025,100.5571,0.02183,cb
102482815.IB,9/5/2025,100.5471,0.021882,cb
102482815.IB,9/8/2025,100.543,0.02189,cb
102482815.IB,9/9/2025,100.5336,0.021939,cb
102482815.IB,9/10/2025,100.492,0.02217,cb
102482815.IB,9/11/2025,100.4636,0.022327,cb
102482815.IB,9/12/2025,100.4636,0.022323,cb
102482815.IB,9/15/2025,100.4684,0.022283,cb
102482815.IB,9/16/2025,100.4675,0.022284,cb
102482815.IB,9/17/2025,100.4781,0.022218,cb
102482815.IB,9/18/2025,100.4722,0.022248,cb
102482815.IB,9/19/2025,100.4649,0.022286,cb
102482815.IB,9/22/2025,100.4694,0.022246,cb
102482815.IB,9/23/2025,100.4251,0.022498,cb
102482815.IB,9/24/2025,100.3932,0.022679,cb
102482815.IB,9/25/2025,100.3349,0.023015,cb
102482815.IB,9/26/2025,100.3125,0.023142,cb
102482815.IB,9/29/2025,100.3106,0.023144,cb
102482815.IB,9/30/2025,100.3166,0.023106,cb
102482815.IB,10/9/2025,100.3241,0.023033,cb
102482815.IB,10/10/2025,100.3168,0.023073,cb
102482815.IB,10/13/2025,100.347,0.022883,cb
102482815.IB,10/14/2025,100.3508,0.022856,cb
102482815.IB,10/15/2025,100.3576,0.022812,cb
102482815.IB,10/16/2025,100.3761,0.022698,cb
102482815.IB,10/17/2025,100.4134,0.022469,cb
102482815.IB,10/20/2025,100.4244,0.022391,cb
102482815.IB,10/21/2025,100.4441,0.022267,cb
102482815.IB,10/22/2025,100.4774,0.022061,cb
102482815.IB,10/23/2025,100.5019,0.021908,cb
102482815.IB,10/24/2025,100.5038,0.021891,cb
102482815.IB,10/27/2025,100.5084,0.021848,cb
102482815.IB,10/28/2025,100.5536,0.021567,cb
102482815.IB,10/29/2025,100.5884,0.021349,cb
102482815.IB,10/30/2025,100.5986,0.02128,cb
102482815.IB,10/31/2025,100.6227,0.021127,cb
102482815.IB,11/3/2025,100.6361,0.021025,cb
102482815.IB,11/4/2025,100.6539,0.020909,cb
102482815.IB,11/5/2025,100.6686,0.020812,cb
102482815.IB,11/6/2025,100.6629,0.02084,cb
102482815.IB,11/7/2025,100.6707,0.020785,cb
102482815.IB,11/10/2025,100.6694,0.020772,cb
102482815.IB,11/11/2025,100.6689,0.020768,cb
102482815.IB,11/12/2025,100.6761,0.020716,cb
102482815.IB,11/13/2025,100.6687,0.020755,cb
102482815.IB,11/14/2025,100.6674,0.020756,cb
102482815.IB,11/17/2025,100.6585,0.020791,cb
102482815.IB,11/18/2025,100.6675,0.020727,cb
102482815.IB,11/19/2025,100.6736,0.020681,cb
102482815.IB,11/20/2025,100.6637,0.020737,cb
102482815.IB,11/21/2025,100.6543,0.020789,cb
102482815.IB,11/24/2025,100.6371,0.020877,cb
102482815.IB,11/25/2025,100.6406,0.020848,cb
102482815.IB,11/26/2025,100.6151,0.021003,cb
102482815.IB,11/27/2025,100.5908,0.021152,cb
102482815.IB,11/28/2025,100.5951,0.021118,cb
102482815.IB,12/1/2025,100.5914,0.021122,cb
102482815.IB,12/2/2025,100.5828,0.021171,cb
102482815.IB,12/3/2025,100.5846,0.021153,cb
102482815.IB,12/4/2025,100.5443,0.021408,cb
102482815.IB,12/5/2025,100.5298,0.021495,cb
102482815.IB,12/8/2025,100.5218,0.021529,cb
102482815.IB,12/9/2025,100.5256,0.021498,cb
102482815.IB,12/10/2025,100.5274,0.021481,cb
102482815.IB,12/11/2025,100.5269,0.021478,cb
102482815.IB,12/12/2025,100.5346,0.021421,cb
102482815.IB,12/15/2025,100.5287,0.021441,cb
102482815.IB,12/16/2025,100.5269,0.021447,cb
102482815.IB,12/17/2025,100.5315,0.02141,cb
102482815.IB,12/18/2025,100.5433,0.021325,cb
102482815.IB,12/19/2025,100.5436,0.021317,cb
102482815.IB,12/22/2025,100.5663,0.021146,cb
102482815.IB,12/23/2025,100.564,0.021155,cb
102482815.IB,12/24/2025,100.5611,0.021167,cb
102482815.IB,12/25/2025,100.5769,0.021054,cb
102482815.IB,12/26/2025,100.5778,0.021041,cb
102482815.IB,12/29/2025,100.5357,0.021305,cb
102482815.IB,12/30/2025,100.5367,0.021291,cb
102482815.IB,12/31/2025,100.5402,0.021261,cb
102482815.IB,1/5/2026,100.5404,0.021226,cb
102482815.IB,1/6/2026,100.5528,0.021134,cb
102482815.IB,1/7/2026,100.5452,0.02118,cb
102482815.IB,1/8/2026,100.5481,0.021153,cb
102482815.IB,1/9/2026,100.5441,0.021173,cb
102482815.IB,1/12/2026,100.5624,0.021025,cb
102482815.IB,1/13/2026,100.5644,0.021004,cb
102482815.IB,1/14/2026,100.5667,0.020981,cb
102482815.IB,1/15/2026,100.5712,0.020942,cb
102482815.IB,1/16/2026,100.5937,0.020777,cb
102482815.IB,1/19/2026,100.5866,0.020804,cb
102482815.IB,1/20/2026,100.5869,0.020795,cb
102482815.IB,1/21/2026,100.5895,0.020768,cb
102482815.IB,1/22/2026,100.5964,0.020712,cb
102482815.IB,1/23/2026,100.6058,0.020638,cb
102482815.IB,1/26/2026,100.6012,0.020646,cb
102482815.IB,1/27/2026,100.6194,0.020508,cb
102482815.IB,1/28/2026,100.6095,0.02057,cb
102482815.IB,1/29/2026,100.6063,0.020585,cb
102482815.IB,1/30/2026,100.6051,0.020585,cb
102482815.IB,2/2/2026,100.6104,0.020522,cb
102482815.IB,2/3/2026,100.6104,0.020513,cb
102482815.IB,2/4/2026,100.607,0.02053,cb
102482815.IB,2/5/2026,100.6166,0.020452,cb
102482815.IB,2/6/2026,100.6181,0.020432,cb
102482815.IB,2/9/2026,100.6173,0.020412,cb
102482815.IB,2/10/2026,100.6255,0.020343,cb
102482815.IB,2/11/2026,100.6157,0.020406,cb
102482815.IB,2/12/2026,100.6144,0.020407,cb
102482815.IB,2/13/2026,100.6209,0.02035,cb
102482815.IB,2/24/2026,100.623,0.020234,cb
102482815.IB,2/25/2026,100.6339,0.020143,cb
102482815.IB,2/26/2026,100.613,0.020291,cb
102482815.IB,2/27/2026,100.6103,0.020303,cb
102482815.IB,3/2/2026,100.6217,0.020188,cb
102482815.IB,3/3/2026,100.6315,0.020103,cb
102482815.IB,3/4/2026,100.6959,0.019602,cb
102482815.IB,3/5/2026,100.7054,0.019519,cb
102482815.IB,3/6/2026,100.7323,0.019301,cb
102482815.IB,3/9/2026,100.7199,0.019363,cb
102482815.IB,3/10/2026,100.7326,0.019253,cb
102482815.IB,3/11/2026,100.7284,0.019274,cb
102482815.IB,3/12/2026,100.7252,0.019287,cb
102482815.IB,3/13/2026,100.7177,0.019334,cb
102482815.IB,3/16/2026,100.7112,0.019351,cb
102482815.IB,3/17/2026,100.7239,0.01924,cb
102482815.IB,3/18/2026,100.7449,0.019063,cb
102482815.IB,3/19/2026,100.7431,0.019065,cb
102482815.IB,3/20/2026,100.7498,0.019,cb
102482815.IB,3/23/2026,100.7628,0.01886,cb
102482815.IB,3/24/2026,100.7733,0.018763,cb
102482815.IB,3/25/2026,100.7702,0.018775,cb
102482815.IB,3/26/2026,100.7614,0.018832,cb
102482815.IB,3/27/2026,100.7533,0.018884,cb
102482815.IB,3/30/2026,100.7683,0.018725,cb
102482815.IB,3/31/2026,100.7858,0.018571,cb
102482815.IB,4/1/2026,100.7793,0.01861,cb
102482815.IB,4/2/2026,100.7942,0.018476,cb
102482815.IB,4/3/2026,100.8169,0.018278,cb
102482815.IB,4/7/2026,100.8321,0.018096,cb
102482815.IB,4/8/2026,100.8317,0.018084,cb
102482815.IB,4/9/2026,100.8259,0.018117,cb
102482815.IB,4/10/2026,100.8345,0.018031,cb
102482815.IB,4/13/2026,100.8228,0.018084,cb
102482815.IB,4/14/2026,100.8234,0.018063,cb
102482815.IB,4/15/2026,100.8165,0.018106,cb
102482815.IB,4/16/2026,100.8256,0.018015,cb
102482815.IB,4/17/2026,100.812,0.018114,cb
102482815.IB,4/20/2026,100.8201,0.018,cb
102482815.IB,4/21/2026,100.8162,0.018018,cb
102482815.IB,4/22/2026,100.8372,0.017825,cb
102482815.IB,4/23/2026,100.842,0.017768,cb
102482815.IB,4/24/2026,100.8463,0.017715,cb
102482815.IB,4/27/2026,100.8493,0.017641,cb
102482815.IB,4/28/2026,100.8455,0.017657,cb
102482815.IB,4/29/2026,100.8388,0.017698,cb
102482815.IB,4/30/2026,100.8467,0.017614,cb
102482815.IB,5/6/2026,100.8316,0.017645,cb
102482815.IB,5/7/2026,100.83,0.017642,cb
102482815.IB,5/8/2026,100.824,0.017678,cb
102482815.IB,5/11/2026,100.8114,0.017739,cb
102482815.IB,5/12/2026,100.8221,0.017627,cb
102482815.IB,5/13/2026,100.8336,0.017508,cb
102482815.IB,5/14/2026,100.8284,0.017537,cb
102482815.IB,5/15/2026,100.8476,0.017348,cb
102482815.IB,5/18/2026,100.8454,0.017314,cb
102482815.IB,5/19/2026,100.8488,0.017266,cb
102482815.IB,5/20/2026,100.8558,0.017185,cb
102482815.IB,5/21/2026,100.8524,0.017196,cb
102482815.IB,5/22/2026,100.8497,0.017203,cb
102482815.IB,5/25/2026,100.858,0.017071,cb
102482815.IB,5/26/2026,100.8616,0.017019,cb
102482815.IB,5/27/2026,100.8701,0.016922,cb
102482815.IB,5/28/2026,100.8674,0.016928,cb
102482815.IB,5/29/2026,100.8761,0.016828,cb
102482815.IB,6/1/2026,100.8801,0.016731,cb
102482815.IB,6/2/2026,100.882,0.016693,cb
102482815.IB,6/3/2026,100.8786,0.016705,cb
102482815.IB,6/4/2026,100.8731,0.016736,cb
102482815.IB,6/5/2026,100.8664,0.016778,cb
102482815.IB,6/8/2026,100.8622,0.016758,cb
102482815.IB,6/9/2026,100.837,0.016976,cb
102482815.IB,6/10/2026,100.8288,0.017034,cb
102482815.IB,6/11/2026,100.7937,0.017349,cb
102482815.IB,6/12/2026,100.7674,0.017582,cb
102482815.IB,6/15/2026,100.7612,0.017587,cb
102482815.IB,6/16/2026,100.7559,0.017619,cb
102482815.IB,6/17/2026,100.7635,0.017527,cb
102482815.IB,6/18/2026,100.7627,0.017515,cb
102482815.IB,6/22/2026,100.761,0.017456,cb
102482815.IB,6/23/2026,100.7452,0.017593,cb
102482815.IB,6/24/2026,100.7454,0.017572,cb
102482815.IB,6/25/2026,100.7601,0.017407,cb
102482815.IB,6/26/2026,100.7495,0.017493,cb
102482815.IB,6/29/2026,100.7434,0.017496,cb
102482815.IB,6/30/2026,100.7274,0.017636,cb
102482815.IB,7/1/2026,100.718,0.017712,cb
102482815.IB,7/2/2026,100.7267,0.017605,cb
102482815.IB,7/3/2026,100.7265,0.017586,cb
102482815.IB,7/6/2026,100.7216,0.017573,cb
102482815.IB,7/7/2026,100.7294,0.017471,cb
102482815.IB,7/8/2026,100.7274,0.017471,cb
102482815.IB,7/9/2026,100.7219,0.017505,cb
102482815.IB,7/10/2026,100.7242,0.01746,cb
102482815.IB,7/13/2026,100.7146,0.017494,cb
102482815.IB,7/14/2026,100.7105,0.017515,cb
102482815.IB,7/15/2026,100.7075,0.017524,cb
102482815.IB,7/16/2026,100.7086,0.017491,cb
102482815.IB,7/17/2026,100.7064,0.017492,cb
102482815.IB,7/20/2026,100.7014,0.017478,cb
102482815.IB,7/21/2026,100.7001,0.01747,cb
102482815.IB,7/22/2026,100.6969,0.017481,cb
102482815.IB,7/23/2026,100.6994,0.017432,cb
102482815.IB,7/24/2026,100.6972,0.017432,cb
102482815.IB,7/27/2026,100.6882,0.017462,cb
102482815.IB,7/28/2026,100.6824,0.017502,cb
102482815.IB,7/29/2026,100.6746,0.017564,cb
102482815.IB,7/30/2026,100.6668,0.017627,cb
102482815.IB,7/31/2026,100.6622,0.017654,cb
102482815.IB,8/3/2026,100.6632,0.017576,cb
102482815.IB,8/4/2026,100.6661,0.01752,cb
102482815.IB,8/5/2026,100.67,0.017454,cb
102482815.IB,8/6/2026,100.671,0.01742,cb
102482815.IB,8/7/2026,100.6717,0.017389,cb
102482815.IB,8/10/2026,100.6607,0.01744,cb
102482815.IB,8/11/2026,100.6625,0.017396,cb
102482815.IB,8/12/2026,100.661,0.01739,cb
102482815.IB,8/13/2026,100.6583,0.017397,cb
102482815.IB,8/14/2026,100.6588,0.017367,cb
102482815.IB,8/17/2026,100.6547,0.01734,cb
102482815.IB,8/18/2026,100.6587,0.01727,cb
102482815.IB,8/19/2026,100.6543,0.017296,cb
102482815.IB,8/20/2026,100.6549,0.017265,cb
102482815.IB,8/21/2026,100.6483,0.017317,cb
102482940.IB,8/22/2025,100.4883,0.024459,cb
102482940.IB,8/25/2025,100.5247,0.024356,cb
102482940.IB,8/26/2025,100.4804,0.024476,cb
102482940.IB,8/27/2025,100.4409,0.024583,cb
102482940.IB,8/28/2025,100.4006,0.024692,cb
102482940.IB,8/29/2025,100.4064,0.024675,cb
102482940.IB,9/1/2025,100.4143,0.02465,cb
102482940.IB,9/2/2025,100.3632,0.02479,cb
102482940.IB,9/3/2025,100.4094,0.024662,cb
102482940.IB,9/4/2025,100.4895,0.024441,cb
102482940.IB,9/5/2025,100.5414,0.024298,cb
102482940.IB,9/8/2025,100.4777,0.024469,cb
102482940.IB,9/9/2025,100.4219,0.024622,cb
102482940.IB,9/10/2025,100.4971,0.024414,cb
102482940.IB,9/11/2025,100.6447,0.024006,cb
102482940.IB,9/12/2025,100.5696,0.024212,cb
102482940.IB,9/15/2025,100.6229,0.024061,cb
102482940.IB,9/16/2025,100.6272,0.024048,cb
102482940.IB,9/17/2025,100.6542,0.023972,cb
102482940.IB,9/18/2025,100.6633,0.023945,cb
102482940.IB,9/19/2025,100.661,0.02395,cb
102482940.IB,9/22/2025,100.6417,0.023999,cb
102482940.IB,9/23/2025,100.5815,0.024165,cb
102482940.IB,9/24/2025,100.4891,0.02442,cb
102482940.IB,9/25/2025,100.3725,0.024744,cb
102482940.IB,9/26/2025,100.3843,0.02471,cb
102482940.IB,9/29/2025,100.3616,0.024771,cb
102482940.IB,9/30/2025,100.2988,0.024946,cb
102482940.IB,10/9/2025,100.3663,0.02475,cb
102482940.IB,10/10/2025,100.3386,0.024827,cb
102482940.IB,10/13/2025,100.4178,0.024601,cb
102482940.IB,10/14/2025,100.4193,0.024596,cb
102482940.IB,10/15/2025,100.4429,0.024528,cb
102482940.IB,10/16/2025,100.4603,0.024478,cb
102482940.IB,10/17/2025,100.5184,0.024313,cb
102482940.IB,10/20/2025,100.5498,0.024221,cb
102482940.IB,10/21/2025,100.6114,0.024045,cb
102482940.IB,10/22/2025,100.681,0.023847,cb
102482940.IB,10/23/2025,100.7341,0.023695,cb
102482940.IB,10/24/2025,100.7884,0.02354,cb
102482940.IB,10/27/2025,100.8153,0.023458,cb
102482940.IB,10/28/2025,100.9128,0.02318,cb
102482940.IB,10/29/2025,100.9974,0.022939,cb
102482940.IB,10/30/2025,101.0503,0.022787,cb
102482940.IB,10/31/2025,101.1167,0.022597,cb
102482940.IB,11/3/2025,101.1842,0.022399,cb
102482940.IB,11/4/2025,101.2115,0.022319,cb
102482940.IB,11/5/2025,101.2261,0.022275,cb
102482940.IB,11/6/2025,101.2382,0.022238,cb
102482940.IB,11/7/2025,101.2122,0.022309,cb
102482940.IB,11/10/2025,101.2297,0.022252,cb
102482940.IB,11/11/2025,101.2604,0.022161,cb
102482940.IB,11/12/2025,101.2901,0.022074,cb
102482940.IB,11/13/2025,101.303,0.022035,cb
102482940.IB,11/14/2025,101.283,0.022089,cb
102482940.IB,11/17/2025,101.293,0.022052,cb
102482940.IB,11/18/2025,101.3286,0.021948,cb
102482940.IB,11/19/2025,101.3378,0.021919,cb
102482940.IB,11/20/2025,101.3247,0.021953,cb
102482940.IB,11/21/2025,101.2825,0.022071,cb
102482940.IB,11/24/2025,101.2484,0.022161,cb
102482940.IB,11/25/2025,101.2113,0.022265,cb
102482940.IB,11/26/2025,101.1619,0.022405,cb
102482940.IB,11/27/2025,101.0947,0.022596,cb
102482940.IB,11/28/2025,101.1039,0.022567,cb
102482940.IB,12/1/2025,101.1013,0.022567,cb
102482940.IB,12/2/2025,101.0855,0.022611,cb
102482940.IB,12/3/2025,101.0387,0.022744,cb
102482940.IB,12/4/2025,100.9434,0.023019,cb
102482940.IB,12/5/2025,100.9318,0.023051,cb
102482940.IB,12/8/2025,100.8992,0.023139,cb
102482940.IB,12/9/2025,100.9058,0.023118,cb
102482940.IB,12/10/2025,100.9013,0.023129,cb
102482940.IB,12/11/2025,100.9317,0.023038,cb
102482940.IB,12/12/2025,100.9363,0.023023,cb
102482940.IB,12/15/2025,100.9017,0.023118,cb
102482940.IB,12/16/2025,100.8978,0.023128,cb
102482940.IB,12/17/2025,100.9094,0.023091,cb
102482940.IB,12/18/2025,100.8719,0.0232,cb
102482940.IB,12/19/2025,100.8849,0.02316,cb
102482940.IB,12/22/2025,100.862,0.023221,cb
102482940.IB,12/23/2025,100.9182,0.023054,cb
102482940.IB,12/24/2025,100.9246,0.023033,cb
102482940.IB,12/25/2025,100.9305,0.023013,cb
102482940.IB,12/26/2025,100.9058,0.023084,cb
102482940.IB,12/29/2025,100.9206,0.023034,cb
102482940.IB,12/30/2025,100.9241,0.023021,cb
102482940.IB,12/31/2025,100.9453,0.022957,cb
102482940.IB,1/5/2026,100.9283,0.022997,cb
102482940.IB,1/6/2026,100.8913,0.023105,cb
102482940.IB,1/7/2026,100.9268,0.022997,cb
102482940.IB,1/8/2026,100.9055,0.023058,cb
102482940.IB,1/9/2026,100.8735,0.023152,cb
102482940.IB,1/12/2026,100.8747,0.023142,cb
102482940.IB,1/13/2026,100.9225,0.022997,cb
102482940.IB,1/14/2026,100.9587,0.022887,cb
102482940.IB,1/15/2026,100.9583,0.022886,cb
102482940.IB,1/16/2026,101.0144,0.022715,cb
102482940.IB,1/19/2026,101.0636,0.022561,cb
102482940.IB,1/20/2026,101.1161,0.022401,cb
102482940.IB,1/21/2026,101.1702,0.022236,cb
102482940.IB,1/22/2026,101.1976,0.022151,cb
102482940.IB,1/23/2026,101.2383,0.022026,cb
102482940.IB,1/26/2026,101.3017,0.021827,cb
102482940.IB,1/27/2026,101.3172,0.021777,cb
102482940.IB,1/28/2026,101.3578,0.021652,cb
102482940.IB,1/29/2026,101.3525,0.021664,cb
102482940.IB,1/30/2026,101.3679,0.021615,cb
102482940.IB,2/2/2026,101.379,0.021572,cb
102482940.IB,2/3/2026,101.3848,0.021551,cb
102482940.IB,2/4/2026,101.389,0.021535,cb
102482940.IB,2/5/2026,101.3939,0.021517,cb
102482940.IB,2/6/2026,101.406,0.021477,cb
102482940.IB,2/9/2026,101.4461,0.021346,cb
102482940.IB,2/10/2026,101.4851,0.021224,cb
102482940.IB,2/11/2026,101.4957,0.021188,cb
102482940.IB,2/12/2026,101.4917,0.021197,cb
102482940.IB,2/13/2026,101.5378,0.021053,cb
102482940.IB,2/24/2026,101.5402,0.021006,cb
102482940.IB,2/25/2026,101.5414,0.020998,cb
102482940.IB,2/26/2026,101.5225,0.021053,cb
102482940.IB,2/27/2026,101.5191,0.02106,cb
102482940.IB,3/2/2026,101.5416,0.02098,cb
102482940.IB,3/3/2026,101.5339,0.021,cb
102482940.IB,3/4/2026,101.5421,0.020971,cb
102482940.IB,3/5/2026,101.5411,0.02097,cb
102482940.IB,3/6/2026,101.5659,0.02089,cb
102482940.IB,3/9/2026,101.5521,0.020921,cb
102482940.IB,3/10/2026,101.538,0.020961,cb
102482940.IB,3/11/2026,101.5576,0.020897,cb
102482940.IB,3/12/2026,101.5631,0.020876,cb
102482940.IB,3/13/2026,101.6271,0.020673,cb
102482940.IB,3/16/2026,101.621,0.02068,cb
102482940.IB,3/17/2026,101.6398,0.020618,cb
102482940.IB,3/18/2026,101.7084,0.0204,cb
102482940.IB,3/19/2026,101.7564,0.020247,cb
102482940.IB,3/20/2026,101.7649,0.020216,cb
102482940.IB,3/23/2026,101.7493,0.020252,cb
102482940.IB,3/24/2026,101.789,0.020123,cb
102482940.IB,3/25/2026,101.8117,0.020048,cb
102482940.IB,3/26/2026,101.8619,0.019886,cb
102482940.IB,3/27/2026,101.9111,0.019728,cb
102482940.IB,3/30/2026,101.8981,0.019754,cb
102482940.IB,3/31/2026,101.8887,0.019779,cb
102482940.IB,4/1/2026,101.9209,0.019673,cb
102482940.IB,4/2/2026,101.964,0.019533,cb
102482940.IB,4/3/2026,101.9936,0.019435,cb
102482940.IB,4/7/2026,102.0146,0.019349,cb
102482940.IB,4/8/2026,102.058,0.019207,cb
102482940.IB,4/9/2026,102.0775,0.019141,cb
102482940.IB,4/10/2026,102.1024,0.019057,cb
102482940.IB,4/13/2026,102.0989,0.019052,cb
102482940.IB,4/14/2026,102.1022,0.019036,cb
102482940.IB,4/15/2026,102.0911,0.019066,cb
102482940.IB,4/16/2026,102.0905,0.019062,cb
102482940.IB,4/17/2026,102.0759,0.019103,cb
102482940.IB,4/20/2026,102.0825,0.019066,cb
102482940.IB,4/21/2026,102.1079,0.01898,cb
102482940.IB,4/22/2026,102.1113,0.018964,cb
102482940.IB,4/23/2026,102.0648,0.019107,cb
102482940.IB,4/24/2026,102.0808,0.01905,cb
102482940.IB,4/27/2026,102.0862,0.019017,cb
102482940.IB,4/28/2026,102.0957,0.018981,cb
102482940.IB,4/29/2026,102.1077,0.018937,cb
102482940.IB,4/30/2026,102.1182,0.018898,cb
102482940.IB,5/6/2026,102.065,0.019036,cb
102482940.IB,5/7/2026,102.0458,0.019093,cb
102482940.IB,5/8/2026,102.0297,0.019139,cb
102482940.IB,5/11/2026,101.9792,0.019287,cb
102482940.IB,5/12/2026,102.0104,0.01918,cb
102482940.IB,5/13/2026,102.0253,0.019126,cb
102482940.IB,5/14/2026,102.0503,0.01904,cb
102482940.IB,5/15/2026,102.0708,0.018968,cb
102482940.IB,5/18/2026,102.1132,0.018813,cb
102482940.IB,5/19/2026,102.1389,0.018724,cb
102482940.IB,5/20/2026,102.1729,0.018608,cb
102482940.IB,5/21/2026,102.2125,0.018473,cb
102482940.IB,5/22/2026,102.215,0.018459,cb
102482940.IB,5/25/2026,102.2485,0.018331,cb
102482940.IB,5/26/2026,102.27,0.018255,cb
102482940.IB,5/27/2026,102.2865,0.018195,cb
102482940.IB,5/28/2026,102.2787,0.018214,cb
102482940.IB,5/29/2026,102.3235,0.018061,cb
102482940.IB,6/1/2026,102.3221,0.018046,cb
102482940.IB,6/2/2026,102.3662,0.017895,cb
102482940.IB,6/3/2026,102.3916,0.017805,cb
102482940.IB,6/4/2026,102.4306,0.01767,cb
102482940.IB,6/5/2026,102.4416,0.017627,cb
102482940.IB,6/8/2026,102.4262,0.017658,cb
102482940.IB,6/9/2026,102.3709,0.017834,cb
102482940.IB,6/10/2026,102.3105,0.018027,cb
102482940.IB,6/11/2026,102.1945,0.018405,cb
102482940.IB,6/12/2026,102.1889,0.018417,cb
102482940.IB,6/15/2026,102.1926,0.018387,cb
102482940.IB,6/16/2026,102.2017,0.01835,cb
102482940.IB,6/17/2026,102.221,0.01828,cb
102482940.IB,6/18/2026,102.2199,0.018277,cb
102482940.IB,6/22/2026,102.2242,0.018238,cb
102482940.IB,6/23/2026,102.1721,0.018406,cb
102482940.IB,6/24/2026,102.1804,0.018372,cb
102482940.IB,6/25/2026,102.185,0.01835,cb
102482940.IB,6/26/2026,102.2152,0.018242,cb
102482940.IB,6/29/2026,102.2228,0.018198,cb
102482940.IB,6/30/2026,102.2201,0.018201,cb
102482940.IB,7/1/2026,102.1439,0.018451,cb
102482940.IB,7/2/2026,102.1517,0.018419,cb
102482940.IB,7/3/2026,102.1378,0.01846,cb
102482940.IB,7/6/2026,102.1329,0.018458,cb
102482940.IB,7/7/2026,102.148,0.0184,cb
102482940.IB,7/8/2026,102.1594,0.018355,cb
102482940.IB,7/9/2026,102.1756,0.018294,cb
102482940.IB,7/10/2026,102.2121,0.018164,cb
102482940.IB,7/13/2026,102.2048,0.018168,cb
102482940.IB,7/14/2026,102.2237,0.018097,cb
102482940.IB,7/15/2026,102.228,0.018075,cb
102482940.IB,7/16/2026,102.2622,0.017951,cb
102482940.IB,7/17/2026,102.26,0.017952,cb
102482940.IB,7/20/2026,102.2568,0.017941,cb
102482940.IB,7/21/2026,102.2774,0.017863,cb
102482940.IB,7/22/2026,102.2949,0.017796,cb
102482940.IB,7/23/2026,102.3007,0.017769,cb
102482940.IB,7/24/2026,102.2891,0.017801,cb
102482940.IB,7/27/2026,102.3106,0.017705,cb
102482940.IB,7/28/2026,102.2956,0.01775,cb
102482940.IB,7/29/2026,102.292,0.017754,cb
102482940.IB,7/30/2026,102.2741,0.017809,cb
102482940.IB,7/31/2026,102.2815,0.017776,cb
102482940.IB,8/3/2026,102.2653,0.01781,cb
102482940.IB,8/4/2026,102.2485,0.017861,cb
102482940.IB,8/5/2026,102.2493,0.017851,cb
102482940.IB,8/6/2026,102.2631,0.017796,cb
102482940.IB,8/7/2026,102.2661,0.017778,cb
102482940.IB,8/10/2026,102.2646,0.017761,cb
102482940.IB,8/11/2026,102.2652,0.017751,cb
102482940.IB,8/12/2026,102.2514,0.017792,cb
102482940.IB,8/13/2026,102.2582,0.017761,cb
102482940.IB,8/14/2026,102.255,0.017765,cb
102482940.IB,8/17/2026,102.2738,0.017677,cb
102482940.IB,8/18/2026,102.2847,0.017631,cb
102482940.IB,8/19/2026,102.282,0.017632,cb
102482940.IB,8/20/2026,102.2954,0.017578,cb
102482940.IB,8/21/2026,102.2686,0.017665,cb
102483153.IB,8/22/2025,99.658,0.03053,cb
102483153.IB,8/25/2025,99.6941,0.030431,cb
102483153.IB,8/26/2025,99.6483,0.030558,cb
102483153.IB,8/27/2025,99.6085,0.030668,cb
102483153.IB,8/28/2025,99.5701,0.030775,cb
102483153.IB,8/29/2025,99.5766,0.030757,cb
102483153.IB,9/1/2025,99.5856,0.030734,cb
102483153.IB,9/2/2025,99.5338,0.030878,cb
102483153.IB,9/3/2025,99.5807,0.030748,cb
102483153.IB,9/4/2025,99.6635,0.030519,cb
102483153.IB,9/5/2025,99.7156,0.030375,cb
102483153.IB,9/8/2025,99.6523,0.030552,cb
102483153.IB,9/9/2025,99.5938,0.030715,cb
102483153.IB,9/10/2025,99.6759,0.030487,cb
102483153.IB,9/11/2025,99.6423,0.030581,cb
102483153.IB,9/12/2025,99.5696,0.030784,cb
102483153.IB,9/15/2025,99.6225,0.030638,cb
102483153.IB,9/16/2025,99.627,0.030626,cb
102483153.IB,9/17/2025,99.6563,0.030544,cb
102483153.IB,9/18/2025,99.6657,0.030518,cb
102483153.IB,9/19/2025,99.6668,0.030516,cb
102483153.IB,9/22/2025,99.6508,0.030561,cb
102483153.IB,9/23/2025,99.5927,0.030725,cb
102483153.IB,9/24/2025,99.6788,0.030484,cb
102483153.IB,9/25/2025,99.5629,0.03081,cb
102483153.IB,9/26/2025,99.752,0.030279,cb
102483153.IB,9/29/2025,99.7305,0.03034,cb
102483153.IB,9/30/2025,99.6646,0.030526,cb
102483153.IB,10/9/2025,99.7384,0.03032,cb
102483153.IB,10/10/2025,99.7104,0.0304,cb
102483153.IB,10/13/2025,99.792,0.030169,cb
102483153.IB,10/14/2025,99.7937,0.030165,cb
102483153.IB,10/15/2025,99.8148,0.030105,cb
102483153.IB,10/16/2025,99.8347,0.030048,cb
102483153.IB,10/17/2025,99.894,0.02988,cb
102483153.IB,10/20/2025,99.9295,0.029778,cb
102483153.IB,10/21/2025,99.989,0.029609,cb
102483153.IB,10/22/2025,100.0593,0.029408,cb
102483153.IB,10/23/2025,100.111,0.02926,cb
102483153.IB,10/24/2025,100.1662,0.029103,cb
102483153.IB,10/27/2025,100.1929,0.029025,cb
102483153.IB,10/28/2025,100.2881,0.028753,cb
102483153.IB,10/29/2025,100.3722,0.028512,cb
102483153.IB,10/30/2025,100.4216,0.02837,cb
102483153.IB,10/31/2025,100.4869,0.028183,cb
102483153.IB,11/3/2025,100.5578,0.027977,cb
102483153.IB,11/4/2025,100.5853,0.027897,cb
102483153.IB,11/5/2025,100.6008,0.027852,cb
102483153.IB,11/6/2025,100.614,0.027812,cb
102483153.IB,11/7/2025,100.5874,0.027887,cb
102483153.IB,11/10/2025,100.6069,0.027827,cb
102483153.IB,11/11/2025,100.6358,0.027743,cb
102483153.IB,11/12/2025,100.6671,0.027652,cb
102483153.IB,11/13/2025,100.6812,0.02761,cb
102483153.IB,11/14/2025,100.6584,0.027674,cb
102483153.IB,11/17/2025,100.6716,0.027631,cb
102483153.IB,11/18/2025,100.7093,0.027521,cb
102483153.IB,11/19/2025,100.7186,0.027493,cb
102483153.IB,11/20/2025,100.705,0.027531,cb
102483153.IB,11/21/2025,100.6637,0.027648,cb
102483153.IB,11/24/2025,100.6356,0.027725,cb
102483153.IB,11/25/2025,100.5991,0.027829,cb
102483153.IB,11/26/2025,100.5521,0.027964,cb
102483153.IB,11/27/2025,100.4822,0.028166,cb
102483153.IB,11/28/2025,100.4914,0.028138,cb
102483153.IB,12/1/2025,100.4894,0.028141,cb
102483153.IB,12/2/2025,100.4736,0.028185,cb
102483153.IB,12/3/2025,100.4255,0.028325,cb
102483153.IB,12/4/2025,100.3299,0.028603,cb
102483153.IB,12/5/2025,100.3192,0.028634,cb
102483153.IB,12/8/2025,100.2876,0.028724,cb
102483153.IB,12/9/2025,100.2936,0.028706,cb
102483153.IB,12/10/2025,100.2872,0.028724,cb
102483153.IB,12/11/2025,100.3184,0.028631,cb
102483153.IB,12/12/2025,100.3208,0.028624,cb
102483153.IB,12/15/2025,100.2926,0.028705,cb
102483153.IB,12/16/2025,100.2874,0.028719,cb
102483153.IB,12/17/2025,100.2991,0.028684,cb
102483153.IB,12/18/2025,100.2659,0.028781,cb
102483153.IB,12/19/2025,100.2814,0.028735,cb
102483153.IB,12/22/2025,100.263,0.028787,cb
102483153.IB,12/23/2025,100.3162,0.028629,cb
102483153.IB,12/24/2025,100.3226,0.028609,cb
102483153.IB,12/25/2025,100.3264,0.028597,cb
102483153.IB,12/26/2025,100.3016,0.02867,cb
102483153.IB,12/29/2025,100.3176,0.02862,cb
102483153.IB,12/30/2025,100.3196,0.028613,cb
102483153.IB,12/31/2025,100.3357,0.028565,cb
102483153.IB,1/5/2026,100.3189,0.028611,cb
102483153.IB,1/6/2026,100.2832,0.028717,cb
102483153.IB,1/7/2026,100.3229,0.028597,cb
102483153.IB,1/8/2026,100.3029,0.028657,cb
102483153.IB,1/9/2026,100.2699,0.028755,cb
102483153.IB,1/12/2026,100.2713,0.028749,cb
102483153.IB,1/13/2026,100.3179,0.028608,cb
102483153.IB,1/14/2026,100.3534,0.0285,cb
102483153.IB,1/15/2026,100.3532,0.0285,cb
102483153.IB,1/16/2026,100.4066,0.028338,cb
102483153.IB,1/19/2026,100.4575,0.028181,cb
102483153.IB,1/20/2026,100.5107,0.02802,cb
102483153.IB,1/21/2026,100.567,0.027848,cb
102483153.IB,1/22/2026,100.5937,0.027767,cb
102483153.IB,1/23/2026,100.6355,0.027639,cb
102483153.IB,1/26/2026,100.7015,0.027435,cb
102483153.IB,1/27/2026,100.7187,0.027381,cb
102483153.IB,1/28/2026,100.7602,0.027253,cb
102483153.IB,1/29/2026,100.5909,0.027766,cb
102483153.IB,1/30/2026,100.6076,0.027713,cb
102483153.IB,2/2/2026,100.6205,0.02767,cb
102483153.IB,2/3/2026,100.6271,0.027648,cb
102483153.IB,2/4/2026,100.6341,0.027626,cb
102483153.IB,2/5/2026,100.4765,0.028105,cb
102483153.IB,2/6/2026,100.4889,0.028066,cb
102483153.IB,2/9/2026,100.532,0.027931,cb
102483153.IB,2/10/2026,100.5716,0.027808,cb
102483153.IB,2/11/2026,100.5843,0.027768,cb
102483153.IB,2/12/2026,100.5833,0.02777,cb
102483153.IB,2/13/2026,100.629,0.027628,cb
102483153.IB,2/24/2026,100.6416,0.027573,cb
102483153.IB,2/25/2026,100.6462,0.027557,cb
102483153.IB,2/26/2026,100.6258,0.027619,cb
102483153.IB,2/27/2026,100.6254,0.027619,cb
102483153.IB,3/2/2026,100.6498,0.027539,cb
102483153.IB,3/3/2026,100.6446,0.027553,cb
102483153.IB,3/4/2026,100.6527,0.027526,cb
102483153.IB,3/5/2026,100.652,0.027527,cb
102483153.IB,3/6/2026,100.6771,0.027447,cb
102483153.IB,3/9/2026,100.6635,0.027485,cb
102483153.IB,3/10/2026,100.6507,0.027524,cb
102483153.IB,3/11/2026,100.67,0.027462,cb
102483153.IB,3/12/2026,100.6743,0.027447,cb
102483153.IB,3/13/2026,100.7357,0.027253,cb
102483153.IB,3/16/2026,100.7307,0.027263,cb
102483153.IB,3/17/2026,100.7511,0.027197,cb
102483153.IB,3/18/2026,100.8183,0.026985,cb
102483153.IB,3/19/2026,101.0259,0.026331,cb
102483153.IB,3/20/2026,101.1955,0.025797,cb
102483153.IB,3/23/2026,101.1836,0.025826,cb
102483153.IB,3/24/2026,101.2238,0.025697,cb
102483153.IB,3/25/2026,101.2466,0.025622,cb
102483153.IB,3/26/2026,101.2967,0.025462,cb
102483153.IB,3/27/2026,101.3456,0.025305,cb
102483153.IB,3/30/2026,101.3354,0.025327,cb
102483153.IB,3/31/2026,101.3267,0.025351,cb
102483153.IB,4/1/2026,101.3577,0.02525,cb
102483153.IB,4/2/2026,101.3996,0.025115,cb
102483153.IB,4/3/2026,101.4296,0.025017,cb
102483153.IB,4/7/2026,101.453,0.024929,cb
102483153.IB,4/8/2026,101.4979,0.024783,cb
102483153.IB,4/9/2026,101.519,0.024713,cb
102483153.IB,4/10/2026,101.5459,0.024624,cb
102483153.IB,4/13/2026,101.5437,0.024619,cb
102483153.IB,4/14/2026,101.5476,0.024603,cb
102483153.IB,4/15/2026,101.6952,0.02413,cb
102483153.IB,4/16/2026,101.6956,0.024125,cb
102483153.IB,4/17/2026,101.6815,0.024165,cb
102483153.IB,4/20/2026,101.6897,0.024127,cb
102483153.IB,4/21/2026,101.7151,0.024041,cb
102483153.IB,4/22/2026,101.7202,0.024021,cb
102483153.IB,4/23/2026,101.6737,0.024165,cb
102483153.IB,4/24/2026,101.8481,0.023604,cb
102483153.IB,4/27/2026,101.8547,0.023569,cb
102483153.IB,4/28/2026,101.8647,0.023532,cb
102483153.IB,4/29/2026,101.878,0.023485,cb
102483153.IB,4/30/2026,102.0437,0.022949,cb
102483153.IB,5/6/2026,101.9911,0.023087,cb
102483153.IB,5/7/2026,101.9711,0.023146,cb
102483153.IB,5/8/2026,101.9547,0.023194,cb
102483153.IB,5/11/2026,101.9044,0.023342,cb
102483153.IB,5/12/2026,101.936,0.023234,cb
102483153.IB,5/13/2026,101.9487,0.023188,cb
102483153.IB,5/14/2026,101.9737,0.023102,cb
102483153.IB,5/15/2026,101.9945,0.02303,cb
102483153.IB,5/18/2026,102.0384,0.022872,cb
102483153.IB,5/19/2026,102.0643,0.022782,cb
102483153.IB,5/20/2026,102.099,0.022664,cb
102483153.IB,5/21/2026,102.1392,0.022528,cb
102483153.IB,5/22/2026,102.1415,0.022515,cb
102483153.IB,5/25/2026,102.1764,0.022384,cb
102483153.IB,5/26/2026,102.1981,0.022308,cb
102483153.IB,5/27/2026,102.2144,0.022249,cb
102483153.IB,5/28/2026,102.2062,0.02227,cb
102483153.IB,5/29/2026,102.2515,0.022116,cb
102483153.IB,6/1/2026,102.2506,0.0221,cb
102483153.IB,6/2/2026,102.2953,0.021948,cb
102483153.IB,6/3/2026,102.3212,0.021857,cb
102483153.IB,6/4/2026,102.3619,0.021718,cb
102483153.IB,6/5/2026,102.3732,0.021674,cb
102483153.IB,6/8/2026,102.3578,0.021706,cb
102483153.IB,6/9/2026,102.3024,0.021881,cb
102483153.IB,6/10/2026,102.2411,0.022078,cb
102483153.IB,6/11/2026,102.1252,0.022455,cb
102483153.IB,6/12/2026,102.1196,0.022467,cb
102483153.IB,6/15/2026,102.1241,0.022435,cb
102483153.IB,6/16/2026,102.1335,0.022398,cb
102483153.IB,6/17/2026,102.1535,0.022326,cb
102483153.IB,6/18/2026,102.1526,0.022323,cb
102483153.IB,6/22/2026,102.1577,0.022282,cb
102483153.IB,6/23/2026,102.1053,0.022451,cb
102483153.IB,6/24/2026,102.1139,0.022417,cb
102483153.IB,6/25/2026,102.1186,0.022395,cb
102483153.IB,6/26/2026,102.1502,0.022284,cb
102483153.IB,6/29/2026,102.1581,0.022239,cb
102483153.IB,6/30/2026,102.1554,0.022242,cb
102483153.IB,7/1/2026,102.0779,0.022497,cb
102483153.IB,7/2/2026,102.0872,0.02246,cb
102483153.IB,7/3/2026,102.0731,0.022502,cb
102483153.IB,7/6/2026,102.0681,0.022501,cb
102483153.IB,7/7/2026,102.0841,0.022441,cb
102483153.IB,7/8/2026,102.0969,0.022392,cb
102483153.IB,7/9/2026,102.1144,0.022327,cb
102483153.IB,7/10/2026,102.0044,0.022694,cb
102483153.IB,7/13/2026,101.851,0.0232,cb
102483153.IB,7/14/2026,101.871,0.023127,cb
102483153.IB,7/15/2026,101.8765,0.023103,cb
102483153.IB,7/16/2026,101.9122,0.022975,cb
102483153.IB,7/17/2026,101.9104,0.022976,cb
102483153.IB,7/20/2026,101.9095,0.022963,cb
102483153.IB,7/21/2026,101.931,0.022883,cb
102483153.IB,7/22/2026,101.9495,0.022814,cb
102483153.IB,7/23/2026,101.9561,0.022786,cb
102483153.IB,7/24/2026,101.9443,0.022821,cb
102483153.IB,7/27/2026,101.9673,0.022723,cb
102483153.IB,7/28/2026,101.955,0.022759,cb
102483153.IB,7/29/2026,101.9498,0.022771,cb
102483153.IB,7/30/2026,101.9304,0.022832,cb
102483153.IB,7/31/2026,101.9369,0.022803,cb
102483153.IB,8/3/2026,101.9217,0.022837,cb
102483153.IB,8/4/2026,101.9041,0.022892,cb
102483153.IB,8/5/2026,101.9055,0.022881,cb
102483153.IB,8/6/2026,101.9204,0.022822,cb
102483153.IB,8/7/2026,101.9227,0.022808,cb
102483153.IB,8/10/2026,101.9229,0.022789,cb
102483153.IB,8/11/2026,101.9221,0.022785,cb
102483153.IB,8/12/2026,101.9089,0.022825,cb
102483153.IB,8/13/2026,101.9158,0.022794,cb
102483153.IB,8/14/2026,101.9131,0.022797,cb
102483153.IB,8/17/2026,101.9342,0.022704,cb
102483153.IB,8/18/2026,101.9455,0.022658,cb
102483153.IB,8/19/2026,101.9431,0.02266,cb
102483153.IB,8/20/2026,102.1002,0.022101,cb
102483153.IB,8/21/2026,102.0727,0.022191,cb
102483418.IB,8/22/2025,98.7737,0.029117,cb
102483418.IB,8/25/2025,98.8102,0.029023,cb
102483418.IB,8/26/2025,98.7616,0.029158,cb
102483418.IB,8/27/2025,98.7207,0.029271,cb
102483418.IB,8/28/2025,98.6844,0.029373,cb
102483418.IB,8/29/2025,98.6909,0.029357,cb
102483418.IB,9/1/2025,98.7012,0.029335,cb
102483418.IB,9/2/2025,98.6474,0.029485,cb
102483418.IB,9/3/2025,98.6961,0.029354,cb
102483418.IB,9/4/2025,98.7836,0.029115,cb
102483418.IB,9/5/2025,98.8371,0.028969,cb
102483418.IB,9/8/2025,98.7729,0.029152,cb
102483418.IB,9/9/2025,98.7099,0.029328,cb
102483418.IB,9/10/2025,98.802,0.029076,cb
102483418.IB,9/11/2025,98.7679,0.029172,cb
102483418.IB,9/12/2025,98.6971,0.02937,cb
102483418.IB,9/15/2025,98.7494,0.029231,cb
102483418.IB,9/16/2025,98.7539,0.029221,cb
102483418.IB,9/17/2025,98.7864,0.029133,cb
102483418.IB,9/18/2025,98.7962,0.029108,cb
102483418.IB,9/19/2025,98.8011,0.029096,cb
102483418.IB,9/22/2025,98.7882,0.029138,cb
102483418.IB,9/23/2025,98.731,0.029299,cb
102483418.IB,9/24/2025,98.6377,0.029562,cb
102483418.IB,9/25/2025,98.5207,0.029892,cb
102483418.IB,9/26/2025,98.5321,0.029862,cb
102483418.IB,9/29/2025,98.5127,0.029924,cb
102483418.IB,9/30/2025,98.4426,0.030124,cb
102483418.IB,10/9/2025,98.5279,0.029907,cb
102483418.IB,10/10/2025,98.4994,0.029991,cb
102483418.IB,10/13/2025,98.586,0.029753,cb
102483418.IB,10/14/2025,98.5882,0.02975,cb
102483418.IB,10/15/2025,98.6071,0.029699,cb
102483418.IB,10/16/2025,98.6305,0.029635,cb
102483418.IB,10/17/2025,98.6924,0.029462,cb
102483418.IB,10/20/2025,98.7343,0.02935,cb
102483418.IB,10/21/2025,98.7922,0.029187,cb
102483418.IB,10/22/2025,98.8647,0.028984,cb
102483418.IB,10/23/2025,98.9158,0.028841,cb
102483418.IB,10/24/2025,98.9731,0.02868,cb
102483418.IB,10/27/2025,99.0008,0.028607,cb
102483418.IB,10/28/2025,99.0948,0.028341,cb
102483418.IB,10/29/2025,99.1797,0.028101,cb
102483418.IB,10/30/2025,99.2259,0.027972,cb
102483418.IB,10/31/2025,99.2908,0.027788,cb
102483418.IB,11/3/2025,99.3678,0.027573,cb
102483418.IB,11/4/2025,99.3961,0.027494,cb
102483418.IB,11/5/2025,99.4133,0.027446,cb
102483418.IB,11/6/2025,99.4284,0.027404,cb
102483418.IB,11/7/2025,99.4009,0.027483,cb
102483418.IB,11/10/2025,99.4241,0.02742,cb
102483418.IB,11/11/2025,99.4513,0.027344,cb
102483418.IB,11/12/2025,99.4854,0.027247,cb
102483418.IB,11/13/2025,99.5013,0.027202,cb
102483418.IB,11/14/2025,99.4753,0.027278,cb
102483418.IB,11/17/2025,99.4934,0.027228,cb
102483418.IB,11/18/2025,99.5345,0.027112,cb
102483418.IB,11/19/2025,99.5441,0.027085,cb
102483418.IB,11/20/2025,99.5301,0.027126,cb
102483418.IB,11/21/2025,99.4897,0.027243,cb
102483418.IB,11/24/2025,99.4695,0.027304,cb
102483418.IB,11/25/2025,99.4334,0.027409,cb
102483418.IB,11/26/2025,99.389,0.027538,cb
102483418.IB,11/27/2025,99.3154,0.027752,cb
102483418.IB,11/28/2025,99.3248,0.027726,cb
102483418.IB,12/1/2025,99.3244,0.027731,cb
102483418.IB,12/2/2025,99.3089,0.027777,cb
102483418.IB,12/3/2025,99.2587,0.027924,cb
102483418.IB,12/4/2025,99.1617,0.028208,cb
102483418.IB,12/5/2025,99.1524,0.028237,cb
102483418.IB,12/8/2025,99.1224,0.028329,cb
102483418.IB,12/9/2025,99.1279,0.028315,cb
102483418.IB,12/10/2025,99.1195,0.028341,cb
102483418.IB,12/11/2025,99.1525,0.028246,cb
102483418.IB,12/12/2025,99.1526,0.028248,cb
102483418.IB,12/15/2025,99.1326,0.028311,cb
102483418.IB,12/16/2025,99.126,0.028332,cb
102483418.IB,12/17/2025,99.1381,0.028299,cb
102483418.IB,12/18/2025,99.1102,0.028382,cb
102483418.IB,12/19/2025,99.1294,0.028328,cb
102483418.IB,12/22/2025,99.1172,0.028369,cb
102483418.IB,12/23/2025,99.1676,0.028222,cb
102483418.IB,12/24/2025,99.1744,0.028203,cb
102483418.IB,12/25/2025,99.1759,0.028201,cb
102483418.IB,12/26/2025,99.1508,0.028277,cb
102483418.IB,12/29/2025,99.1695,0.028226,cb
102483418.IB,12/30/2025,99.1698,0.028227,cb
102483418.IB,12/31/2025,99.1802,0.028198,cb
102483418.IB,1/5/2026,99.1652,0.028251,cb
102483418.IB,1/6/2026,99.1311,0.028354,cb
102483418.IB,1/7/2026,99.1762,0.028222,cb
102483418.IB,1/8/2026,99.1579,0.028278,cb
102483418.IB,1/9/2026,99.1238,0.028382,cb
102483418.IB,1/12/2026,99.1262,0.02838,cb
102483418.IB,1/13/2026,99.172,0.028245,cb
102483418.IB,1/14/2026,99.2072,0.028141,cb
102483418.IB,1/15/2026,99.3744,0.027641,cb
102483418.IB,1/16/2026,99.425,0.027491,cb
102483418.IB,1/19/2026,99.4792,0.027332,cb
102483418.IB,1/20/2026,99.5342,0.027168,cb
102483418.IB,1/21/2026,99.5941,0.02699,cb
102483418.IB,1/22/2026,99.6203,0.026912,cb
102483418.IB,1/23/2026,99.6644,0.02678,cb
102483418.IB,1/26/2026,99.735,0.02657,cb
102483418.IB,1/27/2026,99.7548,0.026511,cb
102483418.IB,1/28/2026,99.7982,0.026381,cb
102483418.IB,1/29/2026,99.7945,0.026393,cb
102483418.IB,1/30/2026,99.8131,0.026337,cb
102483418.IB,2/2/2026,99.8282,0.026293,cb
102483418.IB,2/3/2026,99.8358,0.02627,cb
102483418.IB,2/4/2026,99.8463,0.026239,cb
102483418.IB,2/5/2026,99.854,0.026216,cb
102483418.IB,2/6/2026,99.8667,0.026178,cb
102483418.IB,2/9/2026,99.9132,0.026038,cb
102483418.IB,2/10/2026,99.9541,0.025914,cb
102483418.IB,2/11/2026,99.9694,0.025868,cb
102483418.IB,2/12/2026,99.9718,0.025861,cb
102483418.IB,2/13/2026,100.0177,0.025721,cb
102483418.IB,2/24/2026,100.0388,0.025656,cb
102483418.IB,2/25/2026,100.0474,0.02563,cb
102483418.IB,2/26/2026,100.0241,0.025701,cb
102483418.IB,2/27/2026,100.0273,0.025691,cb
102483418.IB,3/2/2026,100.0532,0.025612,cb
102483418.IB,3/3/2026,100.0508,0.025619,cb
102483418.IB,3/4/2026,100.0587,0.025595,cb
102483418.IB,3/5/2026,100.0579,0.025597,cb
102483418.IB,3/6/2026,100.0836,0.025518,cb
102483418.IB,3/9/2026,100.0682,0.025565,cb
102483418.IB,3/10/2026,100.0565,0.025601,cb
102483418.IB,3/11/2026,100.0755,0.025542,cb
102483418.IB,3/12/2026,100.0777,0.025535,cb
102483418.IB,3/13/2026,100.1365,0.025353,cb
102483418.IB,3/16/2026,100.1313,0.025368,cb
102483418.IB,3/17/2026,100.1539,0.025298,cb
102483418.IB,3/18/2026,100.22,0.025092,cb
102483418.IB,3/19/2026,100.2694,0.024938,cb
102483418.IB,3/20/2026,100.2816,0.0249,cb
102483418.IB,3/23/2026,100.2745,0.02492,cb
102483418.IB,3/24/2026,100.316,0.02479,cb
102483418.IB,3/25/2026,100.3394,0.024717,cb
102483418.IB,3/26/2026,100.39,0.024558,cb
102483418.IB,3/27/2026,100.4392,0.024404,cb
102483418.IB,3/30/2026,100.4328,0.024421,cb
102483418.IB,3/31/2026,100.4252,0.024443,cb
102483418.IB,4/1/2026,100.455,0.024349,cb
102483418.IB,4/2/2026,100.4958,0.024221,cb
102483418.IB,4/3/2026,100.5268,0.024122,cb
102483418.IB,4/7/2026,100.5542,0.024032,cb
102483418.IB,4/8/2026,100.6018,0.023881,cb
102483418.IB,4/9/2026,100.6251,0.023806,cb
102483418.IB,4/10/2026,100.655,0.023711,cb
102483418.IB,4/13/2026,100.6548,0.023707,cb
102483418.IB,4/14/2026,100.6595,0.023691,cb
102483418.IB,4/15/2026,100.6517,0.023713,cb
102483418.IB,4/16/2026,100.6539,0.023705,cb
102483418.IB,4/17/2026,100.6407,0.023745,cb
102483418.IB,4/20/2026,100.652,0.023705,cb
102483418.IB,4/21/2026,100.678,0.023621,cb
102483418.IB,4/22/2026,100.6861,0.023593,cb
102483418.IB,4/23/2026,100.6397,0.023739,cb
102483418.IB,4/24/2026,100.6604,0.023672,cb
102483418.IB,4/27/2026,100.6703,0.023635,cb
102483418.IB,4/28/2026,100.6819,0.023597,cb
102483418.IB,4/29/2026,100.6975,0.023546,cb
102483418.IB,4/30/2026,100.7065,0.023515,cb
102483418.IB,5/6/2026,100.6607,0.023652,cb
102483418.IB,5/7/2026,100.6405,0.023715,cb
102483418.IB,5/8/2026,100.6247,0.023764,cb
102483418.IB,5/11/2026,100.5778,0.023911,cb
102483418.IB,5/12/2026,100.611,0.023802,cb
102483418.IB,5/13/2026,100.6214,0.023767,cb
102483418.IB,5/14/2026,100.6472,0.023682,cb
102483418.IB,5/15/2026,100.6694,0.023609,cb
102483418.IB,5/18/2026,100.7179,0.023447,cb
102483418.IB,5/19/2026,100.7447,0.023359,cb
102483418.IB,5/20/2026,100.7812,0.023239,cb
102483418.IB,5/21/2026,100.8229,0.023102,cb
102483418.IB,5/22/2026,100.826,0.02309,cb
102483418.IB,5/25/2026,100.8653,0.022956,cb
102483418.IB,5/26/2026,100.8882,0.022879,cb
102483418.IB,5/27/2026,100.9053,0.022821,cb
102483418.IB,5/28/2026,100.8978,0.022843,cb
102483418.IB,5/29/2026,100.9448,0.022688,cb
102483418.IB,6/1/2026,100.9476,0.022672,cb
102483418.IB,6/2/2026,100.9937,0.022519,cb
102483418.IB,6/3/2026,101.0212,0.022426,cb
102483418.IB,6/4/2026,101.0647,0.022282,cb
102483418.IB,6/5/2026,101.0777,0.022237,cb
102483418.IB,6/8/2026,101.0649,0.02227,cb
102483418.IB,6/9/2026,101.0106,0.022445,cb
102483418.IB,6/10/2026,100.9496,0.022643,cb
102483418.IB,6/11/2026,100.8352,0.023017,cb
102483418.IB,6/12/2026,100.8304,0.023031,cb
102483418.IB,6/15/2026,100.8385,0.022998,cb
102483418.IB,6/16/2026,100.8491,0.022961,cb
102483418.IB,6/17/2026,101.0221,0.022386,cb
102483418.IB,6/18/2026,101.0226,0.022382,cb
102483418.IB,6/22/2026,101.0322,0.02234,cb
102483418.IB,6/23/2026,100.9804,0.022509,cb
102483418.IB,6/24/2026,100.9901,0.022474,cb
102483418.IB,6/25/2026,100.9962,0.022451,cb
102483418.IB,6/26/2026,101.0301,0.022336,cb
102483418.IB,6/29/2026,101.0408,0.022292,cb
102483418.IB,6/30/2026,101.039,0.022295,cb
102483418.IB,7/1/2026,100.961,0.022553,cb
102483418.IB,7/2/2026,100.9726,0.022512,cb
102483418.IB,7/3/2026,100.9595,0.022553,cb
102483418.IB,7/6/2026,100.9571,0.022554,cb
102483418.IB,7/7/2026,100.9749,0.022491,cb
102483418.IB,7/8/2026,100.9901,0.022437,cb
102483418.IB,7/9/2026,101.0094,0.02237,cb
102483418.IB,7/10/2026,101.0482,0.022236,cb
102483418.IB,7/13/2026,101.0434,0.022244,cb
102483418.IB,7/14/2026,101.0651,0.022168,cb
102483418.IB,7/15/2026,101.0721,0.022141,cb
102483418.IB,7/16/2026,101.1097,0.022011,cb
102483418.IB,7/17/2026,101.1085,0.022012,cb
102483418.IB,7/20/2026,101.1108,0.021995,cb
102483418.IB,7/21/2026,101.1334,0.021915,cb
102483418.IB,7/22/2026,101.1534,0.021844,cb
102483418.IB,7/23/2026,101.1612,0.021815,cb
102483418.IB,7/24/2026,101.1495,0.021852,cb
102483418.IB,7/27/2026,101.1766,0.021749,cb
102483418.IB,7/28/2026,101.168,0.021775,cb
102483418.IB,7/29/2026,101.1614,0.021795,cb
102483418.IB,7/30/2026,101.1408,0.021862,cb
102483418.IB,7/31/2026,101.1472,0.021837,cb
102483418.IB,8/3/2026,101.1345,0.021871,cb
102483418.IB,8/4/2026,101.1165,0.02193,cb
102483418.IB,8/5/2026,101.1191,0.021918,cb
102483418.IB,8/6/2026,101.136,0.021856,cb
102483418.IB,8/7/2026,101.1383,0.021845,cb
102483418.IB,8/10/2026,101.1418,0.021823,cb
102483418.IB,8/11/2026,101.1398,0.021826,cb
102483418.IB,8/12/2026,101.1274,0.021865,cb
102483418.IB,8/13/2026,101.135,0.021835,cb
102483418.IB,8/14/2026,101.1331,0.021838,cb
102483418.IB,8/17/2026,101.1583,0.021739,cb
102483418.IB,8/18/2026,101.1705,0.021693,cb
102483418.IB,8/19/2026,101.1687,0.021695,cb
102483418.IB,8/20/2026,101.1861,0.021631,cb
102483418.IB,8/21/2026,101.1583,0.021724,cb
102483490.IB,8/22/2025,99.3628,0.028516,cb
102483490.IB,8/25/2025,99.3233,0.028625,cb
102483490.IB,8/26/2025,99.3091,0.028665,cb
102483490.IB,8/27/2025,99.3037,0.028681,cb
102483490.IB,8/28/2025,99.2702,0.028773,cb
102483490.IB,8/29/2025,99.2373,0.028863,cb
102483490.IB,9/1/2025,99.279,0.028753,cb
102483490.IB,9/2/2025,99.2944,0.028712,cb
102483490.IB,9/3/2025,99.3054,0.028683,cb
102483490.IB,9/4/2025,99.3931,0.028444,cb
102483490.IB,9/5/2025,99.3721,0.028503,cb
102483490.IB,9/8/2025,99.3002,0.028702,cb
102483490.IB,9/9/2025,99.2646,0.028801,cb
102483490.IB,9/10/2025,99.1936,0.028997,cb
102483490.IB,9/11/2025,99.1916,0.029004,cb
102483490.IB,9/12/2025,99.1979,0.028988,cb
102483490.IB,9/15/2025,99.1734,0.029059,cb
102483490.IB,9/16/2025,99.1717,0.029065,cb
102483490.IB,9/17/2025,99.1717,0.029066,cb
102483490.IB,9/18/2025,99.1808,0.029042,cb
102483490.IB,9/19/2025,99.181,0.029043,cb
102483490.IB,9/22/2025,99.1698,0.029077,cb
102483490.IB,9/23/2025,99.1432,0.029152,cb
102483490.IB,9/24/2025,99.0484,0.029417,cb
102483490.IB,9/25/2025,98.9299,0.029748,cb
102483490.IB,9/26/2025,98.9082,0.02981,cb
102483490.IB,9/29/2025,98.7989,0.030121,cb
102483490.IB,9/30/2025,98.7327,0.030309,cb
102483490.IB,10/9/2025,98.7876,0.030173,cb
102483490.IB,10/10/2025,98.8161,0.030095,cb
102483490.IB,10/13/2025,98.91,0.029837,cb
102483490.IB,10/14/2025,98.9404,0.029753,cb
102483490.IB,10/15/2025,99.0922,0.029327,cb
102483490.IB,10/16/2025,99.1238,0.029239,cb
102483490.IB,10/17/2025,99.1869,0.029063,cb
102483490.IB,10/20/2025,99.2362,0.028928,cb
102483490.IB,10/21/2025,99.2848,0.028792,cb
102483490.IB,10/22/2025,99.3496,0.02861,cb
102483490.IB,10/23/2025,99.4275,0.028392,cb
102483490.IB,10/24/2025,99.4836,0.028235,cb
102483490.IB,10/27/2025,99.526,0.028117,cb
102483490.IB,10/28/2025,99.6459,0.02778,cb
102483490.IB,10/29/2025,99.7214,0.027567,cb
102483490.IB,10/30/2025,99.7643,0.027447,cb
102483490.IB,10/31/2025,99.8544,0.027193,cb
102483490.IB,11/3/2025,99.9296,0.026981,cb
102483490.IB,11/4/2025,99.9594,0.026897,cb
102483490.IB,11/5/2025,99.9769,0.026848,cb
102483490.IB,11/6/2025,99.9669,0.026876,cb
102483490.IB,11/7/2025,99.9389,0.026955,cb
102483490.IB,11/10/2025,99.933,0.026971,cb
102483490.IB,11/11/2025,99.9465,0.026933,cb
102483490.IB,11/12/2025,99.9799,0.026838,cb
102483490.IB,11/13/2025,99.9946,0.026796,cb
102483490.IB,11/14/2025,99.9922,0.026803,cb
102483490.IB,11/17/2025,100.0063,0.026763,cb
102483490.IB,11/18/2025,100.0227,0.026716,cb
102483490.IB,11/19/2025,100.0309,0.026692,cb
102483490.IB,11/20/2025,100.0387,0.02667,cb
102483490.IB,11/21/2025,99.9945,0.026796,cb
102483490.IB,11/24/2025,99.9754,0.02685,cb
102483490.IB,11/25/2025,99.9378,0.026957,cb
102483490.IB,11/26/2025,99.9152,0.027022,cb
102483490.IB,11/27/2025,99.8101,0.027324,cb
102483490.IB,11/28/2025,99.7955,0.027366,cb
102483490.IB,12/1/2025,99.7905,0.027382,cb
102483490.IB,12/2/2025,99.7733,0.027431,cb
102483490.IB,12/3/2025,99.7553,0.027484,cb
102483490.IB,12/4/2025,99.6619,0.027754,cb
102483490.IB,12/5/2025,99.6507,0.027787,cb
102483490.IB,12/8/2025,99.5941,0.027953,cb
102483490.IB,12/9/2025,99.6115,0.027903,cb
102483490.IB,12/10/2025,99.6228,0.027871,cb
102483490.IB,12/11/2025,99.6472,0.027801,cb
102483490.IB,12/12/2025,99.655,0.027778,cb
102483490.IB,12/15/2025,99.6381,0.02783,cb
102483490.IB,12/16/2025,99.6499,0.027796,cb
102483490.IB,12/17/2025,99.6781,0.027714,cb
102483490.IB,12/18/2025,99.7022,0.027644,cb
102483490.IB,12/19/2025,99.7183,0.027598,cb
102483490.IB,12/22/2025,99.7375,0.027543,cb
102483490.IB,12/23/2025,99.7135,0.027614,cb
102483490.IB,12/24/2025,99.7174,0.027603,cb
102483490.IB,12/25/2025,99.7363,0.027548,cb
102483490.IB,12/26/2025,99.5994,0.027951,cb
102483490.IB,12/29/2025,99.3934,0.028561,cb
102483490.IB,12/30/2025,99.3901,0.028571,cb
102483490.IB,12/31/2025,99.3584,0.028667,cb
102483490.IB,1/5/2026,99.1934,0.029164,cb
102483490.IB,1/6/2026,98.965,0.029847,cb
102483490.IB,1/7/2026,99.0118,0.029709,cb
102483490.IB,1/8/2026,98.8423,0.030219,cb
102483490.IB,1/9/2026,98.6748,0.030724,cb
102483490.IB,1/12/2026,98.4984,0.031264,cb
102483490.IB,1/13/2026,98.515,0.031218,cb
102483490.IB,1/14/2026,98.3559,0.031702,cb
102483490.IB,1/15/2026,98.2075,0.032156,cb
102483490.IB,1/16/2026,98.284,0.031928,cb
102483490.IB,1/19/2026,98.3507,0.031736,cb
102483490.IB,1/20/2026,98.3686,0.031685,cb
102483490.IB,1/21/2026,98.2279,0.032117,cb
102483490.IB,1/22/2026,98.0862,0.032554,cb
102483490.IB,1/23/2026,97.9849,0.032869,cb
102483490.IB,1/26/2026,98.056,0.032664,cb
102483490.IB,1/27/2026,98.0847,0.03258,cb
102483490.IB,1/28/2026,98.0918,0.032562,cb
102483490.IB,1/29/2026,98.1202,0.032479,cb
102483490.IB,1/30/2026,98.1354,0.032437,cb
102483490.IB,2/2/2026,98.1518,0.032399,cb
102483490.IB,2/3/2026,98.1579,0.032384,cb
102483490.IB,2/4/2026,98.0235,0.032803,cb
102483490.IB,2/5/2026,97.8708,0.03328,cb
102483490.IB,2/6/2026,97.8969,0.033204,cb
102483490.IB,2/9/2026,97.9256,0.033129,cb
102483490.IB,2/10/2026,97.9625,0.03302,cb
102483490.IB,2/11/2026,97.9787,0.032974,cb
102483490.IB,2/12/2026,97.9949,0.032928,cb
102483490.IB,2/13/2026,97.8799,0.033291,cb
102483490.IB,2/24/2026,97.7598,0.033723,cb
102483490.IB,2/25/2026,97.5805,0.034294,cb
102483490.IB,2/26/2026,97.4011,0.034867,cb
102483490.IB,2/27/2026,97.4068,0.034855,cb
102483490.IB,3/2/2026,97.4333,0.03479,cb
102483490.IB,3/3/2026,97.4638,0.034699,cb
102483490.IB,3/4/2026,97.4511,0.034745,cb
102483490.IB,3/5/2026,97.4649,0.034707,cb
102483490.IB,3/6/2026,97.472,0.034691,cb
102483490.IB,3/9/2026,97.4239,0.034863,cb
102483490.IB,3/10/2026,97.418,0.034888,cb
102483490.IB,3/11/2026,97.4207,0.034885,cb
102483490.IB,3/12/2026,97.3917,0.034985,cb
102483490.IB,3/13/2026,97.4379,0.034843,cb
102483490.IB,3/16/2026,97.4559,0.034804,cb
102483490.IB,3/17/2026,97.471,0.034762,cb
102483490.IB,3/18/2026,97.5146,0.034628,cb
102483490.IB,3/19/2026,97.5712,0.034452,cb
102483490.IB,3/20/2026,97.5761,0.034442,cb
102483490.IB,3/23/2026,97.5825,0.034439,cb
102483490.IB,3/24/2026,97.6263,0.034304,cb
102483490.IB,3/25/2026,97.6261,0.034311,cb
102483490.IB,3/26/2026,97.6762,0.034155,cb
102483490.IB,3/27/2026,97.697,0.034094,cb
102483490.IB,3/30/2026,97.6954,0.034116,cb
102483490.IB,3/31/2026,97.7181,0.034049,cb
102483490.IB,4/1/2026,97.7477,0.033958,cb
102483490.IB,4/2/2026,97.7879,0.033834,cb
102483490.IB,4/3/2026,97.8193,0.033738,cb
102483490.IB,4/7/2026,97.8455,0.033675,cb
102483490.IB,4/8/2026,98.0121,0.033139,cb
102483490.IB,4/9/2026,98.0458,0.033035,cb
102483490.IB,4/10/2026,98.0461,0.033039,cb
102483490.IB,4/13/2026,98.0451,0.033057,cb
102483490.IB,4/14/2026,98.0513,0.033042,cb
102483490.IB,4/15/2026,98.204,0.03255,cb
102483490.IB,4/16/2026,98.3616,0.032042,cb
102483490.IB,4/17/2026,98.5283,0.031504,cb
102483490.IB,4/20/2026,98.5593,0.031415,cb
102483490.IB,4/21/2026,98.5804,0.03135,cb
102483490.IB,4/22/2026,98.8932,0.030338,cb
102483490.IB,4/23/2026,98.8988,0.030322,cb
102483490.IB,4/24/2026,98.8921,0.030347,cb
102483490.IB,4/27/2026,98.8703,0.030427,cb
102483490.IB,4/28/2026,98.8844,0.030384,cb
102483490.IB,4/29/2026,98.9012,0.030333,cb
102483490.IB,4/30/2026,98.88,0.030405,cb
102483490.IB,5/6/2026,98.8468,0.030532,cb
102483490.IB,5/7/2026,98.8279,0.030597,cb
102483490.IB,5/8/2026,98.8087,0.030663,cb
102483490.IB,5/11/2026,98.7681,0.030807,cb
102483490.IB,5/12/2026,98.8157,0.030653,cb
102483490.IB,5/13/2026,98.8371,0.030586,cb
102483490.IB,5/14/2026,98.8641,0.0305,cb
102483490.IB,5/15/2026,98.8868,0.030428,cb
102483490.IB,5/18/2026,98.9271,0.030304,cb
102483490.IB,5/19/2026,98.9531,0.030221,cb
102483490.IB,5/20/2026,98.9899,0.030102,cb
102483490.IB,5/21/2026,99.0112,0.030034,cb
102483490.IB,5/22/2026,99.0214,0.030004,cb
102483490.IB,5/25/2026,99.0098,0.03005,cb
102483490.IB,5/26/2026,99.0375,0.029961,cb
102483490.IB,5/27/2026,99.0469,0.029933,cb
102483490.IB,5/28/2026,99.2505,0.029258,cb
102483490.IB,5/29/2026,99.2528,0.029253,cb
102483490.IB,6/1/2026,99.2941,0.029122,cb
102483490.IB,6/2/2026,99.3442,0.028957,cb
102483490.IB,6/3/2026,99.5196,0.028375,cb
102483490.IB,6/4/2026,99.5443,0.028294,cb
102483490.IB,6/5/2026,99.5656,0.028224,cb
102483490.IB,6/8/2026,99.5238,0.028368,cb
102483490.IB,6/9/2026,99.6212,0.028044,cb
102483490.IB,6/10/2026,99.7329,0.027673,cb
102483490.IB,6/11/2026,99.637,0.027994,cb
102483490.IB,6/12/2026,99.6034,0.028108,cb
102483490.IB,6/15/2026,99.6165,0.028068,cb
102483490.IB,6/16/2026,99.6337,0.028011,cb
102483490.IB,6/17/2026,99.674,0.027877,cb
102483490.IB,6/18/2026,99.6934,0.027813,cb
102483490.IB,6/22/2026,99.7078,0.027769,cb
102483490.IB,6/23/2026,99.718,0.027735,cb
102483490.IB,6/24/2026,99.7128,0.027754,cb
102483490.IB,6/25/2026,99.7357,0.027678,cb
102483490.IB,6/26/2026,99.7674,0.027571,cb
102483490.IB,6/29/2026,99.7846,0.027516,cb
102483490.IB,6/30/2026,99.77,0.027566,cb
102483490.IB,7/1/2026,99.7154,0.027753,cb
102483490.IB,7/2/2026,99.7182,0.027744,cb
102483490.IB,7/3/2026,99.7142,0.027759,cb
102483490.IB,7/6/2026,99.7295,0.02771,cb
102483490.IB,7/7/2026,99.7576,0.027615,cb
102483490.IB,7/8/2026,99.791,0.027502,cb
102483490.IB,7/9/2026,99.7866,0.027518,cb
102483490.IB,7/10/2026,99.7952,0.027489,cb
102483490.IB,7/13/2026,99.8048,0.027459,cb
102483490.IB,7/14/2026,99.8269,0.027384,cb
102483490.IB,7/15/2026,99.8279,0.027381,cb
102483490.IB,7/16/2026,99.7904,0.027511,cb
102483490.IB,7/17/2026,99.7906,0.027511,cb
102483490.IB,7/20/2026,99.7955,0.027497,cb
102483490.IB,7/21/2026,99.7889,0.027521,cb
102483490.IB,7/22/2026,99.7994,0.027485,cb
102483490.IB,7/23/2026,99.809,0.027453,cb
102483490.IB,7/24/2026,99.8141,0.027436,cb
102483490.IB,7/27/2026,99.8146,0.027437,cb
102483490.IB,7/28/2026,99.8066,0.027466,cb
102483490.IB,7/29/2026,99.8023,0.027482,cb
102483490.IB,7/30/2026,99.8124,0.027447,cb
102483490.IB,7/31/2026,99.8071,0.027467,cb
102483490.IB,8/3/2026,99.8214,0.027419,cb
102483490.IB,8/4/2026,99.8249,0.027408,cb
102483490.IB,8/5/2026,99.8285,0.027397,cb
102483490.IB,8/6/2026,99.8318,0.027386,cb
102483490.IB,8/7/2026,99.8352,0.027375,cb
102483490.IB,8/10/2026,99.8417,0.027354,cb
102483490.IB,8/11/2026,99.8405,0.027359,cb
102483490.IB,8/12/2026,99.8293,0.0274,cb
102483490.IB,8/13/2026,99.8237,0.02742,cb
102483490.IB,8/14/2026,99.7093,0.027824,cb
102483490.IB,8/17/2026,99.7012,0.027854,cb
102483490.IB,8/18/2026,99.7283,0.027759,cb
102483490.IB,8/19/2026,99.7134,0.027812,cb
102483490.IB,8/20/2026,99.7049,0.027843,cb
102483490.IB,8/21/2026,99.679,0.027936,cb
102501259.IB,8/22/2025,102.0617,0.026726,cb
102501259.IB,8/25/2025,102.0274,0.026798,cb
102501259.IB,8/26/2025,101.9843,0.026895,cb
102501259.IB,8/27/2025,101.9434,0.026988,cb
102501259.IB,8/28/2025,101.9202,0.027039,cb
102501259.IB,8/29/2025,101.897,0.027091,cb
102501259.IB,9/1/2025,101.8947,0.027089,cb
102501259.IB,9/2/2025,101.8119,0.02728,cb
102501259.IB,9/3/2025,101.8442,0.027202,cb
102501259.IB,9/4/2025,101.9567,0.026936,cb
102501259.IB,9/5/2025,101.9972,0.026838,cb
102501259.IB,9/8/2025,101.9368,0.026972,cb
102501259.IB,9/9/2025,101.8342,0.02721,cb
102501259.IB,9/10/2025,101.9325,0.026977,cb
102501259.IB,9/11/2025,101.946,0.026943,cb
102501259.IB,9/12/2025,101.9177,0.027006,cb
102501259.IB,9/15/2025,101.9303,0.026969,cb
102501259.IB,9/16/2025,101.924,0.026981,cb
102501259.IB,9/17/2025,101.9754,0.026857,cb
102501259.IB,9/18/2025,101.9783,0.026848,cb
102501259.IB,9/19/2025,101.9777,0.026847,cb
102501259.IB,9/22/2025,101.9637,0.026872,cb
102501259.IB,9/23/2025,101.8926,0.027037,cb
102501259.IB,9/24/2025,101.7825,0.027296,cb
102501259.IB,9/25/2025,101.6361,0.027641,cb
102501259.IB,9/26/2025,101.631,0.027651,cb
102501259.IB,9/29/2025,101.5881,0.027746,cb
102501259.IB,9/30/2025,101.4851,0.02799,cb
102501259.IB,10/9/2025,101.5472,0.027822,cb
102501259.IB,10/10/2025,101.5169,0.027893,cb
102501259.IB,10/13/2025,101.6169,0.027646,cb
102501259.IB,10/14/2025,101.6274,0.027619,cb
102501259.IB,10/15/2025,101.6349,0.027599,cb
102501259.IB,10/16/2025,101.6747,0.0275,cb
102501259.IB,10/17/2025,101.7517,0.027313,cb
102501259.IB,10/20/2025,101.8224,0.027136,cb
102501259.IB,10/21/2025,101.8668,0.027026,cb
102501259.IB,10/22/2025,101.9333,0.026864,cb
102501259.IB,10/23/2025,101.9648,0.026785,cb
102501259.IB,10/24/2025,102.043,0.026594,cb
102501259.IB,10/27/2025,102.0484,0.026573,cb
102501259.IB,10/28/2025,102.3467,0.025852,cb
102501259.IB,10/29/2025,102.4235,0.025664,cb
102501259.IB,10/30/2025,102.4631,0.025566,cb
102501259.IB,10/31/2025,102.5309,0.0254,cb
102501259.IB,11/3/2025,102.6337,0.025142,cb
102501259.IB,11/4/2025,102.6731,0.025044,cb
102501259.IB,11/5/2025,102.6886,0.025003,cb
102501259.IB,11/6/2025,102.9286,0.024423,cb
102501259.IB,11/7/2025,102.8933,0.024503,cb
102501259.IB,11/10/2025,102.9072,0.024457,cb
102501259.IB,11/11/2025,102.9192,0.024425,cb
102501259.IB,11/12/2025,102.9739,0.024289,cb
102501259.IB,11/13/2025,102.9926,0.02424,cb
102501259.IB,11/14/2025,102.936,0.024372,cb
102501259.IB,11/17/2025,102.9657,0.024288,cb
102501259.IB,11/18/2025,103.024,0.024143,cb
102501259.IB,11/19/2025,103.0233,0.02414,cb
102501259.IB,11/20/2025,102.9869,0.024224,cb
102501259.IB,11/21/2025,102.95,0.024309,cb
102501259.IB,11/24/2025,102.9648,0.02426,cb
102501259.IB,11/25/2025,102.9099,0.024389,cb
102501259.IB,11/26/2025,102.8744,0.024471,cb
102501259.IB,11/27/2025,102.7541,0.024759,cb
102501259.IB,11/28/2025,102.756,0.024751,cb
102501259.IB,12/1/2025,102.7301,0.024802,cb
102501259.IB,12/2/2025,102.7043,0.024861,cb
102501259.IB,12/3/2025,102.6264,0.025047,cb
102501259.IB,12/4/2025,102.488,0.025382,cb
102501259.IB,12/5/2025,102.4904,0.025373,cb
102501259.IB,12/8/2025,102.4355,0.025497,cb
102501259.IB,12/9/2025,102.4129,0.025549,cb
102501259.IB,12/10/2025,102.3723,0.025645,cb
102501259.IB,12/11/2025,102.4154,0.025536,cb
102501259.IB,12/12/2025,102.4035,0.025562,cb
102501259.IB,12/15/2025,102.3993,0.025562,cb
102501259.IB,12/16/2025,102.3616,0.025651,cb
102501259.IB,12/17/2025,102.3655,0.025638,cb
102501259.IB,12/18/2025,102.3755,0.02561,cb
102501259.IB,12/19/2025,102.4312,0.025469,cb
102501259.IB,12/22/2025,102.4445,0.025425,cb
102501259.IB,12/23/2025,102.4493,0.02541,cb
102501259.IB,12/24/2025,102.4498,0.025405,cb
102501259.IB,12/25/2025,102.4095,0.025501,cb
102501259.IB,12/26/2025,102.3698,0.025596,cb
102501259.IB,12/29/2025,102.3817,0.025556,cb
102501259.IB,12/30/2025,102.3512,0.025629,cb
102501259.IB,12/31/2025,102.3083,0.025732,cb
102501259.IB,1/5/2026,102.3192,0.025688,cb
102501259.IB,1/6/2026,102.3169,0.02569,cb
102501259.IB,1/7/2026,102.3013,0.025726,cb
102501259.IB,1/8/2026,102.2891,0.025753,cb
102501259.IB,1/9/2026,102.2647,0.025811,cb
102501259.IB,1/12/2026,102.2505,0.025837,cb
102501259.IB,1/13/2026,102.2419,0.025855,cb
102501259.IB,1/14/2026,102.2349,0.025869,cb
102501259.IB,1/15/2026,102.2524,0.025822,cb
102501259.IB,1/16/2026,102.2213,0.025897,cb
102501259.IB,1/19/2026,102.2766,0.025747,cb
102501259.IB,1/20/2026,102.3481,0.025563,cb
102501259.IB,1/21/2026,102.4486,0.025306,cb
102501259.IB,1/22/2026,102.458,0.025278,cb
102501259.IB,1/23/2026,102.5224,0.025112,cb
102501259.IB,1/26/2026,102.6246,0.024842,cb
102501259.IB,1/27/2026,102.669,0.024726,cb
102501259.IB,1/28/2026,102.7288,0.024571,cb
102501259.IB,1/29/2026,102.9246,0.024072,cb
102501259.IB,1/30/2026,102.9619,0.023974,cb
102501259.IB,2/2/2026,102.9723,0.023934,cb
102501259.IB,2/3/2026,102.9849,0.023897,cb
102501259.IB,2/4/2026,103.0353,0.023765,cb
102501259.IB,2/5/2026,103.0551,0.02371,cb
102501259.IB,2/6/2026,103.0618,0.023689,cb
102501259.IB,2/9/2026,103.1307,0.0235,cb
102501259.IB,2/10/2026,103.1822,0.023365,cb
102501259.IB,2/11/2026,103.2296,0.02324,cb
102501259.IB,2/12/2026,103.2785,0.023111,cb
102501259.IB,2/13/2026,103.3161,0.02301,cb
102501259.IB,2/24/2026,103.3669,0.022823,cb
102501259.IB,2/25/2026,103.4344,0.022646,cb
102501259.IB,2/26/2026,103.3526,0.022849,cb
102501259.IB,2/27/2026,103.4072,0.022705,cb
102501259.IB,3/2/2026,103.4302,0.02263,cb
102501259.IB,3/3/2026,103.4695,0.022524,cb
102501259.IB,3/4/2026,103.4635,0.022533,cb
102501259.IB,3/5/2026,103.4538,0.022553,cb
102501259.IB,3/6/2026,103.48,0.02248,cb
102501259.IB,3/9/2026,103.4002,0.022668,cb
102501259.IB,3/10/2026,103.3993,0.022665,cb
102501259.IB,3/11/2026,103.3982,0.022663,cb
102501259.IB,3/12/2026,103.3492,0.022783,cb
102501259.IB,3/13/2026,103.3406,0.0228,cb
102501259.IB,3/16/2026,103.2977,0.022895,cb
102501259.IB,3/17/2026,103.3483,0.022759,cb
102501259.IB,3/18/2026,103.3742,0.022686,cb
102501259.IB,3/19/2026,103.4263,0.022546,cb
102501259.IB,3/20/2026,103.465,0.02244,cb
102501259.IB,3/23/2026,103.5038,0.022321,cb
102501259.IB,3/24/2026,103.5549,0.022182,cb
102501259.IB,3/25/2026,103.573,0.022129,cb
102501259.IB,3/26/2026,103.6099,0.022027,cb
102501259.IB,3/27/2026,103.6427,0.021936,cb
102501259.IB,3/30/2026,103.6676,0.021852,cb
102501259.IB,3/31/2026,103.6713,0.021836,cb
102501259.IB,4/1/2026,103.6556,0.02187,cb
102501259.IB,4/2/2026,103.6495,0.021879,cb
102501259.IB,4/3/2026,103.6852,0.02178,cb
102501259.IB,4/7/2026,103.7245,0.021651,cb
102501259.IB,4/8/2026,103.8132,0.021413,cb
102501259.IB,4/9/2026,103.8467,0.021319,cb
102501259.IB,4/10/2026,103.9258,0.021106,cb
102501259.IB,4/13/2026,103.9089,0.021129,cb
102501259.IB,4/14/2026,103.9087,0.021122,cb
102501259.IB,4/15/2026,103.9331,0.021051,cb
102501259.IB,4/16/2026,103.9504,0.020999,cb
102501259.IB,4/17/2026,104.1295,0.020524,cb
102501259.IB,4/20/2026,104.1413,0.020471,cb
102501259.IB,4/21/2026,104.1644,0.020402,cb
102501259.IB,4/22/2026,104.2223,0.020243,cb
102501259.IB,4/23/2026,104.173,0.020365,cb
102501259.IB,4/24/2026,104.2103,0.02026,cb
102501259.IB,4/27/2026,104.2174,0.020218,cb
102501259.IB,4/28/2026,104.2423,0.020145,cb
102501259.IB,4/29/2026,104.2887,0.020015,cb
102501259.IB,4/30/2026,104.2579,0.020088,cb
102501259.IB,5/6/2026,104.2011,0.020191,cb
102501259.IB,5/7/2026,104.1511,0.020316,cb
102501259.IB,5/8/2026,104.1311,0.020361,cb
102501259.IB,5/11/2026,104.0827,0.020467,cb
102501259.IB,5/12/2026,104.1336,0.020324,cb
102501259.IB,5/13/2026,104.0639,0.020502,cb
102501259.IB,5/14/2026,104.0685,0.020482,cb
102501259.IB,5/15/2026,104.0932,0.020408,cb
102501259.IB,5/18/2026,104.1562,0.020218,cb
102501259.IB,5/19/2026,104.1543,0.020215,cb
102501259.IB,5/20/2026,104.1942,0.020101,cb
102501259.IB,5/21/2026,104.2355,0.019983,cb
102501259.IB,5/22/2026,104.2387,0.019966,cb
102501259.IB,5/25/2026,104.2741,0.019848,cb
102501259.IB,5/26/2026,104.313,0.019736,cb
102501259.IB,5/27/2026,104.3249,0.019696,cb
102501259.IB,5/28/2026,104.3334,0.019665,cb
102501259.IB,5/29/2026,104.3866,0.019514,cb
102501259.IB,6/1/2026,104.4008,0.019451,cb
102501259.IB,6/2/2026,104.4504,0.01931,cb
102501259.IB,6/3/2026,104.4875,0.019202,cb
102501259.IB,6/4/2026,104.5408,0.019051,cb
102501259.IB,6/5/2026,104.5793,0.018939,cb
102501259.IB,6/8/2026,104.528,0.019051,cb
102501259.IB,6/9/2026,104.4838,0.019161,cb
102501259.IB,6/10/2026,104.4438,0.01926,cb
102501259.IB,6/11/2026,104.3494,0.019506,cb
102501259.IB,6/12/2026,104.316,0.019588,cb
102501259.IB,6/15/2026,104.3157,0.019564,cb
102501259.IB,6/16/2026,104.3095,0.019572,cb
102501259.IB,6/17/2026,104.3371,0.019489,cb
102501259.IB,6/18/2026,104.3739,0.019381,cb
102501259.IB,6/22/2026,104.3795,0.019332,cb
102501259.IB,6/23/2026,104.3491,0.019406,cb
102501259.IB,6/24/2026,104.3599,0.019368,cb
102501259.IB,6/25/2026,104.3925,0.019271,cb
102501259.IB,6/26/2026,104.4311,0.019157,cb
102501259.IB,6/29/2026,104.4287,0.019137,cb
102501259.IB,6/30/2026,104.4223,0.019146,cb
102501259.IB,7/1/2026,104.3386,0.019367,cb
102501259.IB,7/2/2026,104.3587,0.019303,cb
102501259.IB,7/3/2026,104.3747,0.01925,cb
102501259.IB,7/6/2026,104.3794,0.019212,cb
102501259.IB,7/7/2026,104.4082,0.019124,cb
102501259.IB,7/8/2026,104.4114,0.019106,cb
102501259.IB,7/9/2026,104.3982,0.019134,cb
102501259.IB,7/10/2026,104.3924,0.019141,cb
102501259.IB,7/13/2026,104.3831,0.01914,cb
102501259.IB,7/14/2026,104.3969,0.019093,cb
102501259.IB,7/15/2026,104.4063,0.019058,cb
102501259.IB,7/16/2026,104.4146,0.019027,cb
102501259.IB,7/17/2026,104.4151,0.019016,cb
102501259.IB,7/20/2026,104.4001,0.019031,cb
102501259.IB,7/21/2026,104.4022,0.019017,cb
102501259.IB,7/22/2026,104.4043,0.019002,cb
102501259.IB,7/23/2026,104.409,0.01898,cb
102501259.IB,7/24/2026,104.4105,0.018967,cb
102501259.IB,7/27/2026,104.4357,0.01887,cb
102501259.IB,7/28/2026,104.4432,0.01884,cb
102501259.IB,7/29/2026,104.4292,0.01887,cb
102501259.IB,7/30/2026,104.4033,0.018933,cb
102501259.IB,7/31/2026,104.4097,0.018906,cb
102501259.IB,8/3/2026,104.404,0.018895,cb
102501259.IB,8/4/2026,104.3881,0.01893,cb
102501259.IB,8/5/2026,104.3976,0.018895,cb
102501259.IB,8/6/2026,104.4211,0.018819,cb
102501259.IB,8/7/2026,104.4305,0.018784,cb
102501259.IB,8/10/2026,104.4557,0.018686,cb
102501259.IB,8/11/2026,104.4553,0.018678,cb
102501259.IB,8/12/2026,104.4661,0.018638,cb
102501259.IB,8/13/2026,104.4816,0.018585,cb
102501259.IB,8/14/2026,104.4763,0.01859,cb
102501259.IB,8/17/2026,104.5019,0.01849,cb
102501259.IB,8/18/2026,104.537,0.018382,cb
102501259.IB,8/19/2026,104.5336,0.018382,cb
102501259.IB,8/20/2026,104.557,0.018306,cb
102501259.IB,8/21/2026,104.5341,0.018361,cb
102580228.IB,8/22/2025,101.158,0.027147,cb
102580228.IB,8/25/2025,101.1534,0.027153,cb
102580228.IB,8/26/2025,101.0973,0.027288,cb
102580228.IB,8/27/2025,101.0499,0.027402,cb
102580228.IB,8/28/2025,101.0261,0.027458,cb
102580228.IB,8/29/2025,101.0097,0.027497,cb
102580228.IB,9/1/2025,101.0101,0.027492,cb
102580228.IB,9/2/2025,100.9323,0.027681,cb
102580228.IB,9/3/2025,100.9759,0.027573,cb
102580228.IB,9/4/2025,101.0878,0.027298,cb
102580228.IB,9/5/2025,101.1385,0.027172,cb
102580228.IB,9/8/2025,101.0635,0.027351,cb
102580228.IB,9/9/2025,100.9648,0.027592,cb
102580228.IB,9/10/2025,101.0894,0.027285,cb
102580228.IB,9/11/2025,101.0739,0.027321,cb
102580228.IB,9/12/2025,101.0308,0.027426,cb
102580228.IB,9/15/2025,101.0495,0.027375,cb
102580228.IB,9/16/2025,101.0455,0.027384,cb
102580228.IB,9/17/2025,101.0937,0.027264,cb
102580228.IB,9/18/2025,101.099,0.027249,cb
102580228.IB,9/19/2025,101.1108,0.027218,cb
102580228.IB,9/22/2025,101.0972,0.027247,cb
102580228.IB,9/23/2025,101.033,0.027404,cb
102580228.IB,9/24/2025,100.9215,0.027679,cb
102580228.IB,9/25/2025,100.7816,0.028025,cb
102580228.IB,9/26/2025,100.7851,0.028015,cb
102580228.IB,9/29/2025,100.7504,0.028099,cb
102580228.IB,9/30/2025,100.6438,0.028363,cb
102580228.IB,10/9/2025,100.7295,0.028141,cb
102580228.IB,10/10/2025,100.6928,0.028232,cb
102580228.IB,10/13/2025,100.7953,0.027971,cb
102580228.IB,10/14/2025,100.7988,0.027962,cb
102580228.IB,10/15/2025,100.8008,0.027955,cb
102580228.IB,10/16/2025,100.8397,0.027857,cb
102580228.IB,10/17/2025,100.9158,0.027664,cb
102580228.IB,10/20/2025,100.9838,0.027489,cb
102580228.IB,10/21/2025,101.0299,0.027372,cb
102580228.IB,10/22/2025,101.1082,0.027173,cb
102580228.IB,10/23/2025,101.149,0.027069,cb
102580228.IB,10/24/2025,101.2222,0.026883,cb
102580228.IB,10/27/2025,101.2342,0.026848,cb
102580228.IB,10/28/2025,101.3223,0.026624,cb
102580228.IB,10/29/2025,101.408,0.026407,cb
102580228.IB,10/30/2025,101.4353,0.026336,cb
102580228.IB,10/31/2025,101.4978,0.026176,cb
102580228.IB,11/3/2025,101.6019,0.025908,cb
102580228.IB,11/4/2025,101.6321,0.025829,cb
102580228.IB,11/5/2025,101.6519,0.025777,cb
102580228.IB,11/6/2025,101.677,0.025711,cb
102580228.IB,11/7/2025,101.6333,0.025819,cb
102580228.IB,11/10/2025,101.6588,0.025747,cb
102580228.IB,11/11/2025,101.6695,0.025718,cb
102580228.IB,11/12/2025,101.7213,0.025584,cb
102580228.IB,11/13/2025,101.7437,0.025525,cb
102580228.IB,11/14/2025,101.6832,0.025676,cb
102580228.IB,11/17/2025,101.716,0.025585,cb
102580228.IB,11/18/2025,101.7779,0.025425,cb
102580228.IB,11/19/2025,101.7828,0.02541,cb
102580228.IB,11/20/2025,101.7534,0.025482,cb
102580228.IB,11/21/2025,101.7097,0.025591,cb
102580228.IB,11/24/2025,101.7256,0.025543,cb
102580228.IB,11/25/2025,101.6781,0.025661,cb
102580228.IB,11/26/2025,101.6437,0.025746,cb
102580228.IB,11/27/2025,101.5246,0.026048,cb
102580228.IB,11/28/2025,101.5287,0.026036,cb
102580228.IB,12/1/2025,101.5133,0.026068,cb
102580228.IB,12/2/2025,101.4886,0.02613,cb
102580228.IB,12/3/2025,101.4079,0.026335,cb
102580228.IB,12/4/2025,101.2799,0.026662,cb
102580228.IB,12/5/2025,101.2788,0.026663,cb
102580228.IB,12/8/2025,101.232,0.026779,cb
102580228.IB,12/9/2025,101.2188,0.026811,cb
102580228.IB,12/10/2025,101.1834,0.026901,cb
102580228.IB,12/11/2025,101.2246,0.026792,cb
102580228.IB,12/12/2025,101.2127,0.026822,cb
102580228.IB,12/15/2025,101.2165,0.026806,cb
102580228.IB,12/16/2025,101.1859,0.026884,cb
102580228.IB,12/17/2025,101.194,0.026861,cb
102580228.IB,12/18/2025,101.2017,0.026839,cb
102580228.IB,12/19/2025,101.2474,0.026719,cb
102580228.IB,12/22/2025,101.2623,0.026674,cb
102580228.IB,12/23/2025,101.2817,0.026622,cb
102580228.IB,12/24/2025,101.2837,0.026615,cb
102580228.IB,12/25/2025,101.2502,0.0267,cb
102580228.IB,12/26/2025,101.2093,0.026806,cb
102580228.IB,12/29/2025,101.2264,0.026755,cb
102580228.IB,12/30/2025,101.2,0.026823,cb
102580228.IB,12/31/2025,101.1626,0.026919,cb
102580228.IB,1/5/2026,101.1586,0.026921,cb
102580228.IB,1/6/2026,101.1452,0.026955,cb
102580228.IB,1/7/2026,101.1662,0.026898,cb
102580228.IB,1/8/2026,101.1542,0.026928,cb
102580228.IB,1/9/2026,101.121,0.027014,cb
102580228.IB,1/12/2026,101.1102,0.027038,cb
102580228.IB,1/13/2026,101.1207,0.027008,cb
102580228.IB,1/14/2026,101.1289,0.026985,cb
102580228.IB,1/15/2026,101.1383,0.026958,cb
102580228.IB,1/16/2026,101.1332,0.026969,cb
102580228.IB,1/19/2026,101.1921,0.026806,cb
102580228.IB,1/20/2026,101.2596,0.026624,cb
102580228.IB,1/21/2026,101.3526,0.026374,cb
102580228.IB,1/22/2026,101.3653,0.026338,cb
102580228.IB,1/23/2026,101.4259,0.026174,cb
102580228.IB,1/26/2026,101.5212,0.025912,cb
102580228.IB,1/27/2026,101.5611,0.025803,cb
102580228.IB,1/28/2026,101.6173,0.025651,cb
102580228.IB,1/29/2026,101.6137,0.025657,cb
102580228.IB,1/30/2026,101.645,0.025571,cb
102580228.IB,2/2/2026,101.6579,0.025527,cb
102580228.IB,2/3/2026,101.6687,0.025495,cb
102580228.IB,2/4/2026,101.7114,0.025378,cb
102580228.IB,2/5/2026,101.7291,0.025327,cb
102580228.IB,2/6/2026,101.7381,0.0253,cb
102580228.IB,2/9/2026,101.803,0.025117,cb
102580228.IB,2/10/2026,101.8505,0.024986,cb
102580228.IB,2/11/2026,101.8892,0.024879,cb
102580228.IB,2/12/2026,101.9271,0.024774,cb
102580228.IB,2/13/2026,101.9659,0.024667,cb
102580228.IB,2/24/2026,102.0129,0.024499,cb
102580228.IB,2/25/2026,102.0643,0.024357,cb
102580228.IB,2/26/2026,101.9992,0.024528,cb
102580228.IB,2/27/2026,102.0397,0.024415,cb
102580228.IB,3/2/2026,102.0632,0.02434,cb
102580228.IB,3/3/2026,102.0912,0.02426,cb
102580228.IB,3/4/2026,102.0899,0.02426,cb
102580228.IB,3/5/2026,102.0833,0.024274,cb
102580228.IB,3/6/2026,102.1095,0.024199,cb
102580228.IB,3/9/2026,102.0483,0.024352,cb
102580228.IB,3/10/2026,102.0448,0.024358,cb
102580228.IB,3/11/2026,102.0492,0.024342,cb
102580228.IB,3/12/2026,102.0153,0.02443,cb
102580228.IB,3/13/2026,102.0259,0.024397,cb
102580228.IB,3/16/2026,101.9951,0.02447,cb
102580228.IB,3/17/2026,102.0374,0.02435,cb
102580228.IB,3/18/2026,102.0747,0.024244,cb
102580228.IB,3/19/2026,102.1256,0.024101,cb
102580228.IB,3/20/2026,102.1567,0.024012,cb
102580228.IB,3/23/2026,102.1827,0.023929,cb
102580228.IB,3/24/2026,102.2312,0.023792,cb
102580228.IB,3/25/2026,102.2511,0.023733,cb
102580228.IB,3/26/2026,102.292,0.023616,cb
102580228.IB,3/27/2026,102.33,0.023508,cb
102580228.IB,3/30/2026,102.3467,0.023448,cb
102580228.IB,3/31/2026,102.3475,0.023442,cb
102580228.IB,4/1/2026,102.3464,0.02344,cb
102580228.IB,4/2/2026,102.3552,0.023411,cb
102580228.IB,4/3/2026,102.39,0.023311,cb
102580228.IB,4/7/2026,102.4272,0.02319,cb
102580228.IB,4/8/2026,102.5032,0.022975,cb
102580228.IB,4/9/2026,102.5336,0.022887,cb
102580228.IB,4/10/2026,102.5972,0.022706,cb
102580228.IB,4/13/2026,102.5868,0.02272,cb
102580228.IB,4/14/2026,102.5886,0.02271,cb
102580228.IB,4/15/2026,102.6029,0.022665,cb
102580228.IB,4/16/2026,102.6155,0.022625,cb
102580228.IB,4/17/2026,102.6033,0.022654,cb
102580228.IB,4/20/2026,102.6161,0.022602,cb
102580228.IB,4/21/2026,102.6406,0.022529,cb
102580228.IB,4/22/2026,102.6822,0.022409,cb
102580228.IB,4/23/2026,102.6337,0.022538,cb
102580228.IB,4/24/2026,102.6663,0.022442,cb
102580228.IB,4/27/2026,102.6755,0.022401,cb
102580228.IB,4/28/2026,102.6962,0.022337,cb
102580228.IB,4/29/2026,102.7324,0.022231,cb
102580228.IB,4/30/2026,102.7155,0.022273,cb
102580228.IB,5/6/2026,102.6638,0.022385,cb
102580228.IB,5/7/2026,102.624,0.022491,cb
102580228.IB,5/8/2026,102.6052,0.022538,cb
102580228.IB,5/11/2026,102.9135,0.021657,cb
102580228.IB,5/12/2026,102.9586,0.021524,cb
102580228.IB,5/13/2026,102.9164,0.021637,cb
102580228.IB,5/14/2026,102.9291,0.021595,cb
102580228.IB,5/15/2026,102.9534,0.021521,cb
102580228.IB,5/18/2026,103.0127,0.021336,cb
102580228.IB,5/19/2026,103.0222,0.021303,cb
102580228.IB,5/20/2026,103.062,0.021185,cb
102580228.IB,5/21/2026,103.1047,0.021058,cb
102580228.IB,5/22/2026,103.1075,0.021044,cb
102580228.IB,5/25/2026,103.1463,0.020915,cb
102580228.IB,5/26/2026,103.1794,0.020815,cb
102580228.IB,5/27/2026,103.1932,0.02077,cb
102580228.IB,5/28/2026,103.1945,0.020759,cb
102580228.IB,5/29/2026,103.2466,0.020605,cb
102580228.IB,6/1/2026,103.2564,0.020557,cb
102580228.IB,6/2/2026,103.306,0.02041,cb
102580228.IB,6/3/2026,103.3402,0.020306,cb
102580228.IB,6/4/2026,103.3926,0.020151,cb
102580228.IB,6/5/2026,103.4214,0.020062,cb
102580228.IB,6/8/2026,103.3844,0.020146,cb
102580228.IB,6/9/2026,103.3349,0.020279,cb
102580228.IB,6/10/2026,103.2836,0.020419,cb
102580228.IB,6/11/2026,103.179,0.02071,cb
102580228.IB,6/12/2026,103.1566,0.020767,cb
102580228.IB,6/15/2026,103.1599,0.020737,cb
102580228.IB,6/16/2026,103.1609,0.020728,cb
102580228.IB,6/17/2026,103.1875,0.020645,cb
102580228.IB,6/18/2026,103.2095,0.020575,cb
102580228.IB,6/22/2026,103.2172,0.020526,cb
102580228.IB,6/23/2026,103.1761,0.020637,cb
102580228.IB,6/24/2026,103.1867,0.020599,cb
102580228.IB,6/25/2026,103.2085,0.02053,cb
102580228.IB,6/26/2026,103.2477,0.02041,cb
102580228.IB,6/29/2026,103.2504,0.020381,cb
102580228.IB,6/30/2026,103.2456,0.020388,cb
102580228.IB,7/1/2026,103.16,0.020629,cb
102580228.IB,7/2/2026,103.179,0.020567,cb
102580228.IB,7/3/2026,103.1819,0.020551,cb
102580228.IB,7/6/2026,103.1822,0.02053,cb
102580228.IB,7/7/2026,103.2079,0.020448,cb
102580228.IB,7/8/2026,103.2189,0.020409,cb
102580228.IB,7/9/2026,103.2216,0.020394,cb
102580228.IB,7/10/2026,103.2365,0.020344,cb
102580228.IB,7/13/2026,103.2276,0.020348,cb
102580228.IB,7/14/2026,103.2466,0.020286,cb
102580228.IB,7/15/2026,103.2564,0.02025,cb
102580228.IB,7/16/2026,103.28,0.020174,cb
102580228.IB,7/17/2026,103.2795,0.020168,cb
102580228.IB,7/20/2026,103.2735,0.020163,cb
102580228.IB,7/21/2026,103.2857,0.020121,cb
102580228.IB,7/22/2026,103.2972,0.020079,cb
102580228.IB,7/23/2026,103.3042,0.020051,cb
102580228.IB,7/24/2026,103.2983,0.020061,cb
102580228.IB,7/27/2026,103.327,0.019955,cb
102580228.IB,7/28/2026,103.3331,0.019929,cb
102580228.IB,7/29/2026,103.3175,0.019968,cb
102580228.IB,7/30/2026,103.2896,0.020043,cb
102580228.IB,7/31/2026,103.2937,0.020023,cb
102580228.IB,8/3/2026,103.2845,0.020028,cb
102580228.IB,8/4/2026,103.2645,0.02008,cb
102580228.IB,8/5/2026,103.2714,0.020052,cb
102580228.IB,8/6/2026,103.2946,0.019975,cb
102580228.IB,8/7/2026,103.2986,0.019956,cb
102580228.IB,8/10/2026,103.3159,0.019882,cb
102580228.IB,8/11/2026,103.3104,0.019891,cb
102580228.IB,8/12/2026,103.3103,0.019883,cb
102580228.IB,8/13/2026,103.322,0.019841,cb
102580228.IB,8/14/2026,103.318,0.019845,cb
102580228.IB,8/17/2026,103.3478,0.019733,cb
102580228.IB,8/18/2026,103.3725,0.019651,cb
102580228.IB,8/19/2026,103.3695,0.019652,cb
102580228.IB,8/20/2026,103.3939,0.019572,cb
102580228.IB,8/21/2026,103.3649,0.019651,cb
102580332.IB,8/22/2025,100.3026,0.028834,cb
102580332.IB,8/25/2025,100.2259,0.02902,cb
102580332.IB,8/26/2025,100.1916,0.029104,cb
102580332.IB,8/27/2025,100.1644,0.029171,cb
102580332.IB,8/28/2025,100.1283,0.029259,cb
102580332.IB,8/29/2025,100.0851,0.029365,cb
102580332.IB,9/1/2025,100.1245,0.029268,cb
102580332.IB,9/2/2025,100.1351,0.029242,cb
102580332.IB,9/3/2025,100.1473,0.029212,cb
102580332.IB,9/4/2025,100.2589,0.028936,cb
102580332.IB,9/5/2025,100.2192,0.029034,cb
102580332.IB,9/8/2025,100.1368,0.029237,cb
102580332.IB,9/9/2025,100.0838,0.029368,cb
102580332.IB,9/10/2025,100.003,0.029568,cb
102580332.IB,9/11/2025,99.9949,0.029588,cb
102580332.IB,9/12/2025,99.9918,0.029596,cb
102580332.IB,9/15/2025,99.9452,0.029712,cb
102580332.IB,9/16/2025,99.9507,0.029699,cb
102580332.IB,9/17/2025,99.9615,0.029672,cb
102580332.IB,9/18/2025,99.9681,0.029655,cb
102580332.IB,9/19/2025,99.9941,0.029591,cb
102580332.IB,9/22/2025,99.9789,0.029629,cb
102580332.IB,9/23/2025,99.9625,0.02967,cb
102580332.IB,9/24/2025,99.8537,0.029943,cb
102580332.IB,9/25/2025,99.71,0.030304,cb
102580332.IB,9/26/2025,99.6689,0.030408,cb
102580332.IB,9/29/2025,99.5146,0.030798,cb
102580332.IB,9/30/2025,99.405,0.031076,cb
102580332.IB,10/9/2025,99.4645,0.030934,cb
102580332.IB,10/10/2025,99.5095,0.030821,cb
102580332.IB,10/13/2025,99.6131,0.03056,cb
102580332.IB,10/14/2025,99.6581,0.030446,cb
102580332.IB,10/15/2025,99.8289,0.030013,cb
102580332.IB,10/16/2025,99.8627,0.029927,cb
102580332.IB,10/17/2025,99.9433,0.029723,cb
102580332.IB,10/20/2025,100.0117,0.02955,cb
102580332.IB,10/21/2025,100.0633,0.029419,cb
102580332.IB,10/22/2025,100.1544,0.029188,cb
102580332.IB,10/23/2025,100.2396,0.028971,cb
102580332.IB,10/24/2025,100.3128,0.028785,cb
102580332.IB,10/27/2025,100.3756,0.028625,cb
102580332.IB,10/28/2025,100.508,0.028288,cb
102580332.IB,10/29/2025,100.5981,0.028059,cb
102580332.IB,10/30/2025,100.6258,0.027988,cb
102580332.IB,10/31/2025,100.7327,0.027716,cb
102580332.IB,11/3/2025,100.8365,0.02745,cb
102580332.IB,11/4/2025,100.8669,0.027372,cb
102580332.IB,11/5/2025,100.8922,0.027306,cb
102580332.IB,11/6/2025,100.8988,0.027288,cb
102580332.IB,11/7/2025,100.853,0.027403,cb
102580332.IB,11/10/2025,100.8365,0.027442,cb
102580332.IB,11/11/2025,100.8519,0.027402,cb
102580332.IB,11/12/2025,100.9011,0.027275,cb
102580332.IB,11/13/2025,100.9233,0.027217,cb
102580332.IB,11/14/2025,100.9073,0.027257,cb
102580332.IB,11/17/2025,100.9418,0.027165,cb
102580332.IB,11/18/2025,100.9593,0.027119,cb
102580332.IB,11/19/2025,100.9659,0.027101,cb
102580332.IB,11/20/2025,100.9799,0.027064,cb
102580332.IB,11/21/2025,100.9348,0.027178,cb
102580332.IB,11/24/2025,100.8988,0.027266,cb
102580332.IB,11/25/2025,100.8515,0.027386,cb
102580332.IB,11/26/2025,100.8576,0.027369,cb
102580332.IB,11/27/2025,100.7488,0.027648,cb
102580332.IB,11/28/2025,100.7099,0.027747,cb
102580332.IB,12/1/2025,100.6941,0.027785,cb
102580332.IB,12/2/2025,100.6707,0.027845,cb
102580332.IB,12/3/2025,100.6281,0.027955,cb
102580332.IB,12/4/2025,100.5452,0.028169,cb
102580332.IB,12/5/2025,100.5428,0.028174,cb
102580332.IB,12/8/2025,100.4554,0.0284,cb
102580332.IB,12/9/2025,100.4397,0.02844,cb
102580332.IB,12/10/2025,100.4442,0.028428,cb
102580332.IB,12/11/2025,100.4414,0.028435,cb
102580332.IB,12/12/2025,100.4237,0.02848,cb
102580332.IB,12/15/2025,100.3869,0.028575,cb
102580332.IB,12/16/2025,100.3966,0.028549,cb
102580332.IB,12/17/2025,100.4024,0.028534,cb
102580332.IB,12/18/2025,100.4029,0.028532,cb
102580332.IB,12/19/2025,100.4088,0.028516,cb
102580332.IB,12/22/2025,100.4174,0.028492,cb
102580332.IB,12/23/2025,100.3613,0.02864,cb
102580332.IB,12/24/2025,100.3638,0.028633,cb
102580332.IB,12/25/2025,100.3709,0.028613,cb
102580332.IB,12/26/2025,100.2179,0.029017,cb
102580332.IB,12/29/2025,99.9706,0.029672,cb
102580332.IB,12/30/2025,99.945,0.029741,cb
102580332.IB,12/31/2025,99.9127,0.029827,cb
102580332.IB,1/5/2026,99.7602,0.030237,cb
102580332.IB,1/6/2026,99.5679,0.030753,cb
102580332.IB,1/7/2026,99.5867,0.030703,cb
102580332.IB,1/8/2026,99.3896,0.031235,cb
102580332.IB,1/9/2026,99.2081,0.031725,cb
102580332.IB,1/12/2026,99.0173,0.032248,cb
102580332.IB,1/13/2026,99.0284,0.03222,cb
102580332.IB,1/14/2026,98.853,0.032699,cb
102580332.IB,1/15/2026,98.68,0.033173,cb
102580332.IB,1/16/2026,98.7476,0.032991,cb
102580332.IB,1/19/2026,98.8068,0.032835,cb
102580332.IB,1/20/2026,98.8368,0.032755,cb
102580332.IB,1/21/2026,98.709,0.033107,cb
102580332.IB,1/22/2026,98.5397,0.033573,cb
102580332.IB,1/23/2026,98.4183,0.03391,cb
102580332.IB,1/26/2026,98.514,0.033653,cb
102580332.IB,1/27/2026,98.5197,0.033639,cb
102580332.IB,1/28/2026,98.5393,0.033588,cb
102580332.IB,1/29/2026,98.6072,0.033403,cb
102580332.IB,1/30/2026,98.6388,0.033318,cb
102580332.IB,2/2/2026,98.6547,0.03328,cb
102580332.IB,2/3/2026,98.6561,0.033278,cb
102580332.IB,2/4/2026,98.4861,0.033751,cb
102580332.IB,2/5/2026,98.3249,0.034201,cb
102580332.IB,2/6/2026,98.369,0.034081,cb
102580332.IB,2/9/2026,98.434,0.033908,cb
102580332.IB,2/10/2026,98.4809,0.03378,cb
102580332.IB,2/11/2026,98.5198,0.033674,cb
102580332.IB,2/12/2026,98.528,0.033653,cb
102580332.IB,2/13/2026,98.3876,0.034048,cb
102580332.IB,2/24/2026,98.276,0.034391,cb
102580332.IB,2/25/2026,98.0567,0.035013,cb
102580332.IB,2/26/2026,97.8201,0.035686,cb
102580332.IB,2/27/2026,97.8619,0.035571,cb
102580332.IB,3/2/2026,97.8916,0.035498,cb
102580332.IB,3/3/2026,97.9271,0.035401,cb
102580332.IB,3/4/2026,97.9232,0.035415,cb
102580332.IB,3/5/2026,97.9491,0.035345,cb
102580332.IB,3/6/2026,97.9361,0.035386,cb
102580332.IB,3/9/2026,97.8657,0.035598,cb
102580332.IB,3/10/2026,97.8683,0.035594,cb
102580332.IB,3/11/2026,97.879,0.035567,cb
102580332.IB,3/12/2026,97.7918,0.035821,cb
102580332.IB,3/13/2026,97.8332,0.035706,cb
102580332.IB,3/16/2026,97.8498,0.03567,cb
102580332.IB,3/17/2026,97.8685,0.03562,cb
102580332.IB,3/18/2026,97.9059,0.035516,cb
102580332.IB,3/19/2026,97.9936,0.035268,cb
102580332.IB,3/20/2026,97.9964,0.035263,cb
102580332.IB,3/23/2026,98.0361,0.03516,cb
102580332.IB,3/24/2026,97.9111,0.035524,cb
102580332.IB,3/25/2026,97.7645,0.035951,cb
102580332.IB,3/26/2026,97.805,0.035838,cb
102580332.IB,3/27/2026,97.8343,0.035757,cb
102580332.IB,3/30/2026,97.8565,0.035705,cb
102580332.IB,3/31/2026,97.8685,0.035674,cb
102580332.IB,4/1/2026,97.869,0.035676,cb
102580332.IB,4/2/2026,97.8788,0.035652,cb
102580332.IB,4/3/2026,97.9138,0.035554,cb
102580332.IB,4/7/2026,97.9322,0.035516,cb
102580332.IB,4/8/2026,98.1431,0.034906,cb
102580332.IB,4/9/2026,98.1551,0.034875,cb
102580332.IB,4/10/2026,98.184,0.034794,cb
102580332.IB,4/13/2026,98.1563,0.034885,cb
102580332.IB,4/14/2026,98.1605,0.034876,cb
102580332.IB,4/15/2026,98.3501,0.034327,cb
102580332.IB,4/16/2026,98.5367,0.033787,cb
102580332.IB,4/17/2026,98.709,0.03329,cb
102580332.IB,4/20/2026,98.7566,0.033159,cb
102580332.IB,4/21/2026,98.7361,0.03322,cb
102580332.IB,4/22/2026,98.7553,0.033167,cb
102580332.IB,4/23/2026,98.7969,0.033048,cb
102580332.IB,4/24/2026,98.6367,0.033517,cb
102580332.IB,4/27/2026,98.6168,0.033583,cb
102580332.IB,4/28/2026,98.6523,0.033482,cb
102580332.IB,4/29/2026,98.6896,0.033375,cb
102580332.IB,4/30/2026,98.6618,0.033459,cb
102580332.IB,5/6/2026,98.6284,0.033573,cb
102580332.IB,5/7/2026,98.5925,0.033681,cb
102580332.IB,5/8/2026,98.7445,0.033236,cb
102580332.IB,5/11/2026,98.8858,0.032827,cb
102580332.IB,5/12/2026,98.9283,0.032704,cb
102580332.IB,5/13/2026,98.9334,0.032691,cb
102580332.IB,5/14/2026,98.9723,0.032579,cb
102580332.IB,5/15/2026,98.9973,0.032507,cb
102580332.IB,5/18/2026,99.0169,0.032455,cb
102580332.IB,5/19/2026,99.0451,0.032374,cb
102580332.IB,5/20/2026,99.085,0.032258,cb
102580332.IB,5/21/2026,99.0981,0.032221,cb
102580332.IB,5/22/2026,99.2886,0.03166,cb
102580332.IB,5/25/2026,99.2923,0.031653,cb
102580332.IB,5/26/2026,99.3285,0.031547,cb
102580332.IB,5/27/2026,99.3389,0.031518,cb
102580332.IB,5/28/2026,99.5555,0.030879,cb
102580332.IB,5/29/2026,99.7432,0.030326,cb
102580332.IB,6/1/2026,99.7787,0.030223,cb
102580332.IB,6/2/2026,99.8308,0.030069,cb
102580332.IB,6/3/2026,99.8634,0.029973,cb
102580332.IB,6/4/2026,99.9026,0.029857,cb
102580332.IB,6/5/2026,99.937,0.029756,cb
102580332.IB,6/8/2026,99.8867,0.029905,cb
102580332.IB,6/9/2026,100.0099,0.02954,cb
102580332.IB,6/10/2026,100.1462,0.029137,cb
102580332.IB,6/11/2026,100.0574,0.029399,cb
102580332.IB,6/12/2026,100.0194,0.029512,cb
102580332.IB,6/15/2026,100.0286,0.029484,cb
102580332.IB,6/16/2026,100.0334,0.02947,cb
102580332.IB,6/17/2026,100.0706,0.029359,cb
102580332.IB,6/18/2026,100.0933,0.029291,cb
102580332.IB,6/22/2026,100.1031,0.029261,cb
102580332.IB,6/23/2026,100.1053,0.029254,cb
102580332.IB,6/24/2026,100.1098,0.02924,cb
102580332.IB,6/25/2026,100.137,0.029158,cb
102580332.IB,6/26/2026,100.1594,0.029091,cb
102580332.IB,6/29/2026,100.1734,0.029048,cb
102580332.IB,6/30/2026,100.1605,0.029086,cb
102580332.IB,7/1/2026,100.1077,0.029244,cb
102580332.IB,7/2/2026,100.1157,0.02922,cb
102580332.IB,7/3/2026,100.117,0.029216,cb
102580332.IB,7/6/2026,100.1289,0.029179,cb
102580332.IB,7/7/2026,100.1598,0.029085,cb
102580332.IB,7/8/2026,100.1908,0.028992,cb
102580332.IB,7/9/2026,100.1871,0.029002,cb
102580332.IB,7/10/2026,100.1953,0.028977,cb
102580332.IB,7/13/2026,100.1892,0.028994,cb
102580332.IB,7/14/2026,100.2029,0.028952,cb
102580332.IB,7/15/2026,100.2043,0.028947,cb
102580332.IB,7/16/2026,100.181,0.029017,cb
102580332.IB,7/17/2026,100.1949,0.028975,cb
102580332.IB,7/20/2026,100.2137,0.028916,cb
102580332.IB,7/21/2026,100.1912,0.028984,cb
102580332.IB,7/22/2026,100.1925,0.02898,cb
102580332.IB,7/23/2026,100.2027,0.028948,cb
102580332.IB,7/24/2026,100.2042,0.028943,cb
102580332.IB,7/27/2026,100.1904,0.028984,cb
102580332.IB,7/28/2026,100.1925,0.028977,cb
102580332.IB,7/29/2026,100.1933,0.028974,cb
102580332.IB,7/30/2026,100.1887,0.028988,cb
102580332.IB,7/31/2026,100.1872,0.028992,cb
102580332.IB,8/3/2026,100.2051,0.028936,cb
102580332.IB,8/4/2026,100.2065,0.028931,cb
102580332.IB,8/5/2026,100.2152,0.028904,cb
102580332.IB,8/6/2026,100.2262,0.028869,cb
102580332.IB,8/7/2026,100.2366,0.028837,cb
102580332.IB,8/10/2026,100.2572,0.028772,cb
102580332.IB,8/11/2026,100.2586,0.028767,cb
102580332.IB,8/12/2026,100.2477,0.0288,cb
102580332.IB,8/13/2026,100.2475,0.0288,cb
102580332.IB,8/14/2026,100.1166,0.029205,cb
102580332.IB,8/17/2026,100.1064,0.029236,cb
102580332.IB,8/18/2026,100.1465,0.029111,cb
102580332.IB,8/19/2026,100.1351,0.029146,cb
102580332.IB,8/20/2026,100.1313,0.029158,cb
102580332.IB,8/21/2026,100.0992,0.029258,cb
102580417.IB,8/22/2025,100.6147,0.03116,cb
102580417.IB,8/25/2025,100.608,0.031173,cb
102580417.IB,8/26/2025,100.5542,0.031304,cb
102580417.IB,8/27/2025,100.5085,0.031416,cb
102580417.IB,8/28/2025,100.4855,0.031472,cb
102580417.IB,8/29/2025,100.4689,0.031512,cb
102580417.IB,9/1/2025,100.47,0.031507,cb
102580417.IB,9/2/2025,100.393,0.031697,cb
102580417.IB,9/3/2025,100.4352,0.031592,cb
102580417.IB,9/4/2025,100.5461,0.031318,cb
102580417.IB,9/5/2025,100.5954,0.031195,cb
102580417.IB,9/8/2025,100.5239,0.03137,cb
102580417.IB,9/9/2025,100.4263,0.031611,cb
102580417.IB,9/10/2025,100.5473,0.031311,cb
102580417.IB,9/11/2025,100.5353,0.031339,cb
102580417.IB,9/12/2025,100.495,0.031439,cb
102580417.IB,9/15/2025,100.5136,0.031391,cb
102580417.IB,9/16/2025,100.5097,0.0314,cb
102580417.IB,9/17/2025,100.558,0.031279,cb
102580417.IB,9/18/2025,100.5634,0.031265,cb
102580417.IB,9/19/2025,100.5743,0.031237,cb
102580417.IB,9/22/2025,100.5619,0.031265,cb
102580417.IB,9/23/2025,100.4982,0.031424,cb
102580417.IB,9/24/2025,100.5889,0.031197,cb
102580417.IB,9/25/2025,100.45,0.031543,cb
102580417.IB,9/26/2025,100.653,0.031035,cb
102580417.IB,9/29/2025,100.6181,0.03112,cb
102580417.IB,9/30/2025,100.5125,0.031383,cb
102580417.IB,10/9/2025,100.5965,0.031166,cb
102580417.IB,10/10/2025,100.5607,0.031255,cb
102580417.IB,10/13/2025,100.6626,0.030996,cb
102580417.IB,10/14/2025,100.6669,0.030985,cb
102580417.IB,10/15/2025,100.6694,0.030978,cb
102580417.IB,10/16/2025,100.7083,0.030879,cb
102580417.IB,10/17/2025,100.7841,0.030686,cb
102580417.IB,10/20/2025,100.8525,0.030511,cb
102580417.IB,10/21/2025,100.8979,0.030395,cb
102580417.IB,10/22/2025,100.9747,0.0302,cb
102580417.IB,10/23/2025,101.0143,0.030098,cb
102580417.IB,10/24/2025,101.0876,0.029912,cb
102580417.IB,10/27/2025,101.0991,0.029878,cb
102580417.IB,10/28/2025,101.1868,0.029655,cb
102580417.IB,10/29/2025,101.271,0.029441,cb
102580417.IB,10/30/2025,101.2992,0.029368,cb
102580417.IB,10/31/2025,101.3617,0.029208,cb
102580417.IB,11/3/2025,101.4655,0.02894,cb
102580417.IB,11/4/2025,101.4964,0.02886,cb
102580417.IB,11/5/2025,101.5158,0.028808,cb
102580417.IB,11/6/2025,101.5416,0.028741,cb
102580417.IB,11/7/2025,101.499,0.028847,cb
102580417.IB,11/10/2025,101.5237,0.028778,cb
102580417.IB,11/11/2025,101.5344,0.028748,cb
102580417.IB,11/12/2025,101.5863,0.028614,cb
102580417.IB,11/13/2025,101.6085,0.028556,cb
102580417.IB,11/14/2025,101.5485,0.028706,cb
102580417.IB,11/17/2025,101.5815,0.028615,cb
102580417.IB,11/18/2025,101.6429,0.028456,cb
102580417.IB,11/19/2025,101.6474,0.028443,cb
102580417.IB,11/20/2025,101.6177,0.028516,cb
102580417.IB,11/21/2025,101.575,0.028622,cb
102580417.IB,11/24/2025,101.5916,0.028573,cb
102580417.IB,11/25/2025,101.544,0.028693,cb
102580417.IB,11/26/2025,101.5101,0.028777,cb
102580417.IB,11/27/2025,101.3915,0.029079,cb
102580417.IB,11/28/2025,101.3955,0.029067,cb
102580417.IB,12/1/2025,101.3796,0.029102,cb
102580417.IB,12/2/2025,101.355,0.029163,cb
102580417.IB,12/3/2025,101.2749,0.029368,cb
102580417.IB,12/4/2025,101.1468,0.029697,cb
102580417.IB,12/5/2025,101.1464,0.029696,cb
102580417.IB,12/8/2025,101.0996,0.029813,cb
102580417.IB,12/9/2025,101.0855,0.029848,cb
102580417.IB,12/10/2025,101.0498,0.029939,cb
102580417.IB,12/11/2025,101.091,0.029831,cb
102580417.IB,12/12/2025,101.0795,0.029859,cb
102580417.IB,12/15/2025,101.0831,0.029845,cb
102580417.IB,12/16/2025,101.052,0.029925,cb
102580417.IB,12/17/2025,101.0598,0.029903,cb
102580417.IB,12/18/2025,101.0684,0.029879,cb
102580417.IB,12/19/2025,101.1149,0.029756,cb
102580417.IB,12/22/2025,101.1305,0.029711,cb
102580417.IB,12/23/2025,101.1483,0.029662,cb
102580417.IB,12/24/2025,101.1503,0.029655,cb
102580417.IB,12/25/2025,101.1159,0.029744,cb
102580417.IB,12/26/2025,101.0751,0.029849,cb
102580417.IB,12/29/2025,101.0921,0.0298,cb
102580417.IB,12/30/2025,101.0652,0.02987,cb
102580417.IB,12/31/2025,101.0274,0.029968,cb
102580417.IB,1/5/2026,101.0269,0.029962,cb
102580417.IB,1/6/2026,101.0155,0.029991,cb
102580417.IB,1/7/2026,101.0309,0.029948,cb
102580417.IB,1/8/2026,101.0193,0.029978,cb
102580417.IB,1/9/2026,100.988,0.030059,cb
102580417.IB,1/12/2026,100.9775,0.030083,cb
102580417.IB,1/13/2026,100.9853,0.030061,cb
102580417.IB,1/14/2026,100.9913,0.030044,cb
102580417.IB,1/15/2026,101.0023,0.030013,cb
102580417.IB,1/16/2026,100.9938,0.030034,cb
102580417.IB,1/19/2026,101.053,0.029872,cb
102580417.IB,1/20/2026,101.1211,0.029689,cb
102580417.IB,1/21/2026,101.2151,0.029437,cb
102580417.IB,1/22/2026,101.2275,0.029402,cb
102580417.IB,1/23/2026,101.2885,0.029237,cb
102580417.IB,1/26/2026,101.3845,0.028973,cb
102580417.IB,1/27/2026,101.4251,0.028862,cb
102580417.IB,1/28/2026,101.4817,0.028709,cb
102580417.IB,1/29/2026,101.291,0.029215,cb
102580417.IB,1/30/2026,101.3228,0.029128,cb
102580417.IB,2/2/2026,101.3361,0.029084,cb
102580417.IB,2/3/2026,101.3472,0.029052,cb
102580417.IB,2/4/2026,101.391,0.028931,cb
102580417.IB,2/5/2026,101.2231,0.02938,cb
102580417.IB,2/6/2026,101.232,0.029353,cb
102580417.IB,2/9/2026,101.2981,0.029168,cb
102580417.IB,2/10/2026,101.3456,0.029037,cb
102580417.IB,2/11/2026,101.3853,0.028928,cb
102580417.IB,2/12/2026,101.4247,0.028818,cb
102580417.IB,2/13/2026,101.4631,0.028712,cb
102580417.IB,2/24/2026,101.5146,0.028541,cb
102580417.IB,2/25/2026,101.5678,0.028393,cb
102580417.IB,2/26/2026,101.5017,0.028569,cb
102580417.IB,2/27/2026,101.544,0.028451,cb
102580417.IB,3/2/2026,101.5682,0.028376,cb
102580417.IB,3/3/2026,101.5978,0.028293,cb
102580417.IB,3/4/2026,101.5963,0.028294,cb
102580417.IB,3/5/2026,101.5899,0.028308,cb
102580417.IB,3/6/2026,101.6161,0.028233,cb
102580417.IB,3/9/2026,101.5545,0.028392,cb
102580417.IB,3/10/2026,101.5518,0.028396,cb
102580417.IB,3/11/2026,101.5558,0.028382,cb
102580417.IB,3/12/2026,101.5208,0.028475,cb
102580417.IB,3/13/2026,101.529,0.02845,cb
102580417.IB,3/16/2026,101.4983,0.028525,cb
102580417.IB,3/17/2026,101.5415,0.028403,cb
102580417.IB,3/18/2026,101.577,0.028302,cb
102580417.IB,3/19/2026,101.8098,0.02766,cb
102580417.IB,3/20/2026,102.0243,0.027068,cb
102580417.IB,3/23/2026,102.0523,0.026979,cb
102580417.IB,3/24/2026,102.1008,0.026842,cb
102580417.IB,3/25/2026,102.1206,0.026784,cb
102580417.IB,3/26/2026,102.1606,0.02667,cb
102580417.IB,3/27/2026,102.1977,0.026564,cb
102580417.IB,3/30/2026,102.216,0.026501,cb
102580417.IB,3/31/2026,102.2174,0.026492,cb
102580417.IB,4/1/2026,102.2146,0.026496,cb
102580417.IB,4/2/2026,102.2216,0.026472,cb
102580417.IB,4/3/2026,102.2563,0.026372,cb
102580417.IB,4/7/2026,102.2943,0.026249,cb
102580417.IB,4/8/2026,102.3714,0.026032,cb
102580417.IB,4/9/2026,102.4019,0.025943,cb
102580417.IB,4/10/2026,102.4671,0.025758,cb
102580417.IB,4/13/2026,102.4566,0.025773,cb
102580417.IB,4/14/2026,102.4583,0.025763,cb
102580417.IB,4/15/2026,102.6547,0.025215,cb
102580417.IB,4/16/2026,102.6679,0.025173,cb
102580417.IB,4/17/2026,102.6559,0.025201,cb
102580417.IB,4/20/2026,102.6687,0.02515,cb
102580417.IB,4/21/2026,102.6929,0.025077,cb
102580417.IB,4/22/2026,102.7364,0.024951,cb
102580417.IB,4/23/2026,102.6883,0.025079,cb
102580417.IB,4/24/2026,102.7212,0.024983,cb
102580417.IB,4/27/2026,102.7303,0.024941,cb
102580417.IB,4/28/2026,102.7514,0.024877,cb
102580417.IB,4/29/2026,102.7887,0.024767,cb
102580417.IB,4/30/2026,102.95,0.024313,cb
102580417.IB,5/6/2026,102.8976,0.024423,cb
102580417.IB,5/7/2026,102.8568,0.024532,cb
102580417.IB,5/8/2026,102.838,0.024579,cb
102580417.IB,5/11/2026,102.7901,0.024696,cb
102580417.IB,5/12/2026,102.8357,0.024562,cb
102580417.IB,5/13/2026,102.7907,0.024683,cb
102580417.IB,5/14/2026,102.8025,0.024644,cb
102580417.IB,5/15/2026,102.8268,0.02457,cb
102580417.IB,5/18/2026,102.8865,0.024384,cb
102580417.IB,5/19/2026,102.8947,0.024355,cb
102580417.IB,5/20/2026,102.9344,0.024237,cb
102580417.IB,5/21/2026,102.9767,0.024112,cb
102580417.IB,5/22/2026,102.9798,0.024097,cb
102580417.IB,5/25/2026,103.0183,0.02397,cb
102580417.IB,5/26/2026,103.052,0.023868,cb
102580417.IB,5/27/2026,103.0657,0.023823,cb
102580417.IB,5/28/2026,103.068,0.02381,cb
102580417.IB,5/29/2026,103.12,0.023657,cb
102580417.IB,6/1/2026,103.1308,0.023607,cb
102580417.IB,6/2/2026,103.1801,0.02346,cb
102580417.IB,6/3/2026,103.2146,0.023356,cb
102580417.IB,6/4/2026,103.2668,0.023201,cb
102580417.IB,6/5/2026,103.4732,0.022609,cb
102580417.IB,6/8/2026,103.4349,0.022696,cb
102580417.IB,6/9/2026,103.3863,0.022827,cb
102580417.IB,6/10/2026,103.3367,0.022961,cb
102580417.IB,6/11/2026,103.234,0.023247,cb
102580417.IB,6/12/2026,103.2105,0.023307,cb
102580417.IB,6/15/2026,103.2136,0.023278,cb
102580417.IB,6/16/2026,103.2137,0.023271,cb
102580417.IB,6/17/2026,103.2404,0.023188,cb
102580417.IB,6/18/2026,103.264,0.023113,cb
102580417.IB,6/22/2026,103.2716,0.023064,cb
102580417.IB,6/23/2026,103.2321,0.02317,cb
102580417.IB,6/24/2026,103.2427,0.023133,cb
102580417.IB,6/25/2026,103.2657,0.02306,cb
102580417.IB,6/26/2026,103.3046,0.022941,cb
102580417.IB,6/29/2026,103.3069,0.022913,cb
102580417.IB,6/30/2026,103.302,0.02292,cb
102580417.IB,7/1/2026,103.2171,0.023158,cb
102580417.IB,7/2/2026,103.2362,0.023096,cb
102580417.IB,7/3/2026,103.2407,0.023076,cb
102580417.IB,7/6/2026,103.2416,0.023052,cb
102580417.IB,7/7/2026,103.2675,0.02297,cb
102580417.IB,7/8/2026,103.2777,0.022934,cb
102580417.IB,7/9/2026,103.2786,0.022924,cb
102580417.IB,7/10/2026,103.1195,0.02338,cb
102580417.IB,7/13/2026,102.9402,0.023884,cb
102580417.IB,7/14/2026,102.9587,0.023823,cb
102580417.IB,7/15/2026,102.9687,0.023787,cb
102580417.IB,7/16/2026,102.9907,0.023717,cb
102580417.IB,7/17/2026,102.9906,0.02371,cb
102580417.IB,7/20/2026,102.9846,0.023708,cb
102580417.IB,7/21/2026,102.9958,0.023669,cb
102580417.IB,7/22/2026,103.0065,0.02363,cb
102580417.IB,7/23/2026,103.0135,0.023603,cb
102580417.IB,7/24/2026,103.0088,0.02361,cb
102580417.IB,7/27/2026,103.0378,0.023505,cb
102580417.IB,7/28/2026,103.0443,0.023478,cb
102580417.IB,7/29/2026,103.0293,0.023516,cb
102580417.IB,7/30/2026,103.0021,0.02359,cb
102580417.IB,7/31/2026,103.0067,0.023569,cb
102580417.IB,8/3/2026,102.999,0.023572,cb
102580417.IB,8/4/2026,102.9799,0.023622,cb
102580417.IB,8/5/2026,102.9873,0.023593,cb
102580417.IB,8/6/2026,103.0107,0.023517,cb
102580417.IB,8/7/2026,103.0155,0.023496,cb
102580417.IB,8/10/2026,103.0344,0.023419,cb
102580417.IB,8/11/2026,103.0298,0.023425,cb
102580417.IB,8/12/2026,103.0312,0.023414,cb
102580417.IB,8/13/2026,103.0435,0.023371,cb
102580417.IB,8/14/2026,103.0398,0.023375,cb
102580417.IB,8/17/2026,103.0697,0.023264,cb
102580417.IB,8/18/2026,103.0956,0.023179,cb
102580417.IB,8/19/2026,103.093,0.02318,cb
102580417.IB,8/20/2026,103.1174,0.0231,cb
102580417.IB,8/21/2026,103.0895,0.023176,cb
102580457.IB,8/22/2025,100.6179,0.029661,cb
102580457.IB,8/25/2025,100.6108,0.029676,cb
102580457.IB,8/26/2025,100.557,0.029806,cb
102580457.IB,8/27/2025,100.5112,0.029918,cb
102580457.IB,8/28/2025,100.4882,0.029973,cb
102580457.IB,8/29/2025,100.4714,0.030014,cb
102580457.IB,9/1/2025,100.4725,0.030009,cb
102580457.IB,9/2/2025,100.3951,0.030199,cb
102580457.IB,9/3/2025,100.4373,0.030094,cb
102580457.IB,9/4/2025,100.5487,0.02982,cb
102580457.IB,9/5/2025,100.598,0.029698,cb
102580457.IB,9/8/2025,100.5265,0.029872,cb
102580457.IB,9/9/2025,100.4284,0.030113,cb
102580457.IB,9/10/2025,100.5495,0.029814,cb
102580457.IB,9/11/2025,100.5379,0.029842,cb
102580457.IB,9/12/2025,100.4976,0.02994,cb
102580457.IB,9/15/2025,100.5162,0.029892,cb
102580457.IB,9/16/2025,100.5122,0.029902,cb
102580457.IB,9/17/2025,100.5608,0.029781,cb
102580457.IB,9/18/2025,100.5661,0.029767,cb
102580457.IB,9/19/2025,100.5769,0.029739,cb
102580457.IB,9/22/2025,100.5645,0.029768,cb
102580457.IB,9/23/2025,100.5005,0.029926,cb
102580457.IB,9/24/2025,100.3905,0.030199,cb
102580457.IB,9/25/2025,100.2515,0.030545,cb
102580457.IB,9/26/2025,100.2543,0.030538,cb
102580457.IB,9/29/2025,100.22,0.030623,cb
102580457.IB,9/30/2025,100.1149,0.030886,cb
102580457.IB,10/9/2025,100.2006,0.030669,cb
102580457.IB,10/10/2025,100.1652,0.030758,cb
102580457.IB,10/13/2025,100.2677,0.030499,cb
102580457.IB,10/14/2025,100.4707,0.029988,cb
102580457.IB,10/15/2025,100.4734,0.02998,cb
102580457.IB,10/16/2025,100.5125,0.029881,cb
102580457.IB,10/17/2025,100.5885,0.029689,cb
102580457.IB,10/20/2025,100.6573,0.029513,cb
102580457.IB,10/21/2025,100.7029,0.029397,cb
102580457.IB,10/22/2025,100.7798,0.029203,cb
102580457.IB,10/23/2025,100.8194,0.029102,cb
102580457.IB,10/24/2025,100.893,0.028915,cb
102580457.IB,10/27/2025,101.1033,0.028382,cb
102580457.IB,10/28/2025,101.1912,0.028159,cb
102580457.IB,10/29/2025,101.2757,0.027945,cb
102580457.IB,10/30/2025,101.3041,0.027872,cb
102580457.IB,10/31/2025,101.3668,0.027712,cb
102580457.IB,11/3/2025,101.6701,0.026944,cb
102580457.IB,11/4/2025,101.7012,0.026863,cb
102580457.IB,11/5/2025,101.7205,0.026812,cb
102580457.IB,11/6/2025,101.7464,0.026745,cb
102580457.IB,11/7/2025,101.7035,0.02685,cb
102580457.IB,11/10/2025,101.7278,0.026781,cb
102580457.IB,11/11/2025,101.9372,0.026252,cb
102580457.IB,11/12/2025,101.9894,0.026118,cb
102580457.IB,11/13/2025,102.0115,0.02606,cb
102580457.IB,11/14/2025,101.9508,0.026209,cb
102580457.IB,11/17/2025,101.9832,0.026119,cb
102580457.IB,11/18/2025,102.045,0.02596,cb
102580457.IB,11/19/2025,102.0492,0.025947,cb
102580457.IB,11/20/2025,102.0188,0.02602,cb
102580457.IB,11/21/2025,101.9756,0.026126,cb
102580457.IB,11/24/2025,101.9917,0.026077,cb
102580457.IB,11/25/2025,102.1407,0.025697,cb
102580457.IB,11/26/2025,102.1062,0.025781,cb
102580457.IB,11/27/2025,101.9857,0.026083,cb
102580457.IB,11/28/2025,101.9894,0.026071,cb
102580457.IB,12/1/2025,101.972,0.026106,cb
102580457.IB,12/2/2025,101.9468,0.026167,cb
102580457.IB,12/3/2025,101.8655,0.026372,cb
102580457.IB,12/4/2025,101.7354,0.026701,cb
102580457.IB,12/5/2025,101.7347,0.0267,cb
102580457.IB,12/8/2025,101.6861,0.026817,cb
102580457.IB,12/9/2025,101.6713,0.026852,cb
102580457.IB,12/10/2025,101.6348,0.026944,cb
102580457.IB,12/11/2025,101.6761,0.026835,cb
102580457.IB,12/12/2025,101.6641,0.026864,cb
102580457.IB,12/15/2025,101.6666,0.02685,cb
102580457.IB,12/16/2025,101.4409,0.02743,cb
102580457.IB,12/17/2025,101.4485,0.027408,cb
102580457.IB,12/18/2025,101.4569,0.027384,cb
102580457.IB,12/19/2025,101.5038,0.02726,cb
102580457.IB,12/22/2025,101.5188,0.027215,cb
102580457.IB,12/23/2025,101.5363,0.027167,cb
102580457.IB,12/24/2025,101.5381,0.02716,cb
102580457.IB,12/25/2025,101.503,0.027249,cb
102580457.IB,12/26/2025,101.4615,0.027355,cb
102580457.IB,12/29/2025,101.4779,0.027306,cb
102580457.IB,12/30/2025,101.4503,0.027375,cb
102580457.IB,12/31/2025,101.4119,0.027473,cb
102580457.IB,1/5/2026,101.4104,0.027467,cb
102580457.IB,1/6/2026,101.3989,0.027495,cb
102580457.IB,1/7/2026,101.4135,0.027454,cb
102580457.IB,1/8/2026,101.4016,0.027484,cb
102580457.IB,1/9/2026,101.37,0.027565,cb
102580457.IB,1/12/2026,101.3585,0.027589,cb
102580457.IB,1/13/2026,101.3658,0.027568,cb
102580457.IB,1/14/2026,101.3714,0.027551,cb
102580457.IB,1/15/2026,101.3823,0.02752,cb
102580457.IB,1/16/2026,101.3731,0.027542,cb
102580457.IB,1/19/2026,101.4319,0.02738,cb
102580457.IB,1/20/2026,101.5004,0.027197,cb
102580457.IB,1/21/2026,101.5951,0.026945,cb
102580457.IB,1/22/2026,101.6073,0.02691,cb
102580457.IB,1/23/2026,101.6689,0.026745,cb
102580457.IB,1/26/2026,101.7652,0.026481,cb
102580457.IB,1/27/2026,101.806,0.02637,cb
102580457.IB,1/28/2026,101.863,0.026216,cb
102580457.IB,1/29/2026,101.8591,0.026222,cb
102580457.IB,1/30/2026,101.891,0.026135,cb
102580457.IB,2/2/2026,101.9034,0.026091,cb
102580457.IB,2/3/2026,101.9143,0.026059,cb
102580457.IB,2/4/2026,101.9584,0.025938,cb
102580457.IB,2/5/2026,101.9766,0.025886,cb
102580457.IB,2/6/2026,101.9851,0.02586,cb
102580457.IB,2/9/2026,102.0507,0.025674,cb
102580457.IB,2/10/2026,102.0985,0.025543,cb
102580457.IB,2/11/2026,102.1383,0.025434,cb
102580457.IB,2/12/2026,102.178,0.025324,cb
102580457.IB,2/13/2026,102.2164,0.025218,cb
102580457.IB,2/24/2026,102.2636,0.025046,cb
102580457.IB,2/25/2026,102.3173,0.024898,cb
102580457.IB,2/26/2026,102.2496,0.025075,cb
102580457.IB,2/27/2026,102.2922,0.024956,cb
102580457.IB,3/2/2026,102.3153,0.024881,cb
102580457.IB,3/3/2026,102.345,0.024797,cb
102580457.IB,3/4/2026,102.343,0.024798,cb
102580457.IB,3/5/2026,102.3359,0.024812,cb
102580457.IB,3/6/2026,102.362,0.024738,cb
102580457.IB,3/9/2026,102.2979,0.024897,cb
102580457.IB,3/10/2026,102.2948,0.024901,cb
102580457.IB,3/11/2026,102.2982,0.024887,cb
102580457.IB,3/12/2026,102.2621,0.024981,cb
102580457.IB,3/13/2026,102.2696,0.024956,cb
102580457.IB,3/16/2026,102.2369,0.025031,cb
102580457.IB,3/17/2026,102.2803,0.02491,cb
102580457.IB,3/18/2026,102.3157,0.024809,cb
102580457.IB,3/19/2026,102.3665,0.024667,cb
102580457.IB,3/20/2026,102.3987,0.024575,cb
102580457.IB,3/23/2026,102.4264,0.024486,cb
102580457.IB,3/24/2026,102.4751,0.024349,cb
102580457.IB,3/25/2026,102.4948,0.02429,cb
102580457.IB,3/26/2026,102.5348,0.024177,cb
102580457.IB,3/27/2026,102.5719,0.024071,cb
102580457.IB,3/30/2026,102.5898,0.024007,cb
102580457.IB,3/31/2026,102.5911,0.023999,cb
102580457.IB,4/1/2026,102.5878,0.024003,cb
102580457.IB,4/2/2026,102.5944,0.02398,cb
102580457.IB,4/3/2026,102.6292,0.02388,cb
102580457.IB,4/7/2026,102.6666,0.023757,cb
102580457.IB,4/8/2026,102.7442,0.023539,cb
102580457.IB,4/9/2026,102.7748,0.02345,cb
102580457.IB,4/10/2026,102.8405,0.023265,cb
102580457.IB,4/13/2026,102.8291,0.023279,cb
102580457.IB,4/14/2026,102.8306,0.02327,cb
102580457.IB,4/15/2026,102.8463,0.023221,cb
102580457.IB,4/16/2026,102.8595,0.023179,cb
102580457.IB,4/17/2026,102.8473,0.023207,cb
102580457.IB,4/20/2026,102.8599,0.023156,cb
102580457.IB,4/21/2026,102.8841,0.023083,cb
102580457.IB,4/22/2026,102.9279,0.022957,cb
102580457.IB,4/23/2026,102.8795,0.023085,cb
102580457.IB,4/24/2026,102.9125,0.022988,cb
102580457.IB,4/27/2026,102.9213,0.022946,cb
102580457.IB,4/28/2026,102.9425,0.022881,cb
102580457.IB,4/29/2026,102.9801,0.022772,cb
102580457.IB,4/30/2026,102.9613,0.022818,cb
102580457.IB,5/6/2026,102.9088,0.022928,cb
102580457.IB,5/7/2026,102.8677,0.023037,cb
102580457.IB,5/8/2026,102.8488,0.023084,cb
102580457.IB,5/11/2026,102.8008,0.0232,cb
102580457.IB,5/12/2026,102.8466,0.023067,cb
102580457.IB,5/13/2026,102.8011,0.023188,cb
102580457.IB,5/14/2026,102.8128,0.02315,cb
102580457.IB,5/15/2026,102.8372,0.023076,cb
102580457.IB,5/18/2026,102.8972,0.02289,cb
102580457.IB,5/19/2026,102.9053,0.022862,cb
102580457.IB,5/20/2026,102.9451,0.022744,cb
102580457.IB,5/21/2026,102.9875,0.022619,cb
102580457.IB,5/22/2026,102.9906,0.022604,cb
102580457.IB,5/25/2026,103.0292,0.022477,cb
102580457.IB,5/26/2026,103.0632,0.022375,cb
102580457.IB,5/27/2026,103.0769,0.02233,cb
102580457.IB,5/28/2026,103.0793,0.022317,cb
102580457.IB,5/29/2026,103.1315,0.022163,cb
102580457.IB,6/1/2026,103.1424,0.022113,cb
102580457.IB,6/2/2026,103.1919,0.021967,cb
102580457.IB,6/3/2026,103.2265,0.021862,cb
102580457.IB,6/4/2026,103.2789,0.021708,cb
102580457.IB,6/5/2026,103.3092,0.021615,cb
102580457.IB,6/8/2026,103.271,0.021703,cb
102580457.IB,6/9/2026,103.2226,0.021833,cb
102580457.IB,6/10/2026,103.1732,0.021967,cb
102580457.IB,6/11/2026,103.0707,0.022252,cb
102580457.IB,6/12/2026,103.0472,0.022312,cb
102580457.IB,6/15/2026,103.0506,0.022283,cb
102580457.IB,6/16/2026,103.0508,0.022276,cb
102580457.IB,6/17/2026,103.0776,0.022193,cb
102580457.IB,6/18/2026,103.1016,0.022118,cb
102580457.IB,6/22/2026,103.1097,0.022069,cb
102580457.IB,6/23/2026,103.0704,0.022175,cb
102580457.IB,6/24/2026,103.0812,0.022137,cb
102580457.IB,6/25/2026,103.1045,0.022064,cb
102580457.IB,6/26/2026,103.1436,0.021945,cb
102580457.IB,6/29/2026,103.1462,0.021917,cb
102580457.IB,6/30/2026,103.1414,0.021924,cb
102580457.IB,7/1/2026,103.0566,0.022162,cb
102580457.IB,7/2/2026,103.0759,0.0221,cb
102580457.IB,7/3/2026,103.0807,0.022079,cb
102580457.IB,7/6/2026,103.0821,0.022055,cb
102580457.IB,7/7/2026,103.1082,0.021973,cb
102580457.IB,7/8/2026,103.1184,0.021937,cb
102580457.IB,7/9/2026,103.1192,0.021927,cb
102580457.IB,7/10/2026,103.1316,0.021885,cb
102580457.IB,7/13/2026,103.1232,0.021889,cb
102580457.IB,7/14/2026,103.1416,0.021828,cb
102580457.IB,7/15/2026,103.1516,0.021792,cb
102580457.IB,7/16/2026,103.1733,0.021722,cb
102580457.IB,7/17/2026,103.1731,0.021716,cb
102580457.IB,7/20/2026,103.1666,0.021714,cb
102580457.IB,7/21/2026,103.1776,0.021675,cb
102580457.IB,7/22/2026,103.1881,0.021637,cb
102580457.IB,7/23/2026,103.1949,0.02161,cb
102580457.IB,7/24/2026,103.1902,0.021616,cb
102580457.IB,7/27/2026,103.2189,0.021511,cb
102580457.IB,7/28/2026,103.2254,0.021485,cb
102580457.IB,7/29/2026,103.2103,0.021522,cb
102580457.IB,7/30/2026,103.1828,0.021596,cb
102580457.IB,7/31/2026,103.1874,0.021575,cb
102580457.IB,8/3/2026,103.1793,0.021578,cb
102580457.IB,8/4/2026,103.16,0.021627,cb
102580457.IB,8/5/2026,103.1674,0.021598,cb
102580457.IB,8/6/2026,103.1908,0.021522,cb
102580457.IB,8/7/2026,103.1956,0.021501,cb
102580457.IB,8/10/2026,103.2144,0.021423,cb
102580457.IB,8/11/2026,103.2097,0.02143,cb
102580457.IB,8/12/2026,103.2111,0.021418,cb
102580457.IB,8/13/2026,103.2234,0.021374,cb
102580457.IB,8/14/2026,103.2195,0.021379,cb
102580457.IB,8/17/2026,103.2492,0.021268,cb
102580457.IB,8/18/2026,103.2753,0.021183,cb
102580457.IB,8/19/2026,103.2725,0.021184,cb
102580457.IB,8/20/2026,103.2968,0.021103,cb
102580457.IB,8/21/2026,103.2688,0.02118,cb
102580632.IB,8/22/2025,100.3248,0.028196,cb
102580632.IB,8/25/2025,100.3067,0.028239,cb
102580632.IB,8/26/2025,100.2584,0.028354,cb
102580632.IB,8/27/2025,100.2155,0.028457,cb
102580632.IB,8/28/2025,100.1931,0.02851,cb
102580632.IB,8/29/2025,100.1739,0.028556,cb
102580632.IB,9/1/2025,100.1749,0.028553,cb
102580632.IB,9/2/2025,100.0957,0.028744,cb
102580632.IB,9/3/2025,100.1338,0.028652,cb
102580632.IB,9/4/2025,100.2459,0.028381,cb
102580632.IB,9/5/2025,100.2915,0.02827,cb
102580632.IB,9/8/2025,100.2268,0.028426,cb
102580632.IB,9/9/2025,100.1273,0.028666,cb
102580632.IB,9/10/2025,100.2385,0.028397,cb
102580632.IB,9/11/2025,100.2389,0.028395,cb
102580632.IB,9/12/2025,100.205,0.028477,cb
102580632.IB,9/15/2025,100.222,0.028435,cb
102580632.IB,9/16/2025,100.2175,0.028446,cb
102580632.IB,9/17/2025,100.2678,0.028323,cb
102580632.IB,9/18/2025,100.2725,0.028312,cb
102580632.IB,9/19/2025,100.2788,0.028296,cb
102580632.IB,9/22/2025,100.2673,0.028323,cb
102580632.IB,9/23/2025,100.201,0.028484,cb
102580632.IB,9/24/2025,100.0917,0.028751,cb
102580632.IB,9/25/2025,99.9505,0.029097,cb
102580632.IB,9/26/2025,99.9502,0.029098,cb
102580632.IB,9/29/2025,99.9137,0.029188,cb
102580632.IB,9/30/2025,99.8101,0.029443,cb
102580632.IB,10/9/2025,99.8897,0.029249,cb
102580632.IB,10/10/2025,99.8571,0.02933,cb
102580632.IB,10/13/2025,99.9598,0.029076,cb
102580632.IB,10/14/2025,99.9674,0.029057,cb
102580632.IB,10/15/2025,99.9725,0.029045,cb
102580632.IB,10/16/2025,100.0124,0.028946,cb
102580632.IB,10/17/2025,100.0892,0.028756,cb
102580632.IB,10/20/2025,100.1605,0.028578,cb
102580632.IB,10/21/2025,100.2057,0.028466,cb
102580632.IB,10/22/2025,100.2783,0.028286,cb
102580632.IB,10/23/2025,100.3146,0.028195,cb
102580632.IB,10/24/2025,100.3906,0.028006,cb
102580632.IB,10/27/2025,100.401,0.027979,cb
102580632.IB,10/28/2025,100.4899,0.027758,cb
102580632.IB,10/29/2025,100.571,0.027556,cb
102580632.IB,10/30/2025,100.6043,0.027472,cb
102580632.IB,10/31/2025,100.6693,0.02731,cb
102580632.IB,11/3/2025,100.7747,0.027046,cb
102580632.IB,11/4/2025,100.8097,0.026958,cb
102580632.IB,11/5/2025,100.828,0.026911,cb
102580632.IB,11/6/2025,101.0585,0.026338,cb
102580632.IB,11/7/2025,101.0195,0.026433,cb
102580632.IB,11/10/2025,101.0415,0.026374,cb
102580632.IB,11/11/2025,101.053,0.026344,cb
102580632.IB,11/12/2025,101.1068,0.026209,cb
102580632.IB,11/13/2025,101.1281,0.026154,cb
102580632.IB,11/14/2025,101.0698,0.026297,cb
102580632.IB,11/17/2025,101.1034,0.026209,cb
102580632.IB,11/18/2025,101.1643,0.026056,cb
102580632.IB,11/19/2025,101.1671,0.026047,cb
102580632.IB,11/20/2025,101.135,0.026126,cb
102580632.IB,11/21/2025,101.0955,0.026223,cb
102580632.IB,11/24/2025,101.114,0.026172,cb
102580632.IB,11/25/2025,101.0639,0.026296,cb
102580632.IB,11/26/2025,101.0304,0.026378,cb
102580632.IB,11/27/2025,100.9112,0.026676,cb
102580632.IB,11/28/2025,100.9148,0.026666,cb
102580632.IB,12/1/2025,100.8964,0.026709,cb
102580632.IB,12/2/2025,100.8718,0.02677,cb
102580632.IB,12/3/2025,100.7928,0.026968,cb
102580632.IB,12/4/2025,100.6609,0.027301,cb
102580632.IB,12/5/2025,100.6626,0.027296,cb
102580632.IB,12/8/2025,100.6141,0.027416,cb
102580632.IB,12/9/2025,100.5965,0.02746,cb
102580632.IB,12/10/2025,100.5589,0.027555,cb
102580632.IB,12/11/2025,100.6015,0.027446,cb
102580632.IB,12/12/2025,100.5907,0.027472,cb
102580632.IB,12/15/2025,100.593,0.027464,cb
102580632.IB,12/16/2025,100.5592,0.02755,cb
102580632.IB,12/17/2025,100.566,0.027532,cb
102580632.IB,12/18/2025,100.5766,0.027504,cb
102580632.IB,12/19/2025,100.6279,0.027372,cb
102580632.IB,12/22/2025,100.6449,0.027326,cb
102580632.IB,12/23/2025,100.6574,0.027293,cb
102580632.IB,12/24/2025,100.6593,0.027287,cb
102580632.IB,12/25/2025,100.622,0.027382,cb
102580632.IB,12/26/2025,100.5816,0.027485,cb
102580632.IB,12/29/2025,100.5982,0.02744,cb
102580632.IB,12/30/2025,100.5696,0.027513,cb
102580632.IB,12/31/2025,100.5298,0.027615,cb
102580632.IB,1/5/2026,100.5394,0.027587,cb
102580632.IB,1/6/2026,100.5338,0.027601,cb
102580632.IB,1/7/2026,100.5329,0.027603,cb
102580632.IB,1/8/2026,100.5218,0.027631,cb
102580632.IB,1/9/2026,100.4953,0.027699,cb
102580632.IB,1/12/2026,100.4851,0.027723,cb
102580632.IB,1/13/2026,100.4847,0.027724,cb
102580632.IB,1/14/2026,100.4844,0.027724,cb
102580632.IB,1/15/2026,100.4996,0.027684,cb
102580632.IB,1/16/2026,100.4797,0.027735,cb
102580632.IB,1/19/2026,100.5386,0.02758,cb
102580632.IB,1/20/2026,100.6091,0.027395,cb
102580632.IB,1/21/2026,100.7073,0.027137,cb
102580632.IB,1/22/2026,100.7185,0.027107,cb
102580632.IB,1/23/2026,100.7823,0.02694,cb
102580632.IB,1/26/2026,100.8837,0.026672,cb
102580632.IB,1/27/2026,100.9274,0.026556,cb
102580632.IB,1/28/2026,100.9868,0.026399,cb
102580632.IB,1/29/2026,100.9841,0.026405,cb
102580632.IB,1/30/2026,101.0188,0.026313,cb
102580632.IB,2/2/2026,101.0331,0.026271,cb
102580632.IB,2/3/2026,101.0451,0.026238,cb
102580632.IB,2/4/2026,101.0938,0.026109,cb
102580632.IB,2/5/2026,101.114,0.026054,cb
102580632.IB,2/6/2026,101.1223,0.026031,cb
102580632.IB,2/9/2026,101.1928,0.025841,cb
102580632.IB,2/10/2026,101.2426,0.025708,cb
102580632.IB,2/11/2026,101.2867,0.025591,cb
102580632.IB,2/12/2026,101.5224,0.02497,cb
102580632.IB,2/13/2026,101.5609,0.024867,cb
102580632.IB,2/24/2026,101.619,0.024684,cb
102580632.IB,2/25/2026,101.6802,0.02452,cb
102580632.IB,2/26/2026,101.6064,0.024712,cb
102580632.IB,2/27/2026,101.6556,0.024578,cb
102580632.IB,3/2/2026,101.6803,0.024504,cb
102580632.IB,3/3/2026,101.7154,0.024408,cb
102580632.IB,3/4/2026,101.7121,0.024413,cb
102580632.IB,3/5/2026,101.7045,0.02443,cb
102580632.IB,3/6/2026,101.7311,0.024356,cb
102580632.IB,3/9/2026,101.6617,0.024531,cb
102580632.IB,3/10/2026,101.6605,0.024531,cb
102580632.IB,3/11/2026,101.6623,0.024523,cb
102580632.IB,3/12/2026,101.6206,0.024631,cb
102580632.IB,3/13/2026,101.6204,0.024628,cb
102580632.IB,3/16/2026,101.5851,0.024714,cb
102580632.IB,3/17/2026,101.6323,0.024584,cb
102580632.IB,3/18/2026,101.6631,0.024499,cb
102580632.IB,3/19/2026,101.7146,0.024358,cb
102580632.IB,3/20/2026,101.7505,0.024259,cb
102580632.IB,3/23/2026,101.7859,0.024154,cb
102580632.IB,3/24/2026,101.8362,0.024016,cb
102580632.IB,3/25/2026,101.8556,0.02396,cb
102580632.IB,3/26/2026,101.8942,0.023853,cb
102580632.IB,3/27/2026,102.1163,0.023255,cb
102580632.IB,3/30/2026,102.1398,0.02318,cb
102580632.IB,3/31/2026,102.143,0.023167,cb
102580632.IB,4/1/2026,102.1342,0.023187,cb
102580632.IB,4/2/2026,102.135,0.023181,cb
102580632.IB,4/3/2026,102.1707,0.023081,cb
102580632.IB,4/7/2026,102.2115,0.022954,cb
102580632.IB,4/8/2026,102.2948,0.022726,cb
102580632.IB,4/9/2026,102.5131,0.022135,cb
102580632.IB,4/10/2026,102.5857,0.021936,cb
102580632.IB,4/13/2026,102.5733,0.021954,cb
102580632.IB,4/14/2026,102.686,0.021646,cb
102580632.IB,4/15/2026,102.7066,0.021586,cb
102580632.IB,4/16/2026,102.7222,0.021539,cb
102580632.IB,4/17/2026,102.7106,0.021565,cb
102580632.IB,4/20/2026,102.7243,0.021513,cb
102580632.IB,4/21/2026,102.7484,0.021442,cb
102580632.IB,4/22/2026,102.7995,0.021299,cb
102580632.IB,4/23/2026,102.7515,0.021423,cb
102580632.IB,4/24/2026,102.7868,0.021323,cb
102580632.IB,4/27/2026,102.7963,0.021281,cb
102580632.IB,4/28/2026,102.8198,0.021212,cb
102580632.IB,4/29/2026,102.862,0.021093,cb
102580632.IB,4/30/2026,102.8379,0.021152,cb
102580632.IB,5/6/2026,102.7868,0.021259,cb
102580632.IB,5/7/2026,102.742,0.021375,cb
102580632.IB,5/8/2026,102.7233,0.021421,cb
102580632.IB,5/11/2026,102.6769,0.021532,cb
102580632.IB,5/12/2026,102.7255,0.021394,cb
102580632.IB,5/13/2026,102.669,0.021543,cb
102580632.IB,5/14/2026,102.6777,0.021514,cb
102580632.IB,5/15/2026,102.7026,0.02144,cb
102580632.IB,5/18/2026,102.7654,0.021252,cb
102580632.IB,5/19/2026,102.769,0.021237,cb
102580632.IB,5/20/2026,102.8092,0.021121,cb
102580632.IB,5/21/2026,102.8514,0.020999,cb
102580632.IB,5/22/2026,102.8551,0.020983,cb
102580632.IB,5/25/2026,102.8935,0.02086,cb
102580632.IB,5/26/2026,102.9303,0.020753,cb
102580632.IB,5/27/2026,102.9436,0.020711,cb
102580632.IB,5/28/2026,102.9495,0.020689,cb
102580632.IB,5/29/2026,103.0026,0.020537,cb
102580632.IB,6/1/2026,103.0166,0.02048,cb
102580632.IB,6/2/2026,103.0664,0.020336,cb
102580632.IB,6/3/2026,103.1026,0.02023,cb
102580632.IB,6/4/2026,103.1558,0.020077,cb
102580632.IB,6/5/2026,103.1903,0.019975,cb
102580632.IB,6/8/2026,103.1476,0.020074,cb
102580632.IB,6/9/2026,103.102,0.020194,cb
102580632.IB,6/10/2026,103.0578,0.020311,cb
102580632.IB,6/11/2026,102.96,0.020577,cb
102580632.IB,6/12/2026,102.9324,0.020648,cb
102580632.IB,6/15/2026,102.9355,0.020621,cb
102580632.IB,6/16/2026,102.9331,0.020622,cb
102580632.IB,6/17/2026,102.9607,0.020539,cb
102580632.IB,6/18/2026,102.9913,0.020447,cb
102580632.IB,6/22/2026,103.0002,0.020398,cb
102580632.IB,6/23/2026,102.9658,0.020488,cb
102580632.IB,6/24/2026,102.977,0.02045,cb
102580632.IB,6/25/2026,103.0052,0.020365,cb
102580632.IB,6/26/2026,103.0444,0.020249,cb
102580632.IB,6/29/2026,103.0462,0.020225,cb
102580632.IB,6/30/2026,103.0411,0.020233,cb
102580632.IB,7/1/2026,102.9576,0.020462,cb
102580632.IB,7/2/2026,102.9777,0.020399,cb
102580632.IB,7/3/2026,102.9883,0.020363,cb
102580632.IB,7/6/2026,102.9927,0.020332,cb
102580632.IB,7/7/2026,103.0206,0.020247,cb
102580632.IB,7/8/2026,103.0279,0.02022,cb
102580632.IB,7/9/2026,103.0226,0.020228,cb
102580632.IB,7/10/2026,103.0269,0.02021,cb
102580632.IB,7/13/2026,103.0197,0.020212,cb
102580632.IB,7/14/2026,103.0364,0.020157,cb
102580632.IB,7/15/2026,103.1872,0.019722,cb
102580632.IB,7/16/2026,103.203,0.01967,cb
102580632.IB,7/17/2026,103.2035,0.019662,cb
102580632.IB,7/20/2026,103.1943,0.019668,cb
102580632.IB,7/21/2026,103.2015,0.019641,cb
102580632.IB,7/22/2026,103.2084,0.019614,cb
102580632.IB,7/23/2026,103.2147,0.019589,cb
102580632.IB,7/24/2026,103.2134,0.019586,cb
102580632.IB,7/27/2026,103.2417,0.019485,cb
102580632.IB,7/28/2026,103.2492,0.019456,cb
102580632.IB,7/29/2026,103.2349,0.01949,cb
102580632.IB,7/30/2026,103.2085,0.019559,cb
102580632.IB,7/31/2026,103.2143,0.019536,cb
102580632.IB,8/3/2026,103.2085,0.019531,cb
102580632.IB,8/4/2026,103.1912,0.019574,cb
102580632.IB,8/5/2026,103.2,0.019542,cb
102580632.IB,8/6/2026,103.2239,0.019466,cb
102580632.IB,8/7/2026,103.2311,0.019438,cb
102580632.IB,8/10/2026,103.2542,0.01935,cb
102580632.IB,8/11/2026,103.2518,0.01935,cb
102580632.IB,8/12/2026,103.258,0.019325,cb
102580632.IB,8/13/2026,103.2722,0.019277,cb
102580632.IB,8/14/2026,103.268,0.019282,cb
102580632.IB,8/17/2026,103.2971,0.019176,cb
102580632.IB,8/18/2026,103.3277,0.019079,cb
102580632.IB,8/19/2026,103.325,0.01908,cb
102580632.IB,8/20/2026,103.3494,0.019001,cb
102580632.IB,8/21/2026,103.3241,0.019068,cb
102581034.IB,8/22/2025,103.2177,0.029219,cb
102581034.IB,8/25/2025,103.1847,0.029283,cb
102581034.IB,8/26/2025,103.1391,0.029386,cb
102581034.IB,8/27/2025,103.0965,0.029481,cb
102581034.IB,8/28/2025,103.0725,0.029533,cb
102581034.IB,8/29/2025,103.0493,0.029583,cb
102581034.IB,9/1/2025,103.0452,0.02958,cb
102581034.IB,9/2/2025,102.962,0.029772,cb
102581034.IB,9/3/2025,102.9951,0.02969,cb
102581034.IB,9/4/2025,103.1071,0.029423,cb
102581034.IB,9/5/2025,103.1483,0.029322,cb
102581034.IB,9/8/2025,103.0837,0.029461,cb
102581034.IB,9/9/2025,102.9805,0.0297,cb
102581034.IB,9/10/2025,103.0818,0.029457,cb
102581034.IB,9/11/2025,103.091,0.029431,cb
102581034.IB,9/12/2025,103.0602,0.0295,cb
102581034.IB,9/15/2025,103.0712,0.029461,cb
102581034.IB,9/16/2025,103.0645,0.029473,cb
102581034.IB,9/17/2025,103.115,0.02935,cb
102581034.IB,9/18/2025,103.1175,0.02934,cb
102581034.IB,9/19/2025,103.1178,0.029335,cb
102581034.IB,9/22/2025,103.1017,0.02936,cb
102581034.IB,9/23/2025,103.0306,0.029525,cb
102581034.IB,9/24/2025,102.9192,0.029785,cb
102581034.IB,9/25/2025,102.7726,0.030131,cb
102581034.IB,9/26/2025,102.7679,0.030138,cb
102581034.IB,9/29/2025,102.7238,0.030232,cb
102581034.IB,9/30/2025,102.6191,0.030479,cb
102581034.IB,10/9/2025,102.678,0.030305,cb
102581034.IB,10/10/2025,102.6461,0.030378,cb
102581034.IB,10/13/2025,102.7446,0.030129,cb
102581034.IB,10/14/2025,102.7534,0.030104,cb
102581034.IB,10/15/2025,102.7594,0.030086,cb
102581034.IB,10/16/2025,102.7985,0.029988,cb
102581034.IB,10/17/2025,102.8749,0.0298,cb
102581034.IB,10/20/2025,102.9434,0.029622,cb
102581034.IB,10/21/2025,102.9874,0.029512,cb
102581034.IB,10/22/2025,103.0549,0.029345,cb
102581034.IB,10/23/2025,103.0869,0.029263,cb
102581034.IB,10/24/2025,103.164,0.029073,cb
102581034.IB,10/27/2025,103.1681,0.02905,cb
102581034.IB,10/28/2025,103.2575,0.028829,cb
102581034.IB,10/29/2025,103.3348,0.028638,cb
102581034.IB,10/30/2025,103.372,0.028543,cb
102581034.IB,10/31/2025,103.4384,0.028378,cb
102581034.IB,11/3/2025,103.747,0.027619,cb
102581034.IB,11/4/2025,103.7845,0.027523,cb
102581034.IB,11/5/2025,103.7999,0.02748,cb
102581034.IB,11/6/2025,103.623,0.027902,cb
102581034.IB,11/7/2025,103.5859,0.027987,cb
102581034.IB,11/10/2025,103.6,0.027938,cb
102581034.IB,11/11/2025,103.6111,0.027906,cb
102581034.IB,11/12/2025,103.6649,0.02777,cb
102581034.IB,11/13/2025,103.6836,0.027719,cb
102581034.IB,11/14/2025,103.6257,0.027855,cb
102581034.IB,11/17/2025,103.6544,0.027769,cb
102581034.IB,11/18/2025,103.7128,0.027622,cb
102581034.IB,11/19/2025,103.7124,0.027618,cb
102581034.IB,11/20/2025,103.6764,0.0277,cb
102581034.IB,11/21/2025,103.6381,0.027788,cb
102581034.IB,11/24/2025,103.6519,0.027739,cb
102581034.IB,11/25/2025,103.5976,0.027867,cb
102581034.IB,11/26/2025,103.6029,0.027848,cb
102581034.IB,11/27/2025,103.4819,0.02814,cb
102581034.IB,11/28/2025,103.4835,0.028131,cb
102581034.IB,12/1/2025,103.4574,0.02818,cb
102581034.IB,12/2/2025,103.4311,0.028239,cb
102581034.IB,12/3/2025,103.3521,0.028429,cb
102581034.IB,12/4/2025,103.2145,0.028764,cb
102581034.IB,12/5/2025,103.216,0.028755,cb
102581034.IB,12/8/2025,103.1606,0.028879,cb
102581034.IB,12/9/2025,103.1386,0.028929,cb
102581034.IB,12/10/2025,103.098,0.029025,cb
102581034.IB,12/11/2025,103.1402,0.028915,cb
102581034.IB,12/12/2025,103.3295,0.028441,cb
102581034.IB,12/15/2025,103.4051,0.028239,cb
102581034.IB,12/16/2025,103.3673,0.028328,cb
102581034.IB,12/17/2025,103.3712,0.028313,cb
102581034.IB,12/18/2025,103.3806,0.028285,cb
102581034.IB,12/19/2025,103.4345,0.028146,cb
102581034.IB,12/22/2025,103.4463,0.028101,cb
102581034.IB,12/23/2025,103.4523,0.028082,cb
102581034.IB,12/24/2025,103.4523,0.028077,cb
102581034.IB,12/25/2025,103.4116,0.028173,cb
102581034.IB,12/26/2025,103.3704,0.028271,cb
102581034.IB,12/29/2025,103.3811,0.028229,cb
102581034.IB,12/30/2025,103.3499,0.028302,cb
102581034.IB,12/31/2025,103.3067,0.028406,cb
102581034.IB,1/5/2026,103.3131,0.028365,cb
102581034.IB,1/6/2026,103.3092,0.02837,cb
102581034.IB,1/7/2026,103.2961,0.028398,cb
102581034.IB,1/8/2026,103.2833,0.028425,cb
102581034.IB,1/9/2026,103.2575,0.028485,cb
102581034.IB,1/12/2026,103.2417,0.028511,cb
102581034.IB,1/13/2026,103.2341,0.028525,cb
102581034.IB,1/14/2026,103.2278,0.028536,cb
102581034.IB,1/15/2026,103.244,0.02849,cb
102581034.IB,1/16/2026,103.2146,0.02856,cb
102581034.IB,1/19/2026,103.2684,0.028409,cb
102581034.IB,1/20/2026,103.3392,0.028224,cb
102581034.IB,1/21/2026,103.4388,0.027966,cb
102581034.IB,1/22/2026,103.4477,0.027939,cb
102581034.IB,1/23/2026,103.5114,0.027772,cb
102581034.IB,1/26/2026,103.6113,0.027502,cb
102581034.IB,1/27/2026,103.8521,0.026885,cb
102581034.IB,1/28/2026,103.9114,0.02673,cb
102581034.IB,1/29/2026,103.9079,0.026732,cb
102581034.IB,1/30/2026,103.9437,0.026636,cb
102581034.IB,2/2/2026,103.9525,0.026595,cb
102581034.IB,2/3/2026,103.9639,0.02656,cb
102581034.IB,2/4/2026,104.0134,0.026428,cb
102581034.IB,2/5/2026,104.0326,0.026373,cb
102581034.IB,2/6/2026,104.0388,0.026351,cb
102581034.IB,2/9/2026,104.1059,0.026161,cb
102581034.IB,2/10/2026,104.1562,0.026027,cb
102581034.IB,2/11/2026,104.2021,0.025904,cb
102581034.IB,2/12/2026,104.2495,0.025777,cb
102581034.IB,2/13/2026,104.2865,0.025676,cb
102581034.IB,2/24/2026,104.3303,0.025489,cb
102581034.IB,2/25/2026,104.3959,0.025314,cb
102581034.IB,2/26/2026,104.3147,0.025516,cb
102581034.IB,2/27/2026,104.3676,0.025373,cb
102581034.IB,3/2/2026,104.3885,0.025298,cb
102581034.IB,3/3/2026,104.4262,0.025195,cb
102581034.IB,3/4/2026,104.4199,0.025204,cb
102581034.IB,3/5/2026,104.4099,0.025222,cb
102581034.IB,3/6/2026,104.4354,0.02515,cb
102581034.IB,3/9/2026,104.3554,0.025335,cb
102581034.IB,3/10/2026,104.3538,0.025332,cb
102581034.IB,3/11/2026,104.3525,0.025328,cb
102581034.IB,3/12/2026,104.3044,0.025446,cb
102581034.IB,3/13/2026,104.2967,0.025458,cb
102581034.IB,3/16/2026,104.2524,0.02555,cb
102581034.IB,3/17/2026,104.3013,0.025416,cb
102581034.IB,3/18/2026,104.3274,0.02534,cb
102581034.IB,3/19/2026,104.6482,0.0245,cb
102581034.IB,3/20/2026,104.6855,0.024396,cb
102581034.IB,3/23/2026,104.7204,0.02428,cb
102581034.IB,3/24/2026,104.7706,0.024141,cb
102581034.IB,3/25/2026,104.788,0.024088,cb
102581034.IB,3/26/2026,104.8244,0.023985,cb
102581034.IB,3/27/2026,104.857,0.023892,cb
102581034.IB,3/30/2026,104.8786,0.02381,cb
102581034.IB,3/31/2026,104.8811,0.023794,cb
102581034.IB,4/1/2026,104.866,0.023825,cb
102581034.IB,4/2/2026,104.8605,0.023831,cb
102581034.IB,4/3/2026,104.8954,0.023731,cb
102581034.IB,4/7/2026,104.9311,0.023603,cb
102581034.IB,4/8/2026,105.0179,0.023367,cb
102581034.IB,4/9/2026,105.0502,0.023274,cb
102581034.IB,4/10/2026,105.1271,0.023064,cb
102581034.IB,4/13/2026,105.1081,0.023086,cb
102581034.IB,4/14/2026,105.1072,0.023079,cb
102581034.IB,4/15/2026,105.1298,0.023011,cb
102581034.IB,4/16/2026,105.1458,0.02296,cb
102581034.IB,4/17/2026,105.1327,0.022985,cb
102581034.IB,4/20/2026,105.1422,0.022932,cb
102581034.IB,4/21/2026,105.1648,0.022863,cb
102581034.IB,4/22/2026,105.2203,0.022708,cb
102581034.IB,4/23/2026,105.1703,0.02283,cb
102581034.IB,4/24/2026,105.2062,0.022726,cb
102581034.IB,4/27/2026,105.2112,0.022684,cb
102581034.IB,4/28/2026,105.2349,0.022612,cb
102581034.IB,4/29/2026,105.2794,0.022485,cb
102581034.IB,4/30/2026,105.2494,0.022555,cb
102581034.IB,5/6/2026,105.1883,0.022659,cb
102581034.IB,5/7/2026,105.1386,0.022781,cb
102581034.IB,5/8/2026,105.1179,0.022826,cb
102581034.IB,5/11/2026,105.0671,0.022933,cb
102581034.IB,5/12/2026,105.1167,0.022791,cb
102581034.IB,5/13/2026,105.0492,0.022962,cb
102581034.IB,5/14/2026,105.0539,0.02294,cb
102581034.IB,5/15/2026,105.0778,0.022867,cb
102581034.IB,5/18/2026,105.1382,0.022676,cb
102581034.IB,5/19/2026,105.1367,0.022671,cb
102581034.IB,5/20/2026,105.1759,0.022556,cb
102581034.IB,5/21/2026,105.2167,0.022437,cb
102581034.IB,5/22/2026,105.2192,0.022421,cb
102581034.IB,5/25/2026,105.2526,0.022301,cb
102581034.IB,5/26/2026,105.2902,0.022191,cb
102581034.IB,5/27/2026,105.3017,0.02215,cb
102581034.IB,5/28/2026,105.3086,0.022121,cb
102581034.IB,5/29/2026,105.3611,0.02197,cb
102581034.IB,6/1/2026,105.3725,0.021909,cb
102581034.IB,6/2/2026,105.4214,0.021767,cb
102581034.IB,6/3/2026,105.4575,0.021659,cb
102581034.IB,6/4/2026,105.51,0.021508,cb
102581034.IB,6/5/2026,105.5467,0.021398,cb
102581034.IB,6/8/2026,105.4947,0.021507,cb
102581034.IB,6/9/2026,105.4491,0.021619,cb
102581034.IB,6/10/2026,105.4069,0.021723,cb
102581034.IB,6/11/2026,105.3105,0.021974,cb
102581034.IB,6/12/2026,105.2775,0.022053,cb
102581034.IB,6/15/2026,105.2753,0.022028,cb
102581034.IB,6/16/2026,105.2692,0.022035,cb
102581034.IB,6/17/2026,105.2959,0.021952,cb
102581034.IB,6/18/2026,105.3304,0.021848,cb
102581034.IB,6/22/2026,105.3332,0.021798,cb
102581034.IB,6/23/2026,105.3007,0.021877,cb
102581034.IB,6/24/2026,105.3107,0.021839,cb
102581034.IB,6/25/2026,105.3414,0.021744,cb
102581034.IB,6/26/2026,105.3794,0.02163,cb
102581034.IB,6/29/2026,105.3753,0.021609,cb
102581034.IB,6/30/2026,105.3683,0.021618,cb
102581034.IB,7/1/2026,105.2834,0.021841,cb
102581034.IB,7/2/2026,105.3027,0.021777,cb
102581034.IB,7/3/2026,105.3165,0.021729,cb
102581034.IB,7/6/2026,105.3183,0.021692,cb
102581034.IB,7/7/2026,105.3461,0.021604,cb
102581034.IB,7/8/2026,105.3494,0.021585,cb
102581034.IB,7/9/2026,105.3373,0.021607,cb
102581034.IB,7/10/2026,105.3331,0.021608,cb
102581034.IB,7/13/2026,105.3216,0.021608,cb
102581034.IB,7/14/2026,105.3353,0.021559,cb
102581034.IB,7/15/2026,105.344,0.021524,cb
102581034.IB,7/16/2026,105.3534,0.021488,cb
102581034.IB,7/17/2026,105.353,0.021478,cb
102581034.IB,7/20/2026,105.3368,0.02149,cb
102581034.IB,7/21/2026,105.3393,0.021473,cb
102581034.IB,7/22/2026,105.3417,0.021455,cb
102581034.IB,7/23/2026,105.346,0.021432,cb
102581034.IB,7/24/2026,105.3459,0.021421,cb
102581034.IB,7/27/2026,105.3693,0.021323,cb
102581034.IB,7/28/2026,105.376,0.021293,cb
102581034.IB,7/29/2026,105.3609,0.021325,cb
102581034.IB,7/30/2026,105.334,0.021389,cb
102581034.IB,7/31/2026,105.3393,0.021363,cb
102581034.IB,8/3/2026,105.3309,0.021354,cb
102581034.IB,8/4/2026,105.3137,0.021391,cb
102581034.IB,8/5/2026,105.3221,0.021356,cb
102581034.IB,8/6/2026,105.1676,0.021781,cb
102581034.IB,8/7/2026,105.1756,0.021747,cb
102581034.IB,8/10/2026,105.198,0.021652,cb
102581034.IB,8/11/2026,105.1963,0.021645,cb
102581034.IB,8/12/2026,105.2052,0.021609,cb
102581034.IB,8/13/2026,105.2196,0.021558,cb
102581034.IB,8/14/2026,105.2138,0.021563,cb
102581034.IB,8/17/2026,105.2381,0.021461,cb
102581034.IB,8/18/2026,105.2713,0.021356,cb
102581034.IB,8/19/2026,105.2673,0.021356,cb
102581034.IB,8/20/2026,105.2902,0.02128,cb
102581034.IB,8/21/2026,105.2659,0.021338,cb
102581038.IB,8/22/2025,102.6254,0.029719,cb
102581038.IB,8/25/2025,102.5935,0.029783,cb
102581038.IB,8/26/2025,102.5485,0.029886,cb
102581038.IB,8/27/2025,102.5065,0.029981,cb
102581038.IB,8/28/2025,102.4829,0.030033,cb
102581038.IB,8/29/2025,102.4602,0.030083,cb
102581038.IB,9/1/2025,102.4571,0.03008,cb
102581038.IB,9/2/2025,102.3746,0.030272,cb
102581038.IB,9/3/2025,102.4078,0.03019,cb
102581038.IB,9/4/2025,102.5196,0.029923,cb
102581038.IB,9/5/2025,102.5609,0.029822,cb
102581038.IB,9/8/2025,102.4976,0.029961,cb
102581038.IB,9/9/2025,102.3952,0.0302,cb
102581038.IB,9/10/2025,102.4964,0.029957,cb
102581038.IB,9/11/2025,102.5059,0.029931,cb
102581038.IB,9/12/2025,102.4756,0.03,cb
102581038.IB,9/15/2025,102.4875,0.029961,cb
102581038.IB,9/16/2025,102.4812,0.029973,cb
102581038.IB,9/17/2025,102.5317,0.02985,cb
102581038.IB,9/18/2025,102.5345,0.02984,cb
102581038.IB,9/19/2025,102.5352,0.029835,cb
102581038.IB,9/22/2025,102.5201,0.02986,cb
102581038.IB,9/23/2025,102.4497,0.030025,cb
102581038.IB,9/24/2025,102.3392,0.030285,cb
102581038.IB,9/25/2025,102.1936,0.030631,cb
102581038.IB,9/26/2025,102.1893,0.030638,cb
102581038.IB,9/29/2025,102.1463,0.030732,cb
102581038.IB,9/30/2025,102.0425,0.030979,cb
102581038.IB,10/9/2025,102.1041,0.030805,cb
102581038.IB,10/10/2025,102.0726,0.030878,cb
102581038.IB,10/13/2025,102.1716,0.030629,cb
102581038.IB,10/14/2025,102.3873,0.030104,cb
102581038.IB,10/15/2025,102.3935,0.030086,cb
102581038.IB,10/16/2025,102.4328,0.029988,cb
102581038.IB,10/17/2025,102.5092,0.0298,cb
102581038.IB,10/20/2025,102.5782,0.029622,cb
102581038.IB,10/21/2025,102.6222,0.029512,cb
102581038.IB,10/22/2025,102.6898,0.029345,cb
102581038.IB,10/23/2025,102.7219,0.029263,cb
102581038.IB,10/24/2025,102.799,0.029073,cb
102581038.IB,10/27/2025,103.0104,0.02855,cb
102581038.IB,10/28/2025,103.1,0.028329,cb
102581038.IB,10/29/2025,103.1774,0.028138,cb
102581038.IB,10/30/2025,103.2146,0.028043,cb
102581038.IB,10/31/2025,103.2812,0.027878,cb
102581038.IB,11/3/2025,103.5901,0.027119,cb
102581038.IB,11/4/2025,103.6277,0.027023,cb
102581038.IB,11/5/2025,103.6432,0.02698,cb
102581038.IB,11/6/2025,103.6735,0.026902,cb
102581038.IB,11/7/2025,103.6363,0.026987,cb
102581038.IB,11/10/2025,103.6503,0.026938,cb
102581038.IB,11/11/2025,103.8684,0.026406,cb
102581038.IB,11/12/2025,103.9224,0.02627,cb
102581038.IB,11/13/2025,103.9411,0.026219,cb
102581038.IB,11/14/2025,103.8827,0.026355,cb
102581038.IB,11/17/2025,103.9111,0.026269,cb
102581038.IB,11/18/2025,103.9697,0.026122,cb
102581038.IB,11/19/2025,103.9691,0.026118,cb
102581038.IB,11/20/2025,103.9327,0.0262,cb
102581038.IB,11/21/2025,103.8941,0.026288,cb
102581038.IB,11/24/2025,103.9075,0.026239,cb
102581038.IB,11/25/2025,104.0585,0.025867,cb
102581038.IB,11/26/2025,104.0224,0.025948,cb
102581038.IB,11/27/2025,103.9003,0.02624,cb
102581038.IB,11/28/2025,103.9016,0.026231,cb
102581038.IB,12/1/2025,103.8746,0.02628,cb
102581038.IB,12/2/2025,103.8479,0.026339,cb
102581038.IB,12/3/2025,103.768,0.026529,cb
102581038.IB,12/4/2025,103.6292,0.026864,cb
102581038.IB,12/5/2025,103.6305,0.026855,cb
102581038.IB,12/8/2025,103.5739,0.026979,cb
102581038.IB,12/9/2025,103.5514,0.027029,cb
102581038.IB,12/10/2025,103.5103,0.027125,cb
102581038.IB,12/11/2025,103.5526,0.027015,cb
102581038.IB,12/12/2025,103.54,0.027041,cb
102581038.IB,12/15/2025,103.5346,0.027039,cb
102581038.IB,12/16/2025,103.2948,0.027628,cb
102581038.IB,12/17/2025,103.2987,0.027613,cb
102581038.IB,12/18/2025,103.3082,0.027585,cb
102581038.IB,12/19/2025,103.3621,0.027446,cb
102581038.IB,12/22/2025,103.3741,0.027401,cb
102581038.IB,12/23/2025,103.3801,0.027382,cb
102581038.IB,12/24/2025,103.3801,0.027377,cb
102581038.IB,12/25/2025,103.3394,0.027473,cb
102581038.IB,12/26/2025,103.2983,0.027571,cb
102581038.IB,12/29/2025,103.3091,0.027529,cb
102581038.IB,12/30/2025,103.2779,0.027602,cb
102581038.IB,12/31/2025,103.2347,0.027706,cb
102581038.IB,1/5/2026,103.2413,0.027665,cb
102581038.IB,1/6/2026,103.2375,0.02767,cb
102581038.IB,1/7/2026,103.2244,0.027698,cb
102581038.IB,1/8/2026,103.2116,0.027725,cb
102581038.IB,1/9/2026,103.1858,0.027785,cb
102581038.IB,1/12/2026,103.17,0.027811,cb
102581038.IB,1/13/2026,103.1625,0.027825,cb
102581038.IB,1/14/2026,103.1563,0.027836,cb
102581038.IB,1/15/2026,103.1725,0.02779,cb
102581038.IB,1/16/2026,103.1431,0.02786,cb
102581038.IB,1/19/2026,103.1971,0.027709,cb
102581038.IB,1/20/2026,103.268,0.027524,cb
102581038.IB,1/21/2026,103.3678,0.027266,cb
102581038.IB,1/22/2026,103.3767,0.027239,cb
102581038.IB,1/23/2026,103.4406,0.027072,cb
102581038.IB,1/26/2026,103.5407,0.026802,cb
102581038.IB,1/27/2026,103.5845,0.026685,cb
102581038.IB,1/28/2026,103.6438,0.02653,cb
102581038.IB,1/29/2026,103.6404,0.026532,cb
102581038.IB,1/30/2026,103.6764,0.026436,cb
102581038.IB,2/2/2026,103.6856,0.026395,cb
102581038.IB,2/3/2026,103.6972,0.02636,cb
102581038.IB,2/4/2026,103.7468,0.026228,cb
102581038.IB,2/5/2026,103.7661,0.026173,cb
102581038.IB,2/6/2026,103.7725,0.026151,cb
102581038.IB,2/9/2026,103.84,0.025961,cb
102581038.IB,2/10/2026,103.8904,0.025827,cb
102581038.IB,2/11/2026,103.9364,0.025704,cb
102581038.IB,2/12/2026,103.9839,0.025577,cb
102581038.IB,2/13/2026,104.0211,0.025476,cb
102581038.IB,2/24/2026,104.0666,0.025289,cb
102581038.IB,2/25/2026,104.1323,0.025114,cb
102581038.IB,2/26/2026,104.0513,0.025316,cb
102581038.IB,2/27/2026,104.1043,0.025173,cb
102581038.IB,3/2/2026,104.1257,0.025098,cb
102581038.IB,3/3/2026,104.1635,0.024995,cb
102581038.IB,3/4/2026,104.1574,0.025004,cb
102581038.IB,3/5/2026,104.1475,0.025022,cb
102581038.IB,3/6/2026,104.1732,0.02495,cb
102581038.IB,3/9/2026,104.0937,0.025135,cb
102581038.IB,3/10/2026,104.0923,0.025132,cb
102581038.IB,3/11/2026,104.0912,0.025128,cb
102581038.IB,3/12/2026,104.0433,0.025246,cb
102581038.IB,3/13/2026,104.0358,0.025258,cb
102581038.IB,3/16/2026,103.9921,0.02535,cb
102581038.IB,3/17/2026,104.041,0.025216,cb
102581038.IB,3/18/2026,104.0673,0.02514,cb
102581038.IB,3/19/2026,104.1184,0.025,cb
102581038.IB,3/20/2026,104.1558,0.024896,cb
102581038.IB,3/23/2026,104.1916,0.02478,cb
102581038.IB,3/24/2026,104.2419,0.024641,cb
102581038.IB,3/25/2026,104.2595,0.024588,cb
102581038.IB,3/26/2026,104.2962,0.024485,cb
102581038.IB,3/27/2026,104.3289,0.024392,cb
102581038.IB,3/30/2026,104.3514,0.02431,cb
102581038.IB,3/31/2026,104.3543,0.024294,cb
102581038.IB,4/1/2026,104.3395,0.024325,cb
102581038.IB,4/2/2026,104.3344,0.024331,cb
102581038.IB,4/3/2026,104.3695,0.024231,cb
102581038.IB,4/7/2026,104.4064,0.024103,cb
102581038.IB,4/8/2026,104.4932,0.023867,cb
102581038.IB,4/9/2026,104.5256,0.023774,cb
102581038.IB,4/10/2026,104.6025,0.023564,cb
102581038.IB,4/13/2026,104.5846,0.023586,cb
102581038.IB,4/14/2026,104.5841,0.023579,cb
102581038.IB,4/15/2026,104.6069,0.023511,cb
102581038.IB,4/16/2026,104.6232,0.02346,cb
102581038.IB,4/17/2026,104.6105,0.023485,cb
102581038.IB,4/20/2026,104.621,0.023432,cb
102581038.IB,4/21/2026,104.6438,0.023363,cb
102581038.IB,4/22/2026,104.6994,0.023208,cb
102581038.IB,4/23/2026,104.6499,0.02333,cb
102581038.IB,4/24/2026,104.686,0.023226,cb
102581038.IB,4/27/2026,104.692,0.023184,cb
102581038.IB,4/28/2026,104.716,0.023112,cb
102581038.IB,4/29/2026,104.7606,0.022985,cb
102581038.IB,4/30/2026,104.7311,0.023055,cb
102581038.IB,5/6/2026,104.6723,0.023159,cb
102581038.IB,5/7/2026,104.6231,0.023281,cb
102581038.IB,5/8/2026,104.6029,0.023326,cb
102581038.IB,5/11/2026,104.5533,0.023433,cb
102581038.IB,5/12/2026,104.6031,0.023291,cb
102581038.IB,5/13/2026,104.5361,0.023462,cb
102581038.IB,5/14/2026,104.5411,0.02344,cb
102581038.IB,5/15/2026,104.5653,0.023367,cb
102581038.IB,5/18/2026,104.6265,0.023176,cb
102581038.IB,5/19/2026,104.6253,0.023171,cb
102581038.IB,5/20/2026,104.6647,0.023056,cb
102581038.IB,5/21/2026,104.7056,0.022937,cb
102581038.IB,5/22/2026,104.7084,0.022921,cb
102581038.IB,5/25/2026,104.7428,0.022801,cb
102581038.IB,5/26/2026,104.7806,0.022691,cb
102581038.IB,5/27/2026,104.7923,0.02265,cb
102581038.IB,5/28/2026,104.7995,0.022621,cb
102581038.IB,5/29/2026,104.8521,0.02247,cb
102581038.IB,6/1/2026,104.8645,0.022409,cb
102581038.IB,6/2/2026,104.9136,0.022267,cb
102581038.IB,6/3/2026,104.9498,0.022159,cb
102581038.IB,6/4/2026,105.0024,0.022008,cb
102581038.IB,6/5/2026,105.0393,0.021898,cb
102581038.IB,6/8/2026,104.9885,0.022007,cb
102581038.IB,6/9/2026,104.9435,0.022119,cb
102581038.IB,6/10/2026,104.9019,0.022223,cb
102581038.IB,6/11/2026,104.8062,0.022474,cb
102581038.IB,6/12/2026,104.7737,0.022553,cb
102581038.IB,6/15/2026,104.7725,0.022528,cb
102581038.IB,6/16/2026,104.7667,0.022535,cb
102581038.IB,6/17/2026,104.7937,0.022452,cb
102581038.IB,6/18/2026,104.8284,0.022348,cb
102581038.IB,6/22/2026,104.8325,0.022298,cb
102581038.IB,6/23/2026,104.8005,0.022377,cb
102581038.IB,6/24/2026,104.8109,0.022339,cb
102581038.IB,6/25/2026,104.8417,0.022244,cb
102581038.IB,6/26/2026,104.8799,0.02213,cb
102581038.IB,6/29/2026,104.8769,0.022109,cb
102581038.IB,6/30/2026,104.8702,0.022118,cb
102581038.IB,7/1/2026,104.786,0.022341,cb
102581038.IB,7/2/2026,104.8055,0.022277,cb
102581038.IB,7/3/2026,104.8196,0.022229,cb
102581038.IB,7/6/2026,104.8225,0.022192,cb
102581038.IB,7/7/2026,104.8505,0.022104,cb
102581038.IB,7/8/2026,104.8542,0.022085,cb
102581038.IB,7/9/2026,104.8424,0.022107,cb
102581038.IB,7/10/2026,104.8386,0.022108,cb
102581038.IB,7/13/2026,104.8281,0.022108,cb
102581038.IB,7/14/2026,104.8421,0.022059,cb
102581038.IB,7/15/2026,104.8512,0.022024,cb
102581038.IB,7/16/2026,104.8608,0.021988,cb
102581038.IB,7/17/2026,104.8608,0.021978,cb
102581038.IB,7/20/2026,104.8456,0.02199,cb
102581038.IB,7/21/2026,104.8485,0.021973,cb
102581038.IB,7/22/2026,104.8513,0.021955,cb
102581038.IB,7/23/2026,104.8559,0.021932,cb
102581038.IB,7/24/2026,104.8561,0.021921,cb
102581038.IB,7/27/2026,104.8805,0.021823,cb
102581038.IB,7/28/2026,104.8874,0.021793,cb
102581038.IB,7/29/2026,104.8728,0.021825,cb
102581038.IB,7/30/2026,104.8463,0.021889,cb
102581038.IB,7/31/2026,104.8519,0.021863,cb
102581038.IB,8/3/2026,104.8446,0.021854,cb
102581038.IB,8/4/2026,104.8278,0.021891,cb
102581038.IB,8/5/2026,104.8366,0.021856,cb
102581038.IB,8/6/2026,104.8596,0.021781,cb
102581038.IB,8/7/2026,104.8679,0.021747,cb
102581038.IB,8/10/2026,104.8909,0.021652,cb
102581038.IB,8/11/2026,104.8894,0.021645,cb
102581038.IB,8/12/2026,104.8985,0.021609,cb
102581038.IB,8/13/2026,104.9131,0.021558,cb
102581038.IB,8/14/2026,104.9075,0.021563,cb
102581038.IB,8/17/2026,104.9324,0.021461,cb
102581038.IB,8/18/2026,104.9657,0.021356,cb
102581038.IB,8/19/2026,104.962,0.021356,cb
102581038.IB,8/20/2026,104.9851,0.02128,cb
102581038.IB,8/21/2026,104.961,0.021338,cb
102581312.IB,8/22/2025,100.9532,0.028231,cb
102581312.IB,8/25/2025,100.9187,0.028308,cb
102581312.IB,8/26/2025,100.8779,0.028402,cb
102581312.IB,8/27/2025,100.8388,0.028493,cb
102581312.IB,8/28/2025,100.8166,0.028544,cb
102581312.IB,8/29/2025,100.7937,0.028596,cb
102581312.IB,9/1/2025,100.7933,0.028594,cb
102581312.IB,9/2/2025,100.7117,0.028786,cb
102581312.IB,9/3/2025,100.7433,0.02871,cb
102581312.IB,9/4/2025,100.8551,0.028445,cb
102581312.IB,9/5/2025,100.8949,0.02835,cb
102581312.IB,9/8/2025,100.8386,0.028479,cb
102581312.IB,9/9/2025,100.7377,0.028717,cb
102581312.IB,9/10/2025,100.8328,0.028491,cb
102581312.IB,9/11/2025,100.8494,0.02845,cb
102581312.IB,9/12/2025,100.8233,0.028511,cb
102581312.IB,9/15/2025,100.8374,0.028474,cb
102581312.IB,9/16/2025,100.8317,0.028486,cb
102581312.IB,9/17/2025,100.8834,0.028362,cb
102581312.IB,9/18/2025,100.8867,0.028353,cb
102581312.IB,9/19/2025,100.8856,0.028355,cb
102581312.IB,9/22/2025,100.8736,0.02838,cb
102581312.IB,9/23/2025,100.8034,0.028546,cb
102581312.IB,9/24/2025,100.6954,0.028803,cb
102581312.IB,9/25/2025,100.5509,0.029148,cb
102581312.IB,9/26/2025,100.5458,0.029159,cb
102581312.IB,9/29/2025,100.5047,0.029256,cb
102581312.IB,9/30/2025,100.4041,0.029497,cb
102581312.IB,10/9/2025,100.4691,0.029335,cb
102581312.IB,10/10/2025,100.4405,0.029403,cb
102581312.IB,10/13/2025,100.5411,0.029158,cb
102581312.IB,10/14/2025,100.5527,0.029129,cb
102581312.IB,10/15/2025,100.5615,0.029107,cb
102581312.IB,10/16/2025,100.6015,0.029009,cb
102581312.IB,10/17/2025,100.6782,0.028822,cb
102581312.IB,10/20/2025,100.7502,0.028645,cb
102581312.IB,10/21/2025,100.7947,0.028536,cb
102581312.IB,10/22/2025,100.8599,0.028377,cb
102581312.IB,10/23/2025,100.8909,0.028301,cb
102581312.IB,10/24/2025,100.9692,0.028109,cb
102581312.IB,10/27/2025,100.9761,0.028089,cb
102581312.IB,10/28/2025,101.0664,0.027868,cb
102581312.IB,10/29/2025,101.1419,0.027683,cb
102581312.IB,10/30/2025,101.1832,0.027582,cb
102581312.IB,10/31/2025,101.2514,0.027414,cb
102581312.IB,11/3/2025,101.3548,0.027158,cb
102581312.IB,11/4/2025,101.3954,0.027058,cb
102581312.IB,11/5/2025,101.411,0.027018,cb
102581312.IB,11/6/2025,101.4435,0.026937,cb
102581312.IB,11/7/2025,101.4109,0.027014,cb
102581312.IB,11/10/2025,101.4262,0.026971,cb
102581312.IB,11/11/2025,101.4392,0.026938,cb
102581312.IB,11/12/2025,101.494,0.026802,cb
102581312.IB,11/13/2025,101.5129,0.026754,cb
102581312.IB,11/14/2025,101.4589,0.026883,cb
102581312.IB,11/17/2025,101.4904,0.0268,cb
102581312.IB,11/18/2025,101.5481,0.026657,cb
102581312.IB,11/19/2025,101.5478,0.026656,cb
102581312.IB,11/20/2025,101.5124,0.02674,cb
102581312.IB,11/21/2025,101.4778,0.026823,cb
102581312.IB,11/24/2025,101.4947,0.026775,cb
102581312.IB,11/25/2025,101.441,0.026905,cb
102581312.IB,11/26/2025,101.4068,0.026987,cb
102581312.IB,11/27/2025,101.2898,0.027273,cb
102581312.IB,11/28/2025,101.2924,0.027264,cb
102581312.IB,12/1/2025,101.2688,0.027317,cb
102581312.IB,12/2/2025,101.2444,0.027376,cb
102581312.IB,12/3/2025,101.1694,0.02756,cb
102581312.IB,12/4/2025,101.0335,0.027895,cb
102581312.IB,12/5/2025,101.037,0.027885,cb
102581312.IB,12/8/2025,100.9852,0.028009,cb
102581312.IB,12/9/2025,100.9631,0.028063,cb
102581312.IB,12/10/2025,100.9239,0.028159,cb
102581312.IB,12/11/2025,100.9673,0.02805,cb
102581312.IB,12/12/2025,100.9565,0.028075,cb
102581312.IB,12/15/2025,100.9543,0.028077,cb
102581312.IB,12/16/2025,100.9177,0.028167,cb
102581312.IB,12/17/2025,100.922,0.028155,cb
102581312.IB,12/18/2025,100.9326,0.028127,cb
102581312.IB,12/19/2025,100.9892,0.027984,cb
102581312.IB,12/22/2025,101.0047,0.027941,cb
102581312.IB,12/23/2025,101.0089,0.027929,cb
102581312.IB,12/24/2025,101.0102,0.027924,cb
102581312.IB,12/25/2025,100.9715,0.028021,cb
102581312.IB,12/26/2025,100.9338,0.028114,cb
102581312.IB,12/29/2025,100.9479,0.028075,cb
102581312.IB,12/30/2025,100.9187,0.028147,cb
102581312.IB,12/31/2025,100.8772,0.028251,cb
102581312.IB,1/5/2026,100.8933,0.028204,cb
102581312.IB,1/6/2026,100.8926,0.028204,cb
102581312.IB,1/7/2026,100.876,0.028245,cb
102581312.IB,1/8/2026,100.8649,0.028272,cb
102581312.IB,1/9/2026,100.8422,0.028329,cb
102581312.IB,1/12/2026,100.8307,0.028354,cb
102581312.IB,1/13/2026,100.822,0.028375,cb
102581312.IB,1/14/2026,100.8152,0.028392,cb
102581312.IB,1/15/2026,100.8337,0.028343,cb
102581312.IB,1/16/2026,100.8024,0.028422,cb
102581312.IB,1/19/2026,100.8593,0.028273,cb
102581312.IB,1/20/2026,100.9307,0.028089,cb
102581312.IB,1/21/2026,101.0307,0.027833,cb
102581312.IB,1/22/2026,101.0407,0.027806,cb
102581312.IB,1/23/2026,101.1049,0.02764,cb
102581312.IB,1/26/2026,101.2087,0.02737,cb
102581312.IB,1/27/2026,101.2533,0.027254,cb
102581312.IB,1/28/2026,101.3129,0.027099,cb
102581312.IB,1/29/2026,101.3121,0.0271,cb
102581312.IB,1/30/2026,101.3504,0.027,cb
102581312.IB,2/2/2026,101.3636,0.02696,cb
102581312.IB,2/3/2026,101.3773,0.026923,cb
102581312.IB,2/4/2026,101.4279,0.026791,cb
102581312.IB,2/5/2026,101.4484,0.026736,cb
102581312.IB,2/6/2026,101.4559,0.026715,cb
102581312.IB,2/9/2026,101.5266,0.026527,cb
102581312.IB,2/10/2026,101.5786,0.026391,cb
102581312.IB,2/11/2026,101.6268,0.026265,cb
102581312.IB,2/12/2026,101.6765,0.026134,cb
102581312.IB,2/13/2026,101.7144,0.026035,cb
102581312.IB,2/24/2026,101.7757,0.025848,cb
102581312.IB,2/25/2026,101.8438,0.025669,cb
102581312.IB,2/26/2026,101.7636,0.025873,cb
102581312.IB,2/27/2026,101.819,0.025727,cb
102581312.IB,3/2/2026,101.8449,0.025652,cb
102581312.IB,3/3/2026,101.8853,0.025544,cb
102581312.IB,3/4/2026,101.8801,0.025555,cb
102581312.IB,3/5/2026,101.8716,0.025574,cb
102581312.IB,3/6/2026,101.8984,0.025501,cb
102581312.IB,3/9/2026,101.8219,0.025692,cb
102581312.IB,3/10/2026,101.8222,0.025688,cb
102581312.IB,3/11/2026,101.8217,0.025687,cb
102581312.IB,3/12/2026,101.7737,0.025809,cb
102581312.IB,3/13/2026,101.7651,0.025829,cb
102581312.IB,3/16/2026,101.7252,0.025926,cb
102581312.IB,3/17/2026,101.7764,0.025789,cb
102581312.IB,3/18/2026,101.8022,0.025718,cb
102581312.IB,3/19/2026,101.8545,0.025578,cb
102581312.IB,3/20/2026,101.8943,0.025471,cb
102581312.IB,3/23/2026,101.9369,0.02535,cb
102581312.IB,3/24/2026,101.9886,0.025211,cb
102581312.IB,3/25/2026,102.0072,0.025159,cb
102581312.IB,3/26/2026,102.0444,0.025057,cb
102581312.IB,3/27/2026,102.0774,0.024967,cb
102581312.IB,3/30/2026,102.1055,0.024881,cb
102581312.IB,3/31/2026,102.1102,0.024865,cb
102581312.IB,4/1/2026,102.0948,0.024902,cb
102581312.IB,4/2/2026,102.0889,0.024913,cb
102581312.IB,4/3/2026,102.1251,0.024814,cb
102581312.IB,4/7/2026,102.1679,0.024685,cb
102581312.IB,4/8/2026,102.257,0.024445,cb
102581312.IB,4/9/2026,102.2914,0.02435,cb
102581312.IB,4/10/2026,102.3712,0.024135,cb
102581312.IB,4/13/2026,102.3573,0.024159,cb
102581312.IB,4/14/2026,102.358,0.024152,cb
102581312.IB,4/15/2026,102.3837,0.02408,cb
102581312.IB,4/16/2026,102.4022,0.024027,cb
102581312.IB,4/17/2026,102.3913,0.024051,cb
102581312.IB,4/20/2026,102.4062,0.023998,cb
102581312.IB,4/21/2026,102.43,0.02393,cb
102581312.IB,4/22/2026,102.4891,0.023769,cb
102581312.IB,4/23/2026,102.4418,0.02389,cb
102581312.IB,4/24/2026,102.48,0.023784,cb
102581312.IB,4/27/2026,102.4904,0.023742,cb
102581312.IB,4/28/2026,102.5163,0.023668,cb
102581312.IB,4/29/2026,102.5637,0.023537,cb
102581312.IB,4/30/2026,102.5337,0.023612,cb
102581312.IB,5/6/2026,102.4847,0.023715,cb
102581312.IB,5/7/2026,102.4361,0.023841,cb
102581312.IB,5/8/2026,102.4176,0.023886,cb
102581312.IB,5/11/2026,102.3736,0.023991,cb
102581312.IB,5/12/2026,102.4252,0.023847,cb
102581312.IB,5/13/2026,102.3558,0.02403,cb
102581312.IB,5/14/2026,102.3609,0.024011,cb
102581312.IB,5/15/2026,102.3863,0.023938,cb
102581312.IB,5/18/2026,102.452,0.023747,cb
102581312.IB,5/19/2026,102.4503,0.023746,cb
102581312.IB,5/20/2026,102.4907,0.023632,cb
102581312.IB,5/21/2026,102.5323,0.023515,cb
102581312.IB,5/22/2026,102.5366,0.023498,cb
102581312.IB,5/25/2026,102.5746,0.023381,cb
102581312.IB,5/26/2026,102.6143,0.023268,cb
102581312.IB,5/27/2026,102.6271,0.023228,cb
102581312.IB,5/28/2026,102.637,0.023196,cb
102581312.IB,5/29/2026,102.6905,0.023046,cb
102581312.IB,6/1/2026,102.7083,0.022982,cb
102581312.IB,6/2/2026,102.7581,0.022841,cb
102581312.IB,6/3/2026,102.7959,0.022733,cb
102581312.IB,6/4/2026,102.8494,0.022581,cb
102581312.IB,6/5/2026,102.8891,0.022468,cb
102581312.IB,6/8/2026,102.8412,0.022582,cb
102581312.IB,6/9/2026,102.7995,0.02269,cb
102581312.IB,6/10/2026,102.7622,0.022787,cb
102581312.IB,6/11/2026,102.6717,0.023029,cb
102581312.IB,6/12/2026,102.6393,0.023113,cb
102581312.IB,6/15/2026,102.6422,0.023089,cb
102581312.IB,6/16/2026,102.6367,0.023099,cb
102581312.IB,6/17/2026,102.6651,0.023016,cb
102581312.IB,6/18/2026,102.7035,0.022905,cb
102581312.IB,6/22/2026,102.7136,0.022856,cb
102581312.IB,6/23/2026,102.6858,0.022927,cb
102581312.IB,6/24/2026,102.6976,0.022889,cb
102581312.IB,6/25/2026,102.7316,0.02279,cb
102581312.IB,6/26/2026,102.7706,0.022676,cb
102581312.IB,6/29/2026,102.7715,0.022657,cb
102581312.IB,6/30/2026,102.7662,0.022666,cb
102581312.IB,7/1/2026,102.6854,0.022885,cb
102581312.IB,7/2/2026,102.7064,0.022821,cb
102581312.IB,7/3/2026,102.7245,0.022766,cb
102581312.IB,7/6/2026,102.7329,0.022726,cb
102581312.IB,7/7/2026,102.7627,0.022637,cb
102581312.IB,7/8/2026,102.7663,0.022622,cb
102581312.IB,7/9/2026,102.7532,0.022653,cb
102581312.IB,7/10/2026,102.747,0.022664,cb
102581312.IB,7/13/2026,102.7414,0.022663,cb
102581312.IB,7/14/2026,102.7558,0.022618,cb
102581312.IB,7/15/2026,102.7661,0.022583,cb
102581312.IB,7/16/2026,102.7741,0.022555,cb
102581312.IB,7/17/2026,102.776,0.022544,cb
102581312.IB,7/20/2026,102.764,0.022561,cb
102581312.IB,7/21/2026,102.7664,0.022548,cb
102581312.IB,7/22/2026,102.7688,0.022536,cb
102581312.IB,7/23/2026,102.7744,0.022514,cb
102581312.IB,7/24/2026,102.7778,0.022499,cb
102581312.IB,7/27/2026,102.8057,0.022403,cb
102581312.IB,7/28/2026,102.8144,0.022373,cb
102581312.IB,7/29/2026,102.8019,0.022402,cb
102581312.IB,7/30/2026,102.778,0.022464,cb
102581312.IB,7/31/2026,102.7856,0.022437,cb
102581312.IB,8/3/2026,102.7838,0.022424,cb
102581312.IB,8/4/2026,102.7698,0.022458,cb
102581312.IB,8/5/2026,102.7805,0.022422,cb
102581312.IB,8/6/2026,102.8049,0.022347,cb
102581312.IB,8/7/2026,102.8157,0.02231,cb
102581312.IB,8/10/2026,102.8447,0.02221,cb
102581312.IB,8/11/2026,102.8459,0.0222,cb
102581312.IB,8/12/2026,102.8587,0.022158,cb
102581312.IB,8/13/2026,102.8754,0.022104,cb
102581312.IB,8/14/2026,102.8713,0.02211,cb
102581312.IB,8/17/2026,102.8996,0.022011,cb
102581312.IB,8/18/2026,102.9361,0.0219,cb
102581312.IB,8/19/2026,102.9339,0.0219,cb
102581312.IB,8/20/2026,102.958,0.021825,cb
102581312.IB,8/21/2026,102.9373,0.021878,cb
102581965.IB,8/22/2025,100.7432,0.028263,cb
102581965.IB,8/25/2025,100.6917,0.028378,cb
102581965.IB,8/26/2025,100.661,0.028448,cb
102581965.IB,8/27/2025,100.6276,0.028524,cb
102581965.IB,8/28/2025,100.6064,0.028572,cb
102581965.IB,8/29/2025,100.5799,0.028633,cb
102581965.IB,9/1/2025,100.5797,0.028631,cb
102581965.IB,9/2/2025,100.4967,0.028822,cb
102581965.IB,9/3/2025,100.521,0.028765,cb
102581965.IB,9/4/2025,100.6317,0.028508,cb
102581965.IB,9/5/2025,100.6648,0.02843,cb
102581965.IB,9/8/2025,100.6212,0.028529,cb
102581965.IB,9/9/2025,100.5205,0.028762,cb
102581965.IB,9/10/2025,100.595,0.028588,cb
102581965.IB,9/11/2025,100.6316,0.028502,cb
102581965.IB,9/12/2025,100.6157,0.028538,cb
102581965.IB,9/15/2025,100.6283,0.028506,cb
102581965.IB,9/16/2025,100.622,0.02852,cb
102581965.IB,9/17/2025,100.6753,0.028394,cb
102581965.IB,9/18/2025,100.6776,0.028388,cb
102581965.IB,9/19/2025,100.6675,0.028411,cb
102581965.IB,9/22/2025,100.6568,0.028433,cb
102581965.IB,9/23/2025,100.583,0.028605,cb
102581965.IB,9/24/2025,100.4783,0.028849,cb
102581965.IB,9/25/2025,100.3318,0.029193,cb
102581965.IB,9/26/2025,100.3214,0.029217,cb
102581965.IB,9/29/2025,100.2769,0.02932,cb
102581965.IB,9/30/2025,100.1826,0.029543,cb
102581965.IB,10/9/2025,100.2338,0.029418,cb
102581965.IB,10/10/2025,100.2115,0.029471,cb
102581965.IB,10/13/2025,100.3098,0.029236,cb
102581965.IB,10/14/2025,100.3271,0.029195,cb
102581965.IB,10/15/2025,100.3418,0.029159,cb
102581965.IB,10/16/2025,100.3817,0.029064,cb
102581965.IB,10/17/2025,100.458,0.028882,cb
102581965.IB,10/20/2025,100.5311,0.028706,cb
102581965.IB,10/21/2025,100.5755,0.0286,cb
102581965.IB,10/22/2025,100.631,0.028467,cb
102581965.IB,10/23/2025,100.6557,0.028407,cb
102581965.IB,10/24/2025,100.7365,0.028214,cb
102581965.IB,10/27/2025,100.7409,0.0282,cb
102581965.IB,10/28/2025,100.8334,0.027979,cb
102581965.IB,10/29/2025,100.9016,0.027815,cb
102581965.IB,10/30/2025,100.9544,0.027689,cb
102581965.IB,10/31/2025,101.0272,0.027514,cb
102581965.IB,11/3/2025,101.1279,0.02727,cb
102581965.IB,11/4/2025,101.1762,0.027153,cb
102581965.IB,11/5/2025,101.1886,0.027122,cb
102581965.IB,11/6/2025,101.2258,0.027032,cb
102581965.IB,11/7/2025,101.2031,0.027085,cb
102581965.IB,11/10/2025,101.2106,0.027062,cb
102581965.IB,11/11/2025,101.2267,0.027021,cb
102581965.IB,11/12/2025,101.2823,0.026887,cb
102581965.IB,11/13/2025,101.2979,0.026848,cb
102581965.IB,11/14/2025,101.2521,0.026956,cb
102581965.IB,11/17/2025,101.2814,0.02688,cb
102581965.IB,11/18/2025,101.3339,0.026753,cb
102581965.IB,11/19/2025,101.3299,0.02676,cb
102581965.IB,11/20/2025,101.2912,0.026851,cb
102581965.IB,11/21/2025,101.2642,0.026914,cb
102581965.IB,11/24/2025,101.2785,0.026875,cb
102581965.IB,11/25/2025,101.221,0.027011,cb
102581965.IB,11/26/2025,101.1858,0.027095,cb
102581965.IB,11/27/2025,101.075,0.02736,cb
102581965.IB,11/28/2025,101.077,0.027354,cb
102581965.IB,12/1/2025,101.0486,0.027418,cb
102581965.IB,12/2/2025,101.0254,0.027473,cb
102581965.IB,12/3/2025,100.9587,0.027633,cb
102581965.IB,12/4/2025,100.8197,0.02797,cb
102581965.IB,12/5/2025,100.8256,0.027954,cb
102581965.IB,12/8/2025,100.7718,0.028082,cb
102581965.IB,12/9/2025,100.7451,0.028146,cb
102581965.IB,12/10/2025,100.7059,0.028241,cb
102581965.IB,12/11/2025,100.7504,0.028131,cb
102581965.IB,12/12/2025,100.7397,0.028156,cb
102581965.IB,12/15/2025,100.7325,0.028171,cb
102581965.IB,12/16/2025,100.6938,0.028265,cb
102581965.IB,12/17/2025,100.6953,0.02826,cb
102581965.IB,12/18/2025,100.7042,0.028237,cb
102581965.IB,12/19/2025,100.7673,0.028082,cb
102581965.IB,12/22/2025,100.7804,0.028046,cb
102581965.IB,12/23/2025,100.7746,0.028059,cb
102581965.IB,12/24/2025,100.7758,0.028055,cb
102581965.IB,12/25/2025,100.7385,0.028146,cb
102581965.IB,12/26/2025,100.7073,0.028222,cb
102581965.IB,12/29/2025,100.7191,0.02819,cb
102581965.IB,12/30/2025,100.692,0.028256,cb
102581965.IB,12/31/2025,100.6501,0.028359,cb
102581965.IB,1/5/2026,100.6726,0.028299,cb
102581965.IB,1/6/2026,100.6762,0.028289,cb
102581965.IB,1/7/2026,100.6474,0.02836,cb
102581965.IB,1/8/2026,100.6365,0.028386,cb
102581965.IB,1/9/2026,100.6168,0.028434,cb
102581965.IB,1/12/2026,100.6049,0.028461,cb
102581965.IB,1/13/2026,100.5897,0.028498,cb
102581965.IB,1/14/2026,100.5778,0.028527,cb
102581965.IB,1/15/2026,100.5994,0.028473,cb
102581965.IB,1/16/2026,100.5589,0.028573,cb
102581965.IB,1/19/2026,100.6143,0.028432,cb
102581965.IB,1/20/2026,100.6858,0.028252,cb
102581965.IB,1/21/2026,100.785,0.028003,cb
102581965.IB,1/22/2026,100.795,0.027977,cb
102581965.IB,1/23/2026,100.8581,0.027817,cb
102581965.IB,1/26/2026,100.9638,0.027549,cb
102581965.IB,1/27/2026,101.0077,0.027437,cb
102581965.IB,1/28/2026,101.0654,0.027292,cb
102581965.IB,1/29/2026,101.0689,0.027281,cb
102581965.IB,1/30/2026,101.113,0.027169,cb
102581965.IB,2/2/2026,101.126,0.027132,cb
102581965.IB,2/3/2026,101.1437,0.027086,cb
102581965.IB,2/4/2026,101.1934,0.026959,cb
102581965.IB,2/5/2026,101.2133,0.026907,cb
102581965.IB,2/6/2026,101.2209,0.026887,cb
102581965.IB,2/9/2026,101.2891,0.02671,cb
102581965.IB,2/10/2026,101.3447,0.026568,cb
102581965.IB,2/11/2026,101.3974,0.026433,cb
102581965.IB,2/12/2026,101.4513,0.026295,cb
102581965.IB,2/13/2026,101.4883,0.0262,cb
102581965.IB,2/24/2026,101.5516,0.026016,cb
102581965.IB,2/25/2026,101.6223,0.025835,cb
102581965.IB,2/26/2026,101.5405,0.02604,cb
102581965.IB,2/27/2026,101.5988,0.02589,cb
102581965.IB,3/2/2026,101.6279,0.025809,cb
102581965.IB,3/3/2026,101.6726,0.025693,cb
102581965.IB,3/4/2026,101.6672,0.025704,cb
102581965.IB,3/5/2026,101.6595,0.025721,cb
102581965.IB,3/6/2026,101.6875,0.025647,cb
102581965.IB,3/9/2026,101.6064,0.025847,cb
102581965.IB,3/10/2026,101.6075,0.025841,cb
102581965.IB,3/11/2026,101.6041,0.025847,cb
102581965.IB,3/12/2026,101.5516,0.025979,cb
102581965.IB,3/13/2026,101.5366,0.026016,cb
102581965.IB,3/16/2026,101.492,0.026123,cb
102581965.IB,3/17/2026,101.546,0.025982,cb
102581965.IB,3/18/2026,101.5673,0.025925,cb
102581965.IB,3/19/2026,101.619,0.02579,cb
102581965.IB,3/20/2026,101.6621,0.025677,cb
102581965.IB,3/23/2026,101.7096,0.025548,cb
102581965.IB,3/24/2026,101.7617,0.025411,cb
102581965.IB,3/25/2026,101.78,0.025361,cb
102581965.IB,3/26/2026,101.817,0.025263,cb
102581965.IB,3/27/2026,101.849,0.025178,cb
102581965.IB,3/30/2026,101.8809,0.025088,cb
102581965.IB,3/31/2026,101.8877,0.025067,cb
102581965.IB,4/1/2026,101.8672,0.025117,cb
102581965.IB,4/2/2026,101.8563,0.025142,cb
102581965.IB,4/3/2026,101.8936,0.025043,cb
102581965.IB,4/7/2026,101.9388,0.024915,cb
102581965.IB,4/8/2026,102.0338,0.024666,cb
102581965.IB,4/9/2026,102.0716,0.024565,cb
102581965.IB,4/10/2026,102.1589,0.024336,cb
102581965.IB,4/13/2026,102.144,0.024364,cb
102581965.IB,4/14/2026,102.1449,0.024359,cb
102581965.IB,4/15/2026,102.1754,0.024276,cb
102581965.IB,4/16/2026,102.1968,0.024217,cb
102581965.IB,4/17/2026,102.1865,0.02424,cb
102581965.IB,4/20/2026,102.2032,0.024187,cb
102581965.IB,4/21/2026,102.2265,0.024123,cb
102581965.IB,4/22/2026,102.2939,0.023944,cb
102581965.IB,4/23/2026,102.246,0.024065,cb
102581965.IB,4/24/2026,102.2888,0.02395,cb
102581965.IB,4/27/2026,102.3007,0.023908,cb
102581965.IB,4/28/2026,102.3293,0.02383,cb
102581965.IB,4/29/2026,102.3823,0.023688,cb
102581965.IB,4/30/2026,102.3459,0.023778,cb
102581965.IB,5/6/2026,102.2978,0.023879,cb
102581965.IB,5/7/2026,102.2445,0.024015,cb
102581965.IB,5/8/2026,102.2256,0.02406,cb
102581965.IB,5/11/2026,102.1832,0.02416,cb
102581965.IB,5/12/2026,102.2379,0.024011,cb
102581965.IB,5/13/2026,102.1545,0.024227,cb
102581965.IB,5/14/2026,102.156,0.024219,cb
102581965.IB,5/15/2026,102.1821,0.024146,cb
102581965.IB,5/18/2026,102.2511,0.023951,cb
102581965.IB,5/19/2026,102.2443,0.023965,cb
102581965.IB,5/20/2026,102.2852,0.023853,cb
102581965.IB,5/21/2026,102.3265,0.023739,cb
102581965.IB,5/22/2026,102.3312,0.023722,cb
102581965.IB,5/25/2026,102.3688,0.02361,cb
102581965.IB,5/26/2026,102.4116,0.023491,cb
102581965.IB,5/27/2026,102.4236,0.023455,cb
102581965.IB,5/28/2026,102.4373,0.023414,cb
102581965.IB,5/29/2026,102.4916,0.023265,cb
102581965.IB,6/1/2026,102.5129,0.023195,cb
102581965.IB,6/2/2026,102.5629,0.023057,cb
102581965.IB,6/3/2026,102.6025,0.022947,cb
102581965.IB,6/4/2026,102.6572,0.022796,cb
102581965.IB,6/5/2026,102.7022,0.022671,cb
102581965.IB,6/8/2026,102.6481,0.022801,cb
102581965.IB,6/9/2026,102.61,0.022897,cb
102581965.IB,6/10/2026,102.5794,0.022974,cb
102581965.IB,6/11/2026,102.4958,0.023193,cb
102581965.IB,6/12/2026,102.458,0.02329,cb
102581965.IB,6/15/2026,102.4604,0.02327,cb
102581965.IB,6/16/2026,102.4515,0.023289,cb
102581965.IB,6/17/2026,102.4808,0.023206,cb
102581965.IB,6/18/2026,102.5278,0.023074,cb
102581965.IB,6/22/2026,102.5387,0.023026,cb
102581965.IB,6/23/2026,102.5177,0.023077,cb
102581965.IB,6/24/2026,102.5301,0.023039,cb
102581965.IB,6/25/2026,102.5706,0.022925,cb
102581965.IB,6/26/2026,102.6096,0.022814,cb
102581965.IB,6/29/2026,102.6092,0.022801,cb
102581965.IB,6/30/2026,102.6035,0.022811,cb
102581965.IB,7/1/2026,102.5251,0.023019,cb
102581965.IB,7/2/2026,102.5472,0.022954,cb
102581965.IB,7/3/2026,102.5734,0.022878,cb
102581965.IB,7/6/2026,102.5861,0.022828,cb
102581965.IB,7/7/2026,102.6181,0.022736,cb
102581965.IB,7/8/2026,102.6176,0.022732,cb
102581965.IB,7/9/2026,102.5956,0.022787,cb
102581965.IB,7/10/2026,102.5776,0.022831,cb
102581965.IB,7/13/2026,102.5735,0.022828,cb
102581965.IB,7/14/2026,102.585,0.022791,cb
102581965.IB,7/15/2026,102.5955,0.022757,cb
102581965.IB,7/16/2026,102.5946,0.022754,cb
102581965.IB,7/17/2026,102.5976,0.022741,cb
102581965.IB,7/20/2026,102.5816,0.02277,cb
102581965.IB,7/21/2026,102.5783,0.022774,cb
102581965.IB,7/22/2026,102.5753,0.022777,cb
102581965.IB,7/23/2026,102.5799,0.022759,cb
102581965.IB,7/24/2026,102.5883,0.022731,cb
102581965.IB,7/27/2026,102.6151,0.022642,cb
102581965.IB,7/28/2026,102.6248,0.02261,cb
102581965.IB,7/29/2026,102.6141,0.022634,cb
102581965.IB,7/30/2026,102.5924,0.022689,cb
102581965.IB,7/31/2026,102.6019,0.022657,cb
102581965.IB,8/3/2026,102.6039,0.022636,cb
102581965.IB,8/4/2026,102.5933,0.022661,cb
102581965.IB,8/5/2026,102.606,0.02262,cb
102581965.IB,8/6/2026,102.6307,0.022546,cb
102581965.IB,8/7/2026,102.6454,0.0225,cb
102581965.IB,8/10/2026,102.6807,0.022386,cb
102581965.IB,8/11/2026,102.6859,0.022366,cb
102581965.IB,8/12/2026,102.7061,0.022304,cb
102581965.IB,8/13/2026,102.7256,0.022245,cb
102581965.IB,8/14/2026,102.7213,0.022251,cb
102581965.IB,8/17/2026,102.748,0.02216,cb
102581965.IB,8/18/2026,102.7914,0.022033,cb
102581965.IB,8/19/2026,102.7895,0.022033,cb
102581965.IB,8/20/2026,102.813,0.021961,cb
102581965.IB,8/21/2026,102.7973,0.022,cb
102582407.IB,8/22/2025,100.269,0.027383,cb
102582407.IB,8/25/2025,100.2029,0.027531,cb
102582407.IB,8/26/2025,100.1651,0.027615,cb
102582407.IB,8/27/2025,100.2161,0.0275,cb
102582407.IB,8/28/2025,100.1989,0.027538,cb
102582407.IB,8/29/2025,100.2221,0.027486,cb
102582407.IB,9/1/2025,100.2098,0.027512,cb
102582407.IB,9/2/2025,100.1716,0.027598,cb
102582407.IB,9/3/2025,100.2117,0.027507,cb
102582407.IB,9/4/2025,100.3106,0.027284,cb
102582407.IB,9/5/2025,100.2409,0.02744,cb
102582407.IB,9/8/2025,100.1183,0.027716,cb
102582407.IB,9/9/2025,100.1122,0.02773,cb
102582407.IB,9/10/2025,100.0166,0.027947,cb
102582407.IB,9/11/2025,99.9394,0.028122,cb
102582407.IB,9/12/2025,99.9699,0.028052,cb
102582407.IB,9/15/2025,100.0063,0.027969,cb
102582407.IB,9/16/2025,100.0,0.027983,cb
102582407.IB,9/17/2025,99.9614,0.028071,cb
102582407.IB,9/18/2025,99.9302,0.028142,cb
102582407.IB,9/19/2025,99.9184,0.028169,cb
102582407.IB,9/22/2025,99.9016,0.028208,cb
102582407.IB,9/23/2025,99.8801,0.028257,cb
102582407.IB,9/24/2025,99.7238,0.028615,cb
102582407.IB,9/25/2025,99.6449,0.028797,cb
102582407.IB,9/26/2025,99.6047,0.02889,cb
102582407.IB,9/29/2025,99.5725,0.028965,cb
102582407.IB,9/30/2025,99.549,0.029019,cb
102582407.IB,10/9/2025,99.6022,0.0289,cb
102582407.IB,10/10/2025,99.6116,0.028879,cb
102582407.IB,10/13/2025,99.6793,0.028723,cb
102582407.IB,10/14/2025,99.6671,0.028752,cb
102582407.IB,10/15/2025,99.573,0.028971,cb
102582407.IB,10/16/2025,99.6126,0.028879,cb
102582407.IB,10/17/2025,99.6838,0.028714,cb
102582407.IB,10/20/2025,99.764,0.028528,cb
102582407.IB,10/21/2025,99.7274,0.028613,cb
102582407.IB,10/22/2025,99.7922,0.028463,cb
102582407.IB,10/23/2025,99.8781,0.028263,cb
102582407.IB,10/24/2025,99.9133,0.028181,cb
102582407.IB,10/27/2025,99.972,0.028044,cb
102582407.IB,10/28/2025,100.1242,0.02769,cb
102582407.IB,10/29/2025,100.162,0.027602,cb
102582407.IB,10/30/2025,100.2182,0.027471,cb
102582407.IB,10/31/2025,100.287,0.02731,cb
102582407.IB,11/3/2025,100.3627,0.027133,cb
102582407.IB,11/4/2025,100.4043,0.027036,cb
102582407.IB,11/5/2025,100.5008,0.02681,cb
102582407.IB,11/6/2025,100.4752,0.026869,cb
102582407.IB,11/7/2025,100.5698,0.026648,cb
102582407.IB,11/10/2025,100.5522,0.026687,cb
102582407.IB,11/11/2025,100.5821,0.026616,cb
102582407.IB,11/12/2025,100.5926,0.026591,cb
102582407.IB,11/13/2025,100.6315,0.0265,cb
102582407.IB,11/14/2025,100.6592,0.026434,cb
102582407.IB,11/17/2025,100.6865,0.026368,cb
102582407.IB,11/18/2025,100.7025,0.026329,cb
102582407.IB,11/19/2025,100.716,0.026297,cb
102582407.IB,11/20/2025,100.6967,0.026341,cb
102582407.IB,11/21/2025,100.6823,0.026374,cb
102582407.IB,11/24/2025,100.6728,0.026393,cb
102582407.IB,11/25/2025,100.6329,0.026486,cb
102582407.IB,11/26/2025,100.5111,0.026771,cb
102582407.IB,11/27/2025,100.4668,0.026875,cb
102582407.IB,11/28/2025,100.5206,0.026747,cb
102582407.IB,12/1/2025,100.5282,0.026727,cb
102582407.IB,12/2/2025,100.4666,0.026872,cb
102582407.IB,12/3/2025,100.4676,0.026869,cb
102582407.IB,12/4/2025,100.3569,0.02713,cb
102582407.IB,12/5/2025,100.335,0.027182,cb
102582407.IB,12/8/2025,100.3028,0.027257,cb
102582407.IB,12/9/2025,100.3452,0.027156,cb
102582407.IB,12/10/2025,100.3008,0.027261,cb
102582407.IB,12/11/2025,100.2738,0.027324,cb
102582407.IB,12/12/2025,100.2886,0.027289,cb
102582407.IB,12/15/2025,100.2413,0.0274,cb
102582407.IB,12/16/2025,100.2381,0.027408,cb
102582407.IB,12/17/2025,100.2058,0.027485,cb
102582407.IB,12/18/2025,100.1944,0.027511,cb
102582407.IB,12/19/2025,100.2069,0.027481,cb
102582407.IB,12/22/2025,100.1958,0.027507,cb
102582407.IB,12/23/2025,100.2309,0.027422,cb
102582407.IB,12/24/2025,100.2472,0.027383,cb
102582407.IB,12/25/2025,100.2233,0.02744,cb
102582407.IB,12/26/2025,100.1772,0.027551,cb
102582407.IB,12/29/2025,100.0851,0.027772,cb
102582407.IB,12/30/2025,100.0683,0.027812,cb
102582407.IB,12/31/2025,100.0753,0.027795,cb
102582407.IB,1/5/2026,100.0884,0.027763,cb
102582407.IB,1/6/2026,99.994,0.027991,cb
102582407.IB,1/7/2026,100.0052,0.027964,cb
102582407.IB,1/8/2026,99.9832,0.028018,cb
102582407.IB,1/9/2026,99.9649,0.028062,cb
102582407.IB,1/12/2026,99.9576,0.02808,cb
102582407.IB,1/13/2026,99.9584,0.028078,cb
102582407.IB,1/14/2026,99.9272,0.028154,cb
102582407.IB,1/15/2026,99.9156,0.028183,cb
102582407.IB,1/16/2026,100.0317,0.0279,cb
102582407.IB,1/19/2026,100.0809,0.02778,cb
102582407.IB,1/20/2026,100.1112,0.027706,cb
102582407.IB,1/21/2026,100.1486,0.027614,cb
102582407.IB,1/22/2026,100.2062,0.027474,cb
102582407.IB,1/23/2026,100.214,0.027454,cb
102582407.IB,1/26/2026,100.1953,0.027499,cb
102582407.IB,1/27/2026,100.1718,0.027556,cb
102582407.IB,1/28/2026,100.2027,0.027481,cb
102582407.IB,1/29/2026,100.2015,0.027483,cb
102582407.IB,1/30/2026,100.2022,0.027481,cb
102582407.IB,2/2/2026,100.1993,0.027488,cb
102582407.IB,2/3/2026,100.2278,0.027417,cb
102582407.IB,2/4/2026,100.2056,0.027472,cb
102582407.IB,2/5/2026,100.2162,0.027445,cb
102582407.IB,2/6/2026,100.2458,0.027372,cb
102582407.IB,2/9/2026,100.2526,0.027355,cb
102582407.IB,2/10/2026,100.3167,0.027196,cb
102582407.IB,2/11/2026,100.3063,0.027222,cb
102582407.IB,2/12/2026,100.2976,0.027243,cb
102582407.IB,2/13/2026,100.2781,0.027291,cb
102582407.IB,2/24/2026,100.3261,0.027167,cb
102582407.IB,2/25/2026,100.2733,0.027298,cb
102582407.IB,2/26/2026,100.2892,0.027258,cb
102582407.IB,2/27/2026,100.3751,0.027044,cb
102582407.IB,3/2/2026,100.4144,0.026945,cb
102582407.IB,3/3/2026,100.4143,0.026945,cb
102582407.IB,3/4/2026,100.4747,0.026794,cb
102582407.IB,3/5/2026,100.496,0.02674,cb
102582407.IB,3/6/2026,100.5181,0.026684,cb
102582407.IB,3/9/2026,100.5383,0.026632,cb
102582407.IB,3/10/2026,100.54,0.026627,cb
102582407.IB,3/11/2026,100.5271,0.026658,cb
102582407.IB,3/12/2026,100.5408,0.026623,cb
102582407.IB,3/13/2026,100.5498,0.0266,cb
102582407.IB,3/16/2026,100.5986,0.026475,cb
102582407.IB,3/17/2026,100.6066,0.026455,cb
102582407.IB,3/18/2026,100.5713,0.026542,cb
102582407.IB,3/19/2026,100.5848,0.026508,cb
102582407.IB,3/20/2026,100.6256,0.026405,cb
102582407.IB,3/23/2026,100.6295,0.026392,cb
102582407.IB,3/24/2026,100.6399,0.026365,cb
102582407.IB,3/25/2026,100.6519,0.026334,cb
102582407.IB,3/26/2026,100.6805,0.026261,cb
102582407.IB,3/27/2026,100.7343,0.026125,cb
102582407.IB,3/30/2026,100.732,0.026127,cb
102582407.IB,3/31/2026,100.7657,0.026041,cb
102582407.IB,4/1/2026,100.8554,0.025814,cb
102582407.IB,4/2/2026,100.8426,0.025845,cb
102582407.IB,4/3/2026,100.945,0.025585,cb
102582407.IB,4/7/2026,100.9994,0.025442,cb
102582407.IB,4/8/2026,101.0653,0.025274,cb
102582407.IB,4/9/2026,101.0863,0.02522,cb
102582407.IB,4/10/2026,101.0952,0.025196,cb
102582407.IB,4/13/2026,101.1383,0.025082,cb
102582407.IB,4/14/2026,101.1622,0.025019,cb
102582407.IB,4/15/2026,101.1555,0.025035,cb
102582407.IB,4/16/2026,101.1608,0.02502,cb
102582407.IB,4/17/2026,101.1593,0.025022,cb
102582407.IB,4/20/2026,101.177,0.024972,cb
102582407.IB,4/21/2026,101.1864,0.024946,cb
102582407.IB,4/22/2026,101.2012,0.024907,cb
102582407.IB,4/23/2026,101.1271,0.025094,cb
102582407.IB,4/24/2026,101.1131,0.025128,cb
102582407.IB,4/27/2026,101.0523,0.025278,cb
102582407.IB,4/28/2026,101.0696,0.025232,cb
102582407.IB,4/29/2026,101.091,0.025176,cb
102582407.IB,4/30/2026,101.0901,0.025177,cb
102582407.IB,5/6/2026,101.0923,0.025162,cb
102582407.IB,5/7/2026,101.0859,0.025177,cb
102582407.IB,5/8/2026,101.1022,0.025133,cb
102582407.IB,5/11/2026,101.093,0.025152,cb
102582407.IB,5/12/2026,101.1233,0.025072,cb
102582407.IB,5/13/2026,101.1808,0.024922,cb
102582407.IB,5/14/2026,101.1788,0.024926,cb
102582407.IB,5/15/2026,101.1887,0.024898,cb
102582407.IB,5/18/2026,101.1977,0.02487,cb
102582407.IB,5/19/2026,101.2324,0.024778,cb
102582407.IB,5/20/2026,101.1973,0.024867,cb
102582407.IB,5/21/2026,101.2236,0.024797,cb
102582407.IB,5/22/2026,101.2326,0.024772,cb
102582407.IB,5/25/2026,101.2489,0.024724,cb
102582407.IB,5/26/2026,101.2798,0.024642,cb
102582407.IB,5/27/2026,101.3643,0.02442,cb
102582407.IB,5/28/2026,101.4205,0.024272,cb
102582407.IB,5/29/2026,101.4371,0.024227,cb
102582407.IB,6/1/2026,101.5404,0.023952,cb
102582407.IB,6/2/2026,101.5768,0.023855,cb
102582407.IB,6/3/2026,101.5909,0.023816,cb
102582407.IB,6/4/2026,101.6377,0.023692,cb
102582407.IB,6/5/2026,101.6502,0.023656,cb
102582407.IB,6/8/2026,101.6516,0.023645,cb
102582407.IB,6/9/2026,101.6646,0.023609,cb
102582407.IB,6/10/2026,101.6658,0.023603,cb
102582407.IB,6/11/2026,101.6467,0.02365,cb
102582407.IB,6/12/2026,101.6099,0.023744,cb
102582407.IB,6/15/2026,101.596,0.023773,cb
102582407.IB,6/16/2026,101.6034,0.023751,cb
102582407.IB,6/17/2026,101.6374,0.023658,cb
102582407.IB,6/18/2026,101.6451,0.023635,cb
102582407.IB,6/22/2026,101.6021,0.023736,cb
102582407.IB,6/23/2026,101.5819,0.023787,cb
102582407.IB,6/24/2026,101.6086,0.023713,cb
102582407.IB,6/25/2026,101.6428,0.02362,cb
102582407.IB,6/26/2026,101.6672,0.023552,cb
102582407.IB,6/29/2026,101.6911,0.02348,cb
102582407.IB,6/30/2026,101.7004,0.023452,cb
102582407.IB,7/1/2026,101.6833,0.023494,cb
102582407.IB,7/2/2026,101.6782,0.023504,cb
102582407.IB,7/3/2026,101.6769,0.023505,cb
102582407.IB,7/6/2026,101.6829,0.023479,cb
102582407.IB,7/7/2026,101.7009,0.023428,cb
102582407.IB,7/8/2026,101.709,0.023404,cb
102582407.IB,7/9/2026,101.7062,0.023408,cb
102582407.IB,7/10/2026,101.7104,0.023393,cb
102582407.IB,7/13/2026,101.7233,0.023349,cb
102582407.IB,7/14/2026,101.7299,0.023329,cb
102582407.IB,7/15/2026,101.7284,0.023329,cb
102582407.IB,7/16/2026,101.7112,0.023372,cb
102582407.IB,7/17/2026,101.7162,0.023355,cb
102582407.IB,7/20/2026,101.7167,0.023344,cb
102582407.IB,7/21/2026,101.7152,0.023345,cb
102582407.IB,7/22/2026,101.7266,0.023311,cb
102582407.IB,7/23/2026,101.6913,0.023402,cb
102582407.IB,7/24/2026,101.7023,0.02337,cb
102582407.IB,7/27/2026,101.686,0.023404,cb
102582407.IB,7/28/2026,101.6795,0.023418,cb
102582407.IB,7/29/2026,101.7055,0.023345,cb
102582407.IB,7/30/2026,101.7055,0.023341,cb
102582407.IB,7/31/2026,101.6773,0.023414,cb
102582407.IB,8/3/2026,101.7208,0.023287,cb
102582407.IB,8/4/2026,101.7503,0.023204,cb
102582407.IB,8/5/2026,101.7413,0.023225,cb
102582407.IB,8/6/2026,101.6758,0.023399,cb
102582407.IB,8/7/2026,101.6878,0.023363,cb
102582407.IB,8/10/2026,101.6993,0.023322,cb
102582407.IB,8/11/2026,101.71,0.023289,cb
102582407.IB,8/12/2026,101.7008,0.023311,cb
102582407.IB,8/13/2026,101.7404,0.0232,cb
102582407.IB,8/14/2026,101.7192,0.023254,cb
102582407.IB,8/17/2026,101.722,0.023237,cb
102582407.IB,8/18/2026,101.7648,0.023116,cb
102582407.IB,8/19/2026,101.8041,0.023006,cb
102582407.IB,8/20/2026,101.832,0.022926,cb
102582407.IB,8/21/2026,101.8494,0.022875,cb
152758.SH,8/22/2025,61.8848,0.020488,cb
152758.SH,8/25/2025,61.8687,0.020438,cb
152758.SH,8/26/2025,61.8662,0.020389,cb
152758.SH,8/27/2025,61.8719,0.020246,cb
152758.SH,8/28/2025,61.8673,0.020219,cb
152758.SH,8/29/2025,61.8622,0.020199,cb
152758.SH,9/1/2025,61.8445,0.020166,cb
152758.SH,9/2/2025,61.8384,0.020158,cb
152758.SH,9/3/2025,61.8418,0.020039,cb
152758.SH,9/4/2025,61.8436,0.019937,cb
152758.SH,9/5/2025,61.8343,0.019965,cb
152758.SH,9/8/2025,61.8094,0.020015,cb
152758.SH,9/9/2025,61.798,0.020069,cb
152758.SH,9/10/2025,61.7745,0.020264,cb
152758.SH,9/11/2025,61.754,0.020425,cb
152758.SH,9/12/2025,61.7455,0.020446,cb
152758.SH,9/15/2025,61.7275,0.020417,cb
152758.SH,9/16/2025,61.7218,0.020404,cb
152758.SH,9/17/2025,61.7198,0.020346,cb
152758.SH,9/18/2025,61.7109,0.02037,cb
152758.SH,9/19/2025,61.6988,0.020434,cb
152758.SH,9/22/2025,61.6795,0.02042,cb
152758.SH,9/23/2025,61.6531,0.020658,cb
152758.SH,9/24/2025,61.6314,0.020839,cb
152758.SH,9/25/2025,61.6,0.021139,cb
152758.SH,9/26/2025,61.5854,0.021235,cb
152758.SH,9/29/2025,61.5629,0.021266,cb
152758.SH,9/30/2025,61.5611,0.021206,cb
152758.SH,10/9/2025,61.5054,0.021151,cb
152758.SH,10/10/2025,61.4958,0.021188,cb
152758.SH,10/13/2025,61.4903,0.021004,cb
152758.SH,10/14/2025,61.4821,0.021022,cb
152758.SH,10/15/2025,61.48,0.020964,cb
152758.SH,10/16/2025,61.4815,0.02086,cb
152758.SH,10/17/2025,61.4897,0.02067,cb
152758.SH,10/20/2025,61.4727,0.020628,cb
152758.SH,10/21/2025,61.4756,0.020504,cb
152758.SH,10/22/2025,61.4839,0.020309,cb
152758.SH,10/23/2025,61.4872,0.020179,cb
152758.SH,10/24/2025,61.4816,0.020163,cb
152758.SH,10/27/2025,61.4652,0.020109,cb
152758.SH,10/28/2025,61.4777,0.019858,cb
152758.SH,10/29/2025,61.4874,0.019641,cb
152758.SH,10/30/2025,61.4855,0.019575,cb
152758.SH,10/31/2025,61.4909,0.019414,cb
152758.SH,11/3/2025,61.477,0.019322,cb
152758.SH,11/4/2025,61.4812,0.019175,cb
152758.SH,11/5/2025,61.4813,0.019079,cb
152758.SH,11/6/2025,61.4729,0.019098,cb
152758.SH,11/7/2025,61.4726,0.019008,cb
152758.SH,11/10/2025,61.4518,0.019005,cb
152758.SH,11/11/2025,61.4456,0.018993,cb
152758.SH,11/12/2025,61.4418,0.01895,cb
152758.SH,11/13/2025,61.4334,0.018968,cb
152758.SH,11/14/2025,61.4253,0.018982,cb
152758.SH,11/17/2025,61.403,0.018998,cb
152758.SH,11/18/2025,61.401,0.01893,cb
152758.SH,11/19/2025,61.3941,0.018928,cb
152758.SH,11/20/2025,61.3842,0.018967,cb
152758.SH,11/21/2025,61.3722,0.019034,cb
152758.SH,11/24/2025,61.3465,0.019098,cb
152758.SH,11/25/2025,61.3401,0.019089,cb
152758.SH,11/26/2025,61.3209,0.019258,cb
152758.SH,11/27/2025,61.3008,0.019441,cb
152758.SH,11/28/2025,61.2953,0.019421,cb
152758.SH,12/1/2025,61.1321,0.021423,cb
152758.SH,12/2/2025,61.1245,0.021436,cb
152758.SH,12/3/2025,61.1148,0.021481,cb
152758.SH,12/4/2025,61.0906,0.021731,cb
152758.SH,12/5/2025,61.0771,0.021829,cb
152758.SH,12/8/2025,61.0525,0.0219,cb
152758.SH,12/9/2025,61.0482,0.021868,cb
152758.SH,12/10/2025,61.0779,0.021345,cb
152758.SH,12/11/2025,61.0714,0.021343,cb
152758.SH,12/12/2025,61.0656,0.021331,cb
152758.SH,12/15/2025,61.0434,0.021364,cb
152758.SH,12/16/2025,61.0358,0.021379,cb
152758.SH,12/17/2025,61.0285,0.021387,cb
152758.SH,12/18/2025,61.0268,0.021315,cb
152758.SH,12/19/2025,61.024,0.021258,cb
152758.SH,12/22/2025,61.0131,0.021124,cb
152758.SH,12/23/2025,61.0061,0.021129,cb
152758.SH,12/24/2025,60.9975,0.021158,cb
152758.SH,12/25/2025,61.0018,0.020993,cb
152758.SH,12/26/2025,60.9978,0.020953,cb
152758.SH,12/29/2025,60.9717,0.021044,cb
152758.SH,12/30/2025,60.9636,0.021065,cb
152758.SH,12/31/2025,60.9591,0.021032,cb
152758.SH,1/5/2026,60.9319,0.020936,cb
152758.SH,1/6/2026,60.9272,0.020905,cb
152758.SH,1/7/2026,60.9189,0.020931,cb
152758.SH,1/8/2026,60.914,0.020902,cb
152758.SH,1/9/2026,60.9079,0.020892,cb
152758.SH,1/12/2026,60.9222,0.020354,cb
152758.SH,1/13/2026,60.916,0.020345,cb
152758.SH,1/14/2026,60.9078,0.020367,cb
152758.SH,1/15/2026,60.9015,0.020359,cb
152758.SH,1/16/2026,60.9028,0.020231,cb
152758.SH,1/19/2026,60.8828,0.020223,cb
152758.SH,1/20/2026,60.8752,0.020236,cb
152758.SH,1/21/2026,60.8748,0.020134,cb
152758.SH,1/22/2026,60.8701,0.020099,cb
152758.SH,1/23/2026,60.8658,0.020059,cb
152758.SH,1/26/2026,60.8458,0.020049,cb
152758.SH,1/27/2026,60.8428,0.019987,cb
152758.SH,1/28/2026,60.8341,0.020017,cb
152758.SH,1/29/2026,60.827,0.020021,cb
152758.SH,1/30/2026,60.8209,0.020009,cb
152758.SH,2/2/2026,60.7997,0.020019,cb
152758.SH,2/3/2026,60.7946,0.01999,cb
152758.SH,2/4/2026,60.7909,0.019937,cb
152758.SH,2/5/2026,60.7861,0.019903,cb
152758.SH,2/6/2026,60.7837,0.019827,cb
152758.SH,2/9/2026,40.7717,0.019775,cb
152758.SH,2/10/2026,40.7425,0.020243,cb
152758.SH,2/11/2026,40.74,0.020262,cb
152758.SH,2/12/2026,40.7432,0.020184,cb
152758.SH,2/13/2026,40.7437,0.020152,cb
152758.SH,2/24/2026,40.7373,0.019998,cb
152758.SH,2/25/2026,40.736,0.019997,cb
152758.SH,2/26/2026,40.7325,0.020033,cb
152758.SH,2/27/2026,40.7306,0.020043,cb
152758.SH,3/2/2026,40.7308,0.019965,cb
152758.SH,3/3/2026,40.733,0.019902,cb
152758.SH,3/4/2026,40.7379,0.019791,cb
152758.SH,3/5/2026,40.7408,0.019715,cb
152758.SH,3/6/2026,40.7457,0.019604,cb
152758.SH,3/9/2026,40.7378,0.019666,cb
152758.SH,3/10/2026,40.74,0.019603,cb
152758.SH,3/11/2026,40.7394,0.019587,cb
152758.SH,3/12/2026,40.7378,0.019591,cb
152758.SH,3/13/2026,40.7393,0.019538,cb
152758.SH,3/16/2026,40.7341,0.019552,cb
152758.SH,3/17/2026,40.7356,0.019499,cb
152758.SH,3/18/2026,40.7376,0.019436,cb
152758.SH,3/19/2026,40.7392,0.019382,cb
152758.SH,3/20/2026,40.7397,0.019347,cb
152758.SH,3/23/2026,40.7365,0.019324,cb
152758.SH,3/24/2026,40.7403,0.019228,cb
152758.SH,3/25/2026,40.7135,0.019691,cb
152758.SH,3/26/2026,40.7109,0.019712,cb
152758.SH,3/27/2026,40.7109,0.019686,cb
152758.SH,3/30/2026,40.7131,0.019566,cb
152758.SH,3/31/2026,40.7186,0.019438,cb
152758.SH,4/1/2026,40.7186,0.01941,cb
152758.SH,4/2/2026,40.7206,0.019346,cb
152758.SH,4/3/2026,40.7255,0.019227,cb
152758.SH,4/7/2026,40.7266,0.019096,cb
152758.SH,4/8/2026,40.729,0.019023,cb
152758.SH,4/9/2026,40.7207,0.019151,cb
152758.SH,4/10/2026,40.7251,0.019041,cb
152758.SH,4/13/2026,40.7203,0.019045,cb
152758.SH,4/14/2026,40.7172,0.019075,cb
152758.SH,4/15/2026,40.7178,0.019035,cb
152758.SH,4/16/2026,40.7162,0.019038,cb
152758.SH,4/17/2026,40.7159,0.019015,cb
152758.SH,4/20/2026,40.7129,0.018985,cb
152758.SH,4/21/2026,40.7166,0.018886,cb
152758.SH,4/22/2026,40.7182,0.018826,cb
152758.SH,4/23/2026,40.7196,0.018769,cb
152758.SH,4/24/2026,40.7124,0.01888,cb
152758.SH,4/27/2026,40.7074,0.018888,cb
152758.SH,4/28/2026,40.7065,0.018876,cb
152758.SH,4/29/2026,40.7062,0.018851,cb
152758.SH,4/30/2026,40.7089,0.01877,cb
152758.SH,5/6/2026,40.698,0.018803,cb
152758.SH,5/7/2026,40.6977,0.01878,cb
152758.SH,5/8/2026,40.6972,0.018759,cb
152758.SH,5/11/2026,40.6911,0.01879,cb
152758.SH,5/12/2026,40.6951,0.018678,cb
152758.SH,5/13/2026,40.7001,0.018545,cb
152758.SH,5/14/2026,40.6989,0.018539,cb
152758.SH,5/15/2026,40.7011,0.018463,cb
152758.SH,5/18/2026,40.6984,0.018423,cb
152758.SH,5/19/2026,40.6971,0.018418,cb
152758.SH,5/20/2026,40.6978,0.018371,cb
152758.SH,5/21/2026,40.6971,0.018353,cb
152758.SH,5/22/2026,40.6982,0.018298,cb
152758.SH,5/25/2026,40.6953,0.01826,cb
152758.SH,5/26/2026,40.6973,0.018186,cb
152758.SH,5/27/2026,40.6997,0.018104,cb
152758.SH,5/28/2026,40.7019,0.018025,cb
152758.SH,5/29/2026,40.7047,0.017933,cb
152758.SH,6/1/2026,40.7034,0.017858,cb
152758.SH,6/2/2026,40.705,0.017789,cb
152758.SH,6/3/2026,40.7049,0.017757,cb
152758.SH,6/4/2026,40.7011,0.017803,cb
152758.SH,6/5/2026,40.7008,0.017776,cb
152758.SH,6/8/2026,40.6947,0.0178,cb
152758.SH,6/9/2026,40.6859,0.017955,cb
152758.SH,6/10/2026,40.683,0.017981,cb
152758.SH,6/11/2026,40.6671,0.01829,cb
152758.SH,6/12/2026,40.6594,0.018421,cb
152758.SH,6/15/2026,40.6538,0.018442,cb
152758.SH,6/16/2026,40.6511,0.018467,cb
152758.SH,6/17/2026,40.6747,0.017918,cb
152758.SH,6/18/2026,40.6747,0.017883,cb
152758.SH,6/22/2026,40.6699,0.017844,cb
152758.SH,6/23/2026,40.6622,0.017979,cb
152758.SH,6/24/2026,40.6625,0.017936,cb
152758.SH,6/25/2026,40.6657,0.017829,cb
152758.SH,6/26/2026,40.6622,0.017871,cb
152758.SH,6/29/2026,40.6583,0.01785,cb
152758.SH,6/30/2026,40.6534,0.017924,cb
152758.SH,7/1/2026,40.6477,0.018017,cb
152758.SH,7/2/2026,40.6473,0.01799,cb
152758.SH,7/3/2026,40.6467,0.017968,cb
152758.SH,7/6/2026,40.6431,0.017939,cb
152758.SH,7/7/2026,40.6437,0.017887,cb
152758.SH,7/8/2026,40.6411,0.01791,cb
152758.SH,7/9/2026,40.6372,0.017963,cb
152758.SH,7/10/2026,40.6392,0.017879,cb
152758.SH,7/13/2026,40.6348,0.017869,cb
152758.SH,7/14/2026,40.6333,0.017866,cb
152758.SH,7/15/2026,40.6294,0.017921,cb
152758.SH,7/16/2026,40.6272,0.017934,cb
152758.SH,7/17/2026,40.6257,0.017932,cb
152758.SH,7/20/2026,40.6218,0.017908,cb
152758.SH,7/21/2026,40.6227,0.01785,cb
152758.SH,7/22/2026,40.6203,0.017869,cb
152758.SH,7/23/2026,40.6227,0.017772,cb
152758.SH,7/24/2026,40.6209,0.017776,cb
152758.SH,7/27/2026,40.6162,0.017772,cb
152758.SH,7/28/2026,40.6096,0.017892,cb
152758.SH,7/29/2026,40.6054,0.017955,cb
152758.SH,7/30/2026,40.6049,0.017928,cb
152758.SH,7/31/2026,40.6058,0.017866,cb
152758.SH,8/3/2026,40.6017,0.017849,cb
152758.SH,8/4/2026,40.6045,0.017739,cb
152758.SH,8/5/2026,40.6031,0.017736,cb
152758.SH,8/6/2026,40.5987,0.017803,cb
152758.SH,8/7/2026,40.5989,0.017758,cb
152758.SH,8/10/2026,40.5888,0.01789,cb
152758.SH,8/11/2026,40.5903,0.017811,cb
152758.SH,8/12/2026,40.5895,0.01779,cb
152758.SH,8/13/2026,40.5893,0.017754,cb
152758.SH,8/14/2026,40.5922,0.017639,cb
152758.SH,8/17/2026,40.5883,0.017614,cb
152758.SH,8/18/2026,40.587,0.017606,cb
152758.SH,8/19/2026,40.5851,0.017611,cb
152758.SH,8/20/2026,40.5862,0.017542,cb
152758.SH,8/21/2026,40.5831,0.017578,cb
184282.SH,8/22/2025,84.7766,0.022714,cb
184282.SH,8/25/2025,84.7731,0.022621,cb
184282.SH,8/26/2025,84.7671,0.022619,cb
184282.SH,8/27/2025,84.7678,0.022577,cb
184282.SH,8/28/2025,84.7574,0.022602,cb
184282.SH,8/29/2025,84.749,0.022615,cb
184282.SH,9/1/2025,84.7354,0.022582,cb
184282.SH,9/2/2025,84.7238,0.022615,cb
184282.SH,9/3/2025,84.7356,0.022504,cb
184282.SH,9/4/2025,84.7475,0.022393,cb
184282.SH,9/5/2025,84.7493,0.022344,cb
184282.SH,9/8/2025,84.715,0.022437,cb
184282.SH,9/9/2025,84.7021,0.022477,cb
184282.SH,9/10/2025,84.6774,0.02259,cb
184282.SH,9/11/2025,84.6521,0.022706,cb
184282.SH,9/12/2025,84.6311,0.022797,cb
184282.SH,9/15/2025,84.626,0.022713,cb
184282.SH,9/16/2025,84.622,0.022698,cb
184282.SH,9/17/2025,84.6215,0.022663,cb
184282.SH,9/18/2025,84.6151,0.022663,cb
184282.SH,9/19/2025,84.5973,0.022735,cb
184282.SH,9/22/2025,84.574,0.022763,cb
184282.SH,9/23/2025,84.5333,0.022978,cb
184282.SH,9/24/2025,84.4953,0.023178,cb
184282.SH,9/25/2025,84.4407,0.023481,cb
184282.SH,9/26/2025,84.4297,0.023512,cb
184282.SH,9/29/2025,84.4044,0.023557,cb
184282.SH,9/30/2025,84.3984,0.023556,cb
184282.SH,10/9/2025,84.355,0.023484,cb
184282.SH,10/10/2025,84.3419,0.023528,cb
184282.SH,10/13/2025,84.3516,0.023349,cb
184282.SH,10/14/2025,84.3454,0.023349,cb
184282.SH,10/15/2025,84.3536,0.023256,cb
184282.SH,10/16/2025,84.356,0.023201,cb
184282.SH,10/17/2025,84.3747,0.02304,cb
184282.SH,10/20/2025,84.3598,0.023016,cb
184282.SH,10/21/2025,84.38,0.022844,cb
184282.SH,10/22/2025,84.4023,0.022658,cb
184282.SH,10/23/2025,84.4197,0.022504,cb
184282.SH,10/24/2025,84.4243,0.022433,cb
184282.SH,10/27/2025,84.4168,0.022357,cb
184282.SH,10/28/2025,84.454,0.022072,cb
184282.SH,10/29/2025,84.4825,0.021843,cb
184282.SH,10/30/2025,84.498,0.021699,cb
184282.SH,10/31/2025,84.5195,0.021514,cb
184282.SH,11/3/2025,84.5162,0.021407,cb
184282.SH,11/4/2025,84.5267,0.021294,cb
184282.SH,11/5/2025,84.53,0.021229,cb
184282.SH,11/6/2025,84.5226,0.021234,cb
184282.SH,11/7/2025,84.5199,0.021208,cb
184282.SH,11/10/2025,84.5032,0.021188,cb
184282.SH,11/11/2025,84.5071,0.021118,cb
184282.SH,11/12/2025,84.5071,0.021073,cb
184282.SH,11/13/2025,84.5003,0.021075,cb
184282.SH,11/14/2025,84.4948,0.021067,cb
184282.SH,11/17/2025,84.4721,0.021086,cb
184282.SH,11/18/2025,84.4749,0.021023,cb
184282.SH,11/19/2025,84.4713,0.021002,cb
184282.SH,11/20/2025,84.4606,0.02103,cb
184282.SH,11/21/2025,84.4395,0.021128,cb
184282.SH,11/24/2025,84.4014,0.021252,cb
184282.SH,11/25/2025,84.3889,0.021292,cb
184282.SH,11/26/2025,84.3573,0.021463,cb
184282.SH,11/27/2025,84.3291,0.021612,cb
184282.SH,11/28/2025,84.3267,0.021583,cb
184282.SH,12/1/2025,84.3073,0.021582,cb
184282.SH,12/2/2025,84.2977,0.021604,cb
184282.SH,12/3/2025,84.2823,0.021665,cb
184282.SH,12/4/2025,84.2402,0.021912,cb
184282.SH,12/5/2025,84.2217,0.021996,cb
184282.SH,12/8/2025,84.1917,0.022071,cb
184282.SH,12/9/2025,84.1909,0.022032,cb
184282.SH,12/10/2025,84.1879,0.022008,cb
184282.SH,12/11/2025,84.1885,0.021959,cb
184282.SH,12/12/2025,84.1892,0.021909,cb
184282.SH,12/15/2025,84.1537,0.022023,cb
184282.SH,12/16/2025,84.1479,0.022019,cb
184282.SH,12/17/2025,84.1432,0.022007,cb
184282.SH,12/18/2025,84.13,0.022055,cb
184282.SH,12/19/2025,84.1268,0.022032,cb
184282.SH,12/22/2025,84.1107,0.02201,cb
184282.SH,12/23/2025,84.1184,0.02191,cb
184282.SH,12/24/2025,84.1112,0.021915,cb
184282.SH,12/25/2025,84.1223,0.021789,cb
184282.SH,12/26/2025,84.1164,0.021786,cb
184282.SH,12/29/2025,84.0917,0.021824,cb
184282.SH,12/30/2025,84.087,0.021811,cb
184282.SH,12/31/2025,84.0937,0.021717,cb
184282.SH,1/5/2026,84.0695,0.021657,cb
184282.SH,1/6/2026,84.0584,0.021691,cb
184282.SH,1/7/2026,84.049,0.021713,cb
184282.SH,1/8/2026,84.0398,0.021733,cb
184282.SH,1/9/2026,84.0315,0.021746,cb
184282.SH,1/12/2026,84.0173,0.021708,cb
184282.SH,1/13/2026,84.0214,0.02163,cb
184282.SH,1/14/2026,84.0204,0.02159,cb
184282.SH,1/15/2026,84.0154,0.021578,cb
184282.SH,1/16/2026,84.0321,0.021406,cb
184282.SH,1/19/2026,84.0206,0.021346,cb
184282.SH,1/20/2026,84.0216,0.021289,cb
184282.SH,1/21/2026,84.0301,0.021177,cb
184282.SH,1/22/2026,84.0314,0.021118,cb
184282.SH,1/23/2026,84.0335,0.021053,cb
184282.SH,1/26/2026,84.0241,0.020974,cb
184282.SH,1/27/2026,84.0232,0.020931,cb
184282.SH,1/28/2026,84.0194,0.020909,cb
184282.SH,1/29/2026,84.0112,0.020921,cb
184282.SH,1/30/2026,84.0078,0.020896,cb
184282.SH,2/2/2026,83.989,0.020888,cb
184282.SH,2/3/2026,83.9854,0.020865,cb
184282.SH,2/4/2026,83.9808,0.020849,cb
184282.SH,2/5/2026,83.9768,0.020828,cb
184282.SH,2/6/2026,83.9784,0.020765,cb
184282.SH,2/9/2026,83.9675,0.020695,cb
184282.SH,2/10/2026,83.9699,0.020624,cb
184282.SH,2/11/2026,83.9617,0.020636,cb
184282.SH,2/12/2026,83.9579,0.020614,cb
184282.SH,2/13/2026,83.9614,0.020534,cb
184282.SH,2/24/2026,83.8965,0.020463,cb
184282.SH,2/25/2026,83.8878,0.020479,cb
184282.SH,2/26/2026,83.8779,0.020503,cb
184282.SH,2/27/2026,83.8679,0.020529,cb
184282.SH,3/2/2026,83.8563,0.020461,cb
184282.SH,3/3/2026,83.8516,0.020445,cb
184282.SH,3/4/2026,83.8548,0.020365,cb
184282.SH,3/5/2026,83.8543,0.020314,cb
184282.SH,3/6/2026,83.8611,0.020205,cb
184282.SH,3/9/2026,83.8346,0.020255,cb
184282.SH,3/10/2026,83.8288,0.020247,cb
184282.SH,3/11/2026,83.8259,0.020215,cb
184282.SH,3/12/2026,83.8207,0.020202,cb
184282.SH,3/13/2026,83.8293,0.020077,cb
184282.SH,3/16/2026,63.8113,0.020082,cb
184282.SH,3/17/2026,63.8127,0.020028,cb
184282.SH,3/18/2026,63.824,0.019892,cb
184282.SH,3/19/2026,63.8292,0.019806,cb
184282.SH,3/20/2026,63.8274,0.019777,cb
184282.SH,3/23/2026,63.809,0.019798,cb
184282.SH,3/24/2026,63.8174,0.019685,cb
184282.SH,3/25/2026,63.8192,0.019626,cb
184282.SH,3/26/2026,63.8202,0.019574,cb
184282.SH,3/27/2026,63.825,0.01949,cb
184282.SH,3/30/2026,63.8147,0.019442,cb
184282.SH,3/31/2026,63.8171,0.019378,cb
184282.SH,4/1/2026,63.82,0.019309,cb
184282.SH,4/2/2026,63.8263,0.019211,cb
184282.SH,4/3/2026,63.8342,0.0191,cb
184282.SH,4/7/2026,63.826,0.018987,cb
184282.SH,4/8/2026,63.8329,0.018883,cb
184282.SH,4/9/2026,63.8185,0.018959,cb
184282.SH,4/10/2026,63.8233,0.018873,cb
184282.SH,4/13/2026,63.8065,0.018877,cb
184282.SH,4/14/2026,63.7993,0.018892,cb
184282.SH,4/15/2026,63.7953,0.01888,cb
184282.SH,4/16/2026,63.789,0.018888,cb
184282.SH,4/17/2026,63.7821,0.0189,cb
184282.SH,4/20/2026,63.7684,0.018878,cb
184282.SH,4/21/2026,63.7751,0.018774,cb
184282.SH,4/22/2026,63.7738,0.018739,cb
184282.SH,4/23/2026,63.7667,0.018753,cb
184282.SH,4/24/2026,63.7516,0.018836,cb
184282.SH,4/27/2026,63.7353,0.018835,cb
184282.SH,4/28/2026,63.7328,0.01881,cb
184282.SH,4/29/2026,63.7308,0.01878,cb
184282.SH,4/30/2026,63.7329,0.018715,cb
184282.SH,5/6/2026,63.6911,0.018795,cb
184282.SH,5/7/2026,63.6852,0.018798,cb
184282.SH,5/8/2026,63.6802,0.018795,cb
184282.SH,5/11/2026,63.6544,0.018878,cb
184282.SH,5/12/2026,63.6615,0.018768,cb
184282.SH,5/13/2026,63.6692,0.018651,cb
184282.SH,5/14/2026,63.6677,0.018616,cb
184282.SH,5/15/2026,63.6694,0.018552,cb
184282.SH,5/18/2026,63.6616,0.018476,cb
184282.SH,5/19/2026,63.6588,0.018451,cb
184282.SH,5/20/2026,63.6605,0.018387,cb
184282.SH,5/21/2026,63.6627,0.018318,cb
184282.SH,5/22/2026,63.6629,0.018266,cb
184282.SH,5/25/2026,63.6517,0.018218,cb
184282.SH,5/26/2026,63.6559,0.01813,cb
184282.SH,5/27/2026,63.6586,0.018055,cb
184282.SH,5/28/2026,63.6603,0.01799,cb
184282.SH,5/29/2026,63.6669,0.01788,cb
184282.SH,6/1/2026,63.6556,0.01783,cb
184282.SH,6/2/2026,63.6614,0.017727,cb
184282.SH,6/3/2026,63.6622,0.017668,cb
184282.SH,6/4/2026,63.6571,0.017664,cb
184282.SH,6/5/2026,63.6568,0.017615,cb
184282.SH,6/8/2026,63.6358,0.017652,cb
184282.SH,6/9/2026,63.615,0.017792,cb
184282.SH,6/10/2026,63.6011,0.017868,cb
184282.SH,6/11/2026,63.56,0.018197,cb
184282.SH,6/12/2026,63.5483,0.018254,cb
184282.SH,6/15/2026,63.5305,0.018265,cb
184282.SH,6/16/2026,63.5243,0.018271,cb
184282.SH,6/17/2026,63.5225,0.018237,cb
184282.SH,6/18/2026,63.5212,0.018197,cb
184282.SH,6/22/2026,63.5016,0.018174,cb
184282.SH,6/23/2026,63.4833,0.018294,cb
184282.SH,6/24/2026,63.4804,0.018268,cb
184282.SH,6/25/2026,63.4813,0.018208,cb
184282.SH,6/26/2026,63.4762,0.018204,cb
184282.SH,6/29/2026,63.4636,0.018166,cb
184282.SH,6/30/2026,63.456,0.018186,cb
184282.SH,7/1/2026,63.4353,0.018331,cb
184282.SH,7/2/2026,63.4285,0.018343,cb
184282.SH,7/3/2026,63.4224,0.018349,cb
184282.SH,7/6/2026,63.4091,0.018318,cb
184282.SH,7/7/2026,63.4071,0.018284,cb
184282.SH,7/8/2026,63.3977,0.018321,cb
184282.SH,7/9/2026,63.391,0.018333,cb
184282.SH,7/10/2026,63.3934,0.018256,cb
184282.SH,7/13/2026,63.3789,0.018236,cb
184282.SH,7/14/2026,63.3759,0.018212,cb
184282.SH,7/15/2026,63.3689,0.018226,cb
184282.SH,7/16/2026,63.3683,0.018179,cb
184282.SH,7/17/2026,63.3633,0.018173,cb
184282.SH,7/20/2026,63.3456,0.018184,cb
184282.SH,7/21/2026,63.346,0.018125,cb
184282.SH,7/22/2026,63.3425,0.018106,cb
184282.SH,7/23/2026,63.3406,0.018069,cb
184282.SH,7/24/2026,63.336,0.01806,cb
184282.SH,7/27/2026,63.3228,0.018025,cb
184282.SH,7/28/2026,63.3056,0.018141,cb
184282.SH,7/29/2026,63.3026,0.018116,cb
184282.SH,7/30/2026,63.2994,0.018093,cb
184282.SH,7/31/2026,63.3011,0.01802,cb
184282.SH,8/3/2026,63.2535,0.018332,cb
184282.SH,8/4/2026,63.2508,0.018303,cb
184282.SH,8/5/2026,63.2456,0.018301,cb
184282.SH,8/6/2026,63.2395,0.018306,cb
184282.SH,8/7/2026,63.2394,0.018252,cb
184282.SH,8/10/2026,63.2176,0.018305,cb
184282.SH,8/11/2026,63.2198,0.018226,cb
184282.SH,8/12/2026,63.2118,0.018252,cb
184282.SH,8/13/2026,63.2094,0.01822,cb
184282.SH,8/14/2026,63.2076,0.018181,cb
184282.SH,8/17/2026,63.194,0.018151,cb
184282.SH,8/18/2026,63.1915,0.01812,cb
184282.SH,8/19/2026,63.1856,0.018123,cb
184282.SH,8/20/2026,63.1824,0.018099,cb
184282.SH,8/21/2026,63.1723,0.018146,cb
184775.SH,8/22/2025,101.9767,0.021182,cb
184775.SH,8/25/2025,101.9562,0.021106,cb
184775.SH,8/26/2025,101.9423,0.021188,cb
184775.SH,8/27/2025,101.9312,0.02123,cb
184775.SH,8/28/2025,101.9225,0.021232,cb
184775.SH,8/29/2025,101.9226,0.021099,cb
184775.SH,9/1/2025,101.8988,0.021071,cb
184775.SH,9/2/2025,101.8966,0.020971,cb
184775.SH,9/3/2025,101.8902,0.020936,cb
184775.SH,9/4/2025,101.8865,0.020859,cb
184775.SH,9/5/2025,101.8791,0.020841,cb
184775.SH,9/8/2025,101.8403,0.021053,cb
184775.SH,9/9/2025,101.8329,0.021035,cb
184775.SH,9/10/2025,101.8104,0.021265,cb
184775.SH,9/11/2025,101.798,0.02133,cb
184775.SH,9/12/2025,101.7922,0.021286,cb
184775.SH,9/15/2025,101.7681,0.021266,cb
184775.SH,9/16/2025,101.7597,0.021265,cb
184775.SH,9/17/2025,101.75,0.021286,cb
184775.SH,9/18/2025,101.7372,0.021359,cb
184775.SH,9/19/2025,101.7244,0.021435,cb
184775.SH,9/22/2025,101.7023,0.021381,cb
184775.SH,9/23/2025,101.6868,0.021506,cb
184775.SH,9/24/2025,101.6704,0.021646,cb
184775.SH,9/25/2025,101.6486,0.021883,cb
184775.SH,9/26/2025,101.6375,0.021934,cb
184775.SH,9/29/2025,101.611,0.021964,cb
184775.SH,9/30/2025,101.6187,0.021676,cb
184775.SH,10/9/2025,101.5539,0.021483,cb
184775.SH,10/10/2025,101.5459,0.021477,cb
184775.SH,10/13/2025,101.5345,0.021211,cb
184775.SH,10/14/2025,101.5247,0.021238,cb
184775.SH,10/15/2025,101.5165,0.021232,cb
184775.SH,10/16/2025,101.5155,0.021086,cb
184775.SH,10/17/2025,101.5074,0.021078,cb
184775.SH,10/20/2025,101.4806,0.021107,cb
184775.SH,10/21/2025,101.473,0.021088,cb
184775.SH,10/22/2025,101.4664,0.021051,cb
184775.SH,10/23/2025,101.4596,0.021016,cb
184775.SH,10/24/2025,101.455,0.020936,cb
184775.SH,10/27/2025,101.4267,0.020994,cb
184775.SH,10/28/2025,101.4213,0.020927,cb
184775.SH,10/29/2025,101.4149,0.020883,cb
184775.SH,10/30/2025,101.4086,0.020835,cb
184775.SH,10/31/2025,101.4003,0.02083,cb
184775.SH,11/3/2025,101.3789,0.020739,cb
184775.SH,11/4/2025,101.3717,0.020709,cb
184775.SH,11/5/2025,101.3683,0.020595,cb
184775.SH,11/6/2025,101.3563,0.02067,cb
184775.SH,11/7/2025,101.3475,0.020674,cb
184775.SH,11/10/2025,101.3268,0.02056,cb
184775.SH,11/11/2025,101.3204,0.02051,cb
184775.SH,11/12/2025,101.313,0.020482,cb
184775.SH,11/13/2025,101.3062,0.020439,cb
184775.SH,11/14/2025,101.2986,0.020415,cb
184775.SH,11/17/2025,101.2756,0.020344,cb
184775.SH,11/18/2025,101.2704,0.020262,cb
184775.SH,11/19/2025,101.2613,0.020271,cb
184775.SH,11/20/2025,101.2511,0.020307,cb
184775.SH,11/21/2025,101.2339,0.020516,cb
184775.SH,11/24/2025,101.2104,0.020458,cb
184775.SH,11/25/2025,101.202,0.020452,cb
184775.SH,11/26/2025,101.1914,0.020503,cb
184775.SH,11/27/2025,101.1749,0.020703,cb
184775.SH,11/28/2025,101.1657,0.020719,cb
184775.SH,12/1/2025,101.1395,0.020735,cb
184775.SH,12/2/2025,101.1313,0.020725,cb
184775.SH,12/3/2025,101.1216,0.020755,cb
184775.SH,12/4/2025,101.1072,0.020913,cb
184775.SH,12/5/2025,101.0946,0.021023,cb
184775.SH,12/8/2025,101.0704,0.020992,cb
184775.SH,12/9/2025,101.0625,0.020974,cb
184775.SH,12/10/2025,101.0502,0.021083,cb
184775.SH,12/11/2025,101.0484,0.020893,cb
184775.SH,12/12/2025,101.0434,0.020794,cb
184775.SH,12/15/2025,101.0155,0.020862,cb
184775.SH,12/16/2025,101.0069,0.020865,cb
184775.SH,12/17/2025,100.9959,0.02094,cb
184775.SH,12/18/2025,100.9867,0.020961,cb
184775.SH,12/19/2025,100.9759,0.021033,cb
184775.SH,12/22/2025,100.9552,0.020888,cb
184775.SH,12/23/2025,100.946,0.020909,cb
184775.SH,12/24/2025,100.9347,0.020997,cb
184775.SH,12/25/2025,100.9255,0.02102,cb
184775.SH,12/26/2025,100.9182,0.020986,cb
184775.SH,12/29/2025,100.8918,0.02102,cb
184775.SH,12/30/2025,100.8834,0.021016,cb
184775.SH,12/31/2025,100.8745,0.021031,cb
184775.SH,1/5/2026,100.8352,0.020928,cb
184775.SH,1/6/2026,100.8264,0.02094,cb
184775.SH,1/7/2026,100.8172,0.020968,cb
184775.SH,1/8/2026,100.8094,0.020944,cb
184775.SH,1/9/2026,100.8032,0.020859,cb
184775.SH,1/12/2026,100.7755,0.020945,cb
184775.SH,1/13/2026,100.7702,0.020824,cb
184775.SH,1/14/2026,100.7601,0.020884,cb
184775.SH,1/15/2026,100.755,0.020754,cb
184775.SH,1/16/2026,100.7446,0.020829,cb
184775.SH,1/19/2026,100.7194,0.020817,cb
184775.SH,1/20/2026,100.7127,0.020742,cb
184775.SH,1/21/2026,100.7078,0.02059,cb
184775.SH,1/22/2026,100.6991,0.020596,cb
184775.SH,1/23/2026,100.6912,0.020569,cb
184775.SH,1/26/2026,100.6637,0.020647,cb
184775.SH,1/27/2026,100.6544,0.020682,cb
184775.SH,1/28/2026,100.644,0.02077,cb
184775.SH,1/29/2026,100.6363,0.020733,cb
184775.SH,1/30/2026,100.631,0.020583,cb
184775.SH,2/2/2026,100.6045,0.020624,cb
184775.SH,2/3/2026,100.5968,0.020583,cb
184775.SH,2/4/2026,100.5881,0.020589,cb
184775.SH,2/5/2026,100.5798,0.020577,cb
184775.SH,2/6/2026,100.5716,0.020556,cb
184775.SH,2/9/2026,100.5452,0.020598,cb
184775.SH,2/10/2026,100.5382,0.020513,cb
184775.SH,2/11/2026,100.5278,0.020615,cb
184775.SH,2/12/2026,100.5201,0.020569,cb
184775.SH,2/13/2026,100.5123,0.020524,cb
184775.SH,2/24/2026,100.4192,0.020455,cb
184775.SH,2/25/2026,100.4104,0.020474,cb
184775.SH,2/26/2026,100.4022,0.020445,cb
184775.SH,2/27/2026,100.393,0.020494,cb
184775.SH,3/2/2026,100.3689,0.020368,cb
184775.SH,3/3/2026,100.3603,0.020368,cb
184775.SH,3/4/2026,100.3537,0.020193,cb
184775.SH,3/5/2026,100.3449,0.02021,cb
184775.SH,3/6/2026,100.3368,0.02016,cb
184775.SH,3/9/2026,100.3115,0.020102,cb
184775.SH,3/10/2026,100.3038,0.02,cb
184775.SH,3/11/2026,100.2961,0.019908,cb
184775.SH,3/12/2026,100.6399,0.023484,cb
184775.SH,3/13/2026,100.645,0.02342,cb
184775.SH,3/16/2026,100.6126,0.023466,cb
184775.SH,3/17/2026,100.6223,0.023379,cb
184775.SH,3/18/2026,100.6367,0.023268,cb
184775.SH,3/19/2026,100.6496,0.023164,cb
184775.SH,3/20/2026,100.6539,0.023103,cb
184775.SH,3/23/2026,100.6367,0.023071,cb
184775.SH,3/24/2026,100.6531,0.022948,cb
184775.SH,3/25/2026,100.6561,0.022893,cb
184775.SH,3/26/2026,100.6623,0.022822,cb
184775.SH,3/27/2026,100.6713,0.022736,cb
184775.SH,3/30/2026,100.6588,0.022679,cb
184775.SH,3/31/2026,100.6589,0.022637,cb
184775.SH,4/1/2026,100.6561,0.022611,cb
184775.SH,4/2/2026,100.6584,0.022559,cb
184775.SH,4/3/2026,100.6711,0.022453,cb
184775.SH,4/7/2026,100.6611,0.02234,cb
184775.SH,4/8/2026,100.684,0.02218,cb
184775.SH,4/9/2026,100.6745,0.022188,cb
184775.SH,4/10/2026,100.6928,0.022052,cb
184775.SH,4/13/2026,100.6647,0.022072,cb
184775.SH,4/14/2026,80.6553,0.022078,cb
184775.SH,4/15/2026,80.6611,0.022044,cb
184775.SH,4/16/2026,80.6641,0.022024,cb
184775.SH,4/17/2026,80.6586,0.022049,cb
184775.SH,4/20/2026,80.663,0.022014,cb
184775.SH,4/21/2026,80.6786,0.021929,cb
184775.SH,4/22/2026,80.6952,0.021837,cb
184775.SH,4/23/2026,80.6829,0.021898,cb
184775.SH,4/24/2026,80.6812,0.021902,cb
184775.SH,4/27/2026,80.6824,0.021884,cb
184775.SH,4/28/2026,80.6906,0.021836,cb
184775.SH,4/29/2026,80.798,0.021267,cb
184775.SH,4/30/2026,80.7978,0.021263,cb
184775.SH,5/6/2026,80.7746,0.021356,cb
184775.SH,5/7/2026,80.7629,0.021414,cb
184775.SH,5/8/2026,80.8527,0.020933,cb
184775.SH,5/11/2026,80.832,0.021027,cb
184775.SH,5/12/2026,80.8543,0.020903,cb
184775.SH,5/13/2026,80.8511,0.020915,cb
184775.SH,5/14/2026,80.8551,0.020888,cb
184775.SH,5/15/2026,80.867,0.020819,cb
184775.SH,5/18/2026,80.8872,0.020695,cb
184775.SH,5/19/2026,80.8886,0.020682,cb
184775.SH,5/20/2026,80.9035,0.020596,cb
184775.SH,5/21/2026,80.9191,0.020507,cb
184775.SH,5/22/2026,80.9246,0.020471,cb
184775.SH,5/25/2026,80.9358,0.020393,cb
184775.SH,5/26/2026,80.9531,0.020294,cb
184775.SH,5/27/2026,80.9631,0.020234,cb
184775.SH,5/28/2026,80.9712,0.020184,cb
184775.SH,5/29/2026,80.9937,0.020056,cb
184775.SH,6/1/2026,81.0003,0.020002,cb
184775.SH,6/2/2026,81.0211,0.019882,cb
184775.SH,6/3/2026,81.0345,0.019803,cb
184775.SH,6/4/2026,81.0458,0.019735,cb
184775.SH,6/5/2026,81.0587,0.019658,cb
184775.SH,6/8/2026,81.0415,0.019731,cb
184775.SH,6/9/2026,81.0174,0.019856,cb
184775.SH,6/10/2026,81.0005,0.019943,cb
184775.SH,6/11/2026,80.9463,0.020233,cb
184775.SH,6/12/2026,80.933,0.0203,cb
184775.SH,6/15/2026,80.9299,0.020299,cb
184775.SH,6/16/2026,80.927,0.020309,cb
184775.SH,6/17/2026,80.9355,0.020255,cb
184775.SH,6/18/2026,80.9475,0.020183,cb
184775.SH,6/22/2026,80.9486,0.020151,cb
184775.SH,6/23/2026,80.9305,0.020246,cb
184775.SH,6/24/2026,80.9342,0.020219,cb
184775.SH,6/25/2026,80.9473,0.02014,cb
184775.SH,6/26/2026,80.9554,0.020088,cb
184775.SH,6/29/2026,80.9568,0.020061,cb
184775.SH,6/30/2026,80.9526,0.020078,cb
184775.SH,7/1/2026,80.9199,0.020255,cb
184775.SH,7/2/2026,80.9225,0.020234,cb
184775.SH,7/3/2026,80.9252,0.020213,cb
184775.SH,7/6/2026,80.9278,0.020179,cb
184775.SH,7/7/2026,80.9371,0.02012,cb
184775.SH,7/8/2026,80.9332,0.020135,cb
184775.SH,7/9/2026,80.9281,0.020158,cb
184775.SH,7/10/2026,80.9326,0.020126,cb
184775.SH,7/13/2026,80.9311,0.020115,cb
184775.SH,7/14/2026,80.9353,0.020084,cb
184775.SH,7/15/2026,80.936,0.020073,cb
184775.SH,7/16/2026,80.9424,0.02003,cb
184775.SH,7/17/2026,80.9426,0.020022,cb
184775.SH,7/20/2026,80.9356,0.020043,cb
184775.SH,7/21/2026,80.9401,0.02001,cb
184775.SH,7/22/2026,80.942,0.019993,cb
184775.SH,7/23/2026,80.9446,0.019971,cb
184775.SH,7/24/2026,80.9458,0.019957,cb
184775.SH,7/27/2026,80.9526,0.019898,cb
184775.SH,7/28/2026,80.9422,0.019951,cb
184775.SH,7/29/2026,80.9431,0.019939,cb
184775.SH,7/30/2026,80.9387,0.019957,cb
184775.SH,7/31/2026,80.946,0.019908,cb
184775.SH,8/3/2026,80.9427,0.019907,cb
184775.SH,8/4/2026,80.9407,0.019911,cb
184775.SH,8/5/2026,80.9435,0.019888,cb
184775.SH,8/6/2026,80.9486,0.019851,cb
184775.SH,8/7/2026,80.9554,0.019804,cb
184775.SH,8/10/2026,80.9553,0.019784,cb
184775.SH,8/11/2026,80.9622,0.019736,cb
184775.SH,8/12/2026,80.9617,0.019731,cb
184775.SH,8/13/2026,80.9675,0.01969,cb
184775.SH,8/14/2026,80.9683,0.019679,cb
184775.SH,8/17/2026,80.9744,0.01962,cb
184775.SH,8/18/2026,80.9852,0.019548,cb
184775.SH,8/19/2026,80.9835,0.019551,cb
184775.SH,8/20/2026,80.9897,0.019507,cb
184775.SH,8/21/2026,80.9802,0.019556,cb
184776.SH,8/22/2025,105.3518,0.02183,cb
184776.SH,8/25/2025,105.322,0.021812,cb
184776.SH,8/26/2025,105.302,0.021845,cb
184776.SH,8/27/2025,105.2879,0.021855,cb
184776.SH,8/28/2025,105.2651,0.021898,cb
184776.SH,8/29/2025,105.2491,0.021915,cb
184776.SH,9/1/2025,105.2194,0.021898,cb
184776.SH,9/2/2025,105.1847,0.021987,cb
184776.SH,9/3/2025,105.1971,0.021896,cb
184776.SH,9/4/2025,105.2285,0.021732,cb
184776.SH,9/5/2025,105.2337,0.021668,cb
184776.SH,9/8/2025,105.1735,0.021767,cb
184776.SH,9/9/2025,105.1332,0.021878,cb
184776.SH,9/10/2025,105.121,0.021881,cb
184776.SH,9/11/2025,105.0982,0.021924,cb
184776.SH,9/12/2025,105.1963,0.021502,cb
184776.SH,9/15/2025,105.3092,0.020933,cb
184776.SH,9/16/2025,105.2976,0.020933,cb
184776.SH,9/17/2025,105.3031,0.020866,cb
184776.SH,9/18/2025,105.2921,0.020864,cb
184776.SH,9/19/2025,105.2676,0.020913,cb
184776.SH,9/22/2025,105.2256,0.02094,cb
184776.SH,9/23/2025,105.164,0.021134,cb
184776.SH,9/24/2025,105.0966,0.021352,cb
184776.SH,9/25/2025,105.0021,0.021675,cb
184776.SH,9/26/2025,104.983,0.021705,cb
184776.SH,9/29/2025,104.9318,0.021771,cb
184776.SH,9/30/2025,104.8986,0.021856,cb
184776.SH,10/9/2025,104.8193,0.021763,cb
184776.SH,10/10/2025,104.7954,0.021813,cb
184776.SH,10/13/2025,104.8113,0.021612,cb
184776.SH,10/14/2025,104.8045,0.021594,cb
184776.SH,10/15/2025,104.8101,0.021526,cb
184776.SH,10/16/2025,104.8174,0.02145,cb
184776.SH,10/17/2025,104.8473,0.021285,cb
184776.SH,10/20/2025,104.8323,0.021206,cb
184776.SH,10/21/2025,104.857,0.02106,cb
184776.SH,10/22/2025,104.8869,0.020893,cb
184776.SH,10/23/2025,104.9037,0.020779,cb
184776.SH,10/24/2025,104.9225,0.020656,cb
184776.SH,10/27/2025,104.8996,0.020607,cb
184776.SH,10/28/2025,104.9515,0.02035,cb
184776.SH,10/29/2025,104.9906,0.020145,cb
184776.SH,10/30/2025,105.0119,0.020011,cb
184776.SH,10/31/2025,105.0439,0.019834,cb
184776.SH,11/3/2025,105.0476,0.019673,cb
184776.SH,11/4/2025,105.0627,0.019563,cb
184776.SH,11/5/2025,105.0637,0.019511,cb
184776.SH,11/6/2025,105.0588,0.019482,cb
184776.SH,11/7/2025,105.0446,0.01949,cb
184776.SH,11/10/2025,105.0144,0.019466,cb
184776.SH,11/11/2025,105.0167,0.019407,cb
184776.SH,11/12/2025,105.0238,0.019329,cb
184776.SH,11/13/2025,105.0154,0.019314,cb
184776.SH,11/14/2025,104.9942,0.019351,cb
184776.SH,11/17/2025,104.9621,0.019333,cb
184776.SH,11/18/2025,104.971,0.019247,cb
184776.SH,11/19/2025,104.9618,0.019235,cb
184776.SH,11/20/2025,104.9376,0.019285,cb
184776.SH,11/21/2025,104.9034,0.019376,cb
184776.SH,11/24/2025,104.8526,0.019436,cb
184776.SH,11/25/2025,104.8214,0.019515,cb
184776.SH,11/26/2025,104.7762,0.019653,cb
184776.SH,11/27/2025,104.7168,0.019849,cb
184776.SH,11/28/2025,104.7096,0.01983,cb
184776.SH,12/1/2025,104.6679,0.019854,cb
184776.SH,12/2/2025,104.6476,0.019889,cb
184776.SH,12/3/2025,104.6113,0.019991,cb
184776.SH,12/4/2025,104.5318,0.020275,cb
184776.SH,12/5/2025,104.5092,0.02032,cb
184776.SH,12/8/2025,104.4511,0.020415,cb
184776.SH,12/9/2025,104.4391,0.020416,cb
184776.SH,12/10/2025,104.4209,0.020443,cb
184776.SH,12/11/2025,104.4275,0.020365,cb
184776.SH,12/12/2025,104.4203,0.020346,cb
184776.SH,12/15/2025,104.3676,0.020419,cb
184776.SH,12/16/2025,104.3484,0.02045,cb
184776.SH,12/17/2025,104.3386,0.020442,cb
184776.SH,12/18/2025,104.3212,0.020466,cb
184776.SH,12/19/2025,104.3256,0.020397,cb
184776.SH,12/22/2025,104.2965,0.02037,cb
184776.SH,12/23/2025,104.2987,0.02031,cb
184776.SH,12/24/2025,104.2863,0.020312,cb
184776.SH,12/25/2025,104.2834,0.020274,cb
184776.SH,12/26/2025,104.2655,0.0203,cb
184776.SH,12/29/2025,104.2269,0.020313,cb
184776.SH,12/30/2025,104.211,0.020331,cb
184776.SH,12/31/2025,104.2025,0.020317,cb
184776.SH,1/5/2026,104.1541,0.02027,cb
184776.SH,1/6/2026,104.1371,0.020293,cb
184776.SH,1/7/2026,104.1183,0.020323,cb
184776.SH,1/8/2026,104.1006,0.020348,cb
184776.SH,1/9/2026,104.0816,0.02038,cb
184776.SH,1/12/2026,104.0485,0.02037,cb
184776.SH,1/13/2026,104.0458,0.02033,cb
184776.SH,1/14/2026,104.0379,0.020313,cb
184776.SH,1/15/2026,104.0324,0.020284,cb
184776.SH,1/16/2026,104.0365,0.020214,cb
184776.SH,1/19/2026,104.0208,0.020126,cb
184776.SH,1/20/2026,104.0329,0.02002,cb
184776.SH,1/21/2026,104.0584,0.019854,cb
184776.SH,1/22/2026,104.0565,0.019809,cb
184776.SH,1/23/2026,104.0678,0.019705,cb
184776.SH,1/26/2026,104.0656,0.019554,cb
184776.SH,1/27/2026,104.069,0.019485,cb
184776.SH,1/28/2026,104.0725,0.019416,cb
184776.SH,1/29/2026,104.0593,0.019421,cb
184776.SH,1/30/2026,104.0598,0.019364,cb
184776.SH,2/2/2026,104.0281,0.019344,cb
184776.SH,2/3/2026,104.0232,0.019312,cb
184776.SH,2/4/2026,104.0237,0.019255,cb
184776.SH,2/5/2026,104.0187,0.019223,cb
184776.SH,2/6/2026,104.0161,0.01918,cb
184776.SH,2/9/2026,104.0037,0.019071,cb
184776.SH,2/10/2026,104.0141,0.018969,cb
184776.SH,2/11/2026,104.0111,0.018927,cb
184776.SH,2/12/2026,104.0133,0.018861,cb
184776.SH,2/13/2026,104.0199,0.018775,cb
184776.SH,2/24/2026,103.9083,0.018669,cb
184776.SH,2/25/2026,103.9092,0.018608,cb
184776.SH,2/26/2026,103.8762,0.018704,cb
184776.SH,2/27/2026,103.8727,0.018663,cb
184776.SH,3/2/2026,103.851,0.018593,cb
184776.SH,3/3/2026,103.85,0.01854,cb
184776.SH,3/4/2026,103.8467,0.018498,cb
184776.SH,3/5/2026,103.8393,0.018475,cb
184776.SH,3/6/2026,103.8483,0.018376,cb
184776.SH,3/9/2026,103.7882,0.018484,cb
184776.SH,3/10/2026,103.7766,0.01848,cb
184776.SH,3/11/2026,103.7677,0.018464,cb
184776.SH,3/12/2026,103.7461,0.018508,cb
184776.SH,3/13/2026,103.7468,0.018447,cb
184776.SH,3/16/2026,103.7,0.018493,cb
184776.SH,3/17/2026,103.7063,0.018405,cb
184776.SH,3/18/2026,103.7173,0.018294,cb
184776.SH,3/19/2026,103.7265,0.018191,cb
184776.SH,3/20/2026,103.7272,0.018129,cb
184776.SH,3/23/2026,103.6969,0.018096,cb
184776.SH,3/24/2026,103.71,0.017974,cb
184776.SH,3/25/2026,103.7091,0.017918,cb
184776.SH,3/26/2026,103.7115,0.017847,cb
184776.SH,3/27/2026,103.7166,0.017763,cb
184776.SH,3/30/2026,103.6912,0.017704,cb
184776.SH,3/31/2026,103.6876,0.017661,cb
184776.SH,4/1/2026,103.6803,0.017636,cb
184776.SH,4/2/2026,103.6787,0.017583,cb
184776.SH,4/3/2026,103.688,0.017477,cb
184776.SH,4/7/2026,103.6612,0.017363,cb
184776.SH,4/8/2026,103.6814,0.017203,cb
184776.SH,4/9/2026,103.6674,0.017209,cb
184776.SH,4/10/2026,103.6825,0.017073,cb
184776.SH,4/13/2026,103.6405,0.017092,cb
184776.SH,4/14/2026,103.6265,0.017099,cb
184776.SH,4/15/2026,103.6206,0.017066,cb
184776.SH,4/16/2026,103.6119,0.017045,cb
184776.SH,4/17/2026,103.5936,0.017073,cb
184776.SH,4/20/2026,103.5618,0.017042,cb
184776.SH,4/21/2026,103.5658,0.016959,cb
184776.SH,4/22/2026,103.5718,0.016866,cb
184776.SH,4/23/2026,103.5465,0.016928,cb
184776.SH,4/24/2026,103.5328,0.016933,cb
184776.SH,4/27/2026,83.4977,0.016917,cb
184776.SH,4/28/2026,83.5035,0.016869,cb
184776.SH,4/29/2026,83.5137,0.016799,cb
184776.SH,4/30/2026,83.5101,0.016798,cb
184776.SH,5/6/2026,83.3694,0.017391,cb
184776.SH,5/7/2026,83.2554,0.017949,cb
184776.SH,5/8/2026,83.248,0.017968,cb
184776.SH,5/11/2026,83.2186,0.018063,cb
184776.SH,5/12/2026,83.2394,0.017939,cb
184776.SH,5/13/2026,83.2329,0.017954,cb
184776.SH,5/14/2026,83.2342,0.017928,cb
184776.SH,5/15/2026,83.2444,0.017858,cb
184776.SH,5/18/2026,83.2578,0.017733,cb
184776.SH,5/19/2026,83.2565,0.017721,cb
184776.SH,5/20/2026,83.2695,0.017636,cb
184776.SH,5/21/2026,83.2833,0.017546,cb
184776.SH,5/22/2026,83.2863,0.017512,cb
184776.SH,5/25/2026,83.2904,0.017433,cb
184776.SH,5/26/2026,83.3062,0.017332,cb
184776.SH,5/27/2026,83.2176,0.017771,cb
184776.SH,5/28/2026,83.2236,0.017721,cb
184776.SH,5/29/2026,83.2447,0.017593,cb
184776.SH,6/1/2026,83.2443,0.017537,cb
184776.SH,6/2/2026,83.2635,0.017418,cb
184776.SH,6/3/2026,83.2752,0.017338,cb
184776.SH,6/4/2026,83.2848,0.017268,cb
184776.SH,6/5/2026,83.2959,0.017191,cb
184776.SH,6/8/2026,83.2704,0.017265,cb
184776.SH,6/9/2026,83.2429,0.01739,cb
184776.SH,6/10/2026,83.223,0.017475,cb
184776.SH,6/11/2026,83.1644,0.017764,cb
184776.SH,6/12/2026,83.1476,0.017833,cb
184776.SH,6/15/2026,83.1372,0.01783,cb
184776.SH,6/16/2026,83.1316,0.017841,cb
184776.SH,6/17/2026,83.1381,0.017787,cb
184776.SH,6/18/2026,83.1485,0.017713,cb
184776.SH,6/22/2026,83.1397,0.017681,cb
184776.SH,6/23/2026,83.1187,0.017774,cb
184776.SH,6/24/2026,83.1201,0.017747,cb
184776.SH,6/25/2026,83.1316,0.017666,cb
184776.SH,6/26/2026,83.1377,0.017614,cb
184776.SH,6/29/2026,83.1316,0.017588,cb
184776.SH,6/30/2026,83.1247,0.017605,cb
184776.SH,7/1/2026,83.088,0.017783,cb
184776.SH,7/2/2026,83.0885,0.017761,cb
184776.SH,7/3/2026,83.0891,0.017737,cb
184776.SH,7/6/2026,83.0845,0.017703,cb
184776.SH,7/7/2026,83.092,0.017643,cb
184776.SH,7/8/2026,83.0854,0.017659,cb
184776.SH,7/9/2026,83.0772,0.017684,cb
184776.SH,7/10/2026,83.0788,0.017655,cb
184776.SH,7/13/2026,82.9784,0.018144,cb
184776.SH,7/14/2026,82.9803,0.018114,cb
184776.SH,7/15/2026,82.9788,0.018103,cb
184776.SH,7/16/2026,82.983,0.01806,cb
184776.SH,7/17/2026,82.9809,0.018052,cb
184776.SH,7/20/2026,82.9661,0.018074,cb
184776.SH,7/21/2026,82.9678,0.018045,cb
184776.SH,7/22/2026,82.9673,0.018028,cb
184776.SH,7/23/2026,82.9676,0.018007,cb
184776.SH,7/24/2026,82.9663,0.017994,cb
184776.SH,7/27/2026,82.7873,0.018932,cb
184776.SH,7/28/2026,82.5959,0.019984,cb
184776.SH,7/29/2026,82.5954,0.019969,cb
184776.SH,7/30/2026,82.5886,0.01999,cb
184776.SH,7/31/2026,82.5938,0.019943,cb
184776.SH,8/3/2026,82.5849,0.019939,cb
184776.SH,8/4/2026,82.5809,0.019944,cb
184776.SH,8/5/2026,82.5823,0.019918,cb
184776.SH,8/6/2026,82.5861,0.019878,cb
184776.SH,8/7/2026,82.5913,0.019831,cb
184776.SH,8/10/2026,82.5861,0.019806,cb
184776.SH,8/11/2026,82.5913,0.019758,cb
184776.SH,8/12/2026,82.5892,0.019752,cb
184776.SH,8/13/2026,82.5932,0.019711,cb
184776.SH,8/14/2026,82.5914,0.019703,cb
184776.SH,8/17/2026,82.5918,0.019645,cb
184776.SH,8/18/2026,82.6017,0.01957,cb
184776.SH,8/19/2026,82.598,0.019573,cb
184776.SH,8/20/2026,82.6023,0.019529,cb
184776.SH,8/21/2026,82.5908,0.019577,cb
1980025.IB,8/22/2025,20.5099,0.018943,cb
1980025.IB,8/25/2025,20.5036,0.01858,cb
1980025.IB,8/26/2025,20.5001,0.018607,cb
1980025.IB,8/27/2025,20.4965,0.018649,cb
1980025.IB,8/28/2025,20.4937,0.018605,cb
1980025.IB,8/29/2025,20.4908,0.018563,cb
1980025.IB,9/1/2025,20.4812,0.018552,cb
1980025.IB,9/2/2025,20.4778,0.018566,cb
1980025.IB,9/3/2025,20.4755,0.018459,cb
1980025.IB,9/4/2025,20.4739,0.018265,cb
1980025.IB,9/5/2025,20.4704,0.018295,cb
1980025.IB,9/8/2025,20.461,0.018247,cb
1980025.IB,9/9/2025,20.4566,0.018396,cb
1980025.IB,9/10/2025,20.4525,0.018501,cb
1980025.IB,9/11/2025,20.4474,0.018721,cb
1980025.IB,9/12/2025,20.444,0.018744,cb
1980025.IB,9/15/2025,20.4339,0.018797,cb
1980025.IB,9/16/2025,20.4313,0.018728,cb
1980025.IB,9/17/2025,20.4287,0.018645,cb
1980025.IB,9/18/2025,20.4253,0.018666,cb
1980025.IB,9/19/2025,20.4208,0.018824,cb
1980025.IB,9/22/2025,20.4107,0.018883,cb
1980025.IB,9/23/2025,20.4073,0.018913,cb
1980025.IB,9/24/2025,20.4028,0.019084,cb
1980025.IB,9/25/2025,20.3995,0.019104,cb
1980025.IB,9/26/2025,20.3965,0.019079,cb
1980025.IB,9/29/2025,20.3866,0.01912,cb
1980025.IB,9/30/2025,20.3864,0.018682,cb
1980025.IB,10/9/2025,20.3589,0.018448,cb
1980025.IB,10/10/2025,20.3558,0.018421,cb
1980025.IB,10/13/2025,20.3479,0.018134,cb
1980025.IB,10/14/2025,20.3427,0.01845,cb
1980025.IB,10/15/2025,20.3395,0.018436,cb
1980025.IB,10/16/2025,20.3365,0.018408,cb
1980025.IB,10/17/2025,20.3327,0.0185,cb
1980025.IB,10/20/2025,20.3229,0.018516,cb
1980025.IB,10/21/2025,20.3202,0.018413,cb
1980025.IB,10/22/2025,20.3172,0.018385,cb
1980025.IB,10/23/2025,20.3145,0.018289,cb
1980025.IB,10/24/2025,20.3108,0.018364,cb
1980025.IB,10/27/2025,20.3017,0.018251,cb
1980025.IB,10/28/2025,20.2988,0.018188,cb
1980025.IB,10/29/2025,20.2956,0.018166,cb
1980025.IB,10/30/2025,20.2924,0.018156,cb
1980025.IB,10/31/2025,20.2895,0.018105,cb
1980025.IB,11/3/2025,20.2801,0.01802,cb
1980025.IB,11/4/2025,20.278,0.01778,cb
1980025.IB,11/5/2025,20.2754,0.01766,cb
1980025.IB,11/6/2025,20.272,0.017673,cb
1980025.IB,11/7/2025,20.2696,0.017496,cb
1980025.IB,11/10/2025,20.2598,0.017478,cb
1980025.IB,11/11/2025,20.2566,0.017461,cb
1980025.IB,11/12/2025,20.2535,0.017403,cb
1980025.IB,11/13/2025,20.2505,0.017347,cb
1980025.IB,11/14/2025,20.2466,0.017478,cb
1980025.IB,11/17/2025,20.2373,0.017348,cb
1980025.IB,11/18/2025,20.2345,0.017227,cb
1980025.IB,11/19/2025,20.2301,0.017485,cb
1980025.IB,11/20/2025,20.2269,0.017474,cb
1980025.IB,11/21/2025,20.2236,0.017464,cb
1980025.IB,11/24/2025,20.2138,0.017457,cb
1980025.IB,11/25/2025,20.2105,0.017452,cb
1980025.IB,11/26/2025,20.2067,0.017598,cb
1980025.IB,11/27/2025,20.202,0.017993,cb
1980025.IB,11/28/2025,20.1986,0.018015,cb
1980025.IB,12/1/2025,20.1889,0.017992,cb
1980025.IB,12/2/2025,20.1856,0.018013,cb
1980025.IB,12/3/2025,20.1827,0.017911,cb
1980025.IB,12/4/2025,20.1789,0.018058,cb
1980025.IB,12/5/2025,20.1759,0.017974,cb
1980025.IB,12/8/2025,20.1662,0.017971,cb
1980025.IB,12/9/2025,20.1629,0.017966,cb
1980025.IB,12/10/2025,20.1602,0.017767,cb
1980025.IB,12/11/2025,20.156,0.018115,cb
1980025.IB,12/12/2025,20.1525,0.01818,cb
1980025.IB,12/15/2025,20.1428,0.018182,cb
1980025.IB,12/16/2025,20.1392,0.018324,cb
1980025.IB,12/17/2025,20.1359,0.018358,cb
1980025.IB,12/18/2025,20.1327,0.018312,cb
1980025.IB,12/19/2025,20.1295,0.018307,cb
1980025.IB,12/22/2025,20.1199,0.018248,cb
1980025.IB,12/23/2025,20.1169,0.018152,cb
1980025.IB,12/24/2025,20.1132,0.018341,cb
1980025.IB,12/25/2025,20.1102,0.018242,cb
1980025.IB,12/26/2025,20.106,0.018761,cb
1980025.IB,12/29/2025,20.0964,0.018695,cb
1980025.IB,12/30/2025,20.093,0.018832,cb
1980025.IB,12/31/2025,20.0909,0.01816,cb
1980025.IB,1/5/2026,20.075,0.017897,cb
1980025.IB,1/6/2026,20.0717,0.017894,cb
1980025.IB,1/7/2026,20.0684,0.017987,cb
1980025.IB,1/8/2026,20.0652,0.017927,cb
1980025.IB,1/9/2026,20.062,0.017879,cb
1980025.IB,1/12/2026,20.0521,0.017986,cb
1980025.IB,1/13/2026,20.0488,0.018026,cb
1980025.IB,1/14/2026,20.0456,0.017923,cb
1980025.IB,1/15/2026,20.0424,0.017923,cb
1980025.IB,1/16/2026,20.0393,0.017713,cb
1980025.IB,1/19/2026,20.0295,0.017609,cb
1980025.IB,1/20/2026,20.0263,0.017495,cb
1980025.IB,1/21/2026,20.023,0.017483,cb
1980025.IB,1/22/2026,20.0197,0.017475,cb
1980025.IB,1/23/2026,20.0164,0.017492,cb
1980025.IB,1/26/2026,20.0065,0.017959,cb
1980025.IB,1/27/2026,20.0033,0.017748,cb
1980025.IB,1/28/2026,20.0033,0.017748,cb
1980025.IB,1/29/2026,20.0033,0.017748,cb
1980025.IB,1/30/2026,20.0033,0.017748,cb
1980025.IB,2/2/2026,20.0033,0.017748,cb
1980025.IB,2/3/2026,20.0033,0.017748,cb
1980025.IB,2/4/2026,20.0033,0.017748,cb
1980025.IB,2/5/2026,20.0033,0.017748,cb
1980025.IB,2/6/2026,20.0033,0.017748,cb
1980025.IB,2/9/2026,20.0033,0.017748,cb
1980025.IB,2/10/2026,20.0033,0.017748,cb
1980025.IB,2/11/2026,20.0033,0.017748,cb
1980025.IB,2/12/2026,20.0033,0.017748,cb
1980025.IB,2/13/2026,20.0033,0.017748,cb
1980025.IB,2/24/2026,20.0033,0.017748,cb
1980025.IB,2/25/2026,20.0033,0.017748,cb
1980025.IB,2/26/2026,20.0033,0.017748,cb
1980025.IB,2/27/2026,20.0033,0.017748,cb
1980025.IB,3/2/2026,20.0033,0.017748,cb
1980025.IB,3/3/2026,20.0033,0.017748,cb
1980025.IB,3/4/2026,20.0033,0.017748,cb
1980025.IB,3/5/2026,20.0033,0.017748,cb
1980025.IB,3/6/2026,20.0033,0.017748,cb
1980025.IB,3/9/2026,20.0033,0.017748,cb
1980025.IB,3/10/2026,20.0033,0.017748,cb
1980025.IB,3/11/2026,20.0033,0.017748,cb
1980025.IB,3/12/2026,20.0033,0.017748,cb
1980025.IB,3/13/2026,20.0033,0.017748,cb
1980025.IB,3/16/2026,20.0033,0.017748,cb
1980025.IB,3/17/2026,20.0033,0.017748,cb
1980025.IB,3/18/2026,20.0033,0.017748,cb
1980025.IB,3/19/2026,20.0033,0.017748,cb
1980025.IB,3/20/2026,20.0033,0.017748,cb
1980025.IB,3/23/2026,20.0033,0.017748,cb
1980025.IB,3/24/2026,20.0033,0.017748,cb
1980025.IB,3/25/2026,20.0033,0.017748,cb
1980025.IB,3/26/2026,20.0033,0.017748,cb
1980025.IB,3/27/2026,20.0033,0.017748,cb
1980025.IB,3/30/2026,20.0033,0.017748,cb
1980025.IB,3/31/2026,20.0033,0.017748,cb
1980025.IB,4/1/2026,20.0033,0.017748,cb
1980025.IB,4/2/2026,20.0033,0.017748,cb
1980025.IB,4/3/2026,20.0033,0.017748,cb
1980025.IB,4/7/2026,20.0033,0.017748,cb
1980025.IB,4/8/2026,20.0033,0.017748,cb
1980025.IB,4/9/2026,20.0033,0.017748,cb
1980025.IB,4/10/2026,20.0033,0.017748,cb
1980025.IB,4/13/2026,20.0033,0.017748,cb
1980025.IB,4/14/2026,20.0033,0.017748,cb
1980025.IB,4/15/2026,20.0033,0.017748,cb
1980025.IB,4/16/2026,20.0033,0.017748,cb
1980025.IB,4/17/2026,20.0033,0.017748,cb
1980025.IB,4/20/2026,20.0033,0.017748,cb
1980025.IB,4/21/2026,20.0033,0.017748,cb
1980025.IB,4/22/2026,20.0033,0.017748,cb
1980025.IB,4/23/2026,20.0033,0.017748,cb
1980025.IB,4/24/2026,20.0033,0.017748,cb
1980025.IB,4/27/2026,20.0033,0.017748,cb
1980025.IB,4/28/2026,20.0033,0.017748,cb
1980025.IB,4/29/2026,20.0033,0.017748,cb
1980025.IB,4/30/2026,20.0033,0.017748,cb
1980025.IB,5/6/2026,20.0033,0.017748,cb
1980025.IB,5/7/2026,20.0033,0.017748,cb
1980025.IB,5/8/2026,20.0033,0.017748,cb
1980025.IB,5/11/2026,20.0033,0.017748,cb
1980025.IB,5/12/2026,20.0033,0.017748,cb
1980025.IB,5/13/2026,20.0033,0.017748,cb
1980025.IB,5/14/2026,20.0033,0.017748,cb
1980025.IB,5/15/2026,20.0033,0.017748,cb
1980025.IB,5/18/2026,20.0033,0.017748,cb
1980025.IB,5/19/2026,20.0033,0.017748,cb
1980025.IB,5/20/2026,20.0033,0.017748,cb
1980025.IB,5/21/2026,20.0033,0.017748,cb
1980025.IB,5/22/2026,20.0033,0.017748,cb
1980025.IB,5/25/2026,20.0033,0.017748,cb
1980025.IB,5/26/2026,20.0033,0.017748,cb
1980025.IB,5/27/2026,20.0033,0.017748,cb
1980025.IB,5/28/2026,20.0033,0.017748,cb
1980025.IB,5/29/2026,20.0033,0.017748,cb
1980025.IB,6/1/2026,20.0033,0.017748,cb
1980025.IB,6/2/2026,20.0033,0.017748,cb
1980025.IB,6/3/2026,20.0033,0.017748,cb
1980025.IB,6/4/2026,20.0033,0.017748,cb
1980025.IB,6/5/2026,20.0033,0.017748,cb
1980025.IB,6/8/2026,20.0033,0.017748,cb
1980025.IB,6/9/2026,20.0033,0.017748,cb
1980025.IB,6/10/2026,20.0033,0.017748,cb
1980025.IB,6/11/2026,20.0033,0.017748,cb
1980025.IB,6/12/2026,20.0033,0.017748,cb
1980025.IB,6/15/2026,20.0033,0.017748,cb
1980025.IB,6/16/2026,20.0033,0.017748,cb
1980025.IB,6/17/2026,20.0033,0.017748,cb
1980025.IB,6/18/2026,20.0033,0.017748,cb
1980025.IB,6/22/2026,20.0033,0.017748,cb
1980025.IB,6/23/2026,20.0033,0.017748,cb
1980025.IB,6/24/2026,20.0033,0.017748,cb
1980025.IB,6/25/2026,20.0033,0.017748,cb
1980025.IB,6/26/2026,20.0033,0.017748,cb
1980025.IB,6/29/2026,20.0033,0.017748,cb
1980025.IB,6/30/2026,20.0033,0.017748,cb
1980025.IB,7/1/2026,20.0033,0.017748,cb
1980025.IB,7/2/2026,20.0033,0.017748,cb
1980025.IB,7/3/2026,20.0033,0.017748,cb
1980025.IB,7/6/2026,20.0033,0.017748,cb
1980025.IB,7/7/2026,20.0033,0.017748,cb
1980025.IB,7/8/2026,20.0033,0.017748,cb
1980025.IB,7/9/2026,20.0033,0.017748,cb
1980025.IB,7/10/2026,20.0033,0.017748,cb
1980025.IB,7/13/2026,20.0033,0.017748,cb
1980025.IB,7/14/2026,20.0033,0.017748,cb
1980025.IB,7/15/2026,20.0033,0.017748,cb
1980025.IB,7/16/2026,20.0033,0.017748,cb
1980025.IB,7/17/2026,20.0033,0.017748,cb
1980025.IB,7/20/2026,20.0033,0.017748,cb
1980025.IB,7/21/2026,20.0033,0.017748,cb
1980025.IB,7/22/2026,20.0033,0.017748,cb
1980025.IB,7/23/2026,20.0033,0.017748,cb
1980025.IB,7/24/2026,20.0033,0.017748,cb
1980025.IB,7/27/2026,20.0033,0.017748,cb
1980025.IB,7/28/2026,20.0033,0.017748,cb
1980025.IB,7/29/2026,20.0033,0.017748,cb
1980025.IB,7/30/2026,20.0033,0.017748,cb
1980025.IB,7/31/2026,20.0033,0.017748,cb
1980025.IB,8/3/2026,20.0033,0.017748,cb
1980025.IB,8/4/2026,20.0033,0.017748,cb
1980025.IB,8/5/2026,20.0033,0.017748,cb
1980025.IB,8/6/2026,20.0033,0.017748,cb
1980025.IB,8/7/2026,20.0033,0.017748,cb
1980025.IB,8/10/2026,20.0033,0.017748,cb
1980025.IB,8/11/2026,20.0033,0.017748,cb
1980025.IB,8/12/2026,20.0033,0.017748,cb
1980025.IB,8/13/2026,20.0033,0.017748,cb
1980025.IB,8/14/2026,20.0033,0.017748,cb
1980025.IB,8/17/2026,20.0033,0.017748,cb
1980025.IB,8/18/2026,20.0033,0.017748,cb
1980025.IB,8/19/2026,20.0033,0.017748,cb
1980025.IB,8/20/2026,20.0033,0.017748,cb
1980025.IB,8/21/2026,20.0033,0.017748,cb
1980051.IB,8/22/2025,20.4608,0.019101,cb
1980051.IB,8/25/2025,20.4555,0.018964,cb
1980051.IB,8/26/2025,20.4518,0.019086,cb
1980051.IB,8/27/2025,20.449,0.019129,cb
1980051.IB,8/28/2025,20.4471,0.019094,cb
1980051.IB,8/29/2025,20.4458,0.019008,cb
1980051.IB,9/1/2025,20.4393,0.018976,cb
1980051.IB,9/2/2025,20.438,0.018881,cb
1980051.IB,9/3/2025,20.436,0.01885,cb
1980051.IB,9/4/2025,20.4349,0.018743,cb
1980051.IB,9/5/2025,20.4327,0.018726,cb
1980051.IB,9/8/2025,20.4234,0.018957,cb
1980051.IB,9/9/2025,20.4211,0.018957,cb
1980051.IB,9/10/2025,20.4168,0.019143,cb
1980051.IB,9/11/2025,20.4135,0.019241,cb
1980051.IB,9/12/2025,20.4114,0.019223,cb
1980051.IB,9/15/2025,20.4044,0.019239,cb
1980051.IB,9/16/2025,20.4026,0.019191,cb
1980051.IB,9/17/2025,20.4005,0.019178,cb
1980051.IB,9/18/2025,20.3975,0.01925,cb
1980051.IB,9/19/2025,20.3941,0.019358,cb
1980051.IB,9/22/2025,20.3875,0.019332,cb
1980051.IB,9/23/2025,20.3843,0.019428,cb
1980051.IB,9/24/2025,20.3806,0.019575,cb
1980051.IB,9/25/2025,20.3769,0.019731,cb
1980051.IB,9/26/2025,20.3744,0.019753,cb
1980051.IB,9/29/2025,20.3673,0.019791,cb
1980051.IB,9/30/2025,20.3683,0.019438,cb
1980051.IB,10/9/2025,20.35,0.019202,cb
1980051.IB,10/10/2025,20.3479,0.019184,cb
1980051.IB,10/13/2025,20.3434,0.018907,cb
1980051.IB,10/14/2025,20.3395,0.019093,cb
1980051.IB,10/15/2025,20.3373,0.019079,cb
1980051.IB,10/16/2025,20.3358,0.018991,cb
1980051.IB,10/17/2025,20.3334,0.019004,cb
1980051.IB,10/20/2025,20.3262,0.019043,cb
1980051.IB,10/21/2025,20.324,0.019034,cb
1980051.IB,10/22/2025,20.322,0.019002,cb
1980051.IB,10/23/2025,20.3202,0.018932,cb
1980051.IB,10/24/2025,20.3181,0.018908,cb
1980051.IB,10/27/2025,20.3109,0.018953,cb
1980051.IB,10/28/2025,20.3091,0.018887,cb
1980051.IB,10/29/2025,20.3071,0.018848,cb
1980051.IB,10/30/2025,20.3051,0.018807,cb
1980051.IB,10/31/2025,20.3029,0.018793,cb
1980051.IB,11/3/2025,20.2967,0.018703,cb
1980051.IB,11/4/2025,20.2948,0.018641,cb
1980051.IB,11/5/2025,20.2934,0.018524,cb
1980051.IB,11/6/2025,20.2906,0.018585,cb
1980051.IB,11/7/2025,20.2886,0.018545,cb
1980051.IB,11/10/2025,20.2822,0.018466,cb
1980051.IB,11/11/2025,20.2802,0.01842,cb
1980051.IB,11/12/2025,20.2782,0.018379,cb
1980051.IB,11/13/2025,20.2762,0.01833,cb
1980051.IB,11/14/2025,20.2737,0.018347,cb
1980051.IB,11/17/2025,20.2674,0.018246,cb
1980051.IB,11/18/2025,20.2661,0.018098,cb
1980051.IB,11/19/2025,20.2634,0.018151,cb
1980051.IB,11/20/2025,20.2606,0.018227,cb
1980051.IB,11/21/2025,20.2572,0.018392,cb
1980051.IB,11/24/2025,20.2506,0.018322,cb
1980051.IB,11/25/2025,20.2484,0.018309,cb
1980051.IB,11/26/2025,20.2459,0.018338,cb
1980051.IB,11/27/2025,20.2423,0.018553,cb
1980051.IB,11/28/2025,20.2398,0.018576,cb
1980051.IB,12/1/2025,20.2327,0.018599,cb
1980051.IB,12/2/2025,20.2305,0.018581,cb
1980051.IB,12/3/2025,20.2281,0.018604,cb
1980051.IB,12/4/2025,20.2251,0.018724,cb
1980051.IB,12/5/2025,20.2221,0.018843,cb
1980051.IB,12/8/2025,20.2154,0.018812,cb
1980051.IB,12/9/2025,20.2133,0.018775,cb
1980051.IB,12/10/2025,20.2109,0.018791,cb
1980051.IB,12/11/2025,20.209,0.018722,cb
1980051.IB,12/12/2025,20.207,0.018669,cb
1980051.IB,12/15/2025,20.1998,0.018724,cb
1980051.IB,12/16/2025,20.1972,0.018785,cb
1980051.IB,12/17/2025,20.1945,0.01887,cb
1980051.IB,12/18/2025,20.1921,0.018889,cb
1980051.IB,12/19/2025,20.1895,0.01894,cb
1980051.IB,12/22/2025,20.1832,0.018819,cb
1980051.IB,12/23/2025,20.1808,0.018844,cb
1980051.IB,12/24/2025,20.178,0.018964,cb
1980051.IB,12/25/2025,20.1758,0.018934,cb
1980051.IB,12/26/2025,20.1733,0.018988,cb
1980051.IB,12/29/2025,20.1663,0.019023,cb
1980051.IB,12/30/2025,20.1639,0.019057,cb
1980051.IB,12/31/2025,20.1621,0.018942,cb
1980051.IB,1/5/2026,20.1515,0.018721,cb
1980051.IB,1/6/2026,20.1492,0.018708,cb
1980051.IB,1/7/2026,20.147,0.018688,cb
1980051.IB,1/8/2026,20.145,0.018623,cb
1980051.IB,1/9/2026,20.1428,0.018569,cb
1980051.IB,1/12/2026,20.1358,0.018606,cb
1980051.IB,1/13/2026,20.1336,0.018586,cb
1980051.IB,1/14/2026,20.1312,0.018615,cb
1980051.IB,1/15/2026,20.1291,0.01855,cb
1980051.IB,1/16/2026,20.1269,0.018513,cb
1980051.IB,1/19/2026,20.1202,0.018433,cb
1980051.IB,1/20/2026,20.118,0.018401,cb
1980051.IB,1/21/2026,20.1159,0.018324,cb
1980051.IB,1/22/2026,20.1136,0.018311,cb
1980051.IB,1/23/2026,20.1109,0.018436,cb
1980051.IB,1/26/2026,20.104,0.018438,cb
1980051.IB,1/27/2026,20.1015,0.018497,cb
1980051.IB,1/28/2026,20.0989,0.018632,cb
1980051.IB,1/29/2026,20.0967,0.018565,cb
1980051.IB,1/30/2026,20.0949,0.018354,cb
1980051.IB,2/2/2026,20.0878,0.018449,cb
1980051.IB,2/3/2026,20.0855,0.018428,cb
1980051.IB,2/4/2026,20.0831,0.018451,cb
1980051.IB,2/5/2026,20.0809,0.018435,cb
1980051.IB,2/6/2026,20.0787,0.018352,cb
1980051.IB,2/9/2026,20.0717,0.018385,cb
1980051.IB,2/10/2026,20.0695,0.018335,cb
1980051.IB,2/11/2026,20.067,0.018437,cb
1980051.IB,2/12/2026,20.0646,0.018467,cb
1980051.IB,2/13/2026,20.0624,0.01843,cb
1980051.IB,2/24/2026,20.037,0.018347,cb
1980051.IB,2/25/2026,20.0347,0.018387,cb
1980051.IB,2/26/2026,20.0325,0.0182,cb
1980051.IB,2/27/2026,20.0302,0.018252,cb
1980051.IB,3/2/2026,20.0233,0.018077,cb
1980051.IB,3/3/2026,20.021,0.017943,cb
1980051.IB,3/4/2026,20.0187,0.017854,cb
1980051.IB,3/5/2026,20.0165,0.017701,cb
1980051.IB,3/6/2026,20.0141,0.017717,cb
1980051.IB,3/9/2026,20.007,0.017871,cb
1980051.IB,3/10/2026,20.0047,0.017855,cb
1980051.IB,3/11/2026,20.0023,0.01775,cb
1980051.IB,3/12/2026,20.0023,0.01775,cb
1980051.IB,3/13/2026,20.0023,0.01775,cb
1980051.IB,3/16/2026,20.0023,0.01775,cb
1980051.IB,3/17/2026,20.0023,0.01775,cb
1980051.IB,3/18/2026,20.0023,0.01775,cb
1980051.IB,3/19/2026,20.0023,0.01775,cb
1980051.IB,3/20/2026,20.0023,0.01775,cb
1980051.IB,3/23/2026,20.0023,0.01775,cb
1980051.IB,3/24/2026,20.0023,0.01775,cb
1980051.IB,3/25/2026,20.0023,0.01775,cb
1980051.IB,3/26/2026,20.0023,0.01775,cb
1980051.IB,3/27/2026,20.0023,0.01775,cb
1980051.IB,3/30/2026,20.0023,0.01775,cb
1980051.IB,3/31/2026,20.0023,0.01775,cb
1980051.IB,4/1/2026,20.0023,0.01775,cb
1980051.IB,4/2/2026,20.0023,0.01775,cb
1980051.IB,4/3/2026,20.0023,0.01775,cb
1980051.IB,4/7/2026,20.0023,0.01775,cb
1980051.IB,4/8/2026,20.0023,0.01775,cb
1980051.IB,4/9/2026,20.0023,0.01775,cb
1980051.IB,4/10/2026,20.0023,0.01775,cb
1980051.IB,4/13/2026,20.0023,0.01775,cb
1980051.IB,4/14/2026,20.0023,0.01775,cb
1980051.IB,4/15/2026,20.0023,0.01775,cb
1980051.IB,4/16/2026,20.0023,0.01775,cb
1980051.IB,4/17/2026,20.0023,0.01775,cb
1980051.IB,4/20/2026,20.0023,0.01775,cb
1980051.IB,4/21/2026,20.0023,0.01775,cb
1980051.IB,4/22/2026,20.0023,0.01775,cb
1980051.IB,4/23/2026,20.0023,0.01775,cb
1980051.IB,4/24/2026,20.0023,0.01775,cb
1980051.IB,4/27/2026,20.0023,0.01775,cb
1980051.IB,4/28/2026,20.0023,0.01775,cb
1980051.IB,4/29/2026,20.0023,0.01775,cb
1980051.IB,4/30/2026,20.0023,0.01775,cb
1980051.IB,5/6/2026,20.0023,0.01775,cb
1980051.IB,5/7/2026,20.0023,0.01775,cb
1980051.IB,5/8/2026,20.0023,0.01775,cb
1980051.IB,5/11/2026,20.0023,0.01775,cb
1980051.IB,5/12/2026,20.0023,0.01775,cb
1980051.IB,5/13/2026,20.0023,0.01775,cb
1980051.IB,5/14/2026,20.0023,0.01775,cb
1980051.IB,5/15/2026,20.0023,0.01775,cb
1980051.IB,5/18/2026,20.0023,0.01775,cb
1980051.IB,5/19/2026,20.0023,0.01775,cb
1980051.IB,5/20/2026,20.0023,0.01775,cb
1980051.IB,5/21/2026,20.0023,0.01775,cb
1980051.IB,5/22/2026,20.0023,0.01775,cb
1980051.IB,5/25/2026,20.0023,0.01775,cb
1980051.IB,5/26/2026,20.0023,0.01775,cb
1980051.IB,5/27/2026,20.0023,0.01775,cb
1980051.IB,5/28/2026,20.0023,0.01775,cb
1980051.IB,5/29/2026,20.0023,0.01775,cb
1980051.IB,6/1/2026,20.0023,0.01775,cb
1980051.IB,6/2/2026,20.0023,0.01775,cb
1980051.IB,6/3/2026,20.0023,0.01775,cb
1980051.IB,6/4/2026,20.0023,0.01775,cb
1980051.IB,6/5/2026,20.0023,0.01775,cb
1980051.IB,6/8/2026,20.0023,0.01775,cb
1980051.IB,6/9/2026,20.0023,0.01775,cb
1980051.IB,6/10/2026,20.0023,0.01775,cb
1980051.IB,6/11/2026,20.0023,0.01775,cb
1980051.IB,6/12/2026,20.0023,0.01775,cb
1980051.IB,6/15/2026,20.0023,0.01775,cb
1980051.IB,6/16/2026,20.0023,0.01775,cb
1980051.IB,6/17/2026,20.0023,0.01775,cb
1980051.IB,6/18/2026,20.0023,0.01775,cb
1980051.IB,6/22/2026,20.0023,0.01775,cb
1980051.IB,6/23/2026,20.0023,0.01775,cb
1980051.IB,6/24/2026,20.0023,0.01775,cb
1980051.IB,6/25/2026,20.0023,0.01775,cb
1980051.IB,6/26/2026,20.0023,0.01775,cb
1980051.IB,6/29/2026,20.0023,0.01775,cb
1980051.IB,6/30/2026,20.0023,0.01775,cb
1980051.IB,7/1/2026,20.0023,0.01775,cb
1980051.IB,7/2/2026,20.0023,0.01775,cb
1980051.IB,7/3/2026,20.0023,0.01775,cb
1980051.IB,7/6/2026,20.0023,0.01775,cb
1980051.IB,7/7/2026,20.0023,0.01775,cb
1980051.IB,7/8/2026,20.0023,0.01775,cb
1980051.IB,7/9/2026,20.0023,0.01775,cb
1980051.IB,7/10/2026,20.0023,0.01775,cb
1980051.IB,7/13/2026,20.0023,0.01775,cb
1980051.IB,7/14/2026,20.0023,0.01775,cb
1980051.IB,7/15/2026,20.0023,0.01775,cb
1980051.IB,7/16/2026,20.0023,0.01775,cb
1980051.IB,7/17/2026,20.0023,0.01775,cb
1980051.IB,7/20/2026,20.0023,0.01775,cb
1980051.IB,7/21/2026,20.0023,0.01775,cb
1980051.IB,7/22/2026,20.0023,0.01775,cb
1980051.IB,7/23/2026,20.0023,0.01775,cb
1980051.IB,7/24/2026,20.0023,0.01775,cb
1980051.IB,7/27/2026,20.0023,0.01775,cb
1980051.IB,7/28/2026,20.0023,0.01775,cb
1980051.IB,7/29/2026,20.0023,0.01775,cb
1980051.IB,7/30/2026,20.0023,0.01775,cb
1980051.IB,7/31/2026,20.0023,0.01775,cb
1980051.IB,8/3/2026,20.0023,0.01775,cb
1980051.IB,8/4/2026,20.0023,0.01775,cb
1980051.IB,8/5/2026,20.0023,0.01775,cb
1980051.IB,8/6/2026,20.0023,0.01775,cb
1980051.IB,8/7/2026,20.0023,0.01775,cb
1980051.IB,8/10/2026,20.0023,0.01775,cb
1980051.IB,8/11/2026,20.0023,0.01775,cb
1980051.IB,8/12/2026,20.0023,0.01775,cb
1980051.IB,8/13/2026,20.0023,0.01775,cb
1980051.IB,8/14/2026,20.0023,0.01775,cb
1980051.IB,8/17/2026,20.0023,0.01775,cb
1980051.IB,8/18/2026,20.0023,0.01775,cb
1980051.IB,8/19/2026,20.0023,0.01775,cb
1980051.IB,8/20/2026,20.0023,0.01775,cb
1980051.IB,8/21/2026,20.0023,0.01775,cb
1980180.IB,8/22/2025,20.6403,0.020837,cb
1980180.IB,8/25/2025,20.6333,0.020861,cb
1980180.IB,8/26/2025,20.6313,0.020851,cb
1980180.IB,8/27/2025,20.6286,0.020883,cb
1980180.IB,8/28/2025,20.6257,0.020925,cb
1980180.IB,8/29/2025,20.6266,0.020735,cb
1980180.IB,9/1/2025,20.6203,0.020716,cb
1980180.IB,9/2/2025,20.6192,0.020642,cb
1980180.IB,9/3/2025,20.6179,0.020586,cb
1980180.IB,9/4/2025,20.6164,0.020545,cb
1980180.IB,9/5/2025,20.6143,0.020538,cb
1980180.IB,9/8/2025,20.6065,0.020611,cb
1980180.IB,9/9/2025,20.6044,0.020606,cb
1980180.IB,9/10/2025,20.5974,0.020913,cb
1980180.IB,9/11/2025,20.5954,0.020902,cb
1980180.IB,9/12/2025,20.5942,0.020838,cb
1980180.IB,9/15/2025,20.5879,0.020819,cb
1980180.IB,9/16/2025,20.5843,0.020909,cb
1980180.IB,9/17/2025,20.5811,0.020974,cb
1980180.IB,9/18/2025,20.5779,0.021041,cb
1980180.IB,9/19/2025,20.5754,0.021068,cb
1980180.IB,9/22/2025,20.5683,0.021104,cb
1980180.IB,9/23/2025,20.5647,0.021197,cb
1980180.IB,9/24/2025,20.5597,0.021392,cb
1980180.IB,9/25/2025,20.5527,0.021717,cb
1980180.IB,9/26/2025,20.5494,0.021796,cb
1980180.IB,9/29/2025,20.5451,0.021649,cb
1980180.IB,9/30/2025,20.5466,0.021397,cb
1980180.IB,10/9/2025,20.5299,0.021199,cb
1980180.IB,10/10/2025,20.5279,0.021191,cb
1980180.IB,10/13/2025,20.5243,0.020977,cb
1980180.IB,10/14/2025,20.5221,0.020974,cb
1980180.IB,10/15/2025,20.5199,0.02098,cb
1980180.IB,10/16/2025,20.5197,0.020835,cb
1980180.IB,10/17/2025,20.5184,0.020768,cb
1980180.IB,10/20/2025,20.5052,0.021264,cb
1980180.IB,10/21/2025,20.5028,0.021282,cb
1980180.IB,10/22/2025,20.5009,0.021262,cb
1980180.IB,10/23/2025,20.4983,0.02129,cb
1980180.IB,10/24/2025,20.4979,0.021162,cb
1980180.IB,10/27/2025,20.4917,0.021132,cb
1980180.IB,10/28/2025,20.4901,0.021092,cb
1980180.IB,10/29/2025,20.4886,0.021039,cb
1980180.IB,10/30/2025,20.4877,0.020938,cb
1980180.IB,10/31/2025,20.486,0.020896,cb
1980180.IB,11/3/2025,20.4805,0.020816,cb
1980180.IB,11/4/2025,20.4783,0.020813,cb
1980180.IB,11/5/2025,20.4771,0.020736,cb
1980180.IB,11/6/2025,20.4749,0.020739,cb
1980180.IB,11/7/2025,20.4729,0.020721,cb
1980180.IB,11/10/2025,20.4664,0.020718,cb
1980180.IB,11/11/2025,20.4647,0.020675,cb
1980180.IB,11/12/2025,20.4628,0.020646,cb
1980180.IB,11/13/2025,20.4609,0.020627,cb
1980180.IB,11/14/2025,20.4601,0.020505,cb
1980180.IB,11/17/2025,20.4534,0.020512,cb
1980180.IB,11/18/2025,20.451,0.020529,cb
1980180.IB,11/19/2025,20.4494,0.020481,cb
1980180.IB,11/20/2025,20.448,0.020409,cb
1980180.IB,11/21/2025,20.4429,0.020661,cb
1980180.IB,11/24/2025,20.4369,0.020611,cb
1980180.IB,11/25/2025,20.4344,0.020633,cb
1980180.IB,11/26/2025,20.4311,0.020738,cb
1980180.IB,11/27/2025,20.4268,0.020927,cb
1980180.IB,11/28/2025,20.4246,0.020925,cb
1980180.IB,12/1/2025,20.4238,0.020401,cb
1980180.IB,12/2/2025,20.4215,0.020415,cb
1980180.IB,12/3/2025,20.4188,0.020451,cb
1980180.IB,12/4/2025,20.4139,0.0207,cb
1980180.IB,12/5/2025,20.4123,0.020649,cb
1980180.IB,12/8/2025,20.4116,0.020095,cb
1980180.IB,12/9/2025,20.4094,0.020093,cb
1980180.IB,12/10/2025,20.4057,0.020237,cb
1980180.IB,12/11/2025,20.4045,0.020137,cb
1980180.IB,12/12/2025,20.4015,0.020206,cb
1980180.IB,12/15/2025,20.3939,0.020307,cb
1980180.IB,12/16/2025,20.3924,0.020235,cb
1980180.IB,12/17/2025,20.3894,0.020311,cb
1980180.IB,12/18/2025,20.3874,0.020293,cb
1980180.IB,12/19/2025,20.3851,0.020299,cb
1980180.IB,12/22/2025,20.3785,0.020297,cb
1980180.IB,12/23/2025,20.3776,0.020164,cb
1980180.IB,12/24/2025,20.3743,0.02027,cb
1980180.IB,12/25/2025,20.372,0.020283,cb
1980180.IB,12/26/2025,20.3706,0.020196,cb
1980180.IB,12/29/2025,20.3638,0.020218,cb
1980180.IB,12/30/2025,20.3618,0.020185,cb
1980180.IB,12/31/2025,20.3607,0.020072,cb
1980180.IB,1/5/2026,20.3508,0.019935,cb
1980180.IB,1/6/2026,20.3484,0.019959,cb
1980180.IB,1/7/2026,20.3458,0.019995,cb
1980180.IB,1/8/2026,20.3436,0.019994,cb
1980180.IB,1/9/2026,20.3412,0.02001,cb
1980180.IB,1/12/2026,20.3346,0.020002,cb
1980180.IB,1/13/2026,20.3328,0.019959,cb
1980180.IB,1/14/2026,20.3304,0.019979,cb
1980180.IB,1/15/2026,20.3285,0.019931,cb
1980180.IB,1/16/2026,20.3225,0.020389,cb
1980180.IB,1/19/2026,20.3111,0.020972,cb
1980180.IB,1/20/2026,20.3091,0.020942,cb
1980180.IB,1/21/2026,20.3081,0.020806,cb
1980180.IB,1/22/2026,20.3063,0.020751,cb
1980180.IB,1/23/2026,20.3042,0.020743,cb
1980180.IB,1/26/2026,20.298,0.020703,cb
1980180.IB,1/27/2026,20.2955,0.020741,cb
1980180.IB,1/28/2026,20.293,0.020779,cb
1980180.IB,1/29/2026,20.2911,0.020742,cb
1980180.IB,1/30/2026,20.2886,0.020783,cb
1980180.IB,2/2/2026,20.2825,0.020724,cb
1980180.IB,2/3/2026,20.2808,0.020667,cb
1980180.IB,2/4/2026,20.2786,0.020665,cb
1980180.IB,2/5/2026,20.2762,0.020692,cb
1980180.IB,2/6/2026,20.2739,0.020711,cb
1980180.IB,2/9/2026,20.2675,0.020684,cb
1980180.IB,2/10/2026,20.2656,0.020647,cb
1980180.IB,2/11/2026,20.2632,0.02068,cb
1980180.IB,2/12/2026,20.2615,0.020614,cb
1980180.IB,2/13/2026,20.2597,0.02055,cb
1980180.IB,2/24/2026,20.236,0.020497,cb
1980180.IB,2/25/2026,20.237,0.019979,cb
1980180.IB,2/26/2026,20.2347,0.019982,cb
1980180.IB,2/27/2026,20.2322,0.020029,cb
1980180.IB,3/2/2026,20.2262,0.019918,cb
1980180.IB,3/3/2026,20.224,0.019924,cb
1980180.IB,3/4/2026,20.2225,0.019795,cb
1980180.IB,3/5/2026,20.2202,0.019806,cb
1980180.IB,3/6/2026,20.2184,0.019733,cb
1980180.IB,3/9/2026,20.2122,0.019627,cb
1980180.IB,3/10/2026,20.2105,0.019527,cb
1980180.IB,3/11/2026,20.2088,0.019427,cb
1980180.IB,3/12/2026,20.2065,0.019434,cb
1980180.IB,3/13/2026,20.2043,0.01943,cb
1980180.IB,3/16/2026,20.1975,0.019446,cb
1980180.IB,3/17/2026,20.1952,0.019443,cb
1980180.IB,3/18/2026,20.1933,0.01939,cb
1980180.IB,3/19/2026,20.1917,0.019246,cb
1980180.IB,3/20/2026,20.1899,0.01915,cb
1980180.IB,3/23/2026,20.1833,0.019102,cb
1980180.IB,3/24/2026,20.1813,0.019046,cb
1980180.IB,3/25/2026,20.1795,0.018946,cb
1980180.IB,3/26/2026,20.1774,0.018911,cb
1980180.IB,3/27/2026,20.175,0.018949,cb
1980180.IB,3/30/2026,20.1683,0.018907,cb
1980180.IB,3/31/2026,20.1667,0.018757,cb
1980180.IB,4/1/2026,20.1647,0.018671,cb
1980180.IB,4/2/2026,20.1634,0.018444,cb
1980180.IB,4/3/2026,20.1614,0.018357,cb
1980180.IB,4/7/2026,20.1524,0.018306,cb
1980180.IB,4/8/2026,20.1502,0.018256,cb
1980180.IB,4/9/2026,20.1483,0.018155,cb
1980180.IB,4/10/2026,20.1461,0.01813,cb
1980180.IB,4/13/2026,20.1393,0.018079,cb
1980180.IB,4/14/2026,20.1374,0.017944,cb
1980180.IB,4/15/2026,20.135,0.017985,cb
1980180.IB,4/16/2026,20.1325,0.018023,cb
1980180.IB,4/17/2026,20.1304,0.017942,cb
1980180.IB,4/20/2026,20.1236,0.017886,cb
1980180.IB,4/21/2026,20.1214,0.01785,cb
1980180.IB,4/22/2026,20.1195,0.017698,cb
1980180.IB,4/23/2026,20.1166,0.01788,cb
1980180.IB,4/24/2026,20.1147,0.017739,cb
1980180.IB,4/27/2026,20.1077,0.017738,cb
1980180.IB,4/28/2026,20.1056,0.017625,cb
1980180.IB,4/29/2026,20.1035,0.017526,cb
1980180.IB,4/30/2026,20.1011,0.017551,cb
1980180.IB,5/6/2026,20.0868,0.01765,cb
1980180.IB,5/7/2026,20.0846,0.017571,cb
1980180.IB,5/8/2026,20.0822,0.01757,cb
1980180.IB,5/11/2026,20.0752,0.017544,cb
1980180.IB,5/12/2026,20.0728,0.017583,cb
1980180.IB,5/13/2026,20.0709,0.017335,cb
1980180.IB,5/14/2026,20.0687,0.017259,cb
1980180.IB,5/15/2026,20.0663,0.01722,cb
1980180.IB,5/18/2026,20.0593,0.017193,cb
1980180.IB,5/19/2026,20.0569,0.017162,cb
1980180.IB,5/20/2026,20.0546,0.017126,cb
1980180.IB,5/21/2026,20.0522,0.017167,cb
1980180.IB,5/22/2026,20.0499,0.017126,cb
1980180.IB,5/25/2026,20.0428,0.017075,cb
1980180.IB,5/26/2026,20.0404,0.017078,cb
1980180.IB,5/27/2026,20.038,0.017164,cb
1980180.IB,5/28/2026,20.0356,0.017102,cb
1980180.IB,5/29/2026,20.0333,0.017019,cb
1980180.IB,6/1/2026,20.0262,0.017012,cb
1980180.IB,6/2/2026,20.0239,0.016889,cb
1980180.IB,6/3/2026,20.0215,0.016867,cb
1980180.IB,6/4/2026,20.0191,0.016877,cb
1980180.IB,6/5/2026,20.0166,0.017236,cb
1980180.IB,6/8/2026,20.0095,0.017272,cb
1980180.IB,6/9/2026,20.0071,0.017282,cb
1980180.IB,6/10/2026,20.0047,0.017261,cb
1980180.IB,6/11/2026,20.0024,0.017357,cb
1980180.IB,6/12/2026,20.0024,0.017357,cb
1980180.IB,6/15/2026,20.0024,0.017357,cb
1980180.IB,6/16/2026,20.0024,0.017357,cb
1980180.IB,6/17/2026,20.0024,0.017357,cb
1980180.IB,6/18/2026,20.0024,0.017357,cb
1980180.IB,6/22/2026,20.0024,0.017357,cb
1980180.IB,6/23/2026,20.0024,0.017357,cb
1980180.IB,6/24/2026,20.0024,0.017357,cb
1980180.IB,6/25/2026,20.0024,0.017357,cb
1980180.IB,6/26/2026,20.0024,0.017357,cb
1980180.IB,6/29/2026,20.0024,0.017357,cb
1980180.IB,6/30/2026,20.0024,0.017357,cb
1980180.IB,7/1/2026,20.0024,0.017357,cb
1980180.IB,7/2/2026,20.0024,0.017357,cb
1980180.IB,7/3/2026,20.0024,0.017357,cb
1980180.IB,7/6/2026,20.0024,0.017357,cb
1980180.IB,7/7/2026,20.0024,0.017357,cb
1980180.IB,7/8/2026,20.0024,0.017357,cb
1980180.IB,7/9/2026,20.0024,0.017357,cb
1980180.IB,7/10/2026,20.0024,0.017357,cb
1980180.IB,7/13/2026,20.0024,0.017357,cb
1980180.IB,7/14/2026,20.0024,0.017357,cb
1980180.IB,7/15/2026,20.0024,0.017357,cb
1980180.IB,7/16/2026,20.0024,0.017357,cb
1980180.IB,7/17/2026,20.0024,0.017357,cb
1980180.IB,7/20/2026,20.0024,0.017357,cb
1980180.IB,7/21/2026,20.0024,0.017357,cb
1980180.IB,7/22/2026,20.0024,0.017357,cb
1980180.IB,7/23/2026,20.0024,0.017357,cb
1980180.IB,7/24/2026,20.0024,0.017357,cb
1980180.IB,7/27/2026,20.0024,0.017357,cb
1980180.IB,7/28/2026,20.0024,0.017357,cb
1980180.IB,7/29/2026,20.0024,0.017357,cb
1980180.IB,7/30/2026,20.0024,0.017357,cb
1980180.IB,7/31/2026,20.0024,0.017357,cb
1980180.IB,8/3/2026,20.0024,0.017357,cb
1980180.IB,8/4/2026,20.0024,0.017357,cb
1980180.IB,8/5/2026,20.0024,0.017357,cb
1980180.IB,8/6/2026,20.0024,0.017357,cb
1980180.IB,8/7/2026,20.0024,0.017357,cb
1980180.IB,8/10/2026,20.0024,0.017357,cb
1980180.IB,8/11/2026,20.0024,0.017357,cb
1980180.IB,8/12/2026,20.0024,0.017357,cb
1980180.IB,8/13/2026,20.0024,0.017357,cb
1980180.IB,8/14/2026,20.0024,0.017357,cb
1980180.IB,8/17/2026,20.0024,0.017357,cb
1980180.IB,8/18/2026,20.0024,0.017357,cb
1980180.IB,8/19/2026,20.0024,0.017357,cb
1980180.IB,8/20/2026,20.0024,0.017357,cb
1980180.IB,8/21/2026,20.0024,0.017357,cb
1980225.IB,8/22/2025,20.8047,0.019084,cb
1980225.IB,8/25/2025,20.7973,0.019099,cb
1980225.IB,8/26/2025,20.7967,0.019006,cb
1980225.IB,8/27/2025,20.795,0.01897,cb
1980225.IB,8/28/2025,20.7926,0.018973,cb
1980225.IB,8/29/2025,20.7922,0.018866,cb
1980225.IB,9/1/2025,20.7862,0.018804,cb
1980225.IB,9/2/2025,20.784,0.018792,cb
1980225.IB,9/3/2025,20.7835,0.018693,cb
1980225.IB,9/4/2025,20.7823,0.018626,cb
1980225.IB,9/5/2025,20.7797,0.018634,cb
1980225.IB,9/8/2025,20.7705,0.018744,cb
1980225.IB,9/9/2025,20.7674,0.018783,cb
1980225.IB,9/10/2025,20.7607,0.019024,cb
1980225.IB,9/11/2025,20.758,0.01904,cb
1980225.IB,9/12/2025,20.7566,0.018987,cb
1980225.IB,9/15/2025,20.7498,0.018964,cb
1980225.IB,9/16/2025,20.7459,0.019053,cb
1980225.IB,9/17/2025,20.7423,0.019121,cb
1980225.IB,9/18/2025,20.7386,0.019197,cb
1980225.IB,9/19/2025,20.7361,0.019199,cb
1980225.IB,9/22/2025,20.7282,0.019248,cb
1980225.IB,9/23/2025,20.7234,0.019385,cb
1980225.IB,9/24/2025,20.7172,0.019606,cb
1980225.IB,9/25/2025,20.7087,0.019963,cb
1980225.IB,9/26/2025,20.7051,0.020036,cb
1980225.IB,9/29/2025,20.7018,0.019823,cb
1980225.IB,9/30/2025,20.7031,0.019611,cb
1980225.IB,10/9/2025,20.6859,0.01937,cb
1980225.IB,10/10/2025,20.6838,0.019355,cb
1980225.IB,10/13/2025,20.6801,0.01915,cb
1980225.IB,10/14/2025,20.6779,0.019142,cb
1980225.IB,10/15/2025,20.6752,0.019159,cb
1980225.IB,10/16/2025,20.6748,0.019041,cb
1980225.IB,10/17/2025,20.6745,0.018907,cb
1980225.IB,10/20/2025,20.668,0.018866,cb
1980225.IB,10/21/2025,20.6643,0.018954,cb
1980225.IB,10/22/2025,20.6616,0.018971,cb
1980225.IB,10/23/2025,20.6594,0.018963,cb
1980225.IB,10/24/2025,20.6577,0.018916,cb
1980225.IB,10/27/2025,20.6529,0.01877,cb
1980225.IB,10/28/2025,20.6509,0.018742,cb
1980225.IB,10/29/2025,20.6496,0.01867,cb
1980225.IB,10/30/2025,20.6491,0.018547,cb
1980225.IB,10/31/2025,20.6482,0.018448,cb
1980225.IB,11/3/2025,20.6416,0.018409,cb
1980225.IB,11/4/2025,20.6402,0.018342,cb
1980225.IB,11/5/2025,20.6388,0.018279,cb
1980225.IB,11/6/2025,20.6368,0.018251,cb
1980225.IB,11/7/2025,20.6347,0.018227,cb
1980225.IB,11/10/2025,20.6264,0.018299,cb
1980225.IB,11/11/2025,20.6248,0.018243,cb
1980225.IB,11/12/2025,20.6225,0.018237,cb
1980225.IB,11/13/2025,20.6204,0.018212,cb
1980225.IB,11/14/2025,20.6185,0.018178,cb
1980225.IB,11/17/2025,20.6112,0.018178,cb
1980225.IB,11/18/2025,20.6087,0.018185,cb
1980225.IB,11/19/2025,20.6059,0.01821,cb
1980225.IB,11/20/2025,20.6044,0.01815,cb
1980225.IB,11/21/2025,20.5996,0.018317,cb
1980225.IB,11/24/2025,20.5921,0.018337,cb
1980225.IB,11/25/2025,20.5907,0.018266,cb
1980225.IB,11/26/2025,20.5865,0.018388,cb
1980225.IB,11/27/2025,20.5824,0.018512,cb
1980225.IB,11/28/2025,20.5798,0.018531,cb
1980225.IB,12/1/2025,20.5731,0.018494,cb
1980225.IB,12/2/2025,20.5704,0.018513,cb
1980225.IB,12/3/2025,20.5669,0.018593,cb
1980225.IB,12/4/2025,20.5619,0.018786,cb
1980225.IB,12/5/2025,20.5599,0.018761,cb
1980225.IB,12/8/2025,20.5531,0.018729,cb
1980225.IB,12/9/2025,20.5509,0.018722,cb
1980225.IB,12/10/2025,20.5475,0.018797,cb
1980225.IB,12/11/2025,20.5454,0.018772,cb
1980225.IB,12/12/2025,20.5418,0.018868,cb
1980225.IB,12/15/2025,20.5323,0.019051,cb
1980225.IB,12/16/2025,20.531,0.018971,cb
1980225.IB,12/17/2025,20.5281,0.019007,cb
1980225.IB,12/18/2025,20.5265,0.01895,cb
1980225.IB,12/19/2025,20.5251,0.01887,cb
1980225.IB,12/22/2025,20.5172,0.018931,cb
1980225.IB,12/23/2025,20.516,0.01884,cb
1980225.IB,12/24/2025,20.5127,0.018917,cb
1980225.IB,12/25/2025,20.5101,0.018931,cb
1980225.IB,12/26/2025,20.5087,0.018855,cb
1980225.IB,12/29/2025,20.5017,0.018843,cb
1980225.IB,12/30/2025,20.4998,0.0188,cb
1980225.IB,12/31/2025,20.4995,0.018629,cb
1980225.IB,1/5/2026,20.4893,0.018475,cb
1980225.IB,1/6/2026,20.4867,0.018491,cb
1980225.IB,1/7/2026,20.484,0.01852,cb
1980225.IB,1/8/2026,20.4817,0.018514,cb
1980225.IB,1/9/2026,20.4786,0.018571,cb
1980225.IB,1/12/2026,20.4721,0.018519,cb
1980225.IB,1/13/2026,20.4697,0.018512,cb
1980225.IB,1/14/2026,20.4674,0.018507,cb
1980225.IB,1/15/2026,20.4648,0.018528,cb
1980225.IB,1/16/2026,20.4637,0.018409,cb
1980225.IB,1/19/2026,20.4555,0.018499,cb
1980225.IB,1/20/2026,20.4533,0.018485,cb
1980225.IB,1/21/2026,20.4522,0.018364,cb
1980225.IB,1/22/2026,20.4507,0.018278,cb
1980225.IB,1/23/2026,20.448,0.018307,cb
1980225.IB,1/26/2026,20.4418,0.018206,cb
1980225.IB,1/27/2026,20.439,0.018245,cb
1980225.IB,1/28/2026,20.4362,0.01828,cb
1980225.IB,1/29/2026,20.4342,0.018243,cb
1980225.IB,1/30/2026,20.4311,0.018315,cb
1980225.IB,2/2/2026,20.4247,0.018233,cb
1980225.IB,2/3/2026,20.4229,0.018173,cb
1980225.IB,2/4/2026,20.4204,0.018179,cb
1980225.IB,2/5/2026,20.4176,0.018218,cb
1980225.IB,2/6/2026,20.4151,0.018229,cb
1980225.IB,2/9/2026,20.4083,0.018187,cb
1980225.IB,2/10/2026,20.4059,0.018183,cb
1980225.IB,2/11/2026,20.4034,0.018194,cb
1980225.IB,2/12/2026,20.4011,0.018177,cb
1980225.IB,2/13/2026,20.3996,0.018085,cb
1980225.IB,2/24/2026,20.3735,0.018032,cb
1980225.IB,2/25/2026,20.3715,0.017991,cb
1980225.IB,2/26/2026,20.369,0.017993,cb
1980225.IB,2/27/2026,20.3663,0.018032,cb
1980225.IB,3/2/2026,20.3599,0.017933,cb
1980225.IB,3/3/2026,20.3573,0.017944,cb
1980225.IB,3/4/2026,20.3557,0.017846,cb
1980225.IB,3/5/2026,20.3532,0.01786,cb
1980225.IB,3/6/2026,20.3517,0.01775,cb
1980225.IB,3/9/2026,20.3449,0.017683,cb
1980225.IB,3/10/2026,20.3434,0.017575,cb
1980225.IB,3/11/2026,20.3416,0.017488,cb
1980225.IB,3/12/2026,20.3392,0.017486,cb
1980225.IB,3/13/2026,20.3371,0.017439,cb
1980225.IB,3/16/2026,20.3295,0.017472,cb
1980225.IB,3/17/2026,20.3272,0.01746,cb
1980225.IB,3/18/2026,20.325,0.01742,cb
1980225.IB,3/19/2026,20.3237,0.017268,cb
1980225.IB,3/20/2026,20.3217,0.01721,cb
1980225.IB,3/23/2026,20.3146,0.017168,cb
1980225.IB,3/24/2026,20.3128,0.017081,cb
1980225.IB,3/25/2026,20.311,0.016986,cb
1980225.IB,3/26/2026,20.3089,0.016938,cb
1980225.IB,3/27/2026,20.3062,0.016968,cb
1980225.IB,3/30/2026,20.2985,0.017003,cb
1980225.IB,3/31/2026,20.2966,0.016926,cb
1980225.IB,4/1/2026,20.2942,0.016912,cb
1980225.IB,4/2/2026,20.293,0.016728,cb
1980225.IB,4/3/2026,20.2919,0.016526,cb
1980225.IB,4/7/2026,20.2821,0.016486,cb
1980225.IB,4/8/2026,20.2796,0.016482,cb
1980225.IB,4/9/2026,20.2789,0.016208,cb
1980225.IB,4/10/2026,20.2767,0.016166,cb
1980225.IB,4/13/2026,20.2687,0.016227,cb
1980225.IB,4/14/2026,20.2667,0.016152,cb
1980225.IB,4/15/2026,20.2642,0.016147,cb
1980225.IB,4/16/2026,20.2622,0.016063,cb
1980225.IB,4/17/2026,20.2598,0.016028,cb
1980225.IB,4/20/2026,20.2525,0.015989,cb
1980225.IB,4/21/2026,20.2502,0.015946,cb
1980225.IB,4/22/2026,20.2483,0.015827,cb
1980225.IB,4/23/2026,20.2454,0.015902,cb
1980225.IB,4/24/2026,20.2437,0.015749,cb
1980225.IB,4/27/2026,20.2356,0.01584,cb
1980225.IB,4/28/2026,20.2334,0.015776,cb
1980225.IB,4/29/2026,20.2313,0.015687,cb
1980225.IB,4/30/2026,20.2286,0.015724,cb
1980225.IB,5/6/2026,20.2134,0.015704,cb
1980225.IB,5/7/2026,20.2108,0.015717,cb
1980225.IB,5/8/2026,20.2081,0.015757,cb
1980225.IB,5/11/2026,20.2008,0.015683,cb
1980225.IB,5/12/2026,20.1985,0.015621,cb
1980225.IB,5/13/2026,20.1963,0.015538,cb
1980225.IB,5/14/2026,20.1941,0.015477,cb
1980225.IB,5/15/2026,20.1916,0.015457,cb
1980225.IB,5/18/2026,20.1842,0.015381,cb
1980225.IB,5/19/2026,20.1817,0.015373,cb
1980225.IB,5/20/2026,20.1792,0.015362,cb
1980225.IB,5/21/2026,20.1766,0.015382,cb
1980225.IB,5/22/2026,20.1738,0.01542,cb
1980225.IB,5/25/2026,20.1661,0.015448,cb
1980225.IB,5/26/2026,20.1634,0.015468,cb
1980225.IB,5/27/2026,20.1608,0.015481,cb
1980225.IB,5/28/2026,20.1586,0.01539,cb
1980225.IB,5/29/2026,20.1562,0.015341,cb
1980225.IB,6/1/2026,20.1488,0.015265,cb
1980225.IB,6/2/2026,20.1462,0.015276,cb
1980225.IB,6/3/2026,20.1437,0.015257,cb
1980225.IB,6/4/2026,20.141,0.015275,cb
1980225.IB,6/5/2026,20.1385,0.015278,cb
1980225.IB,6/8/2026,20.1308,0.015276,cb
1980225.IB,6/9/2026,20.1277,0.01546,cb
1980225.IB,6/10/2026,20.1247,0.015604,cb
1980225.IB,6/11/2026,20.1214,0.015868,cb
1980225.IB,6/12/2026,20.1184,0.016059,cb
1980225.IB,6/15/2026,20.1108,0.016064,cb
1980225.IB,6/16/2026,20.108,0.016193,cb
1980225.IB,6/17/2026,20.1056,0.016148,cb
1980225.IB,6/18/2026,20.1031,0.016107,cb
1980225.IB,6/22/2026,20.093,0.016124,cb
1980225.IB,6/23/2026,20.0902,0.016287,cb
1980225.IB,6/24/2026,20.0876,0.016318,cb
1980225.IB,6/25/2026,20.0852,0.01628,cb
1980225.IB,6/26/2026,20.0829,0.016164,cb
1980225.IB,6/29/2026,20.0756,0.016034,cb
1980225.IB,6/30/2026,20.0734,0.01581,cb
1980225.IB,7/1/2026,20.0708,0.015873,cb
1980225.IB,7/2/2026,20.0684,0.015822,cb
1980225.IB,7/3/2026,20.0659,0.015775,cb
1980225.IB,7/6/2026,20.0582,0.015812,cb
1980225.IB,7/7/2026,20.0557,0.015784,cb
1980225.IB,7/8/2026,20.0533,0.015741,cb
1980225.IB,7/9/2026,20.0508,0.015699,cb
1980225.IB,7/10/2026,20.0483,0.015659,cb
1980225.IB,7/13/2026,20.0407,0.015653,cb
1980225.IB,7/14/2026,20.0381,0.015626,cb
1980225.IB,7/15/2026,20.0356,0.01567,cb
1980225.IB,7/16/2026,20.033,0.015718,cb
1980225.IB,7/17/2026,20.0305,0.015706,cb
1980225.IB,7/20/2026,20.0228,0.015706,cb
1980225.IB,7/21/2026,20.0203,0.015705,cb
1980225.IB,7/22/2026,20.0178,0.015665,cb
1980225.IB,7/23/2026,20.0153,0.01558,cb
1980225.IB,7/24/2026,20.0127,0.015678,cb
1980225.IB,7/27/2026,20.0051,0.015808,cb
1980225.IB,7/28/2026,20.0025,0.015871,cb
1980225.IB,7/29/2026,20.0025,0.015871,cb
1980225.IB,7/30/2026,20.0025,0.015871,cb
1980225.IB,7/31/2026,20.0025,0.015871,cb
1980225.IB,8/3/2026,20.0025,0.015871,cb
1980225.IB,8/4/2026,20.0025,0.015871,cb
1980225.IB,8/5/2026,20.0025,0.015871,cb
1980225.IB,8/6/2026,20.0025,0.015871,cb
1980225.IB,8/7/2026,20.0025,0.015871,cb
1980225.IB,8/10/2026,20.0025,0.015871,cb
1980225.IB,8/11/2026,20.0025,0.015871,cb
1980225.IB,8/12/2026,20.0025,0.015871,cb
1980225.IB,8/13/2026,20.0025,0.015871,cb
1980225.IB,8/14/2026,20.0025,0.015871,cb
1980225.IB,8/17/2026,20.0025,0.015871,cb
1980225.IB,8/18/2026,20.0025,0.015871,cb
1980225.IB,8/19/2026,20.0025,0.015871,cb
1980225.IB,8/20/2026,20.0025,0.015871,cb
1980225.IB,8/21/2026,20.0025,0.015871,cb
1980280.IB,8/22/2025,40.6127,0.018758,cb
1980280.IB,8/25/2025,40.6036,0.018779,cb
1980280.IB,8/26/2025,40.604,0.018633,cb
1980280.IB,8/27/2025,40.6008,0.018647,cb
1980280.IB,8/28/2025,40.5989,0.0186,cb
1980280.IB,8/29/2025,40.5967,0.018571,cb
1980280.IB,9/1/2025,40.5902,0.018472,cb
1980280.IB,9/2/2025,40.5857,0.018543,cb
1980280.IB,9/3/2025,40.5859,0.018398,cb
1980280.IB,9/4/2025,40.5855,0.018283,cb
1980280.IB,9/5/2025,40.5819,0.018313,cb
1980280.IB,9/8/2025,40.5711,0.018408,cb
1980280.IB,9/9/2025,40.5681,0.018412,cb
1980280.IB,9/10/2025,40.5605,0.018635,cb
1980280.IB,9/11/2025,40.5534,0.018835,cb
1980280.IB,9/12/2025,40.5507,0.018823,cb
1980280.IB,9/15/2025,40.5438,0.018741,cb
1980280.IB,9/16/2025,40.5403,0.018769,cb
1980280.IB,9/17/2025,40.5386,0.018712,cb
1980280.IB,9/18/2025,20.5336,0.018816,cb
1980280.IB,9/19/2025,20.5321,0.018817,cb
1980280.IB,9/22/2025,20.5276,0.018824,cb
1980280.IB,9/23/2025,20.5222,0.019019,cb
1980280.IB,9/24/2025,20.5161,0.019254,cb
1980280.IB,9/25/2025,20.5085,0.019561,cb
1980280.IB,9/26/2025,20.5074,0.019548,cb
1980280.IB,9/29/2025,20.5053,0.019433,cb
1980280.IB,9/30/2025,20.5061,0.019314,cb
1980280.IB,10/9/2025,20.495,0.019215,cb
1980280.IB,10/10/2025,20.4932,0.019231,cb
1980280.IB,10/13/2025,20.4929,0.019012,cb
1980280.IB,10/14/2025,20.4913,0.019023,cb
1980280.IB,10/15/2025,20.4908,0.018972,cb
1980280.IB,10/16/2025,20.49,0.018931,cb
1980280.IB,10/17/2025,20.4923,0.018733,cb
1980280.IB,10/20/2025,20.4895,0.018641,cb
1980280.IB,10/21/2025,20.4878,0.018656,cb
1980280.IB,10/22/2025,20.4861,0.018667,cb
1980280.IB,10/23/2025,20.4864,0.018569,cb
1980280.IB,10/24/2025,20.4853,0.018543,cb
1980280.IB,10/27/2025,20.4823,0.018465,cb
1980280.IB,10/28/2025,20.482,0.018396,cb
1980280.IB,10/29/2025,20.4825,0.018287,cb
1980280.IB,10/30/2025,20.4833,0.018158,cb
1980280.IB,10/31/2025,20.4835,0.018064,cb
1980280.IB,11/3/2025,20.4796,0.018026,cb
1980280.IB,11/4/2025,20.4791,0.017968,cb
1980280.IB,11/5/2025,20.4768,0.018009,cb
1980280.IB,11/6/2025,20.4758,0.017981,cb
1980280.IB,11/7/2025,20.4745,0.01797,cb
1980280.IB,11/10/2025,20.4683,0.018063,cb
1980280.IB,11/11/2025,20.4677,0.018012,cb
1980280.IB,11/12/2025,20.4663,0.018005,cb
1980280.IB,11/13/2025,20.4649,0.017995,cb
1980280.IB,11/14/2025,20.4634,0.017997,cb
1980280.IB,11/17/2025,20.4586,0.018013,cb
1980280.IB,11/18/2025,20.4571,0.01801,cb
1980280.IB,11/19/2025,20.455,0.018044,cb
1980280.IB,11/20/2025,20.4537,0.018028,cb
1980280.IB,11/21/2025,20.4505,0.018128,cb
1980280.IB,11/24/2025,20.4464,0.018103,cb
1980280.IB,11/25/2025,20.4454,0.018071,cb
1980280.IB,11/26/2025,20.4417,0.018207,cb
1980280.IB,11/27/2025,20.4391,0.01827,cb
1980280.IB,11/28/2025,20.4371,0.018302,cb
1980280.IB,12/1/2025,20.4335,0.01825,cb
1980280.IB,12/2/2025,20.4318,0.018263,cb
1980280.IB,12/3/2025,20.4287,0.018361,cb
1980280.IB,12/4/2025,20.4249,0.0185,cb
1980280.IB,12/5/2025,20.423,0.01853,cb
1980280.IB,12/8/2025,20.4183,0.018544,cb
1980280.IB,12/9/2025,20.4172,0.018517,cb
1980280.IB,12/10/2025,20.4084,0.018982,cb
1980280.IB,12/11/2025,20.4061,0.019035,cb
1980280.IB,12/12/2025,20.4032,0.019127,cb
1980280.IB,12/15/2025,20.3971,0.019242,cb
1980280.IB,12/16/2025,20.3961,0.01921,cb
1980280.IB,12/17/2025,20.3953,0.01917,cb
1980280.IB,12/18/2025,20.3938,0.019175,cb
1980280.IB,12/19/2025,20.3942,0.019052,cb
1980280.IB,12/22/2025,20.3914,0.018944,cb
1980280.IB,12/23/2025,20.3901,0.018939,cb
1980280.IB,12/24/2025,20.3886,0.018941,cb
1980280.IB,12/25/2025,20.3871,0.018942,cb
1980280.IB,12/26/2025,20.3839,0.019055,cb
1980280.IB,12/29/2025,20.3792,0.01908,cb
1980280.IB,12/30/2025,20.3782,0.019048,cb
1980280.IB,12/31/2025,20.3808,0.018767,cb
1980280.IB,1/5/2026,20.375,0.01866,cb
1980280.IB,1/6/2026,20.3739,0.018636,cb
1980280.IB,1/7/2026,20.3726,0.018619,cb
1980280.IB,1/8/2026,20.3708,0.018642,cb
1980280.IB,1/9/2026,20.369,0.018664,cb
1980280.IB,1/12/2026,20.3645,0.018669,cb
1980280.IB,1/13/2026,20.3623,0.018727,cb
1980280.IB,1/14/2026,20.3605,0.018746,cb
1980280.IB,1/15/2026,20.3587,0.018769,cb
1980280.IB,1/16/2026,20.3578,0.018729,cb
1980280.IB,1/19/2026,20.3463,0.019256,cb
1980280.IB,1/20/2026,20.345,0.01924,cb
1980280.IB,1/21/2026,20.3452,0.019119,cb
1980280.IB,1/22/2026,20.3454,0.018992,cb
1980280.IB,1/23/2026,20.3441,0.018982,cb
1980280.IB,1/26/2026,20.3404,0.018932,cb
1980280.IB,1/27/2026,20.3389,0.018938,cb
1980280.IB,1/28/2026,20.3377,0.018918,cb
1980280.IB,1/29/2026,20.3367,0.018881,cb
1980280.IB,1/30/2026,20.3346,0.01893,cb
1980280.IB,2/2/2026,20.3309,0.018878,cb
1980280.IB,2/3/2026,20.3292,0.018893,cb
1980280.IB,2/4/2026,20.328,0.018875,cb
1980280.IB,2/5/2026,20.3261,0.018906,cb
1980280.IB,2/6/2026,20.3249,0.018887,cb
1980280.IB,2/9/2026,20.3212,0.018829,cb
1980280.IB,2/10/2026,20.3195,0.018847,cb
1980280.IB,2/11/2026,20.3168,0.018949,cb
1980280.IB,2/12/2026,20.3163,0.01887,cb
1980280.IB,2/13/2026,20.3156,0.018807,cb
1980280.IB,2/24/2026,20.3001,0.018753,cb
1980280.IB,2/25/2026,20.2992,0.018703,cb
1980280.IB,2/26/2026,20.2978,0.018703,cb
1980280.IB,2/27/2026,20.2957,0.018752,cb
1980280.IB,3/2/2026,20.2924,0.018657,cb
1980280.IB,3/3/2026,20.2908,0.01867,cb
1980280.IB,3/4/2026,20.2902,0.018592,cb
1980280.IB,3/5/2026,20.2887,0.018596,cb
1980280.IB,3/6/2026,20.2885,0.018474,cb
1980280.IB,3/9/2026,20.2841,0.018468,cb
1980280.IB,3/10/2026,20.284,0.018348,cb
1980280.IB,3/11/2026,20.2831,0.018286,cb
1980280.IB,3/12/2026,20.2819,0.018263,cb
1980280.IB,3/13/2026,20.2815,0.018155,cb
1980280.IB,3/16/2026,20.2764,0.018215,cb
1980280.IB,3/17/2026,20.2752,0.018191,cb
1980280.IB,3/18/2026,20.2741,0.018152,cb
1980280.IB,3/19/2026,20.274,0.018012,cb
1980280.IB,3/20/2026,20.2726,0.018005,cb
1980280.IB,3/23/2026,20.2683,0.017984,cb
1980280.IB,3/24/2026,20.2678,0.017881,cb
1980280.IB,3/25/2026,20.267,0.017806,cb
1980280.IB,3/26/2026,20.2665,0.017707,cb
1980280.IB,3/27/2026,20.2648,0.017725,cb
1980280.IB,3/30/2026,20.2602,0.017733,cb
1980280.IB,3/31/2026,20.2593,0.017662,cb
1980280.IB,4/1/2026,20.2577,0.017671,cb
1980280.IB,4/2/2026,20.2571,0.017574,cb
1980280.IB,4/3/2026,20.2572,0.017406,cb
1980280.IB,4/7/2026,20.2533,0.017157,cb
1980280.IB,4/8/2026,20.2518,0.01716,cb
1980280.IB,4/9/2026,20.2505,0.017131,cb
1980280.IB,4/10/2026,20.2499,0.017024,cb
1980280.IB,4/13/2026,20.2452,0.017024,cb
1980280.IB,4/14/2026,20.244,0.016984,cb
1980280.IB,4/15/2026,20.2424,0.016993,cb
1980280.IB,4/16/2026,20.2408,0.016991,cb
1980280.IB,4/17/2026,20.2392,0.017002,cb
1980280.IB,4/20/2026,20.2353,0.01691,cb
1980280.IB,4/21/2026,20.2338,0.016902,cb
1980280.IB,4/22/2026,20.2322,0.016899,cb
1980280.IB,4/23/2026,20.2304,0.016927,cb
1980280.IB,4/24/2026,20.2298,0.016821,cb
1980280.IB,4/27/2026,20.2249,0.016834,cb
1980280.IB,4/28/2026,20.2245,0.016695,cb
1980280.IB,4/29/2026,20.2236,0.016614,cb
1980280.IB,4/30/2026,20.2217,0.016647,cb
1980280.IB,5/6/2026,20.2125,0.016618,cb
1980280.IB,5/7/2026,20.2107,0.01664,cb
1980280.IB,5/8/2026,20.209,0.016662,cb
1980280.IB,5/11/2026,20.2051,0.016545,cb
1980280.IB,5/12/2026,20.2045,0.016411,cb
1980280.IB,5/13/2026,20.2026,0.016449,cb
1980280.IB,5/14/2026,20.2014,0.016404,cb
1980280.IB,5/15/2026,20.2003,0.016336,cb
1980280.IB,5/18/2026,20.1958,0.016289,cb
1980280.IB,5/19/2026,20.1942,0.016294,cb
1980280.IB,5/20/2026,20.1928,0.016266,cb
1980280.IB,5/21/2026,20.1915,0.016225,cb
1980280.IB,5/22/2026,20.1896,0.01626,cb
1980280.IB,5/25/2026,20.1848,0.016269,cb
1980280.IB,5/26/2026,20.1829,0.016307,cb
1980280.IB,5/27/2026,20.1814,0.016292,cb
1980280.IB,5/28/2026,20.1801,0.016243,cb
1980280.IB,5/29/2026,20.1786,0.016228,cb
1980280.IB,6/1/2026,20.1748,0.016076,cb
1980280.IB,6/2/2026,20.1733,0.016053,cb
1980280.IB,6/3/2026,20.1715,0.016084,cb
1980280.IB,6/4/2026,20.1698,0.016106,cb
1980280.IB,6/5/2026,20.1682,0.016106,cb
1980280.IB,6/8/2026,20.1633,0.016112,cb
1980280.IB,6/9/2026,20.1597,0.016459,cb
1980280.IB,6/10/2026,20.1576,0.016563,cb
1980280.IB,6/11/2026,20.1542,0.01688,cb
1980280.IB,6/12/2026,20.1522,0.01695,cb
1980280.IB,6/15/2026,20.1473,0.016999,cb
1980280.IB,6/16/2026,20.1455,0.017042,cb
1980280.IB,6/17/2026,20.1443,0.016977,cb
1980280.IB,6/18/2026,20.143,0.016932,cb
1980280.IB,6/22/2026,20.1366,0.016958,cb
1980280.IB,6/23/2026,20.1343,0.01712,cb
1980280.IB,6/24/2026,20.1329,0.017087,cb
1980280.IB,6/25/2026,20.1318,0.016981,cb
1980280.IB,6/26/2026,20.131,0.016831,cb
1980280.IB,6/29/2026,20.1261,0.016871,cb
1980280.IB,6/30/2026,20.1245,0.016893,cb
1980280.IB,7/1/2026,20.1232,0.016824,cb
1980280.IB,7/2/2026,20.1218,0.016788,cb
1980280.IB,7/3/2026,20.1207,0.016679,cb
1980280.IB,7/6/2026,20.1164,0.016587,cb
1980280.IB,7/7/2026,20.1149,0.01657,cb
1980280.IB,7/8/2026,20.1131,0.016629,cb
1980280.IB,7/9/2026,20.1116,0.016604,cb
1980280.IB,7/10/2026,20.1101,0.016577,cb
1980280.IB,7/13/2026,20.1057,0.016512,cb
1980280.IB,7/14/2026,20.104,0.01654,cb
1980280.IB,7/15/2026,20.1024,0.016551,cb
1980280.IB,7/16/2026,20.1007,0.016562,cb
1980280.IB,7/17/2026,20.0993,0.016517,cb
1980280.IB,7/20/2026,20.0946,0.016503,cb
1980280.IB,7/21/2026,20.093,0.016524,cb
1980280.IB,7/22/2026,20.0916,0.016473,cb
1980280.IB,7/23/2026,20.0901,0.016455,cb
1980280.IB,7/24/2026,20.0883,0.016503,cb
1980280.IB,7/27/2026,20.0834,0.016576,cb
1980280.IB,7/28/2026,20.0814,0.016689,cb
1980280.IB,7/29/2026,20.0798,0.016719,cb
1980280.IB,7/30/2026,20.078,0.016794,cb
1980280.IB,7/31/2026,20.0764,0.016795,cb
1980280.IB,8/3/2026,20.0718,0.016794,cb
1980280.IB,8/4/2026,20.0705,0.016681,cb
1980280.IB,8/5/2026,20.0689,0.016702,cb
1980280.IB,8/6/2026,20.0673,0.016709,cb
1980280.IB,8/7/2026,20.0658,0.016655,cb
1980280.IB,8/10/2026,20.0612,0.016613,cb
1980280.IB,8/11/2026,20.0595,0.016665,cb
1980280.IB,8/12/2026,20.0581,0.016593,cb
1980280.IB,8/13/2026,20.0566,0.016582,cb
1980280.IB,8/14/2026,20.0551,0.016555,cb
1980280.IB,8/17/2026,20.0502,0.016603,cb
1980280.IB,8/18/2026,20.0489,0.016463,cb
1980280.IB,8/19/2026,20.0473,0.016464,cb
1980280.IB,8/20/2026,20.0456,0.016547,cb
1980280.IB,8/21/2026,20.0438,0.01669,cb
1980362.IB,8/22/2025,40.9738,0.020476,cb
1980362.IB,8/25/2025,40.9645,0.020449,cb
1980362.IB,8/26/2025,40.9663,0.020287,cb
1980362.IB,8/27/2025,40.9668,0.020163,cb
1980362.IB,8/28/2025,40.9658,0.020085,cb
1980362.IB,8/29/2025,40.9613,0.02012,cb
1980362.IB,9/1/2025,40.9546,0.020006,cb
1980362.IB,9/2/2025,40.9486,0.020088,cb
1980362.IB,9/3/2025,40.9501,0.019928,cb
1980362.IB,9/4/2025,40.9512,0.01978,cb
1980362.IB,9/5/2025,40.9467,0.019816,cb
1980362.IB,9/8/2025,40.9306,0.020005,cb
1980362.IB,9/9/2025,40.9225,0.020161,cb
1980362.IB,9/10/2025,40.9178,0.020204,cb
1980362.IB,9/11/2025,40.91,0.020352,cb
1980362.IB,9/12/2025,40.9061,0.02037,cb
1980362.IB,9/15/2025,40.8947,0.020412,cb
1980362.IB,9/16/2025,40.8924,0.020379,cb
1980362.IB,9/17/2025,40.8889,0.020382,cb
1980362.IB,9/18/2025,40.8823,0.020491,cb
1980362.IB,9/19/2025,40.8782,0.020518,cb
1980362.IB,9/22/2025,40.8683,0.020512,cb
1980362.IB,9/23/2025,40.8552,0.020853,cb
1980362.IB,9/24/2025,40.8452,0.021089,cb
1980362.IB,9/25/2025,40.8352,0.021328,cb
1980362.IB,9/26/2025,40.8333,0.021282,cb
1980362.IB,9/29/2025,40.8245,0.021243,cb
1980362.IB,9/30/2025,40.8239,0.021146,cb
1980362.IB,10/9/2025,40.7965,0.021064,cb
1980362.IB,10/10/2025,40.7915,0.021128,cb
1980362.IB,10/13/2025,40.7884,0.020867,cb
1980362.IB,10/14/2025,40.7879,0.020758,cb
1980362.IB,10/15/2025,40.7837,0.020792,cb
1980362.IB,10/16/2025,40.7807,0.020778,cb
1980362.IB,10/17/2025,40.7843,0.020507,cb
1980362.IB,10/20/2025,40.7775,0.020378,cb
1980362.IB,10/21/2025,40.7765,0.020283,cb
1980362.IB,10/22/2025,40.7767,0.02014,cb
1980362.IB,10/23/2025,40.778,0.019952,cb
1980362.IB,10/24/2025,40.7747,0.019948,cb
1980362.IB,10/27/2025,40.7632,0.019999,cb
1980362.IB,10/28/2025,40.7664,0.019726,cb
1980362.IB,10/29/2025,40.766,0.0196,cb
1980362.IB,10/30/2025,40.7648,0.019509,cb
1980362.IB,10/31/2025,40.7634,0.019423,cb
1980362.IB,11/3/2025,40.7547,0.019346,cb
1980362.IB,11/4/2025,40.7515,0.019335,cb
1980362.IB,11/5/2025,40.7494,0.019277,cb
1980362.IB,11/6/2025,40.7449,0.01932,cb
1980362.IB,11/7/2025,40.7405,0.019358,cb
1980362.IB,11/10/2025,40.7296,0.019376,cb
1980362.IB,11/11/2025,40.7262,0.019374,cb
1980362.IB,11/12/2025,40.724,0.019318,cb
1980362.IB,11/13/2025,40.7193,0.019372,cb
1980362.IB,11/14/2025,40.7158,0.01937,cb
1980362.IB,11/17/2025,40.7039,0.019436,cb
1980362.IB,11/18/2025,40.7014,0.019392,cb
1980362.IB,11/19/2025,40.6988,0.019351,cb
1980362.IB,11/20/2025,40.6941,0.019404,cb
1980362.IB,11/21/2025,40.6892,0.019472,cb
1980362.IB,11/24/2025,40.6759,0.019606,cb
1980362.IB,11/25/2025,40.674,0.019534,cb
1980362.IB,11/26/2025,40.6676,0.019671,cb
1980362.IB,11/27/2025,40.6622,0.019763,cb
1980362.IB,11/28/2025,40.659,0.019751,cb
1980362.IB,12/1/2025,40.6485,0.01976,cb
1980362.IB,12/2/2025,40.6434,0.019841,cb
1980362.IB,12/3/2025,40.6403,0.019827,cb
1980362.IB,12/4/2025,20.6327,0.020029,cb
1980362.IB,12/5/2025,20.6303,0.020064,cb
1980362.IB,12/8/2025,20.625,0.020064,cb
1980362.IB,12/9/2025,20.6236,0.020046,cb
1980362.IB,12/10/2025,20.6222,0.020028,cb
1980362.IB,12/11/2025,20.6197,0.020066,cb
1980362.IB,12/12/2025,20.6182,0.020056,cb
1980362.IB,12/15/2025,20.61,0.020203,cb
1980362.IB,12/16/2025,20.6084,0.020198,cb
1980362.IB,12/17/2025,20.6079,0.020134,cb
1980362.IB,12/18/2025,20.6079,0.020045,cb
1980362.IB,12/19/2025,20.607,0.019999,cb
1980362.IB,12/22/2025,20.6024,0.019967,cb
1980362.IB,12/23/2025,20.6003,0.019983,cb
1980362.IB,12/24/2025,20.5985,0.019985,cb
1980362.IB,12/25/2025,20.5971,0.019967,cb
1980362.IB,12/26/2025,20.5945,0.020009,cb
1980362.IB,12/29/2025,20.5869,0.020132,cb
1980362.IB,12/30/2025,20.5859,0.020092,cb
1980362.IB,12/31/2025,20.5844,0.020084,cb
1980362.IB,1/5/2026,20.5765,0.020034,cb
1980362.IB,1/6/2026,20.5762,0.019957,cb
1980362.IB,1/7/2026,20.5747,0.019945,cb
1980362.IB,1/8/2026,20.5741,0.01988,cb
1980362.IB,1/9/2026,20.5721,0.019892,cb
1980362.IB,1/12/2026,20.5675,0.019855,cb
1980362.IB,1/13/2026,20.566,0.019839,cb
1980362.IB,1/14/2026,20.564,0.019858,cb
1980362.IB,1/15/2026,20.5621,0.019861,cb
1980362.IB,1/16/2026,20.5611,0.019823,cb
1980362.IB,1/19/2026,20.5557,0.019825,cb
1980362.IB,1/20/2026,20.5543,0.019806,cb
1980362.IB,1/21/2026,20.5536,0.019749,cb
1980362.IB,1/22/2026,20.5542,0.019611,cb
1980362.IB,1/23/2026,20.5538,0.019533,cb
1980362.IB,1/26/2026,20.5474,0.019596,cb
1980362.IB,1/27/2026,20.5467,0.019536,cb
1980362.IB,1/28/2026,20.5461,0.019463,cb
1980362.IB,1/29/2026,20.5448,0.019436,cb
1980362.IB,1/30/2026,20.5434,0.019413,cb
1980362.IB,2/2/2026,20.5376,0.019444,cb
1980362.IB,2/3/2026,20.5355,0.019461,cb
1980362.IB,2/4/2026,20.5345,0.019416,cb
1980362.IB,2/5/2026,20.5335,0.019368,cb
1980362.IB,2/6/2026,20.5326,0.019319,cb
1980362.IB,2/9/2026,20.5284,0.019248,cb
1980362.IB,2/10/2026,20.526,0.019283,cb
1980362.IB,2/11/2026,20.5241,0.019287,cb
1980362.IB,2/12/2026,20.5223,0.019288,cb
1980362.IB,2/13/2026,20.5222,0.019188,cb
1980362.IB,2/24/2026,20.5043,0.019073,cb
1980362.IB,2/25/2026,20.5022,0.01909,cb
1980362.IB,2/26/2026,20.4993,0.019165,cb
1980362.IB,2/27/2026,20.4971,0.019189,cb
1980362.IB,3/2/2026,20.4943,0.019026,cb
1980362.IB,3/3/2026,20.4929,0.019,cb
1980362.IB,3/4/2026,20.4926,0.0189,cb
1980362.IB,3/5/2026,20.4909,0.018891,cb
1980362.IB,3/6/2026,20.4889,0.018909,cb
1980362.IB,3/9/2026,20.4842,0.018855,cb
1980362.IB,3/10/2026,20.4846,0.018713,cb
1980362.IB,3/11/2026,20.4842,0.018617,cb
1980362.IB,3/12/2026,20.4829,0.01858,cb
1980362.IB,3/13/2026,20.4829,0.018461,cb
1980362.IB,3/16/2026,20.4765,0.018522,cb
1980362.IB,3/17/2026,20.4748,0.018517,cb
1980362.IB,3/18/2026,20.4737,0.018462,cb
1980362.IB,3/19/2026,20.4739,0.018323,cb
1980362.IB,3/20/2026,20.4721,0.018323,cb
1980362.IB,3/23/2026,20.4671,0.018286,cb
1980362.IB,3/24/2026,20.4661,0.018233,cb
1980362.IB,3/25/2026,20.4645,0.018214,cb
1980362.IB,3/26/2026,20.4634,0.018162,cb
1980362.IB,3/27/2026,20.4616,0.018157,cb
1980362.IB,3/30/2026,20.4571,0.018083,cb
1980362.IB,3/31/2026,20.4565,0.017992,cb
1980362.IB,4/1/2026,20.4546,0.017995,cb
1980362.IB,4/2/2026,20.4541,0.017901,cb
1980362.IB,4/3/2026,20.4536,0.017804,cb
1980362.IB,4/7/2026,20.4482,0.017651,cb
1980362.IB,4/8/2026,20.4463,0.017652,cb
1980362.IB,4/9/2026,20.4446,0.017639,cb
1980362.IB,4/10/2026,20.4446,0.017501,cb
1980362.IB,4/13/2026,20.4392,0.017481,cb
1980362.IB,4/14/2026,20.4371,0.017496,cb
1980362.IB,4/15/2026,20.4355,0.01748,cb
1980362.IB,4/16/2026,20.4336,0.017476,cb
1980362.IB,4/17/2026,20.4321,0.017447,cb
1980362.IB,4/20/2026,20.4277,0.017351,cb
1980362.IB,4/21/2026,20.4261,0.01733,cb
1980362.IB,4/22/2026,20.4241,0.017337,cb
1980362.IB,4/23/2026,20.4222,0.017341,cb
1980362.IB,4/24/2026,20.4213,0.017261,cb
1980362.IB,4/27/2026,20.4152,0.017299,cb
1980362.IB,4/28/2026,20.4134,0.017288,cb
1980362.IB,4/29/2026,20.4122,0.017236,cb
1980362.IB,4/30/2026,20.4112,0.017163,cb
1980362.IB,5/6/2026,20.3993,0.017207,cb
1980362.IB,5/7/2026,20.3977,0.017181,cb
1980362.IB,5/8/2026,20.3959,0.017173,cb
1980362.IB,5/11/2026,20.3923,0.016994,cb
1980362.IB,5/12/2026,20.3912,0.016925,cb
1980362.IB,5/13/2026,20.3905,0.016825,cb
1980362.IB,5/14/2026,20.3892,0.016769,cb
1980362.IB,5/15/2026,20.3873,0.016769,cb
1980362.IB,5/18/2026,20.3819,0.016735,cb
1980362.IB,5/19/2026,20.3805,0.016692,cb
1980362.IB,5/20/2026,20.3789,0.01666,cb
1980362.IB,5/21/2026,20.3767,0.016686,cb
1980362.IB,5/22/2026,20.3752,0.016647,cb
1980362.IB,5/25/2026,20.3698,0.016616,cb
1980362.IB,5/26/2026,20.3675,0.016649,cb
1980362.IB,5/27/2026,20.3658,0.016628,cb
1980362.IB,5/28/2026,20.3643,0.016591,cb
1980362.IB,5/29/2026,20.3634,0.016497,cb
1980362.IB,6/1/2026,20.3577,0.01649,cb
1980362.IB,6/2/2026,20.3565,0.01642,cb
1980362.IB,6/3/2026,20.3551,0.016366,cb
1980362.IB,6/4/2026,20.3533,0.016354,cb
1980362.IB,6/5/2026,20.3516,0.016329,cb
1980362.IB,6/8/2026,20.3448,0.016424,cb
1980362.IB,6/9/2026,20.3406,0.016654,cb
1980362.IB,6/10/2026,20.3378,0.01674,cb
1980362.IB,6/11/2026,20.3327,0.017054,cb
1980362.IB,6/12/2026,20.33,0.017132,cb
1980362.IB,6/15/2026,20.3237,0.017204,cb
1980362.IB,6/16/2026,20.3215,0.017237,cb
1980362.IB,6/17/2026,20.32,0.017187,cb
1980362.IB,6/18/2026,20.3183,0.017176,cb
1980362.IB,6/22/2026,20.3108,0.017161,cb
1980362.IB,6/23/2026,20.3068,0.017389,cb
1980362.IB,6/24/2026,20.3055,0.017327,cb
1980362.IB,6/25/2026,20.3005,0.017668,cb
1980362.IB,6/26/2026,20.2991,0.017613,cb
1980362.IB,6/29/2026,20.2936,0.017608,cb
1980362.IB,6/30/2026,20.2918,0.0176,cb
1980362.IB,7/1/2026,20.2895,0.01765,cb
1980362.IB,7/2/2026,20.2883,0.017574,cb
1980362.IB,7/3/2026,20.2866,0.017556,cb
1980362.IB,7/6/2026,20.282,0.017435,cb
1980362.IB,7/7/2026,20.2796,0.017495,cb
1980362.IB,7/8/2026,20.2782,0.017448,cb
1980362.IB,7/9/2026,20.2767,0.017397,cb
1980362.IB,7/10/2026,20.2749,0.017384,cb
1980362.IB,7/13/2026,20.2694,0.017376,cb
1980362.IB,7/14/2026,20.2675,0.01738,cb
1980362.IB,7/15/2026,20.2659,0.017339,cb
1980362.IB,7/16/2026,20.263,0.01747,cb
1980362.IB,7/17/2026,20.2611,0.017477,cb
1980362.IB,7/20/2026,20.2557,0.017443,cb
1980362.IB,7/21/2026,20.2541,0.017403,cb
1980362.IB,7/22/2026,20.2519,0.017448,cb
1980362.IB,7/23/2026,20.2513,0.017288,cb
1980362.IB,7/24/2026,20.2488,0.017362,cb
1980362.IB,7/27/2026,20.2431,0.017378,cb
1980362.IB,7/28/2026,20.2408,0.017435,cb
1980362.IB,7/29/2026,20.2387,0.01746,cb
1980362.IB,7/30/2026,20.2364,0.01753,cb
1980362.IB,7/31/2026,20.2345,0.017528,cb
1980362.IB,8/3/2026,20.2289,0.017529,cb
1980362.IB,8/4/2026,20.2277,0.017434,cb
1980362.IB,8/5/2026,20.2256,0.017473,cb
1980362.IB,8/6/2026,20.2235,0.017499,cb
1980362.IB,8/7/2026,20.222,0.017447,cb
1980362.IB,8/10/2026,20.2166,0.017413,cb
1980362.IB,8/11/2026,20.2151,0.017352,cb
1980362.IB,8/12/2026,20.2131,0.017369,cb
1980362.IB,8/13/2026,20.2113,0.01736,cb
1980362.IB,8/14/2026,20.2095,0.017354,cb
1980362.IB,8/17/2026,20.2037,0.017379,cb
1980362.IB,8/18/2026,20.2017,0.017397,cb
1980362.IB,8/19/2026,20.1998,0.017401,cb
1980362.IB,8/20/2026,20.1983,0.017346,cb
1980362.IB,8/21/2026,20.1965,0.017326,cb
2080114.IB,8/22/2025,41.4748,0.021548,cb
2080114.IB,8/25/2025,41.4654,0.021531,cb
2080114.IB,8/26/2025,41.4649,0.021471,cb
2080114.IB,8/27/2025,41.4674,0.021346,cb
2080114.IB,8/28/2025,41.4652,0.021322,cb
2080114.IB,8/29/2025,41.4652,0.021249,cb
2080114.IB,9/1/2025,41.4574,0.021195,cb
2080114.IB,9/2/2025,41.4548,0.021177,cb
2080114.IB,9/3/2025,41.4569,0.02106,cb
2080114.IB,9/4/2025,41.458,0.020962,cb
2080114.IB,9/5/2025,41.4531,0.020993,cb
2080114.IB,9/8/2025,41.4376,0.021103,cb
2080114.IB,9/9/2025,41.4315,0.021161,cb
2080114.IB,9/10/2025,41.4196,0.021343,cb
2080114.IB,9/11/2025,41.4103,0.021472,cb
2080114.IB,9/12/2025,41.4074,0.02146,cb
2080114.IB,9/15/2025,41.398,0.021442,cb
2080114.IB,9/16/2025,41.3946,0.021442,cb
2080114.IB,9/17/2025,41.3921,0.021421,cb
2080114.IB,9/18/2025,41.3859,0.021484,cb
2080114.IB,9/19/2025,41.381,0.021517,cb
2080114.IB,9/22/2025,41.3725,0.021479,cb
2080114.IB,9/23/2025,41.3572,0.021745,cb
2080114.IB,9/24/2025,41.3453,0.021935,cb
2080114.IB,9/25/2025,41.3287,0.022235,cb
2080114.IB,9/26/2025,41.3228,0.022292,cb
2080114.IB,9/29/2025,41.3131,0.022287,cb
2080114.IB,9/30/2025,41.3137,0.022199,cb
2080114.IB,10/9/2025,41.2877,0.022106,cb
2080114.IB,10/10/2025,41.2827,0.022145,cb
2080114.IB,10/13/2025,41.2816,0.021937,cb
2080114.IB,10/14/2025,41.2802,0.021891,cb
2080114.IB,10/15/2025,41.2775,0.021874,cb
2080114.IB,10/16/2025,41.2781,0.02178,cb
2080114.IB,10/17/2025,41.2829,0.021586,cb
2080114.IB,10/20/2025,41.276,0.021508,cb
2080114.IB,10/21/2025,41.2772,0.021398,cb
2080114.IB,10/22/2025,41.2805,0.021236,cb
2080114.IB,10/23/2025,41.2838,0.021074,cb
2080114.IB,10/24/2025,41.2821,0.021032,cb
2080114.IB,10/27/2025,41.2702,0.021069,cb
2080114.IB,10/28/2025,41.2775,0.020806,cb
2080114.IB,10/29/2025,41.2804,0.02065,cb
2080114.IB,10/30/2025,41.2799,0.020577,cb
2080114.IB,10/31/2025,41.2801,0.020486,cb
2080114.IB,11/3/2025,41.2734,0.02039,cb
2080114.IB,11/4/2025,41.2718,0.020344,cb
2080114.IB,11/5/2025,41.2721,0.020248,cb
2080114.IB,11/6/2025,41.2664,0.020302,cb
2080114.IB,11/7/2025,41.2629,0.020302,cb
2080114.IB,11/10/2025,41.2539,0.020261,cb
2080114.IB,11/11/2025,41.2509,0.020248,cb
2080114.IB,11/12/2025,41.2495,0.020194,cb
2080114.IB,11/13/2025,41.2446,0.020229,cb
2080114.IB,11/14/2025,41.2415,0.020216,cb
2080114.IB,11/17/2025,41.23,0.02024,cb
2080114.IB,11/18/2025,41.2288,0.020179,cb
2080114.IB,11/19/2025,41.2277,0.020115,cb
2080114.IB,11/20/2025,41.2217,0.020181,cb
2080114.IB,11/21/2025,41.2148,0.020267,cb
2080114.IB,11/24/2025,41.2013,0.020343,cb
2080114.IB,11/25/2025,41.1988,0.020316,cb
2080114.IB,11/26/2025,41.1906,0.020441,cb
2080114.IB,11/27/2025,41.1816,0.020587,cb
2080114.IB,11/28/2025,41.1791,0.02056,cb
2080114.IB,12/1/2025,41.1682,0.020572,cb
2080114.IB,12/2/2025,41.1624,0.020633,cb
2080114.IB,12/3/2025,41.142,0.021092,cb
2080114.IB,12/4/2025,41.1297,0.021332,cb
2080114.IB,12/5/2025,41.1239,0.0214,cb
2080114.IB,12/8/2025,41.1134,0.021406,cb
2080114.IB,12/9/2025,41.1108,0.021385,cb
2080114.IB,12/10/2025,41.1067,0.021405,cb
2080114.IB,12/11/2025,41.1044,0.021373,cb
2080114.IB,12/12/2025,41.1037,0.021299,cb
2080114.IB,12/15/2025,41.0918,0.021344,cb
2080114.IB,12/16/2025,41.0884,0.021345,cb
2080114.IB,12/17/2025,41.086,0.021317,cb
2080114.IB,12/18/2025,41.0847,0.021255,cb
2080114.IB,12/19/2025,41.0801,0.021288,cb
2080114.IB,12/22/2025,41.0753,0.021133,cb
2080114.IB,12/23/2025,41.0717,0.021139,cb
2080114.IB,12/24/2025,41.0673,0.021165,cb
2080114.IB,12/25/2025,41.0656,0.021115,cb
2080114.IB,12/26/2025,41.0622,0.021115,cb
2080114.IB,12/29/2025,41.0426,0.021389,cb
2080114.IB,12/30/2025,41.0401,0.021363,cb
2080114.IB,12/31/2025,41.0376,0.021336,cb
2080114.IB,1/5/2026,41.0214,0.021309,cb
2080114.IB,1/6/2026,41.0209,0.021222,cb
2080114.IB,1/7/2026,41.0159,0.021269,cb
2080114.IB,1/8/2026,41.0133,0.021244,cb
2080114.IB,1/9/2026,41.0092,0.021266,cb
2080114.IB,1/12/2026,41.0033,0.021134,cb
2080114.IB,1/13/2026,41.0009,0.0211,cb
2080114.IB,1/14/2026,40.9982,0.02108,cb
2080114.IB,1/15/2026,40.9965,0.021025,cb
2080114.IB,1/16/2026,40.9969,0.020902,cb
2080114.IB,1/19/2026,40.9853,0.020943,cb
2080114.IB,1/20/2026,40.9826,0.020919,cb
2080114.IB,1/21/2026,40.98,0.020891,cb
2080114.IB,1/22/2026,40.9785,0.02083,cb
2080114.IB,1/23/2026,40.9773,0.020757,cb
2080114.IB,1/26/2026,40.9659,0.020789,cb
2080114.IB,1/27/2026,40.9661,0.020671,cb
2080114.IB,1/28/2026,40.9608,0.02073,cb
2080114.IB,1/29/2026,40.9572,0.020735,cb
2080114.IB,1/30/2026,40.9539,0.020727,cb
2080114.IB,2/2/2026,40.9452,0.020673,cb
2080114.IB,2/3/2026,40.9419,0.020666,cb
2080114.IB,2/4/2026,40.9377,0.020689,cb
2080114.IB,2/5/2026,40.9363,0.020619,cb
2080114.IB,2/6/2026,40.9328,0.020621,cb
2080114.IB,2/9/2026,40.9225,0.020615,cb
2080114.IB,2/10/2026,40.9212,0.020543,cb
2080114.IB,2/11/2026,40.9156,0.020615,cb
2080114.IB,2/12/2026,40.9117,0.020627,cb
2080114.IB,2/13/2026,40.9101,0.020562,cb
2080114.IB,2/24/2026,40.8743,0.020471,cb
2080114.IB,2/25/2026,40.873,0.02039,cb
2080114.IB,2/26/2026,40.8657,0.020529,cb
2080114.IB,2/27/2026,40.8617,0.020549,cb
2080114.IB,3/2/2026,40.8547,0.020421,cb
2080114.IB,3/3/2026,40.853,0.020354,cb
2080114.IB,3/4/2026,40.8499,0.020339,cb
2080114.IB,3/5/2026,40.8479,0.02028,cb
2080114.IB,3/6/2026,40.8491,0.020102,cb
2080114.IB,3/9/2026,40.8378,0.020128,cb
2080114.IB,3/10/2026,40.8375,0.020006,cb
2080114.IB,3/11/2026,40.8341,0.019999,cb
2080114.IB,3/12/2026,40.8304,0.020004,cb
2080114.IB,3/13/2026,40.8262,0.020032,cb
2080114.IB,3/16/2026,40.8149,0.020057,cb
2080114.IB,3/17/2026,40.8136,0.019969,cb
2080114.IB,3/18/2026,40.8141,0.019807,cb
2080114.IB,3/19/2026,40.8113,0.019778,cb
2080114.IB,3/20/2026,40.8092,0.019716,cb
2080114.IB,3/23/2026,40.8016,0.019589,cb
2080114.IB,3/24/2026,40.7999,0.019511,cb
2080114.IB,3/25/2026,40.7961,0.019519,cb
2080114.IB,3/26/2026,40.7917,0.019554,cb
2080114.IB,3/27/2026,40.7869,0.019604,cb
2080114.IB,3/30/2026,40.7798,0.019448,cb
2080114.IB,3/31/2026,40.7796,0.019304,cb
2080114.IB,4/1/2026,40.7755,0.019327,cb
2080114.IB,4/2/2026,40.775,0.019191,cb
2080114.IB,4/3/2026,40.7753,0.019026,cb
2080114.IB,4/7/2026,40.7641,0.018876,cb
2080114.IB,4/8/2026,40.7603,0.01888,cb
2080114.IB,4/9/2026,40.7565,0.018884,cb
2080114.IB,4/10/2026,40.755,0.018791,cb
2080114.IB,4/13/2026,40.7432,0.018824,cb
2080114.IB,4/14/2026,40.7396,0.01882,cb
2080114.IB,4/15/2026,40.7353,0.01885,cb
2080114.IB,4/16/2026,40.7331,0.018782,cb
2080114.IB,4/17/2026,40.7284,0.018827,cb
2080114.IB,4/20/2026,40.7195,0.018728,cb
2080114.IB,4/21/2026,40.7157,0.018734,cb
2080114.IB,4/22/2026,40.715,0.018593,cb
2080114.IB,4/23/2026,40.7121,0.018558,cb
2080114.IB,4/24/2026,40.7099,0.018484,cb
2080114.IB,4/27/2026,40.6994,0.018452,cb
2080114.IB,4/28/2026,40.6952,0.018479,cb
2080114.IB,4/29/2026,40.6911,0.018495,cb
2080114.IB,4/30/2026,20.6892,0.018407,cb
2080114.IB,5/6/2026,20.6771,0.01844,cb
2080114.IB,5/7/2026,20.6754,0.018429,cb
2080114.IB,5/8/2026,20.673,0.018453,cb
2080114.IB,5/11/2026,20.6667,0.018483,cb
2080114.IB,5/12/2026,20.667,0.018374,cb
2080114.IB,5/13/2026,20.667,0.018273,cb
2080114.IB,5/14/2026,20.6652,0.018266,cb
2080114.IB,5/15/2026,20.6658,0.01814,cb
2080114.IB,5/18/2026,20.661,0.01809,cb
2080114.IB,5/19/2026,20.6603,0.018029,cb
2080114.IB,5/20/2026,20.6599,0.01795,cb
2080114.IB,5/21/2026,20.6579,0.017951,cb
2080114.IB,5/22/2026,20.6564,0.01793,cb
2080114.IB,5/25/2026,20.6524,0.017835,cb
2080114.IB,5/26/2026,20.6506,0.017827,cb
2080114.IB,5/27/2026,20.6496,0.01778,cb
2080114.IB,5/28/2026,20.648,0.017762,cb
2080114.IB,5/29/2026,20.6472,0.017696,cb
2080114.IB,6/1/2026,20.6427,0.017626,cb
2080114.IB,6/2/2026,20.6417,0.017578,cb
2080114.IB,6/3/2026,20.6396,0.017587,cb
2080114.IB,6/4/2026,20.637,0.017618,cb
2080114.IB,6/5/2026,20.6348,0.017636,cb
2080114.IB,6/8/2026,20.6272,0.01773,cb
2080114.IB,6/9/2026,20.6228,0.017868,cb
2080114.IB,6/10/2026,20.6183,0.018008,cb
2080114.IB,6/11/2026,20.6116,0.01827,cb
2080114.IB,6/12/2026,20.6081,0.018363,cb
2080114.IB,6/15/2026,20.6009,0.018443,cb
2080114.IB,6/16/2026,20.5978,0.018512,cb
2080114.IB,6/17/2026,20.5963,0.018491,cb
2080114.IB,6/18/2026,20.5951,0.018448,cb
2080114.IB,6/22/2026,20.588,0.01842,cb
2080114.IB,6/23/2026,20.5844,0.018516,cb
2080114.IB,6/24/2026,20.5821,0.018539,cb
2080114.IB,6/25/2026,20.5826,0.018405,cb
2080114.IB,6/26/2026,20.5792,0.018492,cb
2080114.IB,6/29/2026,20.5735,0.018493,cb
2080114.IB,6/30/2026,20.5705,0.018554,cb
2080114.IB,7/1/2026,20.5671,0.018647,cb
2080114.IB,7/2/2026,20.5672,0.018526,cb
2080114.IB,7/3/2026,20.5646,0.018571,cb
2080114.IB,7/6/2026,20.5597,0.018522,cb
2080114.IB,7/7/2026,20.559,0.018451,cb
2080114.IB,7/8/2026,20.5569,0.018466,cb
2080114.IB,7/9/2026,20.5554,0.01844,cb
2080114.IB,7/10/2026,20.5536,0.018433,cb
2080114.IB,7/13/2026,20.5472,0.018474,cb
2080114.IB,7/14/2026,20.5452,0.018481,cb
2080114.IB,7/15/2026,20.5447,0.018395,cb
2080114.IB,7/16/2026,20.5441,0.018317,cb
2080114.IB,7/17/2026,20.5418,0.018339,cb
2080114.IB,7/20/2026,20.5356,0.018369,cb
2080114.IB,7/21/2026,20.5333,0.018399,cb
2080114.IB,7/22/2026,20.5307,0.018439,cb
2080114.IB,7/23/2026,20.5293,0.018408,cb
2080114.IB,7/24/2026,20.5283,0.018355,cb
2080114.IB,7/27/2026,20.521,0.018458,cb
2080114.IB,7/28/2026,20.5185,0.018497,cb
2080114.IB,7/29/2026,20.5183,0.018388,cb
2080114.IB,7/30/2026,20.5149,0.018482,cb
2080114.IB,7/31/2026,20.512,0.018545,cb
2080114.IB,8/3/2026,20.5076,0.018462,cb
2080114.IB,8/4/2026,20.5054,0.018486,cb
2080114.IB,8/5/2026,20.5044,0.018425,cb
2080114.IB,8/6/2026,20.504,0.018327,cb
2080114.IB,8/7/2026,20.5028,0.018278,cb
2080114.IB,8/10/2026,20.4971,0.018279,cb
2080114.IB,8/11/2026,20.4954,0.018263,cb
2080114.IB,8/12/2026,20.4931,0.01829,cb
2080114.IB,8/13/2026,20.4914,0.018277,cb
2080114.IB,8/14/2026,20.4897,0.018262,cb
2080114.IB,8/17/2026,20.4845,0.018225,cb
2080114.IB,8/18/2026,20.4835,0.018167,cb
2080114.IB,8/19/2026,20.4812,0.018191,cb
2080114.IB,8/20/2026,20.4793,0.018192,cb
2080114.IB,8/21/2026,20.4768,0.018236,cb
2080342.IB,8/22/2025,60.8404,0.021235,cb
2080342.IB,8/25/2025,60.8239,0.02122,cb
2080342.IB,8/26/2025,60.8227,0.021155,cb
2080342.IB,8/27/2025,60.8295,0.020974,cb
2080342.IB,8/28/2025,60.8257,0.020944,cb
2080342.IB,8/29/2025,60.8234,0.020894,cb
2080342.IB,9/1/2025,60.8077,0.020863,cb
2080342.IB,9/2/2025,60.8022,0.020857,cb
2080342.IB,9/3/2025,60.8049,0.020733,cb
2080342.IB,9/4/2025,60.8053,0.020643,cb
2080342.IB,9/5/2025,60.7962,0.020687,cb
2080342.IB,9/8/2025,60.7749,0.020737,cb
2080342.IB,9/9/2025,60.7646,0.0208,cb
2080342.IB,9/10/2025,60.7444,0.021009,cb
2080342.IB,9/11/2025,60.7282,0.021159,cb
2080342.IB,9/12/2025,60.7219,0.021165,cb
2080342.IB,9/15/2025,60.7056,0.021146,cb
2080342.IB,9/16/2025,60.6997,0.021145,cb
2080342.IB,9/17/2025,60.6972,0.021095,cb
2080342.IB,9/18/2025,60.6886,0.021136,cb
2080342.IB,9/19/2025,60.6794,0.021185,cb
2080342.IB,9/22/2025,60.6632,0.021165,cb
2080342.IB,9/23/2025,60.6413,0.021406,cb
2080342.IB,9/24/2025,60.6234,0.021589,cb
2080342.IB,9/25/2025,60.5963,0.021913,cb
2080342.IB,9/26/2025,60.5824,0.022037,cb
2080342.IB,9/29/2025,60.5648,0.022043,cb
2080342.IB,9/30/2025,60.5631,0.021981,cb
2080342.IB,10/9/2025,60.5147,0.021929,cb
2080342.IB,10/10/2025,60.5063,0.021971,cb
2080342.IB,10/13/2025,60.5014,0.021776,cb
2080342.IB,10/14/2025,60.4965,0.021761,cb
2080342.IB,10/15/2025,60.4933,0.021721,cb
2080342.IB,10/16/2025,60.4953,0.021596,cb
2080342.IB,10/17/2025,60.5021,0.021393,cb
2080342.IB,10/20/2025,60.4874,0.021346,cb
2080342.IB,10/21/2025,60.4874,0.021252,cb
2080342.IB,10/22/2025,60.4924,0.021075,cb
2080342.IB,10/23/2025,60.4925,0.020978,cb
2080342.IB,10/24/2025,60.4876,0.020961,cb
2080342.IB,10/27/2025,60.474,0.020893,cb
2080342.IB,10/28/2025,60.4812,0.020677,cb
2080342.IB,10/29/2025,60.4879,0.020465,cb
2080342.IB,10/30/2025,60.4853,0.020409,cb
2080342.IB,10/31/2025,60.4891,0.020246,cb
2080342.IB,11/3/2025,60.4758,0.020167,cb
2080342.IB,11/4/2025,60.4783,0.020023,cb
2080342.IB,11/5/2025,60.4776,0.019932,cb
2080342.IB,11/6/2025,40.4415,0.020441,cb
2080342.IB,11/7/2025,40.4459,0.020352,cb
2080342.IB,11/10/2025,40.4426,0.020365,cb
2080342.IB,11/11/2025,40.4425,0.020354,cb
2080342.IB,11/12/2025,40.4435,0.020321,cb
2080342.IB,11/13/2025,40.4419,0.020334,cb
2080342.IB,11/14/2025,40.4408,0.020339,cb
2080342.IB,11/17/2025,40.4371,0.020361,cb
2080342.IB,11/18/2025,40.439,0.020313,cb
2080342.IB,11/19/2025,40.4376,0.020321,cb
2080342.IB,11/20/2025,40.4361,0.020334,cb
2080342.IB,11/21/2025,40.4307,0.020413,cb
2080342.IB,11/24/2025,40.4248,0.020474,cb
2080342.IB,11/25/2025,40.4262,0.020434,cb
2080342.IB,11/26/2025,40.4157,0.020604,cb
2080342.IB,11/27/2025,40.406,0.020761,cb
2080342.IB,11/28/2025,40.4058,0.020751,cb
2080342.IB,12/1/2025,40.4041,0.020739,cb
2080342.IB,12/2/2025,40.4029,0.020745,cb
2080342.IB,12/3/2025,40.3981,0.020817,cb
2080342.IB,12/4/2025,40.3848,0.021041,cb
2080342.IB,12/5/2025,40.3786,0.021138,cb
2080342.IB,12/8/2025,40.373,0.021199,cb
2080342.IB,12/9/2025,40.3744,0.021161,cb
2080342.IB,12/10/2025,40.3749,0.021137,cb
2080342.IB,12/11/2025,40.3745,0.021131,cb
2080342.IB,12/12/2025,40.3728,0.021149,cb
2080342.IB,12/15/2025,40.3672,0.021211,cb
2080342.IB,12/16/2025,40.3663,0.021214,cb
2080342.IB,12/17/2025,40.3659,0.021207,cb
2080342.IB,12/18/2025,40.3698,0.021121,cb
2080342.IB,12/19/2025,40.374,0.02103,cb
2080342.IB,12/22/2025,40.3769,0.020935,cb
2080342.IB,12/23/2025,40.3757,0.020943,cb
2080342.IB,12/24/2025,40.3739,0.020961,cb
2080342.IB,12/25/2025,40.3807,0.02082,cb
2080342.IB,12/26/2025,40.382,0.020782,cb
2080342.IB,12/29/2025,40.3776,0.020821,cb
2080342.IB,12/30/2025,40.3764,0.020829,cb
2080342.IB,12/31/2025,40.3757,0.020826,cb
2080342.IB,1/5/2026,40.3768,0.020732,cb
2080342.IB,1/6/2026,40.3778,0.020698,cb
2080342.IB,1/7/2026,40.3768,0.020703,cb
2080342.IB,1/8/2026,40.3782,0.02066,cb
2080342.IB,1/9/2026,40.3781,0.020646,cb
2080342.IB,1/12/2026,40.3767,0.020628,cb
2080342.IB,1/13/2026,40.3765,0.020617,cb
2080342.IB,1/14/2026,40.3742,0.020646,cb
2080342.IB,1/15/2026,40.3734,0.020644,cb
2080342.IB,1/16/2026,40.3778,0.020545,cb
2080342.IB,1/19/2026,40.376,0.020532,cb
2080342.IB,1/20/2026,40.375,0.020535,cb
2080342.IB,1/21/2026,40.3794,0.020434,cb
2080342.IB,1/22/2026,40.3819,0.020369,cb
2080342.IB,1/23/2026,40.3837,0.020317,cb
2080342.IB,1/26/2026,40.3812,0.020317,cb
2080342.IB,1/27/2026,40.3833,0.020258,cb
2080342.IB,1/28/2026,40.3825,0.020259,cb
2080342.IB,1/29/2026,40.3819,0.020253,cb
2080342.IB,1/30/2026,40.3819,0.020238,cb
2080342.IB,2/2/2026,40.379,0.020245,cb
2080342.IB,2/3/2026,40.3792,0.020224,cb
2080342.IB,2/4/2026,40.3808,0.020174,cb
2080342.IB,2/5/2026,40.3818,0.020136,cb
2080342.IB,2/6/2026,40.3843,0.020069,cb
2080342.IB,2/9/2026,40.3845,0.020013,cb
2080342.IB,2/10/2026,40.3846,0.019994,cb
2080342.IB,2/11/2026,40.3828,0.020013,cb
2080342.IB,2/12/2026,40.3845,0.01996,cb
2080342.IB,2/13/2026,40.386,0.019911,cb
2080342.IB,2/24/2026,40.3824,0.019784,cb
2080342.IB,2/25/2026,40.3824,0.019765,cb
2080342.IB,2/26/2026,40.3789,0.019821,cb
2080342.IB,2/27/2026,40.3774,0.019835,cb
2080342.IB,3/2/2026,40.379,0.019745,cb
2080342.IB,3/3/2026,40.3807,0.019689,cb
2080342.IB,3/4/2026,40.3837,0.019606,cb
2080342.IB,3/5/2026,40.3858,0.019542,cb
2080342.IB,3/6/2026,40.3909,0.019411,cb
2080342.IB,3/9/2026,40.3398,0.020463,cb
2080342.IB,3/10/2026,40.3427,0.02038,cb
2080342.IB,3/11/2026,40.3425,0.020368,cb
2080342.IB,3/12/2026,40.3415,0.020371,cb
2080342.IB,3/13/2026,40.3423,0.020336,cb
2080342.IB,3/16/2026,40.3386,0.020362,cb
2080342.IB,3/17/2026,40.3407,0.020298,cb
2080342.IB,3/18/2026,40.3439,0.02021,cb
2080342.IB,3/19/2026,40.3452,0.020161,cb
2080342.IB,3/20/2026,40.3461,0.020124,cb
2080342.IB,3/23/2026,40.346,0.020069,cb
2080342.IB,3/24/2026,40.3494,0.019972,cb
2080342.IB,3/25/2026,40.3499,0.019941,cb
2080342.IB,3/26/2026,40.3487,0.01995,cb
2080342.IB,3/27/2026,40.3476,0.019955,cb
2080342.IB,3/30/2026,40.3496,0.01985,cb
2080342.IB,3/31/2026,40.3542,0.019724,cb
2080342.IB,4/1/2026,40.3533,0.019726,cb
2080342.IB,4/2/2026,40.3562,0.019637,cb
2080342.IB,4/3/2026,40.3618,0.019489,cb
2080342.IB,4/7/2026,40.3661,0.019302,cb
2080342.IB,4/8/2026,40.3671,0.019257,cb
2080342.IB,4/9/2026,40.3623,0.019348,cb
2080342.IB,4/10/2026,40.3655,0.019252,cb
2080342.IB,4/13/2026,40.3619,0.019272,cb
2080342.IB,4/14/2026,40.3608,0.019275,cb
2080342.IB,4/15/2026,40.3599,0.019273,cb
2080342.IB,4/16/2026,40.3607,0.019233,cb
2080342.IB,4/17/2026,40.3572,0.019294,cb
2080342.IB,4/20/2026,40.3577,0.019214,cb
2080342.IB,4/21/2026,40.358,0.019184,cb
2080342.IB,4/22/2026,40.3615,0.019077,cb
2080342.IB,4/23/2026,40.3627,0.019026,cb
2080342.IB,4/24/2026,40.3809,0.018561,cb
2080342.IB,4/27/2026,40.3789,0.018535,cb
2080342.IB,4/28/2026,40.379,0.018509,cb
2080342.IB,4/29/2026,40.3777,0.018514,cb
2080342.IB,4/30/2026,40.3794,0.018448,cb
2080342.IB,5/6/2026,40.3718,0.018485,cb
2080342.IB,5/7/2026,40.3713,0.018472,cb
2080342.IB,5/8/2026,40.3702,0.018473,cb
2080342.IB,5/11/2026,40.3673,0.018469,cb
2080342.IB,5/12/2026,40.3704,0.018366,cb
2080342.IB,5/13/2026,40.3744,0.018236,cb
2080342.IB,5/14/2026,40.3728,0.018251,cb
2080342.IB,5/15/2026,40.3767,0.018124,cb
2080342.IB,5/18/2026,40.3748,0.018093,cb
2080342.IB,5/19/2026,40.3743,0.018077,cb
2080342.IB,5/20/2026,40.3753,0.018023,cb
2080342.IB,5/21/2026,40.3741,0.018028,cb
2080342.IB,5/22/2026,40.3736,0.018013,cb
2080342.IB,5/25/2026,40.3735,0.017932,cb
2080342.IB,5/26/2026,40.3751,0.017861,cb
2080342.IB,5/27/2026,40.3777,0.017763,cb
2080342.IB,5/28/2026,40.3779,0.017729,cb
2080342.IB,5/29/2026,40.3808,0.017622,cb
2080342.IB,6/1/2026,40.3811,0.017525,cb
2080342.IB,6/2/2026,40.3818,0.017475,cb
2080342.IB,6/3/2026,40.3813,0.017458,cb
2080342.IB,6/4/2026,40.3789,0.017493,cb
2080342.IB,6/5/2026,40.3774,0.017503,cb
2080342.IB,6/8/2026,40.3757,0.017458,cb
2080342.IB,6/9/2026,40.3657,0.017702,cb
2080342.IB,6/10/2026,40.3643,0.017711,cb
2080342.IB,6/11/2026,40.351,0.01805,cb
2080342.IB,6/12/2026,40.3421,0.018268,cb
2080342.IB,6/15/2026,40.3393,0.018261,cb
2080342.IB,6/16/2026,40.3377,0.018276,cb
2080342.IB,6/17/2026,40.3401,0.018178,cb
2080342.IB,6/18/2026,40.3396,0.018164,cb
2080342.IB,6/22/2026,40.3372,0.018114,cb
2080342.IB,6/23/2026,40.331,0.018261,cb
2080342.IB,6/24/2026,40.331,0.018231,cb
2080342.IB,6/25/2026,40.3352,0.01808,cb
2080342.IB,6/26/2026,40.3328,0.018119,cb
2080342.IB,6/29/2026,40.3302,0.018103,cb
2080342.IB,6/30/2026,40.324,0.018253,cb
2080342.IB,7/1/2026,40.3213,0.018302,cb
2080342.IB,7/2/2026,40.3221,0.018248,cb
2080342.IB,7/3/2026,40.324,0.018161,cb
2080342.IB,7/6/2026,40.3211,0.018155,cb
2080342.IB,7/7/2026,40.3229,0.018069,cb
2080342.IB,7/8/2026,40.3221,0.01806,cb
2080342.IB,7/9/2026,40.3185,0.01814,cb
2080342.IB,7/10/2026,40.3199,0.018063,cb
2080342.IB,7/13/2026,40.317,0.018055,cb
2080342.IB,7/14/2026,40.315,0.018084,cb
2080342.IB,7/15/2026,40.3107,0.018185,cb
2080342.IB,7/16/2026,40.3088,0.018213,cb
2080342.IB,7/17/2026,40.3085,0.018191,cb
2080342.IB,7/20/2026,40.3067,0.018149,cb
2080342.IB,7/21/2026,40.3072,0.018098,cb
2080342.IB,7/22/2026,40.3071,0.01807,cb
2080342.IB,7/23/2026,40.3089,0.017977,cb
2080342.IB,7/24/2026,40.3055,0.018053,cb
2080342.IB,7/27/2026,40.3041,0.017996,cb
2080342.IB,7/28/2026,40.3008,0.018068,cb
2080342.IB,7/29/2026,40.2935,0.018272,cb
2080342.IB,7/30/2026,40.2923,0.018278,cb
2080342.IB,7/31/2026,40.2927,0.018231,cb
2080342.IB,8/3/2026,40.2909,0.018188,cb
2080342.IB,8/4/2026,40.2945,0.018034,cb
2080342.IB,8/5/2026,40.2948,0.017989,cb
2080342.IB,8/6/2026,40.2907,0.018089,cb
2080342.IB,8/7/2026,40.2903,0.018069,cb
2080342.IB,8/10/2026,40.2823,0.018232,cb
2080342.IB,8/11/2026,40.2838,0.018147,cb
2080342.IB,8/12/2026,40.2844,0.018089,cb
2080342.IB,8/13/2026,40.2835,0.018084,cb
2080342.IB,8/14/2026,40.2863,0.017954,cb
2080342.IB,8/17/2026,40.2836,0.017936,cb
2080342.IB,8/18/2026,40.2829,0.017922,cb
2080342.IB,8/19/2026,40.2817,0.017928,cb
2080342.IB,8/20/2026,40.2836,0.017823,cb
2080342.IB,8/21/2026,40.2812,0.017872,cb
2080381.IB,8/22/2025,61.39,0.020289,cb
2080381.IB,8/25/2025,61.3716,0.02026,cb
2080381.IB,8/26/2025,61.3697,0.020195,cb
2080381.IB,8/27/2025,61.3756,0.020024,cb
2080381.IB,8/28/2025,61.371,0.019993,cb
2080381.IB,8/29/2025,61.3672,0.019952,cb
2080381.IB,9/1/2025,61.349,0.019919,cb
2080381.IB,9/2/2025,61.3425,0.019915,cb
2080381.IB,9/3/2025,61.3449,0.019788,cb
2080381.IB,9/4/2025,61.3453,0.019688,cb
2080381.IB,9/5/2025,61.3352,0.019732,cb
2080381.IB,9/8/2025,61.311,0.019779,cb
2080381.IB,9/9/2025,61.2993,0.019846,cb
2080381.IB,9/10/2025,61.2778,0.020048,cb
2080381.IB,9/11/2025,61.2596,0.020204,cb
2080381.IB,9/12/2025,61.252,0.020215,cb
2080381.IB,9/15/2025,61.2327,0.020198,cb
2080381.IB,9/16/2025,61.2264,0.02019,cb
2080381.IB,9/17/2025,61.2235,0.020136,cb
2080381.IB,9/18/2025,61.2138,0.020175,cb
2080381.IB,9/19/2025,61.2033,0.020227,cb
2080381.IB,9/22/2025,61.1842,0.020208,cb
2080381.IB,9/23/2025,61.1604,0.020451,cb
2080381.IB,9/24/2025,61.1407,0.020634,cb
2080381.IB,9/25/2025,61.112,0.02095,cb
2080381.IB,9/26/2025,61.0971,0.021068,cb
2080381.IB,9/29/2025,61.0761,0.021082,cb
2080381.IB,9/30/2025,61.0737,0.02102,cb
2080381.IB,10/9/2025,61.0167,0.020971,cb
2080381.IB,10/10/2025,61.007,0.021016,cb
2080381.IB,10/13/2025,61.0005,0.020813,cb
2080381.IB,10/14/2025,60.995,0.020793,cb
2080381.IB,10/15/2025,60.9908,0.020755,cb
2080381.IB,10/16/2025,60.9919,0.020637,cb
2080381.IB,10/17/2025,60.999,0.020427,cb
2080381.IB,10/20/2025,60.9818,0.020379,cb
2080381.IB,10/21/2025,60.9817,0.020276,cb
2080381.IB,10/22/2025,60.987,0.020089,cb
2080381.IB,10/23/2025,60.9866,0.019991,cb
2080381.IB,10/24/2025,60.9807,0.019976,cb
2080381.IB,10/27/2025,60.9642,0.019912,cb
2080381.IB,10/28/2025,60.9718,0.019686,cb
2080381.IB,10/29/2025,60.9786,0.019473,cb
2080381.IB,10/30/2025,60.9753,0.019416,cb
2080381.IB,10/31/2025,60.9787,0.019253,cb
2080381.IB,11/3/2025,60.9633,0.019167,cb
2080381.IB,11/4/2025,60.9654,0.019021,cb
2080381.IB,11/5/2025,60.9639,0.018934,cb
2080381.IB,11/6/2025,60.9562,0.018945,cb
2080381.IB,11/7/2025,60.9546,0.018857,cb
2080381.IB,11/10/2025,60.9325,0.018874,cb
2080381.IB,11/11/2025,60.9257,0.018869,cb
2080381.IB,11/12/2025,60.9206,0.018837,cb
2080381.IB,11/13/2025,60.9125,0.018855,cb
2080381.IB,11/14/2025,60.905,0.018861,cb
2080381.IB,11/17/2025,60.8819,0.018894,cb
2080381.IB,11/18/2025,60.8778,0.018845,cb
2080381.IB,11/19/2025,60.8703,0.018853,cb
2080381.IB,11/20/2025,60.8621,0.018871,cb
2080381.IB,11/21/2025,60.8503,0.01895,cb
2080381.IB,11/24/2025,60.8251,0.019018,cb
2080381.IB,11/25/2025,40.8199,0.018989,cb
2080381.IB,11/26/2025,40.8082,0.01916,cb
2080381.IB,11/27/2025,40.797,0.019323,cb
2080381.IB,11/28/2025,40.7964,0.019309,cb
2080381.IB,12/1/2025,40.675,0.0213,cb
2080381.IB,12/2/2025,40.6732,0.021308,cb
2080381.IB,12/3/2025,40.6683,0.021371,cb
2080381.IB,12/4/2025,40.6534,0.021606,cb
2080381.IB,12/5/2025,40.6463,0.021706,cb
2080381.IB,12/8/2025,40.639,0.021769,cb
2080381.IB,12/9/2025,40.64,0.021731,cb
2080381.IB,12/10/2025,40.6686,0.021212,cb
2080381.IB,12/11/2025,40.6681,0.0212,cb
2080381.IB,12/12/2025,40.6662,0.02121,cb
2080381.IB,12/15/2025,40.6592,0.021267,cb
2080381.IB,12/16/2025,40.6576,0.021271,cb
2080381.IB,12/17/2025,40.6566,0.021268,cb
2080381.IB,12/18/2025,40.6602,0.021182,cb
2080381.IB,12/19/2025,40.6637,0.021097,cb
2080381.IB,12/22/2025,40.6658,0.020992,cb
2080381.IB,12/23/2025,40.664,0.021,cb
2080381.IB,12/24/2025,40.6617,0.021019,cb
2080381.IB,12/25/2025,40.6687,0.020871,cb
2080381.IB,12/26/2025,40.6697,0.020829,cb
2080381.IB,12/29/2025,40.6633,0.020875,cb
2080381.IB,12/30/2025,40.6614,0.020884,cb
2080381.IB,12/31/2025,40.6604,0.020879,cb
2080381.IB,1/5/2026,40.6591,0.020784,cb
2080381.IB,1/6/2026,40.6595,0.020751,cb
2080381.IB,1/7/2026,40.6578,0.020759,cb
2080381.IB,1/8/2026,40.6587,0.020718,cb
2080381.IB,1/9/2026,40.6582,0.020703,cb
2080381.IB,1/12/2026,40.6824,0.020184,cb
2080381.IB,1/13/2026,40.6817,0.020172,cb
2080381.IB,1/14/2026,40.6787,0.020202,cb
2080381.IB,1/15/2026,40.6774,0.020201,cb
2080381.IB,1/16/2026,40.6815,0.020099,cb
2080381.IB,1/19/2026,40.678,0.020085,cb
2080381.IB,1/20/2026,40.6763,0.020091,cb
2080381.IB,1/21/2026,40.6805,0.019987,cb
2080381.IB,1/22/2026,40.6824,0.019925,cb
2080381.IB,1/23/2026,40.6837,0.019874,cb
2080381.IB,1/26/2026,40.6795,0.019873,cb
2080381.IB,1/27/2026,40.6547,0.020317,cb
2080381.IB,1/28/2026,40.6534,0.020316,cb
2080381.IB,1/29/2026,40.6523,0.02031,cb
2080381.IB,1/30/2026,40.652,0.020291,cb
2080381.IB,2/2/2026,40.6471,0.020305,cb
2080381.IB,2/3/2026,40.6469,0.020284,cb
2080381.IB,2/4/2026,40.6484,0.020228,cb
2080381.IB,2/5/2026,40.649,0.02019,cb
2080381.IB,2/6/2026,40.6515,0.020115,cb
2080381.IB,2/9/2026,40.6505,0.020055,cb
2080381.IB,2/10/2026,40.6499,0.020039,cb
2080381.IB,2/11/2026,40.6477,0.020054,cb
2080381.IB,2/12/2026,40.6494,0.019993,cb
2080381.IB,2/13/2026,40.6504,0.019947,cb
2080381.IB,2/24/2026,40.6417,0.019811,cb
2080381.IB,2/25/2026,40.6406,0.019806,cb
2080381.IB,2/26/2026,40.6366,0.019857,cb
2080381.IB,2/27/2026,40.6346,0.01987,cb
2080381.IB,3/2/2026,40.6594,0.019279,cb
2080381.IB,3/3/2026,40.6607,0.019222,cb
2080381.IB,3/4/2026,40.6639,0.019127,cb
2080381.IB,3/5/2026,40.6656,0.019062,cb
2080381.IB,3/6/2026,40.6695,0.018952,cb
2080381.IB,3/9/2026,40.6626,0.019,cb
2080381.IB,3/10/2026,40.665,0.01892,cb
2080381.IB,3/11/2026,40.6644,0.018901,cb
2080381.IB,3/12/2026,40.6628,0.018903,cb
2080381.IB,3/13/2026,40.6634,0.018859,cb
2080381.IB,3/16/2026,40.6576,0.018885,cb
2080381.IB,3/17/2026,40.6588,0.018827,cb
2080381.IB,3/18/2026,40.6611,0.018748,cb
2080381.IB,3/19/2026,40.6621,0.018694,cb
2080381.IB,3/20/2026,40.6622,0.018659,cb
2080381.IB,3/23/2026,40.6597,0.018615,cb
2080381.IB,3/24/2026,40.6626,0.01852,cb
2080381.IB,3/25/2026,40.6392,0.018988,cb
2080381.IB,3/26/2026,40.6371,0.019,cb
2080381.IB,3/27/2026,40.6358,0.018997,cb
2080381.IB,3/30/2026,40.6363,0.018888,cb
2080381.IB,3/31/2026,40.6406,0.018763,cb
2080381.IB,4/1/2026,40.6393,0.018757,cb
2080381.IB,4/2/2026,40.6416,0.018675,cb
2080381.IB,4/3/2026,40.6464,0.018535,cb
2080381.IB,4/7/2026,40.6481,0.018362,cb
2080381.IB,4/8/2026,40.6488,0.018311,cb
2080381.IB,4/9/2026,40.6428,0.018409,cb
2080381.IB,4/10/2026,40.6457,0.018309,cb
2080381.IB,4/13/2026,40.6403,0.018325,cb
2080381.IB,4/14/2026,40.6383,0.018335,cb
2080381.IB,4/15/2026,40.6372,0.018324,cb
2080381.IB,4/16/2026,40.637,0.018294,cb
2080381.IB,4/17/2026,40.6335,0.018338,cb
2080381.IB,4/20/2026,40.6318,0.018269,cb
2080381.IB,4/21/2026,40.6321,0.018225,cb
2080381.IB,4/22/2026,40.6348,0.018128,cb
2080381.IB,4/23/2026,40.6355,0.018075,cb
2080381.IB,4/24/2026,40.6317,0.018126,cb
2080381.IB,4/27/2026,40.6278,0.018107,cb
2080381.IB,4/28/2026,40.627,0.018089,cb
2080381.IB,4/29/2026,40.6254,0.018087,cb
2080381.IB,4/30/2026,40.6269,0.018016,cb
2080381.IB,5/6/2026,40.6158,0.018051,cb
2080381.IB,5/7/2026,40.6148,0.018036,cb
2080381.IB,5/8/2026,40.6133,0.018034,cb
2080381.IB,5/11/2026,40.6087,0.01803,cb
2080381.IB,5/12/2026,40.6113,0.017928,cb
2080381.IB,5/13/2026,40.6153,0.017794,cb
2080381.IB,5/14/2026,40.6133,0.017804,cb
2080381.IB,5/15/2026,40.6164,0.01769,cb
2080381.IB,5/18/2026,40.6126,0.017661,cb
2080381.IB,5/19/2026,40.6116,0.017647,cb
2080381.IB,5/20/2026,40.612,0.017596,cb
2080381.IB,5/21/2026,40.6103,0.017598,cb
2080381.IB,5/22/2026,40.6096,0.017574,cb
2080381.IB,5/25/2026,40.6077,0.017499,cb
2080381.IB,5/26/2026,40.6089,0.017428,cb
2080381.IB,5/27/2026,40.6111,0.017331,cb
2080381.IB,5/28/2026,40.6111,0.017288,cb
2080381.IB,5/29/2026,40.6137,0.01718,cb
2080381.IB,6/1/2026,40.612,0.017096,cb
2080381.IB,6/2/2026,40.6125,0.01704,cb
2080381.IB,6/3/2026,40.6117,0.017016,cb
2080381.IB,6/4/2026,40.6087,0.017051,cb
2080381.IB,6/5/2026,40.6069,0.017052,cb
2080381.IB,6/8/2026,40.6031,0.017019,cb
2080381.IB,6/9/2026,40.5926,0.017247,cb
2080381.IB,6/10/2026,40.5906,0.017255,cb
2080381.IB,6/11/2026,40.576,0.017592,cb
2080381.IB,6/12/2026,40.5666,0.017796,cb
2080381.IB,6/15/2026,40.5618,0.017792,cb
2080381.IB,6/16/2026,40.5596,0.017808,cb
2080381.IB,6/17/2026,40.5614,0.017718,cb
2080381.IB,6/18/2026,40.5603,0.017703,cb
2080381.IB,6/22/2026,40.5556,0.017654,cb
2080381.IB,6/23/2026,40.5484,0.017805,cb
2080381.IB,6/24/2026,40.5483,0.017764,cb
2080381.IB,6/25/2026,40.5519,0.017622,cb
2080381.IB,6/26/2026,40.5489,0.017658,cb
2080381.IB,6/29/2026,40.5446,0.017643,cb
2080381.IB,6/30/2026,40.5379,0.017781,cb
2080381.IB,7/1/2026,40.5341,0.017841,cb
2080381.IB,7/2/2026,40.5343,0.017791,cb
2080381.IB,7/3/2026,40.5354,0.017715,cb
2080381.IB,7/6/2026,40.5309,0.017706,cb
2080381.IB,7/7/2026,40.5321,0.017626,cb
2080381.IB,7/8/2026,40.5307,0.01762,cb
2080381.IB,7/9/2026,40.5263,0.017697,cb
2080381.IB,7/10/2026,40.5275,0.017617,cb
2080381.IB,7/13/2026,40.5229,0.017607,cb
2080381.IB,7/14/2026,40.5205,0.01763,cb
2080381.IB,7/15/2026,40.5155,0.017727,cb
2080381.IB,7/16/2026,40.5129,0.017755,cb
2080381.IB,7/17/2026,40.5119,0.017736,cb
2080381.IB,7/20/2026,40.5084,0.017697,cb
2080381.IB,7/21/2026,40.5086,0.017643,cb
2080381.IB,7/22/2026,40.5077,0.017621,cb
2080381.IB,7/23/2026,40.5093,0.017524,cb
2080381.IB,7/24/2026,40.5053,0.017594,cb
2080381.IB,7/27/2026,40.5023,0.017538,cb
2080381.IB,7/28/2026,40.498,0.017617,cb
2080381.IB,7/29/2026,40.4902,0.017804,cb
2080381.IB,7/30/2026,40.4886,0.017803,cb
2080381.IB,7/31/2026,40.4887,0.017752,cb
2080381.IB,8/3/2026,40.485,0.017714,cb
2080381.IB,8/4/2026,40.4883,0.017562,cb
2080381.IB,8/5/2026,40.4879,0.017525,cb
2080381.IB,8/6/2026,40.4831,0.017623,cb
2080381.IB,8/7/2026,40.4822,0.0176,cb
2080381.IB,8/10/2026,40.4723,0.017757,cb
2080381.IB,8/11/2026,40.4735,0.017668,cb
2080381.IB,8/12/2026,40.4735,0.017618,cb
2080381.IB,8/13/2026,40.4721,0.017611,cb
2080381.IB,8/14/2026,40.4743,0.017485,cb
2080381.IB,8/17/2026,40.47,0.017467,cb
2080381.IB,8/18/2026,40.4685,0.017461,cb
2080381.IB,8/19/2026,40.4667,0.017467,cb
2080381.IB,8/20/2026,40.4683,0.01736,cb
2080381.IB,8/21/2026,40.4655,0.017398,cb
2180053.IB,8/22/2025,61.8848,0.020488,cb
2180053.IB,8/25/2025,61.8687,0.020438,cb
2180053.IB,8/26/2025,61.8662,0.020389,cb
2180053.IB,8/27/2025,61.8719,0.020246,cb
2180053.IB,8/28/2025,61.8673,0.020219,cb
2180053.IB,8/29/2025,61.8622,0.020199,cb
2180053.IB,9/1/2025,61.8445,0.020166,cb
2180053.IB,9/2/2025,61.8384,0.020158,cb
2180053.IB,9/3/2025,61.8418,0.020039,cb
2180053.IB,9/4/2025,61.8436,0.019937,cb
2180053.IB,9/5/2025,61.8343,0.019965,cb
2180053.IB,9/8/2025,61.8094,0.020015,cb
2180053.IB,9/9/2025,61.798,0.020069,cb
2180053.IB,9/10/2025,61.7745,0.020264,cb
2180053.IB,9/11/2025,61.754,0.020425,cb
2180053.IB,9/12/2025,61.7455,0.020446,cb
2180053.IB,9/15/2025,61.7275,0.020417,cb
2180053.IB,9/16/2025,61.7218,0.020404,cb
2180053.IB,9/17/2025,61.7198,0.020346,cb
2180053.IB,9/18/2025,61.7109,0.02037,cb
2180053.IB,9/19/2025,61.6988,0.020434,cb
2180053.IB,9/22/2025,61.6795,0.02042,cb
2180053.IB,9/23/2025,61.6531,0.020658,cb
2180053.IB,9/24/2025,61.6314,0.020839,cb
2180053.IB,9/25/2025,61.6,0.021139,cb
2180053.IB,9/26/2025,61.5854,0.021235,cb
2180053.IB,9/29/2025,61.5629,0.021266,cb
2180053.IB,9/30/2025,61.5611,0.021206,cb
2180053.IB,10/9/2025,61.5054,0.021151,cb
2180053.IB,10/10/2025,61.4958,0.021188,cb
2180053.IB,10/13/2025,61.4903,0.021004,cb
2180053.IB,10/14/2025,61.4821,0.021022,cb
2180053.IB,10/15/2025,61.48,0.020964,cb
2180053.IB,10/16/2025,61.4815,0.02086,cb
2180053.IB,10/17/2025,61.4897,0.02067,cb
2180053.IB,10/20/2025,61.4727,0.020628,cb
2180053.IB,10/21/2025,61.4756,0.020504,cb
2180053.IB,10/22/2025,61.4839,0.020309,cb
2180053.IB,10/23/2025,61.4872,0.020179,cb
2180053.IB,10/24/2025,61.4816,0.020163,cb
2180053.IB,10/27/2025,61.4652,0.020109,cb
2180053.IB,10/28/2025,61.4777,0.019858,cb
2180053.IB,10/29/2025,61.4874,0.019641,cb
2180053.IB,10/30/2025,61.4855,0.019575,cb
2180053.IB,10/31/2025,61.4909,0.019414,cb
2180053.IB,11/3/2025,61.477,0.019322,cb
2180053.IB,11/4/2025,61.4812,0.019175,cb
2180053.IB,11/5/2025,61.4813,0.019079,cb
2180053.IB,11/6/2025,61.4729,0.019098,cb
2180053.IB,11/7/2025,61.4726,0.019008,cb
2180053.IB,11/10/2025,61.4518,0.019005,cb
2180053.IB,11/11/2025,61.4456,0.018993,cb
2180053.IB,11/12/2025,61.4418,0.01895,cb
2180053.IB,11/13/2025,61.4334,0.018968,cb
2180053.IB,11/14/2025,61.4253,0.018982,cb
2180053.IB,11/17/2025,61.403,0.018998,cb
2180053.IB,11/18/2025,61.401,0.01893,cb
2180053.IB,11/19/2025,61.3941,0.018928,cb
2180053.IB,11/20/2025,61.3842,0.018967,cb
2180053.IB,11/21/2025,61.3722,0.019034,cb
2180053.IB,11/24/2025,61.3465,0.019098,cb
2180053.IB,11/25/2025,61.3401,0.019089,cb
2180053.IB,11/26/2025,61.3209,0.019258,cb
2180053.IB,11/27/2025,61.3008,0.019441,cb
2180053.IB,11/28/2025,61.2953,0.019421,cb
2180053.IB,12/1/2025,61.1321,0.021423,cb
2180053.IB,12/2/2025,61.1245,0.021436,cb
2180053.IB,12/3/2025,61.1148,0.021481,cb
2180053.IB,12/4/2025,61.0906,0.021731,cb
2180053.IB,12/5/2025,61.0771,0.021829,cb
2180053.IB,12/8/2025,61.0525,0.0219,cb
2180053.IB,12/9/2025,61.0482,0.021868,cb
2180053.IB,12/10/2025,61.0779,0.021345,cb
2180053.IB,12/11/2025,61.0714,0.021343,cb
2180053.IB,12/12/2025,61.0656,0.021331,cb
2180053.IB,12/15/2025,61.0434,0.021364,cb
2180053.IB,12/16/2025,61.0358,0.021379,cb
2180053.IB,12/17/2025,61.0285,0.021387,cb
2180053.IB,12/18/2025,61.0268,0.021315,cb
2180053.IB,12/19/2025,61.024,0.021258,cb
2180053.IB,12/22/2025,61.0131,0.021124,cb
2180053.IB,12/23/2025,61.0061,0.021129,cb
2180053.IB,12/24/2025,60.9975,0.021158,cb
2180053.IB,12/25/2025,61.0018,0.020993,cb
2180053.IB,12/26/2025,60.9978,0.020953,cb
2180053.IB,12/29/2025,60.9717,0.021044,cb
2180053.IB,12/30/2025,60.9636,0.021065,cb
2180053.IB,12/31/2025,60.9591,0.021032,cb
2180053.IB,1/5/2026,60.9319,0.020936,cb
2180053.IB,1/6/2026,60.9272,0.020905,cb
2180053.IB,1/7/2026,60.9189,0.020931,cb
2180053.IB,1/8/2026,60.914,0.020902,cb
2180053.IB,1/9/2026,60.9079,0.020892,cb
2180053.IB,1/12/2026,60.9222,0.020354,cb
2180053.IB,1/13/2026,60.916,0.020345,cb
2180053.IB,1/14/2026,60.9078,0.020367,cb
2180053.IB,1/15/2026,60.9015,0.020359,cb
2180053.IB,1/16/2026,60.9028,0.020231,cb
2180053.IB,1/19/2026,60.8828,0.020223,cb
2180053.IB,1/20/2026,60.8752,0.020236,cb
2180053.IB,1/21/2026,60.8748,0.020134,cb
2180053.IB,1/22/2026,60.8701,0.020099,cb
2180053.IB,1/23/2026,60.8658,0.020059,cb
2180053.IB,1/26/2026,60.8458,0.020049,cb
2180053.IB,1/27/2026,60.8428,0.019987,cb
2180053.IB,1/28/2026,60.8341,0.020017,cb
2180053.IB,1/29/2026,60.827,0.020021,cb
2180053.IB,1/30/2026,60.8209,0.020009,cb
2180053.IB,2/2/2026,60.7997,0.020019,cb
2180053.IB,2/3/2026,60.7946,0.01999,cb
2180053.IB,2/4/2026,60.7909,0.019937,cb
2180053.IB,2/5/2026,60.7861,0.019903,cb
2180053.IB,2/6/2026,60.7837,0.019827,cb
2180053.IB,2/9/2026,40.7717,0.019775,cb
2180053.IB,2/10/2026,40.7425,0.020243,cb
2180053.IB,2/11/2026,40.74,0.020262,cb
2180053.IB,2/12/2026,40.7432,0.020184,cb
2180053.IB,2/13/2026,40.7437,0.020152,cb
2180053.IB,2/24/2026,40.7373,0.019998,cb
2180053.IB,2/25/2026,40.736,0.019997,cb
2180053.IB,2/26/2026,40.7325,0.020033,cb
2180053.IB,2/27/2026,40.7306,0.020043,cb
2180053.IB,3/2/2026,40.7308,0.019965,cb
2180053.IB,3/3/2026,40.733,0.019902,cb
2180053.IB,3/4/2026,40.7379,0.019791,cb
2180053.IB,3/5/2026,40.7408,0.019715,cb
2180053.IB,3/6/2026,40.7457,0.019604,cb
2180053.IB,3/9/2026,40.7378,0.019666,cb
2180053.IB,3/10/2026,40.74,0.019603,cb
2180053.IB,3/11/2026,40.7394,0.019587,cb
2180053.IB,3/12/2026,40.7378,0.019591,cb
2180053.IB,3/13/2026,40.7393,0.019538,cb
2180053.IB,3/16/2026,40.7341,0.019552,cb
2180053.IB,3/17/2026,40.7356,0.019499,cb
2180053.IB,3/18/2026,40.7376,0.019436,cb
2180053.IB,3/19/2026,40.7392,0.019382,cb
2180053.IB,3/20/2026,40.7397,0.019347,cb
2180053.IB,3/23/2026,40.7365,0.019324,cb
2180053.IB,3/24/2026,40.7403,0.019228,cb
2180053.IB,3/25/2026,40.7135,0.019691,cb
2180053.IB,3/26/2026,40.7109,0.019712,cb
2180053.IB,3/27/2026,40.7109,0.019686,cb
2180053.IB,3/30/2026,40.7131,0.019566,cb
2180053.IB,3/31/2026,40.7186,0.019438,cb
2180053.IB,4/1/2026,40.7186,0.01941,cb
2180053.IB,4/2/2026,40.7206,0.019346,cb
2180053.IB,4/3/2026,40.7255,0.019227,cb
2180053.IB,4/7/2026,40.7266,0.019096,cb
2180053.IB,4/8/2026,40.729,0.019023,cb
2180053.IB,4/9/2026,40.7207,0.019151,cb
2180053.IB,4/10/2026,40.7251,0.019041,cb
2180053.IB,4/13/2026,40.7203,0.019045,cb
2180053.IB,4/14/2026,40.7172,0.019075,cb
2180053.IB,4/15/2026,40.7178,0.019035,cb
2180053.IB,4/16/2026,40.7162,0.019038,cb
2180053.IB,4/17/2026,40.7159,0.019015,cb
2180053.IB,4/20/2026,40.7129,0.018985,cb
2180053.IB,4/21/2026,40.7166,0.018886,cb
2180053.IB,4/22/2026,40.7182,0.018826,cb
2180053.IB,4/23/2026,40.7196,0.018769,cb
2180053.IB,4/24/2026,40.7124,0.01888,cb
2180053.IB,4/27/2026,40.7074,0.018888,cb
2180053.IB,4/28/2026,40.7065,0.018876,cb
2180053.IB,4/29/2026,40.7062,0.018851,cb
2180053.IB,4/30/2026,40.7089,0.01877,cb
2180053.IB,5/6/2026,40.698,0.018803,cb
2180053.IB,5/7/2026,40.6977,0.01878,cb
2180053.IB,5/8/2026,40.6972,0.018759,cb
2180053.IB,5/11/2026,40.6911,0.01879,cb
2180053.IB,5/12/2026,40.6951,0.018678,cb
2180053.IB,5/13/2026,40.7001,0.018545,cb
2180053.IB,5/14/2026,40.6989,0.018539,cb
2180053.IB,5/15/2026,40.7011,0.018463,cb
2180053.IB,5/18/2026,40.6984,0.018423,cb
2180053.IB,5/19/2026,40.6971,0.018418,cb
2180053.IB,5/20/2026,40.6978,0.018371,cb
2180053.IB,5/21/2026,40.6971,0.018353,cb
2180053.IB,5/22/2026,40.6982,0.018298,cb
2180053.IB,5/25/2026,40.6953,0.01826,cb
2180053.IB,5/26/2026,40.6973,0.018186,cb
2180053.IB,5/27/2026,40.6997,0.018104,cb
2180053.IB,5/28/2026,40.7019,0.018025,cb
2180053.IB,5/29/2026,40.7047,0.017933,cb
2180053.IB,6/1/2026,40.7034,0.017858,cb
2180053.IB,6/2/2026,40.705,0.017789,cb
2180053.IB,6/3/2026,40.7049,0.017757,cb
2180053.IB,6/4/2026,40.7011,0.017803,cb
2180053.IB,6/5/2026,40.7008,0.017776,cb
2180053.IB,6/8/2026,40.6947,0.0178,cb
2180053.IB,6/9/2026,40.6859,0.017955,cb
2180053.IB,6/10/2026,40.683,0.017981,cb
2180053.IB,6/11/2026,40.6671,0.01829,cb
2180053.IB,6/12/2026,40.6594,0.018421,cb
2180053.IB,6/15/2026,40.6538,0.018442,cb
2180053.IB,6/16/2026,40.6511,0.018467,cb
2180053.IB,6/17/2026,40.6747,0.017918,cb
2180053.IB,6/18/2026,40.6747,0.017883,cb
2180053.IB,6/22/2026,40.6699,0.017844,cb
2180053.IB,6/23/2026,40.6622,0.017979,cb
2180053.IB,6/24/2026,40.6625,0.017936,cb
2180053.IB,6/25/2026,40.6657,0.017829,cb
2180053.IB,6/26/2026,40.6622,0.017871,cb
2180053.IB,6/29/2026,40.6583,0.01785,cb
2180053.IB,6/30/2026,40.6534,0.017924,cb
2180053.IB,7/1/2026,40.6477,0.018017,cb
2180053.IB,7/2/2026,40.6473,0.01799,cb
2180053.IB,7/3/2026,40.6467,0.017968,cb
2180053.IB,7/6/2026,40.6431,0.017939,cb
2180053.IB,7/7/2026,40.6437,0.017887,cb
2180053.IB,7/8/2026,40.6411,0.01791,cb
2180053.IB,7/9/2026,40.6372,0.017963,cb
2180053.IB,7/10/2026,40.6392,0.017879,cb
2180053.IB,7/13/2026,40.6348,0.017869,cb
2180053.IB,7/14/2026,40.6333,0.017866,cb
2180053.IB,7/15/2026,40.6294,0.017921,cb
2180053.IB,7/16/2026,40.6272,0.017934,cb
2180053.IB,7/17/2026,40.6257,0.017932,cb
2180053.IB,7/20/2026,40.6218,0.017908,cb
2180053.IB,7/21/2026,40.6227,0.01785,cb
2180053.IB,7/22/2026,40.6203,0.017869,cb
2180053.IB,7/23/2026,40.6227,0.017772,cb
2180053.IB,7/24/2026,40.6209,0.017776,cb
2180053.IB,7/27/2026,40.6162,0.017772,cb
2180053.IB,7/28/2026,40.6096,0.017892,cb
2180053.IB,7/29/2026,40.6054,0.017955,cb
2180053.IB,7/30/2026,40.6049,0.017928,cb
2180053.IB,7/31/2026,40.6058,0.017866,cb
2180053.IB,8/3/2026,40.6017,0.017849,cb
2180053.IB,8/4/2026,40.6045,0.017739,cb
2180053.IB,8/5/2026,40.6031,0.017736,cb
2180053.IB,8/6/2026,40.5987,0.017803,cb
2180053.IB,8/7/2026,40.5989,0.017758,cb
2180053.IB,8/10/2026,40.5888,0.01789,cb
2180053.IB,8/11/2026,40.5903,0.017811,cb
2180053.IB,8/12/2026,40.5895,0.01779,cb
2180053.IB,8/13/2026,40.5893,0.017754,cb
2180053.IB,8/14/2026,40.5922,0.017639,cb
2180053.IB,8/17/2026,40.5883,0.017614,cb
2180053.IB,8/18/2026,40.587,0.017606,cb
2180053.IB,8/19/2026,40.5851,0.017611,cb
2180053.IB,8/20/2026,40.5862,0.017542,cb
2180053.IB,8/21/2026,40.5831,0.017578,cb
2180165.IB,8/22/2025,61.9957,0.020718,cb
2180165.IB,8/25/2025,61.9833,0.020659,cb
2180165.IB,8/26/2025,61.9804,0.020626,cb
2180165.IB,8/27/2025,61.9848,0.02052,cb
2180165.IB,8/28/2025,61.9793,0.020514,cb
2180165.IB,8/29/2025,61.975,0.020495,cb
2180165.IB,9/1/2025,61.9593,0.020467,cb
2180165.IB,9/2/2025,61.9549,0.02045,cb
2180165.IB,9/3/2025,61.9591,0.020344,cb
2180165.IB,9/4/2025,61.9609,0.020263,cb
2180165.IB,9/5/2025,61.9548,0.020263,cb
2180165.IB,9/8/2025,61.9307,0.020319,cb
2180165.IB,9/9/2025,61.9227,0.020338,cb
2180165.IB,9/10/2025,61.8952,0.020556,cb
2180165.IB,9/11/2025,61.8768,0.020682,cb
2180165.IB,9/12/2025,61.8685,0.020704,cb
2180165.IB,9/15/2025,61.855,0.020655,cb
2180165.IB,9/16/2025,61.849,0.020653,cb
2180165.IB,9/17/2025,61.8462,0.020619,cb
2180165.IB,9/18/2025,61.8383,0.020637,cb
2180165.IB,9/19/2025,61.8256,0.020706,cb
2180165.IB,9/22/2025,61.8078,0.0207,cb
2180165.IB,9/23/2025,61.7805,0.020922,cb
2180165.IB,9/24/2025,61.7575,0.0211,cb
2180165.IB,9/25/2025,61.7216,0.021415,cb
2180165.IB,9/26/2025,61.7072,0.021503,cb
2180165.IB,9/29/2025,61.6865,0.021533,cb
2180165.IB,9/30/2025,61.6858,0.021477,cb
2180165.IB,10/9/2025,61.637,0.021422,cb
2180165.IB,10/10/2025,61.6277,0.021457,cb
2180165.IB,10/13/2025,61.6263,0.021278,cb
2180165.IB,10/14/2025,61.6209,0.02127,cb
2180165.IB,10/15/2025,61.6214,0.021199,cb
2180165.IB,10/16/2025,61.6249,0.021095,cb
2180165.IB,10/17/2025,61.6343,0.020925,cb
2180165.IB,10/20/2025,61.6185,0.020899,cb
2180165.IB,10/21/2025,61.6249,0.020762,cb
2180165.IB,10/22/2025,61.6356,0.020575,cb
2180165.IB,10/23/2025,61.6406,0.020452,cb
2180165.IB,10/24/2025,61.6387,0.020405,cb
2180165.IB,10/27/2025,61.6253,0.020348,cb
2180165.IB,10/28/2025,61.6419,0.020095,cb
2180165.IB,10/29/2025,61.6551,0.019878,cb
2180165.IB,10/30/2025,61.657,0.019787,cb
2180165.IB,10/31/2025,61.6651,0.019626,cb
2180165.IB,11/3/2025,61.6547,0.019531,cb
2180165.IB,11/4/2025,61.6598,0.019403,cb
2180165.IB,11/5/2025,61.6612,0.019314,cb
2180165.IB,11/6/2025,61.6532,0.019334,cb
2180165.IB,11/7/2025,61.6528,0.019266,cb
2180165.IB,11/10/2025,61.6355,0.019247,cb
2180165.IB,11/11/2025,61.6318,0.019216,cb
2180165.IB,11/12/2025,61.6289,0.019177,cb
2180165.IB,11/13/2025,61.6214,0.01919,cb
2180165.IB,11/14/2025,61.6158,0.019182,cb
2180165.IB,11/17/2025,61.5949,0.019202,cb
2180165.IB,11/18/2025,61.5935,0.019145,cb
2180165.IB,11/19/2025,61.5885,0.019129,cb
2180165.IB,11/20/2025,61.5796,0.019158,cb
2180165.IB,11/21/2025,61.5655,0.019249,cb
2180165.IB,11/24/2025,61.5402,0.019322,cb
2180165.IB,11/25/2025,61.5335,0.019327,cb
2180165.IB,11/26/2025,61.5129,0.019494,cb
2180165.IB,11/27/2025,61.4921,0.019665,cb
2180165.IB,11/28/2025,61.4878,0.019641,cb
2180165.IB,12/1/2025,61.4688,0.019644,cb
2180165.IB,12/2/2025,61.4615,0.019655,cb
2180165.IB,12/3/2025,61.4516,0.019699,cb
2180165.IB,12/4/2025,61.4242,0.019952,cb
2180165.IB,12/5/2025,61.4092,0.020057,cb
2180165.IB,12/8/2025,61.3851,0.020123,cb
2180165.IB,12/9/2025,61.3819,0.020086,cb
2180165.IB,12/10/2025,61.376,0.020083,cb
2180165.IB,12/11/2025,61.3737,0.020035,cb
2180165.IB,12/12/2025,61.3703,0.020002,cb
2180165.IB,12/15/2025,61.3481,0.020045,cb
2180165.IB,12/16/2025,61.3416,0.020049,cb
2180165.IB,12/17/2025,61.3347,0.020058,cb
2180165.IB,12/18/2025,61.3318,0.020017,cb
2180165.IB,12/19/2025,61.3285,0.019981,cb
2180165.IB,12/22/2025,61.3203,0.019851,cb
2180165.IB,12/23/2025,61.3156,0.019831,cb
2180165.IB,12/24/2025,61.3073,0.019858,cb
2180165.IB,12/25/2025,61.3134,0.019703,cb
2180165.IB,12/26/2025,61.3113,0.019651,cb
2180165.IB,12/29/2025,61.2851,0.019745,cb
2180165.IB,12/30/2025,61.278,0.019755,cb
2180165.IB,12/31/2025,61.2742,0.019724,cb
2180165.IB,1/5/2026,61.2497,0.019637,cb
2180165.IB,1/6/2026,61.2449,0.019618,cb
2180165.IB,1/7/2026,61.2361,0.019651,cb
2180165.IB,1/8/2026,61.231,0.019635,cb
2180165.IB,1/9/2026,61.2257,0.019623,cb
2180165.IB,1/12/2026,61.2106,0.019575,cb
2180165.IB,1/13/2026,61.2065,0.019546,cb
2180165.IB,1/14/2026,61.1994,0.019557,cb
2180165.IB,1/15/2026,61.1948,0.019535,cb
2180165.IB,1/16/2026,61.1992,0.019395,cb
2180165.IB,1/19/2026,61.1809,0.019387,cb
2180165.IB,1/20/2026,61.1746,0.019386,cb
2180165.IB,1/21/2026,61.1765,0.019278,cb
2180165.IB,1/22/2026,61.1722,0.019251,cb
2180165.IB,1/23/2026,61.1693,0.019206,cb
2180165.IB,1/26/2026,61.1521,0.019181,cb
2180165.IB,1/27/2026,61.1503,0.019121,cb
2180165.IB,1/28/2026,61.1409,0.019161,cb
2180165.IB,1/29/2026,61.134,0.019169,cb
2180165.IB,1/30/2026,61.129,0.019151,cb
2180165.IB,2/2/2026,61.11,0.01915,cb
2180165.IB,2/3/2026,61.1062,0.019116,cb
2180165.IB,2/4/2026,61.103,0.019072,cb
2180165.IB,2/5/2026,61.0992,0.019037,cb
2180165.IB,2/6/2026,61.0979,0.018968,cb
2180165.IB,2/9/2026,61.0821,0.018923,cb
2180165.IB,2/10/2026,61.0795,0.01887,cb
2180165.IB,2/11/2026,61.071,0.018899,cb
2180165.IB,2/12/2026,61.0701,0.018822,cb
2180165.IB,2/13/2026,61.0657,0.018795,cb
2180165.IB,2/24/2026,61.0049,0.018657,cb
2180165.IB,2/25/2026,60.999,0.018649,cb
2180165.IB,2/26/2026,60.9902,0.018684,cb
2180165.IB,2/27/2026,60.983,0.018695,cb
2180165.IB,3/2/2026,60.9681,0.018632,cb
2180165.IB,3/3/2026,60.9661,0.018568,cb
2180165.IB,3/4/2026,60.9668,0.018463,cb
2180165.IB,3/5/2026,60.9661,0.01838,cb
2180165.IB,3/6/2026,60.9696,0.018234,cb
2180165.IB,3/9/2026,60.9445,0.018316,cb
2180165.IB,3/10/2026,60.9413,0.018268,cb
2180165.IB,3/11/2026,60.9346,0.018271,cb
2180165.IB,3/12/2026,60.927,0.018287,cb
2180165.IB,3/13/2026,60.9225,0.018258,cb
2180165.IB,3/16/2026,60.9024,0.018267,cb
2180165.IB,3/17/2026,60.9004,0.0182,cb
2180165.IB,3/18/2026,60.8987,0.018127,cb
2180165.IB,3/19/2026,60.8943,0.018096,cb
2180165.IB,3/20/2026,60.8908,0.01805,cb
2180165.IB,3/23/2026,60.8726,0.01803,cb
2180165.IB,3/24/2026,60.873,0.017923,cb
2180165.IB,3/25/2026,60.8695,0.017876,cb
2180165.IB,3/26/2026,60.8609,0.017907,cb
2180165.IB,3/27/2026,60.8557,0.017887,cb
2180165.IB,3/30/2026,60.8437,0.017769,cb
2180165.IB,3/31/2026,60.8456,0.017637,cb
2180165.IB,4/1/2026,60.841,0.017606,cb
2180165.IB,4/2/2026,60.8383,0.017544,cb
2180165.IB,4/3/2026,60.8398,0.017417,cb
2180165.IB,4/7/2026,60.8227,0.017269,cb
2180165.IB,4/8/2026,60.8215,0.017182,cb
2180165.IB,4/9/2026,60.8044,0.017348,cb
2180165.IB,4/10/2026,60.8034,0.017258,cb
2180165.IB,4/13/2026,60.7825,0.017274,cb
2180165.IB,4/14/2026,60.7739,0.017304,cb
2180165.IB,4/15/2026,60.7696,0.017266,cb
2180165.IB,4/16/2026,60.7631,0.017264,cb
2180165.IB,4/17/2026,60.7553,0.017282,cb
2180165.IB,4/20/2026,60.7367,0.017261,cb
2180165.IB,4/21/2026,60.7361,0.017161,cb
2180165.IB,4/22/2026,60.734,0.017086,cb
2180165.IB,4/23/2026,60.7315,0.017016,cb
2180165.IB,4/24/2026,60.7149,0.017181,cb
2180165.IB,4/27/2026,60.6942,0.017192,cb
2180165.IB,4/28/2026,60.689,0.017168,cb
2180165.IB,4/29/2026,40.6831,0.017154,cb
2180165.IB,4/30/2026,40.6862,0.017082,cb
2180165.IB,5/6/2026,40.6765,0.017117,cb
2180165.IB,5/7/2026,40.6765,0.017094,cb
2180165.IB,5/8/2026,40.677,0.017064,cb
2180165.IB,5/11/2026,40.6709,0.017104,cb
2180165.IB,5/12/2026,40.6763,0.016989,cb
2180165.IB,5/13/2026,40.6836,0.016842,cb
2180165.IB,5/14/2026,40.6823,0.016843,cb
2180165.IB,5/15/2026,40.6853,0.016768,cb
2180165.IB,5/18/2026,40.6834,0.016733,cb
2180165.IB,5/19/2026,40.6815,0.016744,cb
2180165.IB,5/20/2026,40.6825,0.016704,cb
2180165.IB,5/21/2026,40.6829,0.016674,cb
2180165.IB,5/22/2026,40.6854,0.016606,cb
2180165.IB,5/25/2026,40.6828,0.016583,cb
2180165.IB,5/26/2026,40.6869,0.016487,cb
2180165.IB,5/27/2026,40.6906,0.016399,cb
2180165.IB,5/28/2026,40.6952,0.016294,cb
2180165.IB,5/29/2026,40.6989,0.016204,cb
2180165.IB,6/1/2026,40.6991,0.016127,cb
2180165.IB,6/2/2026,40.7021,0.016051,cb
2180165.IB,6/3/2026,40.7028,0.016013,cb
2180165.IB,6/4/2026,40.6981,0.016073,cb
2180165.IB,6/5/2026,40.6993,0.016027,cb
2180165.IB,6/8/2026,40.693,0.016066,cb
2180165.IB,6/9/2026,40.6849,0.016187,cb
2180165.IB,6/10/2026,40.6821,0.016213,cb
2180165.IB,6/11/2026,40.6644,0.016511,cb
2180165.IB,6/12/2026,40.6584,0.016595,cb
2180165.IB,6/15/2026,40.6526,0.016629,cb
2180165.IB,6/16/2026,40.6495,0.016663,cb
2180165.IB,6/17/2026,40.6491,0.016646,cb
2180165.IB,6/18/2026,40.6509,0.016588,cb
2180165.IB,6/22/2026,40.6466,0.016569,cb
2180165.IB,6/23/2026,40.6406,0.016658,cb
2180165.IB,6/24/2026,40.6397,0.016649,cb
2180165.IB,6/25/2026,40.6435,0.016554,cb
2180165.IB,6/26/2026,40.6394,0.016606,cb
2180165.IB,6/29/2026,40.637,0.016578,cb
2180165.IB,6/30/2026,40.6333,0.016622,cb
2180165.IB,7/1/2026,40.6271,0.016715,cb
2180165.IB,7/2/2026,40.6254,0.016723,cb
2180165.IB,7/3/2026,40.6244,0.016716,cb
2180165.IB,7/6/2026,40.6226,0.016676,cb
2180165.IB,7/7/2026,40.6234,0.016636,cb
2180165.IB,7/8/2026,40.6189,0.016697,cb
2180165.IB,7/9/2026,40.6154,0.016739,cb
2180165.IB,7/10/2026,40.6164,0.016695,cb
2180165.IB,7/13/2026,40.6137,0.016671,cb
2180165.IB,7/14/2026,40.6122,0.016676,cb
2180165.IB,7/15/2026,40.6102,0.01669,cb
2180165.IB,7/16/2026,40.6109,0.01665,cb
2180165.IB,7/17/2026,40.6099,0.016643,cb
2180165.IB,7/20/2026,40.6048,0.016666,cb
2180165.IB,7/21/2026,40.605,0.016636,cb
2180165.IB,7/22/2026,40.604,0.016631,cb
2180165.IB,7/23/2026,40.6043,0.0166,cb
2180165.IB,7/24/2026,40.604,0.016578,cb
2180165.IB,7/27/2026,40.6004,0.016572,cb
2180165.IB,7/28/2026,40.5922,0.01671,cb
2180165.IB,7/29/2026,40.5937,0.016655,cb
2180165.IB,7/30/2026,40.5932,0.016637,cb
2180165.IB,7/31/2026,40.5946,0.016584,cb
2180165.IB,8/3/2026,40.592,0.016555,cb
2180165.IB,8/4/2026,40.5932,0.016504,cb
2180165.IB,8/5/2026,40.5935,0.016473,cb
2180165.IB,8/6/2026,40.592,0.016476,cb
2180165.IB,8/7/2026,40.5935,0.016417,cb
2180165.IB,8/10/2026,40.586,0.016491,cb
2180165.IB,8/11/2026,40.5889,0.016402,cb
2180165.IB,8/12/2026,40.587,0.016414,cb
2180165.IB,8/13/2026,40.5868,0.016391,cb
2180165.IB,8/14/2026,40.5878,0.016343,cb
2180165.IB,8/17/2026,40.5845,0.016327,cb
2180165.IB,8/18/2026,40.585,0.01629,cb
2180165.IB,8/19/2026,40.5832,0.016298,cb
2180165.IB,8/20/2026,40.5831,0.016272,cb
2180165.IB,8/21/2026,40.58,0.016309,cb
2180185.IB,8/22/2025,41.0301,0.019729,cb
2180185.IB,8/25/2025,41.0188,0.019703,cb
2180185.IB,8/26/2025,41.0135,0.019746,cb
2180185.IB,8/27/2025,41.0084,0.019786,cb
2180185.IB,8/28/2025,41.0035,0.019814,cb
2180185.IB,8/29/2025,41.0043,0.019647,cb
2180185.IB,9/1/2025,40.9928,0.019626,cb
2180185.IB,9/2/2025,40.9912,0.019538,cb
2180185.IB,9/3/2025,40.9884,0.019494,cb
2180185.IB,9/4/2025,40.9861,0.019431,cb
2180185.IB,9/5/2025,40.9824,0.019418,cb
2180185.IB,9/8/2025,40.9659,0.019576,cb
2180185.IB,9/9/2025,40.9623,0.019562,cb
2180185.IB,9/10/2025,40.9512,0.019823,cb
2180185.IB,9/11/2025,40.9462,0.019859,cb
2180185.IB,9/12/2025,40.9436,0.019807,cb
2180185.IB,9/15/2025,40.9321,0.019786,cb
2180185.IB,9/16/2025,40.9272,0.01982,cb
2180185.IB,9/17/2025,40.9221,0.01986,cb
2180185.IB,9/18/2025,40.9163,0.019931,cb
2180185.IB,9/19/2025,40.9108,0.019987,cb
2180185.IB,9/22/2025,40.8996,0.019959,cb
2180185.IB,9/23/2025,40.8926,0.020076,cb
2180185.IB,9/24/2025,40.8847,0.020233,cb
2180185.IB,9/25/2025,40.8737,0.020508,cb
2180185.IB,9/26/2025,40.8682,0.020571,cb
2180185.IB,9/29/2025,40.8571,0.020546,cb
2180185.IB,9/30/2025,40.8597,0.02028,cb
2180185.IB,10/9/2025,40.8284,0.0201,cb
2180185.IB,10/10/2025,40.8245,0.020096,cb
2180185.IB,10/13/2025,40.8182,0.019858,cb
2180185.IB,10/14/2025,40.8143,0.019854,cb
2180185.IB,10/15/2025,40.8104,0.019849,cb
2180185.IB,10/16/2025,40.8102,0.019685,cb
2180185.IB,10/17/2025,40.8066,0.019665,cb
2180185.IB,10/20/2025,40.7942,0.019682,cb
2180185.IB,10/21/2025,40.7908,0.019655,cb
2180185.IB,10/22/2025,40.7877,0.019613,cb
2180185.IB,10/23/2025,40.7836,0.019618,cb
2180185.IB,10/24/2025,40.7827,0.019473,cb
2180185.IB,10/27/2025,40.7693,0.019536,cb
2180185.IB,10/28/2025,40.7667,0.019468,cb
2180185.IB,10/29/2025,40.7639,0.019414,cb
2180185.IB,10/30/2025,40.7611,0.019354,cb
2180185.IB,10/31/2025,40.7571,0.019354,cb
2180185.IB,11/3/2025,40.747,0.019252,cb
2180185.IB,11/4/2025,40.7429,0.019255,cb
2180185.IB,11/5/2025,40.741,0.019153,cb
2180185.IB,11/6/2025,40.7359,0.0192,cb
2180185.IB,11/7/2025,40.7319,0.0192,cb
2180185.IB,11/10/2025,40.7215,0.019111,cb
2180185.IB,11/11/2025,40.7184,0.019063,cb
2180185.IB,11/12/2025,40.7149,0.019032,cb
2180185.IB,11/13/2025,40.7016,0.019495,cb
2180185.IB,11/14/2025,40.6988,0.019434,cb
2180185.IB,11/17/2025,40.6876,0.019385,cb
2180185.IB,11/18/2025,40.6843,0.019351,cb
2180185.IB,11/19/2025,40.6807,0.019328,cb
2180185.IB,11/20/2025,40.6766,0.019328,cb
2180185.IB,11/21/2025,40.6683,0.019553,cb
2180185.IB,11/24/2025,40.6573,0.019497,cb
2180185.IB,11/25/2025,40.6531,0.019505,cb
2180185.IB,11/26/2025,40.6476,0.019584,cb
2180185.IB,11/27/2025,40.6399,0.019787,cb
2180185.IB,11/28/2025,40.6358,0.019794,cb
2180185.IB,12/1/2025,40.6238,0.019793,cb
2180185.IB,12/2/2025,40.6198,0.019794,cb
2180185.IB,12/3/2025,40.6152,0.019827,cb
2180185.IB,12/4/2025,40.6076,0.020032,cb
2180185.IB,12/5/2025,40.6031,0.020066,cb
2180185.IB,12/8/2025,40.5917,0.020035,cb
2180185.IB,12/9/2025,40.588,0.020022,cb
2180185.IB,12/10/2025,40.5816,0.020165,cb
2180185.IB,12/11/2025,40.5806,0.019989,cb
2180185.IB,12/12/2025,40.5772,0.019952,cb
2180185.IB,12/15/2025,40.5641,0.020029,cb
2180185.IB,12/16/2025,40.5606,0.020001,cb
2180185.IB,12/17/2025,40.5554,0.020074,cb
2180185.IB,12/18/2025,40.5593,0.019581,cb
2180185.IB,12/19/2025,40.5544,0.019643,cb
2180185.IB,12/22/2025,40.5439,0.01954,cb
2180185.IB,12/23/2025,40.5405,0.019499,cb
2180185.IB,12/24/2025,40.5352,0.019588,cb
2180185.IB,12/25/2025,40.5307,0.019617,cb
2180185.IB,12/26/2025,40.5277,0.019553,cb
2180185.IB,12/29/2025,40.5152,0.01958,cb
2180185.IB,12/30/2025,40.5114,0.019566,cb
2180185.IB,12/31/2025,40.5075,0.019557,cb
2180185.IB,1/5/2026,40.4892,0.019432,cb
2180185.IB,1/6/2026,40.4849,0.019452,cb
2180185.IB,1/7/2026,40.4805,0.019485,cb
2180185.IB,1/8/2026,40.4766,0.019475,cb
2180185.IB,1/9/2026,40.4728,0.019456,cb
2180185.IB,1/12/2026,40.4604,0.01948,cb
2180185.IB,1/13/2026,40.4573,0.01941,cb
2180185.IB,1/14/2026,40.4529,0.019444,cb
2180185.IB,1/15/2026,40.45,0.019353,cb
2180185.IB,1/16/2026,40.4458,0.019367,cb
2180185.IB,1/19/2026,40.4331,0.019415,cb
2180185.IB,1/20/2026,40.4297,0.019367,cb
2180185.IB,1/21/2026,40.4274,0.019224,cb
2180185.IB,1/22/2026,40.4237,0.019193,cb
2180185.IB,1/23/2026,40.42,0.019167,cb
2180185.IB,1/26/2026,40.4075,0.019193,cb
2180185.IB,1/27/2026,40.4031,0.019227,cb
2180185.IB,1/28/2026,40.3985,0.019279,cb
2180185.IB,1/29/2026,40.3949,0.019242,cb
2180185.IB,1/30/2026,40.3913,0.0192,cb
2180185.IB,2/2/2026,40.3792,0.019195,cb
2180185.IB,2/3/2026,40.3757,0.019144,cb
2180185.IB,2/4/2026,40.3719,0.019122,cb
2180185.IB,2/5/2026,40.3678,0.019122,cb
2180185.IB,2/6/2026,40.3635,0.019153,cb
2180185.IB,2/9/2026,40.3511,0.01917,cb
2180185.IB,2/10/2026,40.3482,0.019054,cb
2180185.IB,2/11/2026,40.3433,0.019143,cb
2180185.IB,2/12/2026,40.3398,0.019083,cb
2180185.IB,2/13/2026,40.3362,0.019035,cb
2180185.IB,2/24/2026,40.2921,0.018973,cb
2180185.IB,2/25/2026,40.288,0.018977,cb
2180185.IB,2/26/2026,40.284,0.018971,cb
2180185.IB,2/27/2026,40.2795,0.019022,cb
2180185.IB,3/2/2026,40.2683,0.018902,cb
2180185.IB,3/3/2026,40.2641,0.018909,cb
2180185.IB,3/4/2026,40.2612,0.018755,cb
2180185.IB,3/5/2026,40.257,0.018777,cb
2180185.IB,3/6/2026,40.2533,0.018712,cb
2180185.IB,3/9/2026,40.2417,0.018621,cb
2180185.IB,3/10/2026,40.2382,0.01852,cb
2180185.IB,3/11/2026,40.2348,0.018422,cb
2180185.IB,3/12/2026,40.2306,0.018429,cb
2180185.IB,3/13/2026,40.2265,0.018426,cb
2180185.IB,3/16/2026,40.214,0.018441,cb
2180185.IB,3/17/2026,40.2099,0.018436,cb
2180185.IB,3/18/2026,40.2062,0.018366,cb
2180185.IB,3/19/2026,40.2028,0.018237,cb
2180185.IB,3/20/2026,40.1993,0.018124,cb
2180185.IB,3/23/2026,40.1871,0.018075,cb
2180185.IB,3/24/2026,40.1831,0.018037,cb
2180185.IB,3/25/2026,40.1794,0.017937,cb
2180185.IB,3/26/2026,40.1755,0.017887,cb
2180185.IB,3/27/2026,40.1711,0.017925,cb
2180185.IB,3/30/2026,40.1594,0.017744,cb
2180185.IB,3/31/2026,40.1561,0.017532,cb
2180185.IB,4/1/2026,40.1524,0.017402,cb
2180185.IB,4/2/2026,40.149,0.017208,cb
2180185.IB,4/3/2026,40.1447,0.017224,cb
2180185.IB,4/7/2026,40.1281,0.017083,cb
2180185.IB,4/8/2026,40.1239,0.017063,cb
2180185.IB,4/9/2026,40.1196,0.017086,cb
2180185.IB,4/10/2026,40.1153,0.017085,cb
2180185.IB,4/13/2026,40.103,0.016903,cb
2180185.IB,4/14/2026,40.0987,0.016895,cb
2180185.IB,4/15/2026,40.0944,0.016905,cb
2180185.IB,4/16/2026,40.0901,0.016893,cb
2180185.IB,4/17/2026,40.0861,0.016792,cb
2180185.IB,4/20/2026,40.0733,0.016712,cb
2180185.IB,4/21/2026,40.069,0.016682,cb
2180185.IB,4/22/2026,40.0649,0.016563,cb
2180185.IB,4/23/2026,40.0605,0.016626,cb
2180185.IB,4/24/2026,40.0563,0.016543,cb
2180185.IB,4/27/2026,40.0433,0.016591,cb
2180185.IB,4/28/2026,40.0389,0.016593,cb
2180185.IB,4/29/2026,40.0347,0.016495,cb
2180185.IB,4/30/2026,40.0303,0.016502,cb
2180185.IB,5/6/2026,40.0043,0.016627,cb
2180185.IB,5/7/2026,40.0043,0.016627,cb
2180185.IB,5/8/2026,40.0043,0.016627,cb
2180185.IB,5/11/2026,40.0043,0.016627,cb
2180185.IB,5/12/2026,40.0043,0.016627,cb
2180185.IB,5/13/2026,40.0043,0.016627,cb
2180185.IB,5/14/2026,40.0043,0.016627,cb
2180185.IB,5/15/2026,40.0043,0.016627,cb
2180185.IB,5/18/2026,40.0043,0.016627,cb
2180185.IB,5/19/2026,40.0043,0.016627,cb
2180185.IB,5/20/2026,40.0043,0.016627,cb
2180185.IB,5/21/2026,40.0043,0.016627,cb
2180185.IB,5/22/2026,40.0043,0.016627,cb
2180185.IB,5/25/2026,40.0043,0.016627,cb
2180185.IB,5/26/2026,40.0043,0.016627,cb
2180185.IB,5/27/2026,40.0043,0.016627,cb
2180185.IB,5/28/2026,40.0043,0.016627,cb
2180185.IB,5/29/2026,40.0043,0.016627,cb
2180185.IB,6/1/2026,40.0043,0.016627,cb
2180185.IB,6/2/2026,40.0043,0.016627,cb
2180185.IB,6/3/2026,40.0043,0.016627,cb
2180185.IB,6/4/2026,40.0043,0.016627,cb
2180185.IB,6/5/2026,40.0043,0.016627,cb
2180185.IB,6/8/2026,40.0043,0.016627,cb
2180185.IB,6/9/2026,40.0043,0.016627,cb
2180185.IB,6/10/2026,40.0043,0.016627,cb
2180185.IB,6/11/2026,40.0043,0.016627,cb
2180185.IB,6/12/2026,40.0043,0.016627,cb
2180185.IB,6/15/2026,40.0043,0.016627,cb
2180185.IB,6/16/2026,40.0043,0.016627,cb
2180185.IB,6/17/2026,40.0043,0.016627,cb
2180185.IB,6/18/2026,40.0043,0.016627,cb
2180185.IB,6/22/2026,40.0043,0.016627,cb
2180185.IB,6/23/2026,40.0043,0.016627,cb
2180185.IB,6/24/2026,40.0043,0.016627,cb
2180185.IB,6/25/2026,40.0043,0.016627,cb
2180185.IB,6/26/2026,40.0043,0.016627,cb
2180185.IB,6/29/2026,40.0043,0.016627,cb
2180185.IB,6/30/2026,40.0043,0.016627,cb
2180185.IB,7/1/2026,40.0043,0.016627,cb
2180185.IB,7/2/2026,40.0043,0.016627,cb
2180185.IB,7/3/2026,40.0043,0.016627,cb
2180185.IB,7/6/2026,40.0043,0.016627,cb
2180185.IB,7/7/2026,40.0043,0.016627,cb
2180185.IB,7/8/2026,40.0043,0.016627,cb
2180185.IB,7/9/2026,40.0043,0.016627,cb
2180185.IB,7/10/2026,40.0043,0.016627,cb
2180185.IB,7/13/2026,40.0043,0.016627,cb
2180185.IB,7/14/2026,40.0043,0.016627,cb
2180185.IB,7/15/2026,40.0043,0.016627,cb
2180185.IB,7/16/2026,40.0043,0.016627,cb
2180185.IB,7/17/2026,40.0043,0.016627,cb
2180185.IB,7/20/2026,40.0043,0.016627,cb
2180185.IB,7/21/2026,40.0043,0.016627,cb
2180185.IB,7/22/2026,40.0043,0.016627,cb
2180185.IB,7/23/2026,40.0043,0.016627,cb
2180185.IB,7/24/2026,40.0043,0.016627,cb
2180185.IB,7/27/2026,40.0043,0.016627,cb
2180185.IB,7/28/2026,40.0043,0.016627,cb
2180185.IB,7/29/2026,40.0043,0.016627,cb
2180185.IB,7/30/2026,40.0043,0.016627,cb
2180185.IB,7/31/2026,40.0043,0.016627,cb
2180185.IB,8/3/2026,40.0043,0.016627,cb
2180185.IB,8/4/2026,40.0043,0.016627,cb
2180185.IB,8/5/2026,40.0043,0.016627,cb
2180185.IB,8/6/2026,40.0043,0.016627,cb
2180185.IB,8/7/2026,40.0043,0.016627,cb
2180185.IB,8/10/2026,40.0043,0.016627,cb
2180185.IB,8/11/2026,40.0043,0.016627,cb
2180185.IB,8/12/2026,40.0043,0.016627,cb
2180185.IB,8/13/2026,40.0043,0.016627,cb
2180185.IB,8/14/2026,40.0043,0.016627,cb
2180185.IB,8/17/2026,40.0043,0.016627,cb
2180185.IB,8/18/2026,40.0043,0.016627,cb
2180185.IB,8/19/2026,40.0043,0.016627,cb
2180185.IB,8/20/2026,40.0043,0.016627,cb
2180185.IB,8/21/2026,40.0043,0.016627,cb
2280088.IB,8/22/2025,84.1507,0.020678,cb
2280088.IB,8/25/2025,84.1423,0.020586,cb
2280088.IB,8/26/2025,84.1351,0.020582,cb
2280088.IB,8/27/2025,84.1344,0.020538,cb
2280088.IB,8/28/2025,84.0416,0.02106,cb
2280088.IB,8/29/2025,84.0316,0.021074,cb
2280088.IB,9/1/2025,84.0137,0.021041,cb
2280088.IB,9/2/2025,84.0007,0.021073,cb
2280088.IB,9/3/2025,84.0913,0.020463,cb
2280088.IB,9/4/2025,84.1013,0.020353,cb
2280088.IB,9/5/2025,84.1012,0.020304,cb
2280088.IB,9/8/2025,84.0624,0.020398,cb
2280088.IB,9/9/2025,84.048,0.020439,cb
2280088.IB,9/10/2025,84.022,0.020553,cb
2280088.IB,9/11/2025,83.9954,0.020669,cb
2280088.IB,9/12/2025,83.9733,0.020759,cb
2280088.IB,9/15/2025,83.9629,0.020677,cb
2280088.IB,9/16/2025,83.9574,0.020662,cb
2280088.IB,9/17/2025,83.9552,0.020627,cb
2280088.IB,9/18/2025,83.9471,0.020629,cb
2280088.IB,9/19/2025,83.9279,0.020701,cb
2280088.IB,9/22/2025,83.9,0.020729,cb
2280088.IB,9/23/2025,83.8581,0.020946,cb
2280088.IB,9/24/2025,83.8192,0.021145,cb
2280088.IB,9/25/2025,83.7643,0.021448,cb
2280088.IB,9/26/2025,83.752,0.021477,cb
2280088.IB,9/29/2025,83.7222,0.021521,cb
2280088.IB,9/30/2025,83.7151,0.021518,cb
2280088.IB,10/9/2025,83.6573,0.021447,cb
2280088.IB,10/10/2025,83.6429,0.021491,cb
2280088.IB,10/13/2025,83.6472,0.021312,cb
2280088.IB,10/14/2025,83.6394,0.021313,cb
2280088.IB,10/15/2025,83.6457,0.021221,cb
2280088.IB,10/16/2025,83.6462,0.021167,cb
2280088.IB,10/17/2025,83.6629,0.021006,cb
2280088.IB,10/20/2025,83.6433,0.020981,cb
2280088.IB,10/21/2025,83.6614,0.02081,cb
2280088.IB,10/22/2025,83.6815,0.020624,cb
2280088.IB,10/23/2025,83.6971,0.020468,cb
2280088.IB,10/24/2025,83.6998,0.020398,cb
2280088.IB,10/27/2025,83.6871,0.020325,cb
2280088.IB,10/28/2025,83.722,0.020038,cb
2280088.IB,10/29/2025,83.7481,0.01981,cb
2280088.IB,10/30/2025,83.7616,0.019666,cb
2280088.IB,10/31/2025,83.7809,0.019482,cb
2280088.IB,11/3/2025,83.7725,0.019376,cb
2280088.IB,11/4/2025,83.7809,0.019264,cb
2280088.IB,11/5/2025,83.7824,0.019199,cb
2280088.IB,11/6/2025,83.7733,0.019205,cb
2280088.IB,11/7/2025,83.769,0.019179,cb
2280088.IB,11/10/2025,83.7474,0.01916,cb
2280088.IB,11/11/2025,83.7495,0.01909,cb
2280088.IB,11/12/2025,83.7479,0.019045,cb
2280088.IB,11/13/2025,83.7394,0.019047,cb
2280088.IB,11/14/2025,83.7323,0.01904,cb
2280088.IB,11/17/2025,83.705,0.019059,cb
2280088.IB,11/18/2025,83.706,0.018996,cb
2280088.IB,11/19/2025,83.7008,0.018975,cb
2280088.IB,11/20/2025,83.6886,0.019003,cb
2280088.IB,11/21/2025,83.6663,0.0191,cb
2280088.IB,11/24/2025,83.6238,0.019226,cb
2280088.IB,11/25/2025,83.61,0.019265,cb
2280088.IB,11/26/2025,83.5774,0.019436,cb
2280088.IB,11/27/2025,83.5482,0.019584,cb
2280088.IB,11/28/2025,83.5442,0.019556,cb
2280088.IB,12/1/2025,83.5201,0.019555,cb
2280088.IB,12/2/2025,83.5089,0.019577,cb
2280088.IB,12/3/2025,83.4924,0.019637,cb
2280088.IB,12/4/2025,83.4496,0.019883,cb
2280088.IB,12/5/2025,83.4299,0.019966,cb
2280088.IB,12/8/2025,83.3956,0.02004,cb
2280088.IB,12/9/2025,83.3931,0.020002,cb
2280088.IB,12/10/2025,83.3887,0.019976,cb
2280088.IB,12/11/2025,83.3873,0.019929,cb
2280088.IB,12/12/2025,83.3862,0.01988,cb
2280088.IB,12/15/2025,83.3462,0.019996,cb
2280088.IB,12/16/2025,83.3389,0.019991,cb
2280088.IB,12/17/2025,83.2637,0.020478,cb
2280088.IB,12/18/2025,83.2492,0.020526,cb
2280088.IB,12/19/2025,83.1758,0.021004,cb
2280088.IB,12/22/2025,83.1555,0.020982,cb
2280088.IB,12/23/2025,83.1615,0.020882,cb
2280088.IB,12/24/2025,83.153,0.020888,cb
2280088.IB,12/25/2025,83.1623,0.020762,cb
2280088.IB,12/26/2025,83.1548,0.02076,cb
2280088.IB,12/29/2025,83.1259,0.020801,cb
2280088.IB,12/30/2025,83.1199,0.020788,cb
2280088.IB,12/31/2025,83.1252,0.020691,cb
2280088.IB,1/5/2026,83.0942,0.020631,cb
2280088.IB,1/6/2026,83.082,0.020664,cb
2280088.IB,1/7/2026,83.0712,0.020687,cb
2280088.IB,1/8/2026,83.0608,0.020706,cb
2280088.IB,1/9/2026,83.0512,0.02072,cb
2280088.IB,1/12/2026,83.033,0.020681,cb
2280088.IB,1/13/2026,83.0353,0.020604,cb
2280088.IB,1/14/2026,83.0329,0.020564,cb
2280088.IB,1/15/2026,83.0265,0.020552,cb
2280088.IB,1/16/2026,83.0412,0.020381,cb
2280088.IB,1/19/2026,83.0254,0.020321,cb
2280088.IB,1/20/2026,83.0248,0.020265,cb
2280088.IB,1/21/2026,83.0313,0.020155,cb
2280088.IB,1/22/2026,83.0312,0.020094,cb
2280088.IB,1/23/2026,83.0317,0.02003,cb
2280088.IB,1/26/2026,83.0179,0.019952,cb
2280088.IB,1/27/2026,83.0155,0.019909,cb
2280088.IB,1/28/2026,83.0104,0.019887,cb
2280088.IB,1/29/2026,83.0009,0.019899,cb
2280088.IB,1/30/2026,82.996,0.019875,cb
2280088.IB,2/2/2026,82.9731,0.019867,cb
2280088.IB,2/3/2026,82.968,0.019845,cb
2280088.IB,2/4/2026,82.962,0.019829,cb
2280088.IB,2/5/2026,82.9566,0.019809,cb
2280088.IB,2/6/2026,82.9565,0.019746,cb
2280088.IB,2/9/2026,82.9413,0.019677,cb
2280088.IB,2/10/2026,82.9421,0.019607,cb
2280088.IB,2/11/2026,82.9325,0.019619,cb
2280088.IB,2/12/2026,82.9272,0.019598,cb
2280088.IB,2/13/2026,82.9292,0.019517,cb
2280088.IB,2/24/2026,82.8492,0.019448,cb
2280088.IB,2/25/2026,82.8392,0.019463,cb
2280088.IB,2/26/2026,82.828,0.019489,cb
2280088.IB,2/27/2026,82.8167,0.019516,cb
2280088.IB,3/2/2026,82.801,0.019447,cb
2280088.IB,3/3/2026,82.7948,0.019431,cb
2280088.IB,3/4/2026,82.7964,0.019352,cb
2280088.IB,3/5/2026,82.7943,0.019302,cb
2280088.IB,3/6/2026,82.7993,0.019193,cb
2280088.IB,3/9/2026,82.7691,0.019242,cb
2280088.IB,3/10/2026,62.762,0.019233,cb
2280088.IB,3/11/2026,62.7598,0.019199,cb
2280088.IB,3/12/2026,62.7553,0.019185,cb
2280088.IB,3/13/2026,62.7642,0.019058,cb
2280088.IB,3/16/2026,62.7449,0.019063,cb
2280088.IB,3/17/2026,62.7451,0.019008,cb
2280088.IB,3/18/2026,62.7549,0.018873,cb
2280088.IB,3/19/2026,62.7588,0.018786,cb
2280088.IB,3/20/2026,62.7559,0.018758,cb
2280088.IB,3/23/2026,62.7346,0.018778,cb
2280088.IB,3/24/2026,62.7415,0.018666,cb
2280088.IB,3/25/2026,62.742,0.018608,cb
2280088.IB,3/26/2026,62.7418,0.018556,cb
2280088.IB,3/27/2026,62.7453,0.018472,cb
2280088.IB,3/30/2026,62.7318,0.018424,cb
2280088.IB,3/31/2026,62.733,0.018359,cb
2280088.IB,4/1/2026,62.7347,0.01829,cb
2280088.IB,4/2/2026,62.7397,0.018192,cb
2280088.IB,4/3/2026,62.7461,0.018082,cb
2280088.IB,4/7/2026,62.7334,0.01797,cb
2280088.IB,4/8/2026,62.7388,0.017867,cb
2280088.IB,4/9/2026,62.7238,0.017942,cb
2280088.IB,4/10/2026,62.7274,0.017854,cb
2280088.IB,4/13/2026,62.7076,0.017859,cb
2280088.IB,4/14/2026,62.6994,0.017874,cb
2280088.IB,4/15/2026,62.6943,0.017862,cb
2280088.IB,4/16/2026,62.687,0.01787,cb
2280088.IB,4/17/2026,62.6794,0.01788,cb
2280088.IB,4/20/2026,62.6626,0.017858,cb
2280088.IB,4/21/2026,62.6679,0.017754,cb
2280088.IB,4/22/2026,62.6654,0.017719,cb
2280088.IB,4/23/2026,62.6573,0.017733,cb
2280088.IB,4/24/2026,62.6416,0.017815,cb
2280088.IB,4/27/2026,62.6223,0.017815,cb
2280088.IB,4/28/2026,62.6186,0.01779,cb
2280088.IB,4/29/2026,62.6155,0.01776,cb
2280088.IB,4/30/2026,62.6164,0.017695,cb
2280088.IB,5/6/2026,62.5688,0.017774,cb
2280088.IB,5/7/2026,62.5619,0.017778,cb
2280088.IB,5/8/2026,62.5559,0.017774,cb
2280088.IB,5/11/2026,62.5274,0.017857,cb
2280088.IB,5/12/2026,62.5331,0.017747,cb
2280088.IB,5/13/2026,62.5394,0.01763,cb
2280088.IB,5/14/2026,62.5368,0.017595,cb
2280088.IB,5/15/2026,62.5372,0.017531,cb
2280088.IB,5/18/2026,62.526,0.017455,cb
2280088.IB,5/19/2026,62.5222,0.017431,cb
2280088.IB,5/20/2026,62.5227,0.017367,cb
2280088.IB,5/21/2026,62.5235,0.017299,cb
2280088.IB,5/22/2026,62.5226,0.017247,cb
2280088.IB,5/25/2026,62.5081,0.0172,cb
2280088.IB,5/26/2026,62.5109,0.017113,cb
2280088.IB,5/27/2026,62.5123,0.017038,cb
2280088.IB,5/28/2026,62.5128,0.016973,cb
2280088.IB,5/29/2026,62.5179,0.016864,cb
2280088.IB,6/1/2026,62.5035,0.016813,cb
2280088.IB,6/2/2026,62.5079,0.016711,cb
2280088.IB,6/3/2026,62.5074,0.016653,cb
2280088.IB,6/4/2026,62.5012,0.016649,cb
2280088.IB,6/5/2026,62.4997,0.0166,cb
2280088.IB,6/8/2026,62.4758,0.016638,cb
2280088.IB,6/9/2026,62.4544,0.016778,cb
2280088.IB,6/10/2026,62.4398,0.016853,cb
2280088.IB,6/11/2026,62.3987,0.017182,cb
2280088.IB,6/12/2026,62.386,0.01724,cb
2280088.IB,6/15/2026,62.3653,0.017251,cb
2280088.IB,6/16/2026,62.358,0.017258,cb
2280088.IB,6/17/2026,62.3551,0.017223,cb
2280088.IB,6/18/2026,62.3526,0.017184,cb
2280088.IB,6/22/2026,62.3289,0.01716,cb
2280088.IB,6/23/2026,62.3099,0.017281,cb
2280088.IB,6/24/2026,62.3061,0.017255,cb
2280088.IB,6/25/2026,62.3057,0.017194,cb
2280088.IB,6/26/2026,62.2996,0.017191,cb
2280088.IB,6/29/2026,62.2837,0.017153,cb
2280088.IB,6/30/2026,62.2752,0.017172,cb
2280088.IB,7/1/2026,62.254,0.017317,cb
2280088.IB,7/2/2026,62.2463,0.017329,cb
2280088.IB,7/3/2026,62.2391,0.017335,cb
2280088.IB,7/6/2026,62.2228,0.017303,cb
2280088.IB,7/7/2026,62.2195,0.017271,cb
2280088.IB,7/8/2026,62.2093,0.017308,cb
2280088.IB,7/9/2026,62.2015,0.01732,cb
2280088.IB,7/10/2026,62.2028,0.017242,cb
2280088.IB,7/13/2026,62.1852,0.017222,cb
2280088.IB,7/14/2026,62.181,0.017198,cb
2280088.IB,7/15/2026,62.173,0.017213,cb
2280088.IB,7/16/2026,62.171,0.017168,cb
2280088.IB,7/17/2026,62.1649,0.017163,cb
2280088.IB,7/20/2026,62.1443,0.017173,cb
2280088.IB,7/21/2026,62.1436,0.017114,cb
2280088.IB,7/22/2026,62.1388,0.017096,cb
2280088.IB,7/23/2026,62.136,0.017057,cb
2280088.IB,7/24/2026,62.1303,0.017048,cb
2280088.IB,7/27/2026,62.1139,0.017015,cb
2280088.IB,7/28/2026,62.0961,0.01713,cb
2280088.IB,7/29/2026,62.0918,0.017107,cb
2280088.IB,7/30/2026,62.0876,0.017082,cb
2280088.IB,7/31/2026,62.0882,0.017009,cb
2280088.IB,8/3/2026,62.0673,0.017022,cb
2280088.IB,8/4/2026,62.0636,0.016991,cb
2280088.IB,8/5/2026,62.0571,0.016991,cb
2280088.IB,8/6/2026,62.0499,0.016997,cb
2280088.IB,8/7/2026,62.0485,0.016943,cb
2280088.IB,8/10/2026,62.0236,0.016997,cb
2280088.IB,8/11/2026,62.0246,0.016917,cb
2280088.IB,8/12/2026,62.0156,0.016943,cb
2280088.IB,8/13/2026,62.0121,0.016911,cb
2280088.IB,8/14/2026,62.0093,0.016871,cb
2280088.IB,8/17/2026,61.9923,0.016841,cb
2280088.IB,8/18/2026,61.9885,0.016811,cb
2280088.IB,8/19/2026,61.9817,0.016814,cb
2280088.IB,8/20/2026,61.9772,0.016791,cb
2280088.IB,8/21/2026,61.9663,0.016837,cb
2280097.IB,8/22/2025,84.7766,0.022714,cb
2280097.IB,8/25/2025,84.7731,0.022621,cb
2280097.IB,8/26/2025,84.7671,0.022619,cb
2280097.IB,8/27/2025,84.7678,0.022577,cb
2280097.IB,8/28/2025,84.7574,0.022602,cb
2280097.IB,8/29/2025,84.749,0.022615,cb
2280097.IB,9/1/2025,84.7354,0.022582,cb
2280097.IB,9/2/2025,84.7238,0.022615,cb
2280097.IB,9/3/2025,84.7356,0.022504,cb
2280097.IB,9/4/2025,84.7475,0.022393,cb
2280097.IB,9/5/2025,84.7493,0.022344,cb
2280097.IB,9/8/2025,84.715,0.022437,cb
2280097.IB,9/9/2025,84.7021,0.022477,cb
2280097.IB,9/10/2025,84.6774,0.02259,cb
2280097.IB,9/11/2025,84.6521,0.022706,cb
2280097.IB,9/12/2025,84.6311,0.022797,cb
2280097.IB,9/15/2025,84.626,0.022713,cb
2280097.IB,9/16/2025,84.622,0.022698,cb
2280097.IB,9/17/2025,84.6215,0.022663,cb
2280097.IB,9/18/2025,84.6151,0.022663,cb
2280097.IB,9/19/2025,84.5973,0.022735,cb
2280097.IB,9/22/2025,84.574,0.022763,cb
2280097.IB,9/23/2025,84.5333,0.022978,cb
2280097.IB,9/24/2025,84.4953,0.023178,cb
2280097.IB,9/25/2025,84.4407,0.023481,cb
2280097.IB,9/26/2025,84.4297,0.023512,cb
2280097.IB,9/29/2025,84.4044,0.023557,cb
2280097.IB,9/30/2025,84.3984,0.023556,cb
2280097.IB,10/9/2025,84.355,0.023484,cb
2280097.IB,10/10/2025,84.3419,0.023528,cb
2280097.IB,10/13/2025,84.3516,0.023349,cb
2280097.IB,10/14/2025,84.3454,0.023349,cb
2280097.IB,10/15/2025,84.3536,0.023256,cb
2280097.IB,10/16/2025,84.356,0.023201,cb
2280097.IB,10/17/2025,84.3747,0.02304,cb
2280097.IB,10/20/2025,84.3598,0.023016,cb
2280097.IB,10/21/2025,84.38,0.022844,cb
2280097.IB,10/22/2025,84.4023,0.022658,cb
2280097.IB,10/23/2025,84.4197,0.022504,cb
2280097.IB,10/24/2025,84.4243,0.022433,cb
2280097.IB,10/27/2025,84.4168,0.022357,cb
2280097.IB,10/28/2025,84.454,0.022072,cb
2280097.IB,10/29/2025,84.4825,0.021843,cb
2280097.IB,10/30/2025,84.498,0.021699,cb
2280097.IB,10/31/2025,84.5195,0.021514,cb
2280097.IB,11/3/2025,84.5162,0.021407,cb
2280097.IB,11/4/2025,84.5267,0.021294,cb
2280097.IB,11/5/2025,84.53,0.021229,cb
2280097.IB,11/6/2025,84.5226,0.021234,cb
2280097.IB,11/7/2025,84.5199,0.021208,cb
2280097.IB,11/10/2025,84.5032,0.021188,cb
2280097.IB,11/11/2025,84.5071,0.021118,cb
2280097.IB,11/12/2025,84.5071,0.021073,cb
2280097.IB,11/13/2025,84.5003,0.021075,cb
2280097.IB,11/14/2025,84.4948,0.021067,cb
2280097.IB,11/17/2025,84.4721,0.021086,cb
2280097.IB,11/18/2025,84.4749,0.021023,cb
2280097.IB,11/19/2025,84.4713,0.021002,cb
2280097.IB,11/20/2025,84.4606,0.02103,cb
2280097.IB,11/21/2025,84.4395,0.021128,cb
2280097.IB,11/24/2025,84.4014,0.021252,cb
2280097.IB,11/25/2025,84.3889,0.021292,cb
2280097.IB,11/26/2025,84.3573,0.021463,cb
2280097.IB,11/27/2025,84.3291,0.021612,cb
2280097.IB,11/28/2025,84.3267,0.021583,cb
2280097.IB,12/1/2025,84.3073,0.021582,cb
2280097.IB,12/2/2025,84.2977,0.021604,cb
2280097.IB,12/3/2025,84.2823,0.021665,cb
2280097.IB,12/4/2025,84.2402,0.021912,cb
2280097.IB,12/5/2025,84.2217,0.021996,cb
2280097.IB,12/8/2025,84.1917,0.022071,cb
2280097.IB,12/9/2025,84.1909,0.022032,cb
2280097.IB,12/10/2025,84.1879,0.022008,cb
2280097.IB,12/11/2025,84.1885,0.021959,cb
2280097.IB,12/12/2025,84.1892,0.021909,cb
2280097.IB,12/15/2025,84.1537,0.022023,cb
2280097.IB,12/16/2025,84.1479,0.022019,cb
2280097.IB,12/17/2025,84.1432,0.022007,cb
2280097.IB,12/18/2025,84.13,0.022055,cb
2280097.IB,12/19/2025,84.1268,0.022032,cb
2280097.IB,12/22/2025,84.1107,0.02201,cb
2280097.IB,12/23/2025,84.1184,0.02191,cb
2280097.IB,12/24/2025,84.1112,0.021915,cb
2280097.IB,12/25/2025,84.1223,0.021789,cb
2280097.IB,12/26/2025,84.1164,0.021786,cb
2280097.IB,12/29/2025,84.0917,0.021824,cb
2280097.IB,12/30/2025,84.087,0.021811,cb
2280097.IB,12/31/2025,84.0937,0.021717,cb
2280097.IB,1/5/2026,84.0695,0.021657,cb
2280097.IB,1/6/2026,84.0584,0.021691,cb
2280097.IB,1/7/2026,84.049,0.021713,cb
2280097.IB,1/8/2026,84.0398,0.021733,cb
2280097.IB,1/9/2026,84.0315,0.021746,cb
2280097.IB,1/12/2026,84.0173,0.021708,cb
2280097.IB,1/13/2026,84.0214,0.02163,cb
2280097.IB,1/14/2026,84.0204,0.02159,cb
2280097.IB,1/15/2026,84.0154,0.021578,cb
2280097.IB,1/16/2026,84.0321,0.021406,cb
2280097.IB,1/19/2026,84.0206,0.021346,cb
2280097.IB,1/20/2026,84.0216,0.021289,cb
2280097.IB,1/21/2026,84.0301,0.021177,cb
2280097.IB,1/22/2026,84.0314,0.021118,cb
2280097.IB,1/23/2026,84.0335,0.021053,cb
2280097.IB,1/26/2026,84.0241,0.020974,cb
2280097.IB,1/27/2026,84.0232,0.020931,cb
2280097.IB,1/28/2026,84.0194,0.020909,cb
2280097.IB,1/29/2026,84.0112,0.020921,cb
2280097.IB,1/30/2026,84.0078,0.020896,cb
2280097.IB,2/2/2026,83.989,0.020888,cb
2280097.IB,2/3/2026,83.9854,0.020865,cb
2280097.IB,2/4/2026,83.9808,0.020849,cb
2280097.IB,2/5/2026,83.9768,0.020828,cb
2280097.IB,2/6/2026,83.9784,0.020765,cb
2280097.IB,2/9/2026,83.9675,0.020695,cb
2280097.IB,2/10/2026,83.9699,0.020624,cb
2280097.IB,2/11/2026,83.9617,0.020636,cb
2280097.IB,2/12/2026,83.9579,0.020614,cb
2280097.IB,2/13/2026,83.9614,0.020534,cb
2280097.IB,2/24/2026,83.8965,0.020463,cb
2280097.IB,2/25/2026,83.8878,0.020479,cb
2280097.IB,2/26/2026,83.8779,0.020503,cb
2280097.IB,2/27/2026,83.8679,0.020529,cb
2280097.IB,3/2/2026,83.8563,0.020461,cb
2280097.IB,3/3/2026,83.8516,0.020445,cb
2280097.IB,3/4/2026,83.8548,0.020365,cb
2280097.IB,3/5/2026,83.8543,0.020314,cb
2280097.IB,3/6/2026,83.8611,0.020205,cb
2280097.IB,3/9/2026,83.8346,0.020255,cb
2280097.IB,3/10/2026,83.8288,0.020247,cb
2280097.IB,3/11/2026,83.8259,0.020215,cb
2280097.IB,3/12/2026,83.8207,0.020202,cb
2280097.IB,3/13/2026,83.8293,0.020077,cb
2280097.IB,3/16/2026,63.8113,0.020082,cb
2280097.IB,3/17/2026,63.8127,0.020028,cb
2280097.IB,3/18/2026,63.824,0.019892,cb
2280097.IB,3/19/2026,63.8292,0.019806,cb
2280097.IB,3/20/2026,63.8274,0.019777,cb
2280097.IB,3/23/2026,63.809,0.019798,cb
2280097.IB,3/24/2026,63.8174,0.019685,cb
2280097.IB,3/25/2026,63.8192,0.019626,cb
2280097.IB,3/26/2026,63.8202,0.019574,cb
2280097.IB,3/27/2026,63.825,0.01949,cb
2280097.IB,3/30/2026,63.8147,0.019442,cb
2280097.IB,3/31/2026,63.8171,0.019378,cb
2280097.IB,4/1/2026,63.82,0.019309,cb
2280097.IB,4/2/2026,63.8263,0.019211,cb
2280097.IB,4/3/2026,63.8342,0.0191,cb
2280097.IB,4/7/2026,63.826,0.018987,cb
2280097.IB,4/8/2026,63.8329,0.018883,cb
2280097.IB,4/9/2026,63.8185,0.018959,cb
2280097.IB,4/10/2026,63.8233,0.018873,cb
2280097.IB,4/13/2026,63.8065,0.018877,cb
2280097.IB,4/14/2026,63.7993,0.018892,cb
2280097.IB,4/15/2026,63.7953,0.01888,cb
2280097.IB,4/16/2026,63.789,0.018888,cb
2280097.IB,4/17/2026,63.7821,0.0189,cb
2280097.IB,4/20/2026,63.7684,0.018878,cb
2280097.IB,4/21/2026,63.7751,0.018774,cb
2280097.IB,4/22/2026,63.7738,0.018739,cb
2280097.IB,4/23/2026,63.7667,0.018753,cb
2280097.IB,4/24/2026,63.7516,0.018836,cb
2280097.IB,4/27/2026,63.7353,0.018835,cb
2280097.IB,4/28/2026,63.7328,0.01881,cb
2280097.IB,4/29/2026,63.7308,0.01878,cb
2280097.IB,4/30/2026,63.7329,0.018715,cb
2280097.IB,5/6/2026,63.6911,0.018795,cb
2280097.IB,5/7/2026,63.6852,0.018798,cb
2280097.IB,5/8/2026,63.6802,0.018795,cb
2280097.IB,5/11/2026,63.6544,0.018878,cb
2280097.IB,5/12/2026,63.6615,0.018768,cb
2280097.IB,5/13/2026,63.6692,0.018651,cb
2280097.IB,5/14/2026,63.6677,0.018616,cb
2280097.IB,5/15/2026,63.6694,0.018552,cb
2280097.IB,5/18/2026,63.6616,0.018476,cb
2280097.IB,5/19/2026,63.6588,0.018451,cb
2280097.IB,5/20/2026,63.6605,0.018387,cb
2280097.IB,5/21/2026,63.6627,0.018318,cb
2280097.IB,5/22/2026,63.6629,0.018266,cb
2280097.IB,5/25/2026,63.6517,0.018218,cb
2280097.IB,5/26/2026,63.6559,0.01813,cb
2280097.IB,5/27/2026,63.6586,0.018055,cb
2280097.IB,5/28/2026,63.6603,0.01799,cb
2280097.IB,5/29/2026,63.6669,0.01788,cb
2280097.IB,6/1/2026,63.6556,0.01783,cb
2280097.IB,6/2/2026,63.6614,0.017727,cb
2280097.IB,6/3/2026,63.6622,0.017668,cb
2280097.IB,6/4/2026,63.6571,0.017664,cb
2280097.IB,6/5/2026,63.6568,0.017615,cb
2280097.IB,6/8/2026,63.6358,0.017652,cb
2280097.IB,6/9/2026,63.615,0.017792,cb
2280097.IB,6/10/2026,63.6011,0.017868,cb
2280097.IB,6/11/2026,63.56,0.018197,cb
2280097.IB,6/12/2026,63.5483,0.018254,cb
2280097.IB,6/15/2026,63.5305,0.018265,cb
2280097.IB,6/16/2026,63.5243,0.018271,cb
2280097.IB,6/17/2026,63.5225,0.018237,cb
2280097.IB,6/18/2026,63.5212,0.018197,cb
2280097.IB,6/22/2026,63.5016,0.018174,cb
2280097.IB,6/23/2026,63.4833,0.018294,cb
2280097.IB,6/24/2026,63.4804,0.018268,cb
2280097.IB,6/25/2026,63.4813,0.018208,cb
2280097.IB,6/26/2026,63.4762,0.018204,cb
2280097.IB,6/29/2026,63.4636,0.018166,cb
2280097.IB,6/30/2026,63.456,0.018186,cb
2280097.IB,7/1/2026,63.4353,0.018331,cb
2280097.IB,7/2/2026,63.4285,0.018343,cb
2280097.IB,7/3/2026,63.4224,0.018349,cb
2280097.IB,7/6/2026,63.4091,0.018318,cb
2280097.IB,7/7/2026,63.4071,0.018284,cb
2280097.IB,7/8/2026,63.3977,0.018321,cb
2280097.IB,7/9/2026,63.391,0.018333,cb
2280097.IB,7/10/2026,63.3934,0.018256,cb
2280097.IB,7/13/2026,63.3789,0.018236,cb
2280097.IB,7/14/2026,63.3759,0.018212,cb
2280097.IB,7/15/2026,63.3689,0.018226,cb
2280097.IB,7/16/2026,63.3683,0.018179,cb
2280097.IB,7/17/2026,63.3633,0.018173,cb
2280097.IB,7/20/2026,63.3456,0.018184,cb
2280097.IB,7/21/2026,63.346,0.018125,cb
2280097.IB,7/22/2026,63.3425,0.018106,cb
2280097.IB,7/23/2026,63.3406,0.018069,cb
2280097.IB,7/24/2026,63.336,0.01806,cb
2280097.IB,7/27/2026,63.3228,0.018025,cb
2280097.IB,7/28/2026,63.3056,0.018141,cb
2280097.IB,7/29/2026,63.3026,0.018116,cb
2280097.IB,7/30/2026,63.2994,0.018093,cb
2280097.IB,7/31/2026,63.3011,0.01802,cb
2280097.IB,8/3/2026,63.2535,0.018332,cb
2280097.IB,8/4/2026,63.2508,0.018303,cb
2280097.IB,8/5/2026,63.2456,0.018301,cb
2280097.IB,8/6/2026,63.2395,0.018306,cb
2280097.IB,8/7/2026,63.2394,0.018252,cb
2280097.IB,8/10/2026,63.2176,0.018305,cb
2280097.IB,8/11/2026,63.2198,0.018226,cb
2280097.IB,8/12/2026,63.2118,0.018252,cb
2280097.IB,8/13/2026,63.2094,0.01822,cb
2280097.IB,8/14/2026,63.2076,0.018181,cb
2280097.IB,8/17/2026,63.194,0.018151,cb
2280097.IB,8/18/2026,63.1915,0.01812,cb
2280097.IB,8/19/2026,63.1856,0.018123,cb
2280097.IB,8/20/2026,63.1824,0.018099,cb
2280097.IB,8/21/2026,63.1723,0.018146,cb
2280157.IB,8/22/2025,81.8114,0.019456,cb
2280157.IB,8/25/2025,81.7924,0.01948,cb
2280157.IB,8/26/2025,81.7901,0.01943,cb
2280157.IB,8/27/2025,81.7842,0.019432,cb
2280157.IB,8/28/2025,81.7765,0.01946,cb
2280157.IB,8/29/2025,81.7817,0.019301,cb
2280157.IB,9/1/2025,81.7667,0.019266,cb
2280157.IB,9/2/2025,81.7643,0.019216,cb
2280157.IB,9/3/2025,81.7635,0.019142,cb
2280157.IB,9/4/2025,81.7607,0.019097,cb
2280157.IB,9/5/2025,81.7549,0.019096,cb
2280157.IB,9/8/2025,81.7325,0.019169,cb
2280157.IB,9/9/2025,81.7261,0.019179,cb
2280157.IB,9/10/2025,81.7006,0.019475,cb
2280157.IB,9/11/2025,81.6957,0.019462,cb
2280157.IB,9/12/2025,81.6944,0.019394,cb
2280157.IB,9/15/2025,81.6789,0.019366,cb
2280157.IB,9/16/2025,81.6661,0.019474,cb
2280157.IB,9/17/2025,81.6554,0.01955,cb
2280157.IB,9/18/2025,81.6453,0.019618,cb
2280157.IB,9/19/2025,81.639,0.019627,cb
2280157.IB,9/22/2025,81.6182,0.019684,cb
2280157.IB,9/23/2025,81.6065,0.019778,cb
2280157.IB,9/24/2025,81.5873,0.01999,cb
2280157.IB,9/25/2025,81.5591,0.020349,cb
2280157.IB,9/26/2025,81.548,0.020437,cb
2280157.IB,9/29/2025,81.5445,0.020226,cb
2280157.IB,9/30/2025,81.5538,0.019987,cb
2280157.IB,10/9/2025,81.5165,0.019763,cb
2280157.IB,10/10/2025,81.5116,0.019749,cb
2280157.IB,10/13/2025,81.5068,0.019544,cb
2280157.IB,10/14/2025,81.5009,0.019546,cb
2280157.IB,10/15/2025,81.4943,0.01956,cb
2280157.IB,10/16/2025,81.496,0.019434,cb
2280157.IB,10/17/2025,81.4963,0.019331,cb
2280157.IB,10/20/2025,81.4802,0.01931,cb
2280157.IB,10/21/2025,81.4709,0.019371,cb
2280157.IB,10/22/2025,81.465,0.019373,cb
2280157.IB,10/23/2025,81.4583,0.01939,cb
2280157.IB,10/24/2025,81.4571,0.019311,cb
2280157.IB,10/27/2025,81.4458,0.019204,cb
2280157.IB,10/28/2025,81.4413,0.01918,cb
2280157.IB,10/29/2025,81.4385,0.019127,cb
2280157.IB,10/30/2025,81.4395,0.019005,cb
2280157.IB,10/31/2025,81.4382,0.018922,cb
2280157.IB,11/3/2025,81.4235,0.01887,cb
2280157.IB,11/4/2025,81.4199,0.018828,cb
2280157.IB,11/5/2025,81.4178,0.018758,cb
2280157.IB,11/6/2025,81.4125,0.018747,cb
2280157.IB,11/7/2025,81.4078,0.018726,cb
2280157.IB,11/10/2025,81.3882,0.018761,cb
2280157.IB,11/11/2025,81.3849,0.018713,cb
2280157.IB,11/12/2025,81.38,0.018695,cb
2280157.IB,11/13/2025,81.3751,0.018675,cb
2280157.IB,11/14/2025,81.3737,0.018589,cb
2280157.IB,11/17/2025,81.3555,0.018597,cb
2280157.IB,11/18/2025,81.3488,0.018614,cb
2280157.IB,11/19/2025,81.3435,0.018602,cb
2280157.IB,11/20/2025,81.3416,0.018523,cb
2280157.IB,11/21/2025,81.3246,0.018741,cb
2280157.IB,11/24/2025,81.3079,0.018722,cb
2280157.IB,11/25/2025,81.3028,0.018707,cb
2280157.IB,11/26/2025,81.2912,0.018821,cb
2280157.IB,11/27/2025,81.2774,0.018981,cb
2280157.IB,11/28/2025,81.2712,0.018987,cb
2280157.IB,12/1/2025,81.2553,0.018957,cb
2280157.IB,12/2/2025,81.2486,0.018975,cb
2280157.IB,12/3/2025,81.2401,0.01903,cb
2280157.IB,12/4/2025,81.2231,0.019262,cb
2280157.IB,12/5/2025,81.2197,0.019213,cb
2280157.IB,12/8/2025,81.2048,0.019162,cb
2280157.IB,12/9/2025,81.1755,0.019662,cb
2280157.IB,12/10/2025,81.1644,0.019779,cb
2280157.IB,12/11/2025,81.1615,0.019721,cb
2280157.IB,12/12/2025,81.1516,0.019813,cb
2280157.IB,12/15/2025,81.1284,0.01995,cb
2280157.IB,12/16/2025,81.1269,0.01986,cb
2280157.IB,12/17/2025,81.1183,0.019926,cb
2280157.IB,12/18/2025,81.1141,0.019894,cb
2280157.IB,12/19/2025,81.1105,0.019848,cb
2280157.IB,12/22/2025,81.0919,0.019888,cb
2280157.IB,12/23/2025,81.0919,0.019759,cb
2280157.IB,12/24/2025,81.0816,0.019865,cb
2280157.IB,12/25/2025,81.0755,0.019877,cb
2280157.IB,12/26/2025,81.0742,0.019777,cb
2280157.IB,12/29/2025,81.0565,0.019796,cb
2280157.IB,12/30/2025,81.0526,0.019754,cb
2280157.IB,12/31/2025,81.0543,0.019579,cb
2280157.IB,1/5/2026,81.0318,0.019435,cb
2280157.IB,1/6/2026,81.0251,0.01946,cb
2280157.IB,1/7/2026,81.0179,0.019497,cb
2280157.IB,1/8/2026,81.0122,0.019497,cb
2280157.IB,1/9/2026,81.005,0.019533,cb
2280157.IB,1/12/2026,80.9891,0.019505,cb
2280157.IB,1/13/2026,80.9845,0.019476,cb
2280157.IB,1/14/2026,80.9784,0.019487,cb
2280157.IB,1/15/2026,80.9733,0.019472,cb
2280157.IB,1/16/2026,80.9707,0.019392,cb
2280157.IB,1/19/2026,80.9501,0.019483,cb
2280157.IB,1/20/2026,80.9453,0.01946,cb
2280157.IB,1/21/2026,80.9445,0.019327,cb
2280157.IB,1/22/2026,80.9412,0.019263,cb
2280157.IB,1/23/2026,80.9352,0.019269,cb
2280157.IB,1/26/2026,80.9203,0.019205,cb
2280157.IB,1/27/2026,80.9131,0.019244,cb
2280157.IB,1/28/2026,80.9061,0.01928,cb
2280157.IB,1/29/2026,80.9017,0.019243,cb
2280157.IB,1/30/2026,80.8939,0.0193,cb
2280157.IB,2/2/2026,80.8792,0.01923,cb
2280157.IB,2/3/2026,80.8755,0.019172,cb
2280157.IB,2/4/2026,80.8696,0.019174,cb
2280157.IB,2/5/2026,80.8627,0.019207,cb
2280157.IB,2/6/2026,80.8564,0.019223,cb
2280157.IB,2/9/2026,80.8404,0.019186,cb
2280157.IB,2/10/2026,80.8353,0.019168,cb
2280157.IB,2/11/2026,80.8288,0.019189,cb
2280157.IB,2/12/2026,80.8245,0.019145,cb
2280157.IB,2/13/2026,80.8213,0.019067,cb
2280157.IB,2/24/2026,80.7593,0.019016,cb
2280157.IB,2/25/2026,80.7545,0.018984,cb
2280157.IB,2/26/2026,80.7486,0.018988,cb
2280157.IB,2/27/2026,80.7415,0.019031,cb
2280157.IB,3/2/2026,80.7272,0.018927,cb
2280157.IB,3/3/2026,80.7212,0.018934,cb
2280157.IB,3/4/2026,80.7185,0.018823,cb
2280157.IB,3/5/2026,80.7124,0.018833,cb
2280157.IB,3/6/2026,80.7091,0.018743,cb
2280157.IB,3/9/2026,80.6941,0.018647,cb
2280157.IB,3/10/2026,80.691,0.018545,cb
2280157.IB,3/11/2026,80.6877,0.018448,cb
2280157.IB,3/12/2026,80.6817,0.018452,cb
2280157.IB,3/13/2026,80.6762,0.018434,cb
2280157.IB,3/16/2026,80.658,0.018454,cb
2280157.IB,3/17/2026,80.6522,0.018449,cb
2280157.IB,3/18/2026,80.6474,0.018406,cb
2280157.IB,3/19/2026,80.6453,0.018252,cb
2280157.IB,3/20/2026,80.6415,0.018167,cb
2280157.IB,3/23/2026,80.6248,0.018116,cb
2280157.IB,3/24/2026,80.6203,0.018052,cb
2280157.IB,3/25/2026,80.6167,0.017952,cb
2280157.IB,3/26/2026,80.6115,0.017917,cb
2280157.IB,3/27/2026,80.6047,0.017952,cb
2280157.IB,3/30/2026,80.5864,0.017964,cb
2280157.IB,3/31/2026,80.5823,0.017878,cb
2280157.IB,4/1/2026,80.5774,0.017824,cb
2280157.IB,4/2/2026,80.5762,0.017602,cb
2280157.IB,4/3/2026,80.5736,0.017437,cb
2280157.IB,4/7/2026,80.5493,0.017431,cb
2280157.IB,4/8/2026,80.5434,0.017418,cb
2280157.IB,4/9/2026,80.5423,0.017167,cb
2280157.IB,4/10/2026,80.5367,0.017138,cb
2280157.IB,4/13/2026,80.5179,0.01715,cb
2280157.IB,4/14/2026,80.5134,0.017063,cb
2280157.IB,4/15/2026,80.507,0.017074,cb
2280157.IB,4/16/2026,80.5014,0.017039,cb
2280157.IB,4/17/2026,80.4964,0.016972,cb
2280157.IB,4/20/2026,80.4785,0.016932,cb
2280157.IB,4/21/2026,80.4729,0.016892,cb
2280157.IB,4/22/2026,80.469,0.01676,cb
2280157.IB,4/23/2026,80.4604,0.016894,cb
2280157.IB,4/24/2026,80.4567,0.016745,cb
2280157.IB,4/27/2026,80.4372,0.016791,cb
2280157.IB,4/28/2026,80.4323,0.0167,cb
2280157.IB,4/29/2026,80.4275,0.016605,cb
2280157.IB,4/30/2026,80.4208,0.016635,cb
2280157.IB,5/6/2026,80.3825,0.016676,cb
2280157.IB,5/7/2026,80.3767,0.016634,cb
2280157.IB,5/8/2026,80.3703,0.016648,cb
2280157.IB,5/11/2026,80.352,0.016599,cb
2280157.IB,5/12/2026,80.3456,0.016613,cb
2280157.IB,5/13/2026,80.3414,0.016442,cb
2280157.IB,5/14/2026,80.3361,0.016358,cb
2280157.IB,5/15/2026,80.3298,0.016349,cb
2280157.IB,5/18/2026,80.3113,0.016302,cb
2280157.IB,5/19/2026,80.3052,0.016278,cb
2280157.IB,5/20/2026,80.2988,0.016282,cb
2280157.IB,5/21/2026,80.2919,0.016333,cb
2280157.IB,5/22/2026,80.2853,0.016353,cb
2280157.IB,5/25/2026,80.2663,0.016354,cb
2280157.IB,5/26/2026,80.4799,0.018911,cb
2280157.IB,5/27/2026,80.4843,0.018831,cb
2280157.IB,5/28/2026,80.4843,0.018784,cb
2280157.IB,5/29/2026,80.4941,0.018659,cb
2280157.IB,6/1/2026,80.4821,0.018615,cb
2280157.IB,6/2/2026,80.4898,0.018506,cb
2280157.IB,6/3/2026,80.4919,0.018442,cb
2280157.IB,6/4/2026,80.4897,0.018412,cb
2280157.IB,6/5/2026,80.4894,0.018367,cb
2280157.IB,6/8/2026,80.4691,0.018388,cb
2280157.IB,6/9/2026,80.4439,0.018545,cb
2280157.IB,6/10/2026,80.4272,0.018634,cb
2280157.IB,6/11/2026,80.379,0.01898,cb
2280157.IB,6/12/2026,80.365,0.019048,cb
2280157.IB,6/15/2026,80.3482,0.019044,cb
2280157.IB,6/16/2026,80.3431,0.019038,cb
2280157.IB,6/17/2026,80.3431,0.018991,cb
2280157.IB,6/18/2026,80.3407,0.018963,cb
2280157.IB,6/22/2026,80.3205,0.018939,cb
2280157.IB,6/23/2026,80.2987,0.019073,cb
2280157.IB,6/24/2026,80.296,0.019048,cb
2280157.IB,6/25/2026,80.2969,0.018992,cb
2280157.IB,6/26/2026,80.2947,0.018962,cb
2280157.IB,6/29/2026,80.2815,0.018927,cb
2280157.IB,6/30/2026,80.2727,0.018953,cb
2280157.IB,7/1/2026,80.2468,0.019123,cb
2280157.IB,7/2/2026,80.2404,0.019129,cb
2280157.IB,7/3/2026,80.2334,0.01914,cb
2280157.IB,7/6/2026,60.2179,0.019126,cb
2280157.IB,7/7/2026,60.2226,0.019083,cb
2280157.IB,7/8/2026,60.2204,0.019099,cb
2280157.IB,7/9/2026,60.2201,0.019099,cb
2280157.IB,7/10/2026,60.2301,0.01901,cb
2280157.IB,7/13/2026,60.2307,0.018995,cb
2280157.IB,7/14/2026,60.234,0.018964,cb
2280157.IB,7/15/2026,60.233,0.018969,cb
2280157.IB,7/16/2026,60.2413,0.018894,cb
2280157.IB,7/17/2026,60.2417,0.018888,cb
2280157.IB,7/20/2026,60.2397,0.018896,cb
2280157.IB,7/21/2026,60.2461,0.018837,cb
2280157.IB,7/22/2026,60.2502,0.018798,cb
2280157.IB,7/23/2026,60.2527,0.018773,cb
2280157.IB,7/24/2026,60.2517,0.018778,cb
2280157.IB,7/27/2026,60.2572,0.01872,cb
2280157.IB,7/28/2026,60.2461,0.018814,cb
2280157.IB,7/29/2026,60.2481,0.018793,cb
2280157.IB,7/30/2026,60.247,0.0188,cb
2280157.IB,7/31/2026,60.2527,0.018746,cb
2280157.IB,8/3/2026,60.2504,0.018756,cb
2280157.IB,8/4/2026,60.25,0.018756,cb
2280157.IB,8/5/2026,60.2515,0.01874,cb
2280157.IB,8/6/2026,60.254,0.018714,cb
2280157.IB,8/7/2026,60.2583,0.018672,cb
2280157.IB,8/10/2026,60.2548,0.018692,cb
2280157.IB,8/11/2026,60.2608,0.018636,cb
2280157.IB,8/12/2026,60.2567,0.018668,cb
2280157.IB,8/13/2026,60.2592,0.018643,cb
2280157.IB,8/14/2026,60.2598,0.018634,cb
2280157.IB,8/17/2026,60.2635,0.018589,cb
2280157.IB,8/18/2026,60.2683,0.018542,cb
2280157.IB,8/19/2026,60.2673,0.018547,cb
2280157.IB,8/20/2026,60.2701,0.018518,cb
2280157.IB,8/21/2026,60.263,0.018579,cb
2380110.IB,8/22/2025,105.3518,0.02183,cb
2380110.IB,8/25/2025,105.322,0.021812,cb
2380110.IB,8/26/2025,105.302,0.021845,cb
2380110.IB,8/27/2025,105.2879,0.021855,cb
2380110.IB,8/28/2025,105.2651,0.021898,cb
2380110.IB,8/29/2025,105.2491,0.021915,cb
2380110.IB,9/1/2025,105.2194,0.021898,cb
2380110.IB,9/2/2025,105.1847,0.021987,cb
2380110.IB,9/3/2025,105.1971,0.021896,cb
2380110.IB,9/4/2025,105.2285,0.021732,cb
2380110.IB,9/5/2025,105.2337,0.021668,cb
2380110.IB,9/8/2025,105.1735,0.021767,cb
2380110.IB,9/9/2025,105.1332,0.021878,cb
2380110.IB,9/10/2025,105.121,0.021881,cb
2380110.IB,9/11/2025,105.0982,0.021924,cb
2380110.IB,9/12/2025,105.1963,0.021502,cb
2380110.IB,9/15/2025,105.3092,0.020933,cb
2380110.IB,9/16/2025,105.2976,0.020933,cb
2380110.IB,9/17/2025,105.3031,0.020866,cb
2380110.IB,9/18/2025,105.2921,0.020864,cb
2380110.IB,9/19/2025,105.2676,0.020913,cb
2380110.IB,9/22/2025,105.2256,0.02094,cb
2380110.IB,9/23/2025,105.164,0.021134,cb
2380110.IB,9/24/2025,105.0966,0.021352,cb
2380110.IB,9/25/2025,105.0021,0.021675,cb
2380110.IB,9/26/2025,104.983,0.021705,cb
2380110.IB,9/29/2025,104.9318,0.021771,cb
2380110.IB,9/30/2025,104.8986,0.021856,cb
2380110.IB,10/9/2025,104.8193,0.021763,cb
2380110.IB,10/10/2025,104.7954,0.021813,cb
2380110.IB,10/13/2025,104.8113,0.021612,cb
2380110.IB,10/14/2025,104.8045,0.021594,cb
2380110.IB,10/15/2025,104.8101,0.021526,cb
2380110.IB,10/16/2025,104.8174,0.02145,cb
2380110.IB,10/17/2025,104.8473,0.021285,cb
2380110.IB,10/20/2025,104.8323,0.021206,cb
2380110.IB,10/21/2025,104.857,0.02106,cb
2380110.IB,10/22/2025,104.8869,0.020893,cb
2380110.IB,10/23/2025,104.9037,0.020779,cb
2380110.IB,10/24/2025,104.9225,0.020656,cb
2380110.IB,10/27/2025,104.8996,0.020607,cb
2380110.IB,10/28/2025,104.9515,0.02035,cb
2380110.IB,10/29/2025,104.9906,0.020145,cb
2380110.IB,10/30/2025,105.0119,0.020011,cb
2380110.IB,10/31/2025,105.0439,0.019834,cb
2380110.IB,11/3/2025,105.0476,0.019673,cb
2380110.IB,11/4/2025,105.0627,0.019563,cb
2380110.IB,11/5/2025,105.0637,0.019511,cb
2380110.IB,11/6/2025,105.0588,0.019482,cb
2380110.IB,11/7/2025,105.0446,0.01949,cb
2380110.IB,11/10/2025,105.0144,0.019466,cb
2380110.IB,11/11/2025,105.0167,0.019407,cb
2380110.IB,11/12/2025,105.0238,0.019329,cb
2380110.IB,11/13/2025,105.0154,0.019314,cb
2380110.IB,11/14/2025,104.9942,0.019351,cb
2380110.IB,11/17/2025,104.9621,0.019333,cb
2380110.IB,11/18/2025,104.971,0.019247,cb
2380110.IB,11/19/2025,104.9618,0.019235,cb
2380110.IB,11/20/2025,104.9376,0.019285,cb
2380110.IB,11/21/2025,104.9034,0.019376,cb
2380110.IB,11/24/2025,104.8526,0.019436,cb
2380110.IB,11/25/2025,104.8214,0.019515,cb
2380110.IB,11/26/2025,104.7762,0.019653,cb
2380110.IB,11/27/2025,104.7168,0.019849,cb
2380110.IB,11/28/2025,104.7096,0.01983,cb
2380110.IB,12/1/2025,104.6679,0.019854,cb
2380110.IB,12/2/2025,104.6476,0.019889,cb
2380110.IB,12/3/2025,104.6113,0.019991,cb
2380110.IB,12/4/2025,104.5318,0.020275,cb
2380110.IB,12/5/2025,104.5092,0.02032,cb
2380110.IB,12/8/2025,104.4511,0.020415,cb
2380110.IB,12/9/2025,104.4391,0.020416,cb
2380110.IB,12/10/2025,104.4209,0.020443,cb
2380110.IB,12/11/2025,104.4275,0.020365,cb
2380110.IB,12/12/2025,104.4203,0.020346,cb
2380110.IB,12/15/2025,104.3676,0.020419,cb
2380110.IB,12/16/2025,104.3484,0.02045,cb
2380110.IB,12/17/2025,104.3386,0.020442,cb
2380110.IB,12/18/2025,104.3212,0.020466,cb
2380110.IB,12/19/2025,104.3256,0.020397,cb
2380110.IB,12/22/2025,104.2965,0.02037,cb
2380110.IB,12/23/2025,104.2987,0.02031,cb
2380110.IB,12/24/2025,104.2863,0.020312,cb
2380110.IB,12/25/2025,104.2834,0.020274,cb
2380110.IB,12/26/2025,104.2655,0.0203,cb
2380110.IB,12/29/2025,104.2269,0.020313,cb
2380110.IB,12/30/2025,104.211,0.020331,cb
2380110.IB,12/31/2025,104.2025,0.020317,cb
2380110.IB,1/5/2026,104.1541,0.02027,cb
2380110.IB,1/6/2026,104.1371,0.020293,cb
2380110.IB,1/7/2026,104.1183,0.020323,cb
2380110.IB,1/8/2026,104.1006,0.020348,cb
2380110.IB,1/9/2026,104.0816,0.02038,cb
2380110.IB,1/12/2026,104.0485,0.02037,cb
2380110.IB,1/13/2026,104.0458,0.02033,cb
2380110.IB,1/14/2026,104.0379,0.020313,cb
2380110.IB,1/15/2026,104.0324,0.020284,cb
2380110.IB,1/16/2026,104.0365,0.020214,cb
2380110.IB,1/19/2026,104.0208,0.020126,cb
2380110.IB,1/20/2026,104.0329,0.02002,cb
2380110.IB,1/21/2026,104.0584,0.019854,cb
2380110.IB,1/22/2026,104.0565,0.019809,cb
2380110.IB,1/23/2026,104.0678,0.019705,cb
2380110.IB,1/26/2026,104.0656,0.019554,cb
2380110.IB,1/27/2026,104.069,0.019485,cb
2380110.IB,1/28/2026,104.0725,0.019416,cb
2380110.IB,1/29/2026,104.0593,0.019421,cb
2380110.IB,1/30/2026,104.0598,0.019364,cb
2380110.IB,2/2/2026,104.0281,0.019344,cb
2380110.IB,2/3/2026,104.0232,0.019312,cb
2380110.IB,2/4/2026,104.0237,0.019255,cb
2380110.IB,2/5/2026,104.0187,0.019223,cb
2380110.IB,2/6/2026,104.0161,0.01918,cb
2380110.IB,2/9/2026,104.0037,0.019071,cb
2380110.IB,2/10/2026,104.0141,0.018969,cb
2380110.IB,2/11/2026,104.0111,0.018927,cb
2380110.IB,2/12/2026,104.0133,0.018861,cb
2380110.IB,2/13/2026,104.0199,0.018775,cb
2380110.IB,2/24/2026,103.9083,0.018669,cb
2380110.IB,2/25/2026,103.9092,0.018608,cb
2380110.IB,2/26/2026,103.8762,0.018704,cb
2380110.IB,2/27/2026,103.8727,0.018663,cb
2380110.IB,3/2/2026,103.851,0.018593,cb
2380110.IB,3/3/2026,103.85,0.01854,cb
2380110.IB,3/4/2026,103.8467,0.018498,cb
2380110.IB,3/5/2026,103.8393,0.018475,cb
2380110.IB,3/6/2026,103.8483,0.018376,cb
2380110.IB,3/9/2026,103.7882,0.018484,cb
2380110.IB,3/10/2026,103.7766,0.01848,cb
2380110.IB,3/11/2026,103.7677,0.018464,cb
2380110.IB,3/12/2026,103.7461,0.018508,cb
2380110.IB,3/13/2026,103.7468,0.018447,cb
2380110.IB,3/16/2026,103.7,0.018493,cb
2380110.IB,3/17/2026,103.7063,0.018405,cb
2380110.IB,3/18/2026,103.7173,0.018294,cb
2380110.IB,3/19/2026,103.7265,0.018191,cb
2380110.IB,3/20/2026,103.7272,0.018129,cb
2380110.IB,3/23/2026,103.6969,0.018096,cb
2380110.IB,3/24/2026,103.71,0.017974,cb
2380110.IB,3/25/2026,103.7091,0.017918,cb
2380110.IB,3/26/2026,103.7115,0.017847,cb
2380110.IB,3/27/2026,103.7166,0.017763,cb
2380110.IB,3/30/2026,103.6912,0.017704,cb
2380110.IB,3/31/2026,103.6876,0.017661,cb
2380110.IB,4/1/2026,103.6803,0.017636,cb
2380110.IB,4/2/2026,103.6787,0.017583,cb
2380110.IB,4/3/2026,103.688,0.017477,cb
2380110.IB,4/7/2026,103.6612,0.017363,cb
2380110.IB,4/8/2026,103.6814,0.017203,cb
2380110.IB,4/9/2026,103.6674,0.017209,cb
2380110.IB,4/10/2026,103.6825,0.017073,cb
2380110.IB,4/13/2026,103.6405,0.017092,cb
2380110.IB,4/14/2026,103.6265,0.017099,cb
2380110.IB,4/15/2026,103.6206,0.017066,cb
2380110.IB,4/16/2026,103.6119,0.017045,cb
2380110.IB,4/17/2026,103.5936,0.017073,cb
2380110.IB,4/20/2026,103.5618,0.017042,cb
2380110.IB,4/21/2026,103.5658,0.016959,cb
2380110.IB,4/22/2026,103.5718,0.016866,cb
2380110.IB,4/23/2026,103.5465,0.016928,cb
2380110.IB,4/24/2026,103.5328,0.016933,cb
2380110.IB,4/27/2026,83.4977,0.016917,cb
2380110.IB,4/28/2026,83.5035,0.016869,cb
2380110.IB,4/29/2026,83.5137,0.016799,cb
2380110.IB,4/30/2026,83.5101,0.016798,cb
2380110.IB,5/6/2026,83.3694,0.017391,cb
2380110.IB,5/7/2026,83.2554,0.017949,cb
2380110.IB,5/8/2026,83.248,0.017968,cb
2380110.IB,5/11/2026,83.2186,0.018063,cb
2380110.IB,5/12/2026,83.2394,0.017939,cb
2380110.IB,5/13/2026,83.2329,0.017954,cb
2380110.IB,5/14/2026,83.2342,0.017928,cb
2380110.IB,5/15/2026,83.2444,0.017858,cb
2380110.IB,5/18/2026,83.2578,0.017733,cb
2380110.IB,5/19/2026,83.2565,0.017721,cb
2380110.IB,5/20/2026,83.2695,0.017636,cb
2380110.IB,5/21/2026,83.2833,0.017546,cb
2380110.IB,5/22/2026,83.2863,0.017512,cb
2380110.IB,5/25/2026,83.2904,0.017433,cb
2380110.IB,5/26/2026,83.3062,0.017332,cb
2380110.IB,5/27/2026,83.2176,0.017771,cb
2380110.IB,5/28/2026,83.2236,0.017721,cb
2380110.IB,5/29/2026,83.2447,0.017593,cb
2380110.IB,6/1/2026,83.2443,0.017537,cb
2380110.IB,6/2/2026,83.2635,0.017418,cb
2380110.IB,6/3/2026,83.2752,0.017338,cb
2380110.IB,6/4/2026,83.2848,0.017268,cb
2380110.IB,6/5/2026,83.2959,0.017191,cb
2380110.IB,6/8/2026,83.2704,0.017265,cb
2380110.IB,6/9/2026,83.2429,0.01739,cb
2380110.IB,6/10/2026,83.223,0.017475,cb
2380110.IB,6/11/2026,83.1644,0.017764,cb
2380110.IB,6/12/2026,83.1476,0.017833,cb
2380110.IB,6/15/2026,83.1372,0.01783,cb
2380110.IB,6/16/2026,83.1316,0.017841,cb
2380110.IB,6/17/2026,83.1381,0.017787,cb
2380110.IB,6/18/2026,83.1485,0.017713,cb
2380110.IB,6/22/2026,83.1397,0.017681,cb
2380110.IB,6/23/2026,83.1187,0.017774,cb
2380110.IB,6/24/2026,83.1201,0.017747,cb
2380110.IB,6/25/2026,83.1316,0.017666,cb
2380110.IB,6/26/2026,83.1377,0.017614,cb
2380110.IB,6/29/2026,83.1316,0.017588,cb
2380110.IB,6/30/2026,83.1247,0.017605,cb
2380110.IB,7/1/2026,83.088,0.017783,cb
2380110.IB,7/2/2026,83.0885,0.017761,cb
2380110.IB,7/3/2026,83.0891,0.017737,cb
2380110.IB,7/6/2026,83.0845,0.017703,cb
2380110.IB,7/7/2026,83.092,0.017643,cb
2380110.IB,7/8/2026,83.0854,0.017659,cb
2380110.IB,7/9/2026,83.0772,0.017684,cb
2380110.IB,7/10/2026,83.0788,0.017655,cb
2380110.IB,7/13/2026,82.9784,0.018144,cb
2380110.IB,7/14/2026,82.9803,0.018114,cb
2380110.IB,7/15/2026,82.9788,0.018103,cb
2380110.IB,7/16/2026,82.983,0.01806,cb
2380110.IB,7/17/2026,82.9809,0.018052,cb
2380110.IB,7/20/2026,82.9661,0.018074,cb
2380110.IB,7/21/2026,82.9678,0.018045,cb
2380110.IB,7/22/2026,82.9673,0.018028,cb
2380110.IB,7/23/2026,82.9676,0.018007,cb
2380110.IB,7/24/2026,82.9663,0.017994,cb
2380110.IB,7/27/2026,82.7873,0.018932,cb
2380110.IB,7/28/2026,82.5959,0.019984,cb
2380110.IB,7/29/2026,82.5954,0.019969,cb
2380110.IB,7/30/2026,82.5886,0.01999,cb
2380110.IB,7/31/2026,82.5938,0.019943,cb
2380110.IB,8/3/2026,82.5849,0.019939,cb
2380110.IB,8/4/2026,82.5809,0.019944,cb
2380110.IB,8/5/2026,82.5823,0.019918,cb
2380110.IB,8/6/2026,82.5861,0.019878,cb
2380110.IB,8/7/2026,82.5913,0.019831,cb
2380110.IB,8/10/2026,82.5861,0.019806,cb
2380110.IB,8/11/2026,82.5913,0.019758,cb
2380110.IB,8/12/2026,82.5892,0.019752,cb
2380110.IB,8/13/2026,82.5932,0.019711,cb
2380110.IB,8/14/2026,82.5914,0.019703,cb
2380110.IB,8/17/2026,82.5918,0.019645,cb
2380110.IB,8/18/2026,82.6017,0.01957,cb
2380110.IB,8/19/2026,82.598,0.019573,cb
2380110.IB,8/20/2026,82.6023,0.019529,cb
2380110.IB,8/21/2026,82.5908,0.019577,cb
2380111.IB,8/22/2025,101.9767,0.021182,cb
2380111.IB,8/25/2025,101.9562,0.021106,cb
2380111.IB,8/26/2025,101.9423,0.021188,cb
2380111.IB,8/27/2025,101.9312,0.02123,cb
2380111.IB,8/28/2025,101.9225,0.021232,cb
2380111.IB,8/29/2025,101.9226,0.021099,cb
2380111.IB,9/1/2025,101.8988,0.021071,cb
2380111.IB,9/2/2025,101.8966,0.020971,cb
2380111.IB,9/3/2025,101.8902,0.020936,cb
2380111.IB,9/4/2025,101.8865,0.020859,cb
2380111.IB,9/5/2025,101.8791,0.020841,cb
2380111.IB,9/8/2025,101.8403,0.021053,cb
2380111.IB,9/9/2025,101.8329,0.021035,cb
2380111.IB,9/10/2025,101.8104,0.021265,cb
2380111.IB,9/11/2025,101.798,0.02133,cb
2380111.IB,9/12/2025,101.7922,0.021286,cb
2380111.IB,9/15/2025,101.7681,0.021266,cb
2380111.IB,9/16/2025,101.7597,0.021265,cb
2380111.IB,9/17/2025,101.75,0.021286,cb
2380111.IB,9/18/2025,101.7372,0.021359,cb
2380111.IB,9/19/2025,101.7244,0.021435,cb
2380111.IB,9/22/2025,101.7023,0.021381,cb
2380111.IB,9/23/2025,101.6868,0.021506,cb
2380111.IB,9/24/2025,101.6704,0.021646,cb
2380111.IB,9/25/2025,101.6486,0.021883,cb
2380111.IB,9/26/2025,101.6375,0.021934,cb
2380111.IB,9/29/2025,101.611,0.021964,cb
2380111.IB,9/30/2025,101.6187,0.021676,cb
2380111.IB,10/9/2025,101.5539,0.021483,cb
2380111.IB,10/10/2025,101.5459,0.021477,cb
2380111.IB,10/13/2025,101.5345,0.021211,cb
2380111.IB,10/14/2025,101.5247,0.021238,cb
2380111.IB,10/15/2025,101.5165,0.021232,cb
2380111.IB,10/16/2025,101.5155,0.021086,cb
2380111.IB,10/17/2025,101.5074,0.021078,cb
2380111.IB,10/20/2025,101.4806,0.021107,cb
2380111.IB,10/21/2025,101.473,0.021088,cb
2380111.IB,10/22/2025,101.4664,0.021051,cb
2380111.IB,10/23/2025,101.4596,0.021016,cb
2380111.IB,10/24/2025,101.455,0.020936,cb
2380111.IB,10/27/2025,101.4267,0.020994,cb
2380111.IB,10/28/2025,101.4213,0.020927,cb
2380111.IB,10/29/2025,101.4149,0.020883,cb
2380111.IB,10/30/2025,101.4086,0.020835,cb
2380111.IB,10/31/2025,101.4003,0.02083,cb
2380111.IB,11/3/2025,101.3789,0.020739,cb
2380111.IB,11/4/2025,101.3717,0.020709,cb
2380111.IB,11/5/2025,101.3683,0.020595,cb
2380111.IB,11/6/2025,101.3563,0.02067,cb
2380111.IB,11/7/2025,101.3475,0.020674,cb
2380111.IB,11/10/2025,101.3268,0.02056,cb
2380111.IB,11/11/2025,101.3204,0.02051,cb
2380111.IB,11/12/2025,101.313,0.020482,cb
2380111.IB,11/13/2025,101.3062,0.020439,cb
2380111.IB,11/14/2025,101.2986,0.020415,cb
2380111.IB,11/17/2025,101.2756,0.020344,cb
2380111.IB,11/18/2025,101.2704,0.020262,cb
2380111.IB,11/19/2025,101.2613,0.020271,cb
2380111.IB,11/20/2025,101.2511,0.020307,cb
2380111.IB,11/21/2025,101.2339,0.020516,cb
2380111.IB,11/24/2025,101.2104,0.020458,cb
2380111.IB,11/25/2025,101.202,0.020452,cb
2380111.IB,11/26/2025,101.1914,0.020503,cb
2380111.IB,11/27/2025,101.1749,0.020703,cb
2380111.IB,11/28/2025,101.1657,0.020719,cb
2380111.IB,12/1/2025,101.1395,0.020735,cb
2380111.IB,12/2/2025,101.1313,0.020725,cb
2380111.IB,12/3/2025,101.1216,0.020755,cb
2380111.IB,12/4/2025,101.1072,0.020913,cb
2380111.IB,12/5/2025,101.0946,0.021023,cb
2380111.IB,12/8/2025,101.0704,0.020992,cb
2380111.IB,12/9/2025,101.0625,0.020974,cb
2380111.IB,12/10/2025,101.0502,0.021083,cb
2380111.IB,12/11/2025,101.0484,0.020893,cb
2380111.IB,12/12/2025,101.0434,0.020794,cb
2380111.IB,12/15/2025,101.0155,0.020862,cb
2380111.IB,12/16/2025,101.0069,0.020865,cb
2380111.IB,12/17/2025,100.9959,0.02094,cb
2380111.IB,12/18/2025,100.9867,0.020961,cb
2380111.IB,12/19/2025,100.9759,0.021033,cb
2380111.IB,12/22/2025,100.9552,0.020888,cb
2380111.IB,12/23/2025,100.946,0.020909,cb
2380111.IB,12/24/2025,100.9347,0.020997,cb
2380111.IB,12/25/2025,100.9255,0.02102,cb
2380111.IB,12/26/2025,100.9182,0.020986,cb
2380111.IB,12/29/2025,100.8918,0.02102,cb
2380111.IB,12/30/2025,100.8834,0.021016,cb
2380111.IB,12/31/2025,100.8745,0.021031,cb
2380111.IB,1/5/2026,100.8352,0.020928,cb
2380111.IB,1/6/2026,100.8264,0.02094,cb
2380111.IB,1/7/2026,100.8172,0.020968,cb
2380111.IB,1/8/2026,100.8094,0.020944,cb
2380111.IB,1/9/2026,100.8032,0.020859,cb
2380111.IB,1/12/2026,100.7755,0.020945,cb
2380111.IB,1/13/2026,100.7702,0.020824,cb
2380111.IB,1/14/2026,100.7601,0.020884,cb
2380111.IB,1/15/2026,100.755,0.020754,cb
2380111.IB,1/16/2026,100.7446,0.020829,cb
2380111.IB,1/19/2026,100.7194,0.020817,cb
2380111.IB,1/20/2026,100.7127,0.020742,cb
2380111.IB,1/21/2026,100.7078,0.02059,cb
2380111.IB,1/22/2026,100.6991,0.020596,cb
2380111.IB,1/23/2026,100.6912,0.020569,cb
2380111.IB,1/26/2026,100.6637,0.020647,cb
2380111.IB,1/27/2026,100.6544,0.020682,cb
2380111.IB,1/28/2026,100.644,0.02077,cb
2380111.IB,1/29/2026,100.6363,0.020733,cb
2380111.IB,1/30/2026,100.631,0.020583,cb
2380111.IB,2/2/2026,100.6045,0.020624,cb
2380111.IB,2/3/2026,100.5968,0.020583,cb
2380111.IB,2/4/2026,100.5881,0.020589,cb
2380111.IB,2/5/2026,100.5798,0.020577,cb
2380111.IB,2/6/2026,100.5716,0.020556,cb
2380111.IB,2/9/2026,100.5452,0.020598,cb
2380111.IB,2/10/2026,100.5382,0.020513,cb
2380111.IB,2/11/2026,100.5278,0.020615,cb
2380111.IB,2/12/2026,100.5201,0.020569,cb
2380111.IB,2/13/2026,100.5123,0.020524,cb
2380111.IB,2/24/2026,100.4192,0.020455,cb
2380111.IB,2/25/2026,100.4104,0.020474,cb
2380111.IB,2/26/2026,100.4022,0.020445,cb
2380111.IB,2/27/2026,100.393,0.020494,cb
2380111.IB,3/2/2026,100.3689,0.020368,cb
2380111.IB,3/3/2026,100.3603,0.020368,cb
2380111.IB,3/4/2026,100.3537,0.020193,cb
2380111.IB,3/5/2026,100.3449,0.02021,cb
2380111.IB,3/6/2026,100.3368,0.02016,cb
2380111.IB,3/9/2026,100.3115,0.020102,cb
2380111.IB,3/10/2026,100.3038,0.02,cb
2380111.IB,3/11/2026,100.2961,0.019908,cb
2380111.IB,3/12/2026,100.6399,0.023484,cb
2380111.IB,3/13/2026,100.645,0.02342,cb
2380111.IB,3/16/2026,100.6126,0.023466,cb
2380111.IB,3/17/2026,100.6223,0.023379,cb
2380111.IB,3/18/2026,100.6367,0.023268,cb
2380111.IB,3/19/2026,100.6496,0.023164,cb
2380111.IB,3/20/2026,100.6539,0.023103,cb
2380111.IB,3/23/2026,100.6367,0.023071,cb
2380111.IB,3/24/2026,100.6531,0.022948,cb
2380111.IB,3/25/2026,100.6561,0.022893,cb
2380111.IB,3/26/2026,100.6623,0.022822,cb
2380111.IB,3/27/2026,100.6713,0.022736,cb
2380111.IB,3/30/2026,100.6588,0.022679,cb
2380111.IB,3/31/2026,100.6589,0.022637,cb
2380111.IB,4/1/2026,100.6561,0.022611,cb
2380111.IB,4/2/2026,100.6584,0.022559,cb
2380111.IB,4/3/2026,100.6711,0.022453,cb
2380111.IB,4/7/2026,100.6611,0.02234,cb
2380111.IB,4/8/2026,100.684,0.02218,cb
2380111.IB,4/9/2026,100.6745,0.022188,cb
2380111.IB,4/10/2026,100.6928,0.022052,cb
2380111.IB,4/13/2026,100.6647,0.022072,cb
2380111.IB,4/14/2026,80.6553,0.022078,cb
2380111.IB,4/15/2026,80.6611,0.022044,cb
2380111.IB,4/16/2026,80.6641,0.022024,cb
2380111.IB,4/17/2026,80.6586,0.022049,cb
2380111.IB,4/20/2026,80.663,0.022014,cb
2380111.IB,4/21/2026,80.6786,0.021929,cb
2380111.IB,4/22/2026,80.6952,0.021837,cb
2380111.IB,4/23/2026,80.6829,0.021898,cb
2380111.IB,4/24/2026,80.6812,0.021902,cb
2380111.IB,4/27/2026,80.6824,0.021884,cb
2380111.IB,4/28/2026,80.6906,0.021836,cb
2380111.IB,4/29/2026,80.798,0.021267,cb
2380111.IB,4/30/2026,80.7978,0.021263,cb
2380111.IB,5/6/2026,80.7746,0.021356,cb
2380111.IB,5/7/2026,80.7629,0.021414,cb
2380111.IB,5/8/2026,80.8527,0.020933,cb
2380111.IB,5/11/2026,80.832,0.021027,cb
2380111.IB,5/12/2026,80.8543,0.020903,cb
2380111.IB,5/13/2026,80.8511,0.020915,cb
2380111.IB,5/14/2026,80.8551,0.020888,cb
2380111.IB,5/15/2026,80.867,0.020819,cb
2380111.IB,5/18/2026,80.8872,0.020695,cb
2380111.IB,5/19/2026,80.8886,0.020682,cb
2380111.IB,5/20/2026,80.9035,0.020596,cb
2380111.IB,5/21/2026,80.9191,0.020507,cb
2380111.IB,5/22/2026,80.9246,0.020471,cb
2380111.IB,5/25/2026,80.9358,0.020393,cb
2380111.IB,5/26/2026,80.9531,0.020294,cb
2380111.IB,5/27/2026,80.9631,0.020234,cb
2380111.IB,5/28/2026,80.9712,0.020184,cb
2380111.IB,5/29/2026,80.9937,0.020056,cb
2380111.IB,6/1/2026,81.0003,0.020002,cb
2380111.IB,6/2/2026,81.0211,0.019882,cb
2380111.IB,6/3/2026,81.0345,0.019803,cb
2380111.IB,6/4/2026,81.0458,0.019735,cb
2380111.IB,6/5/2026,81.0587,0.019658,cb
2380111.IB,6/8/2026,81.0415,0.019731,cb
2380111.IB,6/9/2026,81.0174,0.019856,cb
2380111.IB,6/10/2026,81.0005,0.019943,cb
2380111.IB,6/11/2026,80.9463,0.020233,cb
2380111.IB,6/12/2026,80.933,0.0203,cb
2380111.IB,6/15/2026,80.9299,0.020299,cb
2380111.IB,6/16/2026,80.927,0.020309,cb
2380111.IB,6/17/2026,80.9355,0.020255,cb
2380111.IB,6/18/2026,80.9475,0.020183,cb
2380111.IB,6/22/2026,80.9486,0.020151,cb
2380111.IB,6/23/2026,80.9305,0.020246,cb
2380111.IB,6/24/2026,80.9342,0.020219,cb
2380111.IB,6/25/2026,80.9473,0.02014,cb
2380111.IB,6/26/2026,80.9554,0.020088,cb
2380111.IB,6/29/2026,80.9568,0.020061,cb
2380111.IB,6/30/2026,80.9526,0.020078,cb
2380111.IB,7/1/2026,80.9199,0.020255,cb
2380111.IB,7/2/2026,80.9225,0.020234,cb
2380111.IB,7/3/2026,80.9252,0.020213,cb
2380111.IB,7/6/2026,80.9278,0.020179,cb
2380111.IB,7/7/2026,80.9371,0.02012,cb
2380111.IB,7/8/2026,80.9332,0.020135,cb
2380111.IB,7/9/2026,80.9281,0.020158,cb
2380111.IB,7/10/2026,80.9326,0.020126,cb
2380111.IB,7/13/2026,80.9311,0.020115,cb
2380111.IB,7/14/2026,80.9353,0.020084,cb
2380111.IB,7/15/2026,80.936,0.020073,cb
2380111.IB,7/16/2026,80.9424,0.02003,cb
2380111.IB,7/17/2026,80.9426,0.020022,cb
2380111.IB,7/20/2026,80.9356,0.020043,cb
2380111.IB,7/21/2026,80.9401,0.02001,cb
2380111.IB,7/22/2026,80.942,0.019993,cb
2380111.IB,7/23/2026,80.9446,0.019971,cb
2380111.IB,7/24/2026,80.9458,0.019957,cb
2380111.IB,7/27/2026,80.9526,0.019898,cb
2380111.IB,7/28/2026,80.9422,0.019951,cb
2380111.IB,7/29/2026,80.9431,0.019939,cb
2380111.IB,7/30/2026,80.9387,0.019957,cb
2380111.IB,7/31/2026,80.946,0.019908,cb
2380111.IB,8/3/2026,80.9427,0.019907,cb
2380111.IB,8/4/2026,80.9407,0.019911,cb
2380111.IB,8/5/2026,80.9435,0.019888,cb
2380111.IB,8/6/2026,80.9486,0.019851,cb
2380111.IB,8/7/2026,80.9554,0.019804,cb
2380111.IB,8/10/2026,80.9553,0.019784,cb
2380111.IB,8/11/2026,80.9622,0.019736,cb
2380111.IB,8/12/2026,80.9617,0.019731,cb
2380111.IB,8/13/2026,80.9675,0.01969,cb
2380111.IB,8/14/2026,80.9683,0.019679,cb
2380111.IB,8/17/2026,80.9744,0.01962,cb
2380111.IB,8/18/2026,80.9852,0.019548,cb
2380111.IB,8/19/2026,80.9835,0.019551,cb
2380111.IB,8/20/2026,80.9897,0.019507,cb
2380111.IB,8/21/2026,80.9802,0.019556,cb
152859.SH,8/22/2025,61.9957,0.020718,cb
152859.SH,8/25/2025,61.9833,0.020659,cb
152859.SH,8/26/2025,61.9804,0.020626,cb
152859.SH,8/27/2025,61.9848,0.02052,cb
152859.SH,8/28/2025,61.9793,0.020514,cb
152859.SH,8/29/2025,61.975,0.020495,cb
152859.SH,9/1/2025,61.9593,0.020467,cb
152859.SH,9/2/2025,61.9549,0.02045,cb
152859.SH,9/3/2025,61.9591,0.020344,cb
152859.SH,9/4/2025,61.9609,0.020263,cb
152859.SH,9/5/2025,61.9548,0.020263,cb
152859.SH,9/8/2025,61.9307,0.020319,cb
152859.SH,9/9/2025,61.9227,0.020338,cb
152859.SH,9/10/2025,61.8952,0.020556,cb
152859.SH,9/11/2025,61.8768,0.020682,cb
152859.SH,9/12/2025,61.8685,0.020704,cb
152859.SH,9/15/2025,61.855,0.020655,cb
152859.SH,9/16/2025,61.849,0.020653,cb
152859.SH,9/17/2025,61.8462,0.020619,cb
152859.SH,9/18/2025,61.8383,0.020637,cb
152859.SH,9/19/2025,61.8256,0.020706,cb
152859.SH,9/22/2025,61.8078,0.0207,cb
152859.SH,9/23/2025,61.7805,0.020922,cb
152859.SH,9/24/2025,61.7575,0.0211,cb
152859.SH,9/25/2025,61.7216,0.021415,cb
152859.SH,9/26/2025,61.7072,0.021503,cb
152859.SH,9/29/2025,61.6865,0.021533,cb
152859.SH,9/30/2025,61.6858,0.021477,cb
152859.SH,10/9/2025,61.637,0.021422,cb
152859.SH,10/10/2025,61.6277,0.021457,cb
152859.SH,10/13/2025,61.6263,0.021278,cb
152859.SH,10/14/2025,61.6209,0.02127,cb
152859.SH,10/15/2025,61.6214,0.021199,cb
152859.SH,10/16/2025,61.6249,0.021095,cb
152859.SH,10/17/2025,61.6343,0.020925,cb
152859.SH,10/20/2025,61.6185,0.020899,cb
152859.SH,10/21/2025,61.6249,0.020762,cb
152859.SH,10/22/2025,61.6356,0.020575,cb
152859.SH,10/23/2025,61.6406,0.020452,cb
152859.SH,10/24/2025,61.6387,0.020405,cb
152859.SH,10/27/2025,61.6253,0.020348,cb
152859.SH,10/28/2025,61.6419,0.020095,cb
152859.SH,10/29/2025,61.6551,0.019878,cb
152859.SH,10/30/2025,61.657,0.019787,cb
152859.SH,10/31/2025,61.6651,0.019626,cb
152859.SH,11/3/2025,61.6547,0.019531,cb
152859.SH,11/4/2025,61.6598,0.019403,cb
152859.SH,11/5/2025,61.6612,0.019314,cb
152859.SH,11/6/2025,61.6532,0.019334,cb
152859.SH,11/7/2025,61.6528,0.019266,cb
152859.SH,11/10/2025,61.6355,0.019247,cb
152859.SH,11/11/2025,61.6318,0.019216,cb
152859.SH,11/12/2025,61.6289,0.019177,cb
152859.SH,11/13/2025,61.6214,0.01919,cb
152859.SH,11/14/2025,61.6158,0.019182,cb
152859.SH,11/17/2025,61.5949,0.019202,cb
152859.SH,11/18/2025,61.5935,0.019145,cb
152859.SH,11/19/2025,61.5885,0.019129,cb
152859.SH,11/20/2025,61.5796,0.019158,cb
152859.SH,11/21/2025,61.5655,0.019249,cb
152859.SH,11/24/2025,61.5402,0.019322,cb
152859.SH,11/25/2025,61.5335,0.019327,cb
152859.SH,11/26/2025,61.5129,0.019494,cb
152859.SH,11/27/2025,61.4921,0.019665,cb
152859.SH,11/28/2025,61.4878,0.019641,cb
152859.SH,12/1/2025,61.4688,0.019644,cb
152859.SH,12/2/2025,61.4615,0.019655,cb
152859.SH,12/3/2025,61.4516,0.019699,cb
152859.SH,12/4/2025,61.4242,0.019952,cb
152859.SH,12/5/2025,61.4092,0.020057,cb
152859.SH,12/8/2025,61.3851,0.020123,cb
152859.SH,12/9/2025,61.3819,0.020086,cb
152859.SH,12/10/2025,61.376,0.020083,cb
152859.SH,12/11/2025,61.3737,0.020035,cb
152859.SH,12/12/2025,61.3703,0.020002,cb
152859.SH,12/15/2025,61.3481,0.020045,cb
152859.SH,12/16/2025,61.3416,0.020049,cb
152859.SH,12/17/2025,61.3347,0.020058,cb
152859.SH,12/18/2025,61.3318,0.020017,cb
152859.SH,12/19/2025,61.3285,0.019981,cb
152859.SH,12/22/2025,61.3203,0.019851,cb
152859.SH,12/23/2025,61.3156,0.019831,cb
152859.SH,12/24/2025,61.3073,0.019858,cb
152859.SH,12/25/2025,61.3134,0.019703,cb
152859.SH,12/26/2025,61.3113,0.019651,cb
152859.SH,12/29/2025,61.2851,0.019745,cb
152859.SH,12/30/2025,61.278,0.019755,cb
152859.SH,12/31/2025,61.2742,0.019724,cb
152859.SH,1/5/2026,61.2497,0.019637,cb
152859.SH,1/6/2026,61.2449,0.019618,cb
152859.SH,1/7/2026,61.2361,0.019651,cb
152859.SH,1/8/2026,61.231,0.019635,cb
152859.SH,1/9/2026,61.2257,0.019623,cb
152859.SH,1/12/2026,61.2106,0.019575,cb
152859.SH,1/13/2026,61.2065,0.019546,cb
152859.SH,1/14/2026,61.1994,0.019557,cb
152859.SH,1/15/2026,61.1948,0.019535,cb
152859.SH,1/16/2026,61.1992,0.019395,cb
152859.SH,1/19/2026,61.1809,0.019387,cb
152859.SH,1/20/2026,61.1746,0.019386,cb
152859.SH,1/21/2026,61.1765,0.019278,cb
152859.SH,1/22/2026,61.1722,0.019251,cb
152859.SH,1/23/2026,61.1693,0.019206,cb
152859.SH,1/26/2026,61.1521,0.019181,cb
152859.SH,1/27/2026,61.1503,0.019121,cb
152859.SH,1/28/2026,61.1409,0.019161,cb
152859.SH,1/29/2026,61.134,0.019169,cb
152859.SH,1/30/2026,61.129,0.019151,cb
152859.SH,2/2/2026,61.11,0.01915,cb
152859.SH,2/3/2026,61.1062,0.019116,cb
152859.SH,2/4/2026,61.103,0.019072,cb
152859.SH,2/5/2026,61.0992,0.019037,cb
152859.SH,2/6/2026,61.0979,0.018968,cb
152859.SH,2/9/2026,61.0821,0.018923,cb
152859.SH,2/10/2026,61.0795,0.01887,cb
152859.SH,2/11/2026,61.071,0.018899,cb
152859.SH,2/12/2026,61.0701,0.018822,cb
152859.SH,2/13/2026,61.0657,0.018795,cb
152859.SH,2/24/2026,61.0049,0.018657,cb
152859.SH,2/25/2026,60.999,0.018649,cb
152859.SH,2/26/2026,60.9902,0.018684,cb
152859.SH,2/27/2026,60.983,0.018695,cb
152859.SH,3/2/2026,60.9681,0.018632,cb
152859.SH,3/3/2026,60.9661,0.018568,cb
152859.SH,3/4/2026,60.9668,0.018463,cb
152859.SH,3/5/2026,60.9661,0.01838,cb
152859.SH,3/6/2026,60.9696,0.018234,cb
152859.SH,3/9/2026,60.9445,0.018316,cb
152859.SH,3/10/2026,60.9413,0.018268,cb
152859.SH,3/11/2026,60.9346,0.018271,cb
152859.SH,3/12/2026,60.927,0.018287,cb
152859.SH,3/13/2026,60.9225,0.018258,cb
152859.SH,3/16/2026,60.9024,0.018267,cb
152859.SH,3/17/2026,60.9004,0.0182,cb
152859.SH,3/18/2026,60.8987,0.018127,cb
152859.SH,3/19/2026,60.8943,0.018096,cb
152859.SH,3/20/2026,60.8908,0.01805,cb
152859.SH,3/23/2026,60.8726,0.01803,cb
152859.SH,3/24/2026,60.873,0.017923,cb
152859.SH,3/25/2026,60.8695,0.017876,cb
152859.SH,3/26/2026,60.8609,0.017907,cb
152859.SH,3/27/2026,60.8557,0.017887,cb
152859.SH,3/30/2026,60.8437,0.017769,cb
152859.SH,3/31/2026,60.8456,0.017637,cb
152859.SH,4/1/2026,60.841,0.017606,cb
152859.SH,4/2/2026,60.8383,0.017544,cb
152859.SH,4/3/2026,60.8398,0.017417,cb
152859.SH,4/7/2026,60.8227,0.017269,cb
152859.SH,4/8/2026,60.8215,0.017182,cb
152859.SH,4/9/2026,60.8044,0.017348,cb
152859.SH,4/10/2026,60.8034,0.017258,cb
152859.SH,4/13/2026,60.7825,0.017274,cb
152859.SH,4/14/2026,60.7739,0.017304,cb
152859.SH,4/15/2026,60.7696,0.017266,cb
152859.SH,4/16/2026,60.7631,0.017264,cb
152859.SH,4/17/2026,60.7553,0.017282,cb
152859.SH,4/20/2026,60.7367,0.017261,cb
152859.SH,4/21/2026,60.7361,0.017161,cb
152859.SH,4/22/2026,60.734,0.017086,cb
152859.SH,4/23/2026,60.7315,0.017016,cb
152859.SH,4/24/2026,60.7149,0.017181,cb
152859.SH,4/27/2026,60.6942,0.017192,cb
152859.SH,4/28/2026,60.689,0.017168,cb
152859.SH,4/29/2026,40.6831,0.017154,cb
152859.SH,4/30/2026,40.6862,0.017082,cb
152859.SH,5/6/2026,40.6765,0.017117,cb
152859.SH,5/7/2026,40.6765,0.017094,cb
152859.SH,5/8/2026,40.677,0.017064,cb
152859.SH,5/11/2026,40.6709,0.017104,cb
152859.SH,5/12/2026,40.6763,0.016989,cb
152859.SH,5/13/2026,40.6836,0.016842,cb
152859.SH,5/14/2026,40.6823,0.016843,cb
152859.SH,5/15/2026,40.6853,0.016768,cb
152859.SH,5/18/2026,40.6834,0.016733,cb
152859.SH,5/19/2026,40.6815,0.016744,cb
152859.SH,5/20/2026,40.6825,0.016704,cb
152859.SH,5/21/2026,40.6829,0.016674,cb
152859.SH,5/22/2026,40.6854,0.016606,cb
152859.SH,5/25/2026,40.6828,0.016583,cb
152859.SH,5/26/2026,40.6869,0.016487,cb
152859.SH,5/27/2026,40.6906,0.016399,cb
152859.SH,5/28/2026,40.6952,0.016294,cb
152859.SH,5/29/2026,40.6989,0.016204,cb
152859.SH,6/1/2026,40.6991,0.016127,cb
152859.SH,6/2/2026,40.7021,0.016051,cb
152859.SH,6/3/2026,40.7028,0.016013,cb
152859.SH,6/4/2026,40.6981,0.016073,cb
152859.SH,6/5/2026,40.6993,0.016027,cb
152859.SH,6/8/2026,40.693,0.016066,cb
152859.SH,6/9/2026,40.6849,0.016187,cb
152859.SH,6/10/2026,40.6821,0.016213,cb
152859.SH,6/11/2026,40.6644,0.016511,cb
152859.SH,6/12/2026,40.6584,0.016595,cb
152859.SH,6/15/2026,40.6526,0.016629,cb
152859.SH,6/16/2026,40.6495,0.016663,cb
152859.SH,6/17/2026,40.6491,0.016646,cb
152859.SH,6/18/2026,40.6509,0.016588,cb
152859.SH,6/22/2026,40.6466,0.016569,cb
152859.SH,6/23/2026,40.6406,0.016658,cb
152859.SH,6/24/2026,40.6397,0.016649,cb
152859.SH,6/25/2026,40.6435,0.016554,cb
152859.SH,6/26/2026,40.6394,0.016606,cb
152859.SH,6/29/2026,40.637,0.016578,cb
152859.SH,6/30/2026,40.6333,0.016622,cb
152859.SH,7/1/2026,40.6271,0.016715,cb
152859.SH,7/2/2026,40.6254,0.016723,cb
152859.SH,7/3/2026,40.6244,0.016716,cb
152859.SH,7/6/2026,40.6226,0.016676,cb
152859.SH,7/7/2026,40.6234,0.016636,cb
152859.SH,7/8/2026,40.6189,0.016697,cb
152859.SH,7/9/2026,40.6154,0.016739,cb
152859.SH,7/10/2026,40.6164,0.016695,cb
152859.SH,7/13/2026,40.6137,0.016671,cb
152859.SH,7/14/2026,40.6122,0.016676,cb
152859.SH,7/15/2026,40.6102,0.01669,cb
152859.SH,7/16/2026,40.6109,0.01665,cb
152859.SH,7/17/2026,40.6099,0.016643,cb
152859.SH,7/20/2026,40.6048,0.016666,cb
152859.SH,7/21/2026,40.605,0.016636,cb
152859.SH,7/22/2026,40.604,0.016631,cb
152859.SH,7/23/2026,40.6043,0.0166,cb
152859.SH,7/24/2026,40.604,0.016578,cb
152859.SH,7/27/2026,40.6004,0.016572,cb
152859.SH,7/28/2026,40.5922,0.01671,cb
152859.SH,7/29/2026,40.5937,0.016655,cb
152859.SH,7/30/2026,40.5932,0.016637,cb
152859.SH,7/31/2026,40.5946,0.016584,cb
152859.SH,8/3/2026,40.592,0.016555,cb
152859.SH,8/4/2026,40.5932,0.016504,cb
152859.SH,8/5/2026,40.5935,0.016473,cb
152859.SH,8/6/2026,40.592,0.016476,cb
152859.SH,8/7/2026,40.5935,0.016417,cb
152859.SH,8/10/2026,40.586,0.016491,cb
152859.SH,8/11/2026,40.5889,0.016402,cb
152859.SH,8/12/2026,40.587,0.016414,cb
152859.SH,8/13/2026,40.5868,0.016391,cb
152859.SH,8/14/2026,40.5878,0.016343,cb
152859.SH,8/17/2026,40.5845,0.016327,cb
152859.SH,8/18/2026,40.585,0.01629,cb
152859.SH,8/19/2026,40.5832,0.016298,cb
152859.SH,8/20/2026,40.5831,0.016272,cb
152859.SH,8/21/2026,40.58,0.016309,cb
