instrument_code,valuation_date,price,volume,dividend_yield
000001.SZ,6/12/2025,11.68,129022047,0.052055
000001.SZ,6/13/2025,11.58,109549419,0.052504
000001.SZ,6/16/2025,11.79,117443827,0.051569
000001.SZ,6/17/2025,11.76,89002734,0.051701
000001.SZ,6/18/2025,11.77,68352111,0.051657
000001.SZ,6/19/2025,11.7,83224716,0.051966
000001.SZ,6/20/2025,11.84,130919782,0.051351
000001.SZ,6/23/2025,11.93,138917048,0.050964
000001.SZ,6/24/2025,11.93,130852531,0.050964
000001.SZ,6/25/2025,12.06,167511647,0.050415
000001.SZ,6/26/2025,12.41,217457766,0.048993
000001.SZ,6/27/2025,12.2,237760015,0.049836
000001.SZ,6/30/2025,12.07,150481965,0.049544
000001.SZ,7/1/2025,12.3,135434108,0.048618
000001.SZ,7/2/2025,12.32,120041184,0.048539
000001.SZ,7/3/2025,12.35,79408597,0.048421
000001.SZ,7/4/2025,12.6,177533267,0.04746
000001.SZ,7/7/2025,12.78,149540653,0.046792
000001.SZ,7/8/2025,12.69,109098597,0.047124
000001.SZ,7/9/2025,12.84,120596330,0.046573
000001.SZ,7/10/2025,13.18,248141553,0.045372
000001.SZ,7/11/2025,12.91,244374350,0.046321
000001.SZ,7/14/2025,12.98,187289585,0.046071
000001.SZ,7/15/2025,12.73,181053131,0.046976
000001.SZ,7/16/2025,12.64,192786379,0.04731
000001.SZ,7/17/2025,12.59,94464140,0.047498
000001.SZ,7/18/2025,12.7,124120611,0.047087
000001.SZ,7/21/2025,12.61,107902662,0.047423
000001.SZ,7/22/2025,12.49,193522916,0.047878
000001.SZ,7/23/2025,12.53,137052000,0.047725
000001.SZ,7/24/2025,12.35,195935057,0.048421
000001.SZ,7/25/2025,12.35,110826666,0.048421
000001.SZ,7/28/2025,12.46,123824278,0.047994
000001.SZ,7/29/2025,12.34,101281801,0.04846
000001.SZ,7/30/2025,12.49,171516360,0.047878
000001.SZ,7/31/2025,12.23,169008125,0.048896
000001.SZ,8/1/2025,12.28,101218698,0.048697
000001.SZ,8/4/2025,12.3,103268969,0.048618
000001.SZ,8/5/2025,12.47,113207820,0.047955
000001.SZ,8/6/2025,12.46,69044765,0.047994
000001.SZ,8/7/2025,12.47,72205305,0.047955
000001.SZ,8/8/2025,12.4,82979591,0.048226
000001.SZ,8/11/2025,12.3,93435315,0.048618
000001.SZ,8/12/2025,12.33,68005619,0.0485
000001.SZ,8/13/2025,12.26,111981305,0.048777
000001.SZ,8/14/2025,12.2,124104129,0.049016
000001.SZ,8/15/2025,12.08,194850295,0.049503
000001.SZ,8/18/2025,12.08,123905837,0.049503
000001.SZ,8/19/2025,12.06,89285989,0.049585
000001.SZ,8/20/2025,12.07,104873853,0.049544
000001.SZ,8/21/2025,12.15,121741825,0.049218
000001.SZ,8/22/2025,12.06,164425977,0.049585
000001.SZ,8/25/2025,12.45,304508753,0.048032
000001.SZ,8/26/2025,12.36,138359861,0.048382
000001.SZ,8/27/2025,12.06,186004950,0.049585
000001.SZ,8/28/2025,12.08,165358793,0.049503
000001.SZ,8/29/2025,12.05,180512568,0.049627
000001.SZ,9/1/2025,11.89,185845902,0.050294
000001.SZ,9/2/2025,11.98,149271566,0.049917
000001.SZ,9/3/2025,11.75,136723249,0.050894
000001.SZ,9/4/2025,11.74,129530002,0.050937
000001.SZ,9/5/2025,11.72,81966156,0.051024
000001.SZ,9/8/2025,11.7,92443104,0.051111
000001.SZ,9/9/2025,11.75,86053917,0.050894
000001.SZ,9/10/2025,11.77,79266839,0.050807
000001.SZ,9/11/2025,11.85,96393163,0.050464
000001.SZ,9/12/2025,11.72,94038510,0.051024
000001.SZ,9/15/2025,11.65,84038656,0.05133
000001.SZ,9/16/2025,11.64,70804849,0.051375
000001.SZ,9/17/2025,11.64,77112893,0.051375
000001.SZ,9/18/2025,11.41,138616040,0.05241
000001.SZ,9/19/2025,11.45,83465123,0.052227
000001.SZ,9/22/2025,11.38,59640232,0.052548
000001.SZ,9/23/2025,11.52,134143022,0.05191
000001.SZ,9/24/2025,11.46,113958347,0.052182
000001.SZ,9/25/2025,11.4,77327594,0.052456
000001.SZ,9/26/2025,11.4,75323875,0.052456
000001.SZ,9/29/2025,11.37,117601243,0.052595
000001.SZ,9/30/2025,11.34,83247947,0.052734
000001.SZ,10/9/2025,11.4,104746906,0.052456
000001.SZ,10/10/2025,11.43,108794775,0.052318
000001.SZ,10/13/2025,11.4,116880173,0.052456
000001.SZ,10/14/2025,11.57,184342836,0.051685
000001.SZ,10/15/2025,11.4,127106103,0.052456
000001.SZ,10/16/2025,11.54,126193687,0.05182
000001.SZ,10/17/2025,11.4,103966632,0.052456
000001.SZ,10/20/2025,11.42,95264110,0.052364
000001.SZ,10/21/2025,11.43,76116462,0.052318
000001.SZ,10/22/2025,11.52,83370319,0.05191
000001.SZ,10/23/2025,11.63,137311158,0.051419
000001.SZ,10/24/2025,11.56,98047530,0.05173
000001.SZ,10/27/2025,11.52,123948526,0.05191
000001.SZ,10/28/2025,11.47,82156818,0.052136
000001.SZ,10/29/2025,11.39,96621364,0.052502
000001.SZ,10/30/2025,11.38,94377015,0.052548
000001.SZ,10/31/2025,11.32,97019293,0.052827
000001.SZ,11/3/2025,11.43,95232643,0.052318
000001.SZ,11/4/2025,11.59,150300748,0.051596
000001.SZ,11/5/2025,11.52,79492605,0.05191
000001.SZ,11/6/2025,11.51,76658546,0.051955
000001.SZ,11/7/2025,11.55,73485055,0.051775
000001.SZ,11/10/2025,11.63,82720833,0.051419
000001.SZ,11/11/2025,11.67,88650887,0.051243
000001.SZ,11/12/2025,11.68,114132538,0.051199
000001.SZ,11/13/2025,11.7,97899103,0.051111
000001.SZ,11/14/2025,11.75,131699498,0.050894
000001.SZ,11/17/2025,11.67,99523287,0.051243
000001.SZ,11/18/2025,11.59,67007735,0.051596
000001.SZ,11/19/2025,11.8,133499619,0.050678
000001.SZ,11/20/2025,11.85,163703985,0.050464
000001.SZ,11/21/2025,11.69,146535888,0.051155
000001.SZ,11/24/2025,11.6,111711880,0.051552
000001.SZ,11/25/2025,11.8,102808052,0.050678
000001.SZ,11/26/2025,11.69,82130109,0.051155
000001.SZ,11/27/2025,11.71,101184710,0.051067
000001.SZ,11/28/2025,11.61,88435845,0.051507
000001.SZ,12/1/2025,11.69,103732271,0.051155
000001.SZ,12/2/2025,11.64,76805993,0.051375
000001.SZ,12/3/2025,11.55,94460109,0.051775
000001.SZ,12/4/2025,11.49,88608988,0.052045
000001.SZ,12/5/2025,11.53,89076609,0.051865
000001.SZ,12/8/2025,11.52,85589893,0.05191
000001.SZ,12/9/2025,11.43,73395745,0.052318
000001.SZ,12/10/2025,11.33,104406472,0.05278
000001.SZ,12/11/2025,11.37,92526129,0.052595
000001.SZ,12/12/2025,11.35,119189472,0.052687
000001.SZ,12/15/2025,11.51,94083253,0.051955
000001.SZ,12/16/2025,11.48,64735136,0.052091
000001.SZ,12/17/2025,11.53,70149533,0.051865
000001.SZ,12/18/2025,11.64,79046654,0.051375
000001.SZ,12/19/2025,11.62,64988619,0.051463
000001.SZ,12/22/2025,11.52,74236916,0.05191
000001.SZ,12/23/2025,11.56,66626574,0.05173
000001.SZ,12/24/2025,11.54,50524356,0.05182
000001.SZ,12/25/2025,11.56,54745523,0.05173
000001.SZ,12/26/2025,11.54,43633984,0.05182
000001.SZ,12/29/2025,11.56,64829542,0.05173
000001.SZ,12/30/2025,11.48,58258433,0.052091
000001.SZ,12/31/2025,11.41,59062037,0.052235
000001.SZ,1/5/2026,11.5,87549118,0.051826
000001.SZ,1/6/2026,11.67,130464842,0.051071
000001.SZ,1/7/2026,11.64,96623624,0.051203
000001.SZ,1/8/2026,11.51,110008511,0.051781
000001.SZ,1/9/2026,11.46,98339004,0.052007
000001.SZ,1/12/2026,11.48,85521298,0.051916
000001.SZ,1/13/2026,11.47,106154122,0.051962
000001.SZ,1/14/2026,11.36,127475714,0.052465
000001.SZ,1/15/2026,11.31,88495977,0.052697
000001.SZ,1/16/2026,11.19,111947254,0.053262
000001.SZ,1/19/2026,11.12,80474131,0.053597
000001.SZ,1/20/2026,11.16,77227609,0.053405
000001.SZ,1/21/2026,11.07,90012491,0.053839
000001.SZ,1/22/2026,11.07,78863462,0.053839
000001.SZ,1/23/2026,10.99,110999429,0.054231
000001.SZ,1/26/2026,10.96,110624665,0.05438
000001.SZ,1/27/2026,10.94,89409121,0.054479
000001.SZ,1/28/2026,10.84,143876603,0.054982
000001.SZ,1/29/2026,10.96,185299383,0.05438
000001.SZ,1/30/2026,10.83,109175497,0.055032
000001.SZ,2/2/2026,10.86,122317302,0.05488
000001.SZ,2/3/2026,10.84,80662816,0.054982
000001.SZ,2/4/2026,10.97,69541547,0.05433
000001.SZ,2/5/2026,11.09,117759109,0.053742
000001.SZ,2/6/2026,11.05,72770959,0.053937
000001.SZ,2/9/2026,11.07,61971670,0.053839
000001.SZ,2/10/2026,11.06,60042999,0.053888
000001.SZ,2/11/2026,11.07,43104098,0.053839
000001.SZ,2/12/2026,10.96,68134024,0.05438
000001.SZ,2/13/2026,10.91,55504736,0.054629
000001.SZ,2/24/2026,10.91,60251240,0.054629
000001.SZ,2/25/2026,10.86,106313487,0.05488
000001.SZ,2/26/2026,10.87,71273019,0.05483
000001.SZ,2/27/2026,10.9,61222796,0.054679
000001.SZ,3/2/2026,10.85,83887355,0.054931
000001.SZ,3/3/2026,10.88,102869483,0.054779
000001.SZ,3/4/2026,10.71,108971396,0.055649
000001.SZ,3/5/2026,10.81,71264118,0.055134
000001.SZ,3/6/2026,10.82,47657680,0.055083
000001.SZ,3/9/2026,10.76,83589238,0.05539
000001.SZ,3/10/2026,10.81,79011168,0.055134
000001.SZ,3/11/2026,10.89,72053464,0.054729
000001.SZ,3/12/2026,10.94,75490558,0.054479
000001.SZ,3/13/2026,10.93,84193915,0.054529
000001.SZ,3/16/2026,10.92,71560301,0.054579
000001.SZ,3/17/2026,11.03,107665681,0.054034
000001.SZ,3/18/2026,10.96,79107940,0.05438
000001.SZ,3/19/2026,10.88,62421195,0.054779
000001.SZ,3/20/2026,10.77,83408256,0.055339
000001.SZ,3/23/2026,10.45,158008833,0.057033
000001.SZ,3/24/2026,10.88,162225127,0.054779
000001.SZ,3/25/2026,10.94,74477991,0.054479
000001.SZ,3/26/2026,10.94,82766409,0.054479
000001.SZ,3/27/2026,11.02,88412862,0.054083
000001.SZ,3/30/2026,10.99,63252210,0.054231
000001.SZ,3/31/2026,11.08,116456534,0.053791
000001.SZ,4/1/2026,11.15,91892539,0.053453
000001.SZ,4/2/2026,11.27,114889522,0.052884
000001.SZ,4/3/2026,11.12,75775733,0.053597
000001.SZ,4/7/2026,11.03,60795521,0.054034
000001.SZ,4/8/2026,11.22,81297589,0.053119
000001.SZ,4/9/2026,11.1,60236493,0.053694
000001.SZ,4/10/2026,11.09,48104693,0.053742
000001.SZ,4/13/2026,11.07,40610413,0.053839
000001.SZ,4/14/2026,11.17,49615109,0.053357
000001.SZ,4/15/2026,11.21,50393793,0.053167
000001.SZ,4/16/2026,11.09,68091460,0.053742
000001.SZ,4/17/2026,11.01,72253042,0.054133
000001.SZ,4/20/2026,11.06,63003366,0.053888
000001.SZ,4/21/2026,11.08,80694634,0.053791
000001.SZ,4/22/2026,10.98,83905399,0.054281
000001.SZ,4/23/2026,11,64806661,0.054182
000001.SZ,4/24/2026,11,58271012,0.054182
000001.SZ,4/27/2026,11.38,340127567,0.052373
000001.SZ,4/28/2026,11.46,167425883,0.052007
000001.SZ,4/29/2026,11.52,137842344,0.051736
000001.SZ,4/30/2026,11.49,113924162,0.051871
000001.SZ,5/6/2026,11.36,121638755,0.052465
000001.SZ,5/7/2026,11.37,93695806,0.052419
000001.SZ,5/8/2026,11.3,79881986,0.052743
000001.SZ,5/11/2026,11.28,93186521,0.052837
000001.SZ,5/12/2026,11.25,102903842,0.052978
000001.SZ,5/13/2026,11.14,101797392,0.053501
000001.SZ,5/14/2026,11.05,79436841,0.053937
000001.SZ,5/15/2026,10.99,97474176,0.054231
000001.SZ,5/18/2026,10.86,85638157,0.05488
000001.SZ,5/19/2026,10.86,79352913,0.05488
000001.SZ,5/20/2026,10.77,74763214,0.055339
000001.SZ,5/21/2026,10.7,111021108,0.055701
000001.SZ,5/22/2026,10.68,95413273,0.055805
000001.SZ,5/25/2026,10.68,66310295,0.055805
000001.SZ,5/26/2026,10.79,83734690,0.055236
000001.SZ,5/27/2026,10.76,83972718,0.05539
000001.SZ,5/28/2026,10.66,90071107,0.05591
000001.SZ,5/29/2026,10.93,139936780,0.054529
000001.SZ,6/1/2026,10.99,95459569,0.054231
000001.SZ,6/2/2026,11.08,88542842,0.053791
000001.SZ,6/3/2026,10.99,82527172,0.054231
000001.SZ,6/4/2026,10.82,86927083,0.055083
000001.SZ,6/5/2026,10.98,100350334,0.054281
000001.SZ,6/8/2026,11.03,109092646,0.054034
000001.SZ,6/9/2026,11.13,114967234,0.053549
000001.SZ,6/10/2026,11.32,154317639,0.05265
000001.SZ,6/11/2026,11.3,115622222,0.052743
0001.HK,6/12/2025,47.05,8200361,0.046801
0001.HK,6/13/2025,47.4,13522804,0.046456
0001.HK,6/16/2025,48.2,9179673,0.045685
0001.HK,6/17/2025,48.4,6835961,0.045496
0001.HK,6/18/2025,49.25,11783818,0.044711
0001.HK,6/19/2025,47.7,9425897,0.046164
0001.HK,6/20/2025,47.4,8420530,0.046456
0001.HK,6/23/2025,48.4,6798115,0.045496
0001.HK,6/24/2025,48.85,7344963,0.045077
0001.HK,6/25/2025,49.05,8633111,0.044893
0001.HK,6/26/2025,49,6319591,0.044939
0001.HK,6/27/2025,48.7,7241287,0.045216
0001.HK,6/30/2025,48.3,7020252,0.046046
0001.HK,7/1/2025,48.3,0,0.046046
0001.HK,7/2/2025,49.25,9890994,0.045157
0001.HK,7/3/2025,49.4,5601332,0.04502
0001.HK,7/4/2025,48.6,4618833,0.045761
0001.HK,7/7/2025,48,4135389,0.046333
0001.HK,7/8/2025,47.85,5802719,0.046479
0001.HK,7/9/2025,47.75,7381305,0.046576
0001.HK,7/10/2025,47.95,4935023,0.046382
0001.HK,7/11/2025,48,5648600,0.046333
0001.HK,7/14/2025,48,3787712,0.046333
0001.HK,7/15/2025,48.15,5805070,0.046189
0001.HK,7/16/2025,48.3,5204115,0.046046
0001.HK,7/17/2025,48.55,3950003,0.045808
0001.HK,7/18/2025,48.95,6531211,0.045434
0001.HK,7/21/2025,49.25,4685926,0.045157
0001.HK,7/22/2025,50.7,12207936,0.043866
0001.HK,7/23/2025,50.85,7781937,0.043736
0001.HK,7/24/2025,52.3,15539181,0.042524
0001.HK,7/25/2025,53.45,14723318,0.041609
0001.HK,7/28/2025,53,14418595,0.041962
0001.HK,7/29/2025,53.3,10042264,0.041726
0001.HK,7/30/2025,52.55,5792598,0.042322
0001.HK,7/31/2025,51.4,9931266,0.043268
0001.HK,8/1/2025,50.5,10883869,0.04404
0001.HK,8/4/2025,50.4,8771341,0.044127
0001.HK,8/5/2025,50.9,4785116,0.043694
0001.HK,8/6/2025,50.1,6470487,0.044391
0001.HK,8/7/2025,51.15,5130774,0.04348
0001.HK,8/8/2025,51.45,9077453,0.043226
0001.HK,8/11/2025,51.35,4455029,0.043311
0001.HK,8/12/2025,51.3,5117801,0.043353
0001.HK,8/13/2025,52.2,8570480,0.042605
0001.HK,8/14/2025,52,5405091,0.042769
0001.HK,8/15/2025,51.45,13252374,0.043226
0001.HK,8/18/2025,51.15,7027308,0.04348
0001.HK,8/19/2025,51.5,4776851,0.043184
0001.HK,8/20/2025,51.25,5834460,0.043395
0001.HK,8/21/2025,51.8,7001601,0.042934
0001.HK,8/22/2025,51.8,3978770,0.042934
0001.HK,8/25/2025,52.25,4997070,0.042565
0001.HK,8/26/2025,51.35,7262757,0.043311
0001.HK,8/27/2025,51.15,6706410,0.04348
0001.HK,8/28/2025,51.5,5688557,0.043184
0001.HK,8/29/2025,51.35,4596373,0.043311
0001.HK,9/1/2025,51.7,3406242,0.043017
0001.HK,9/2/2025,51.75,4705757,0.042976
0001.HK,9/3/2025,51,5221041,0.043608
0001.HK,9/4/2025,50.65,5020576,0.043909
0001.HK,9/5/2025,51.3,5052390,0.043353
0001.HK,9/8/2025,51.65,5059678,0.043059
0001.HK,9/9/2025,51.65,5031479,0.043059
0001.HK,9/10/2025,52.1,5479103,0.042687
0001.HK,9/11/2025,52.2,4925365,0.042605
0001.HK,9/12/2025,52.45,4840442,0.042402
0001.HK,9/15/2025,51.9,3338226,0.042852
0001.HK,9/16/2025,52.05,5737280,0.042728
0001.HK,9/17/2025,52.35,7138436,0.042483
0001.HK,9/18/2025,51.45,5535091,0.043226
0001.HK,9/19/2025,50.55,10233256,0.043996
0001.HK,9/22/2025,50.15,7037962,0.044347
0001.HK,9/23/2025,50.3,4567528,0.044215
0001.HK,9/24/2025,50.45,5069617,0.044083
0001.HK,9/25/2025,50.1,5865709,0.044391
0001.HK,9/26/2025,49.7,8079132,0.044748
0001.HK,9/29/2025,50.9,9182660,0.043694
0001.HK,9/30/2025,51.25,6370445,0.043395
0001.HK,10/9/2025,52,7796261,0.042769
0001.HK,10/10/2025,52.05,5573004,0.042728
0001.HK,10/13/2025,51.1,10211425,0.043523
0001.HK,10/14/2025,50.7,8978636,0.043866
0001.HK,10/15/2025,51.45,4523631,0.043226
0001.HK,10/16/2025,50.75,3161598,0.043823
0001.HK,10/17/2025,50.4,7072209,0.044127
0001.HK,10/20/2025,51.2,4726716,0.043438
0001.HK,10/21/2025,51.55,6194937,0.043143
0001.HK,10/22/2025,50.7,5309211,0.043866
0001.HK,10/23/2025,50.9,4925759,0.043694
0001.HK,10/24/2025,51.15,3320868,0.04348
0001.HK,10/27/2025,51.85,4958926,0.042893
0001.HK,10/28/2025,52.35,7714776,0.042483
0001.HK,10/29/2025,52.35,0,0.042483
0001.HK,10/30/2025,51.45,6661449,0.043226
0001.HK,10/31/2025,51.5,6507182,0.043184
0001.HK,11/3/2025,52.05,3815805,0.042728
0001.HK,11/4/2025,51.8,4660428,0.042934
0001.HK,11/5/2025,51.65,4308346,0.043059
0001.HK,11/6/2025,52.55,6232250,0.042322
0001.HK,11/7/2025,52.55,6314606,0.042322
0001.HK,11/10/2025,52.9,4504070,0.042042
0001.HK,11/11/2025,53.05,5033370,0.041923
0001.HK,11/12/2025,55.25,15442067,0.040253
0001.HK,11/13/2025,55.05,7558834,0.0404
0001.HK,11/14/2025,54.55,5995034,0.04077
0001.HK,11/17/2025,54.6,4958504,0.040733
0001.HK,11/18/2025,53.35,4558809,0.041687
0001.HK,11/19/2025,53.3,2994581,0.041726
0001.HK,11/20/2025,53.45,3141188,0.041609
0001.HK,11/21/2025,53.45,8833769,0.041609
0001.HK,11/24/2025,54.7,14846685,0.040658
0001.HK,11/25/2025,54.8,5487228,0.040584
0001.HK,11/26/2025,55.2,6974709,0.04029
0001.HK,11/27/2025,54.9,4235891,0.04051
0001.HK,11/28/2025,54.95,3576177,0.040473
0001.HK,12/1/2025,55.9,6280267,0.039785
0001.HK,12/2/2025,56.85,9873496,0.03912
0001.HK,12/3/2025,57.15,5462762,0.038915
0001.HK,12/4/2025,57.5,5907629,0.038678
0001.HK,12/5/2025,56.1,9349076,0.039643
0001.HK,12/8/2025,55.1,7053521,0.040363
0001.HK,12/9/2025,54.45,7629896,0.040845
0001.HK,12/10/2025,54.25,5581353,0.040995
0001.HK,12/11/2025,54.05,7041296,0.041147
0001.HK,12/12/2025,55.4,6600938,0.040144
0001.HK,12/15/2025,54.75,3703909,0.040621
0001.HK,12/16/2025,53.6,6662482,0.041493
0001.HK,12/17/2025,54.05,5700532,0.041147
0001.HK,12/18/2025,54.1,5452258,0.041109
0001.HK,12/19/2025,54.7,9736624,0.040658
0001.HK,12/22/2025,54.5,3557496,0.040807
0001.HK,12/23/2025,55,3147067,0.040436
0001.HK,12/24/2025,55.3,2415232,0.040217
0001.HK,12/25/2025,55.3,0,0.040217
0001.HK,12/26/2025,55.3,0,0.040217
0001.HK,12/29/2025,53.45,8774884,0.041609
0001.HK,12/30/2025,53.25,7243509,0.041765
0001.HK,12/31/2025,52.95,2863632,0.043664
0001.HK,1/5/2026,53.6,7425766,0.043134
0001.HK,1/6/2026,55.35,8590646,0.041771
0001.HK,1/7/2026,54.7,4814958,0.042267
0001.HK,1/8/2026,55.1,5429241,0.04196
0001.HK,1/9/2026,57.15,11028764,0.040455
0001.HK,1/12/2026,58.65,14699673,0.03942
0001.HK,1/13/2026,59.2,11650652,0.039054
0001.HK,1/14/2026,59.25,12961619,0.039021
0001.HK,1/15/2026,59.45,9597261,0.03889
0001.HK,1/16/2026,60.5,12194402,0.038215
0001.HK,1/19/2026,60.2,8854133,0.038405
0001.HK,1/20/2026,60.85,13926303,0.037995
0001.HK,1/21/2026,61.35,8149379,0.037685
0001.HK,1/22/2026,61.95,9996047,0.03732
0001.HK,1/23/2026,62.8,13127204,0.036815
0001.HK,1/26/2026,65,20200224,0.035569
0001.HK,1/27/2026,65.3,10829331,0.035406
0001.HK,1/28/2026,66.3,11469302,0.034872
0001.HK,1/29/2026,66.3,8030035,0.034872
0001.HK,1/30/2026,63.25,22670423,0.036553
0001.HK,2/2/2026,61.5,19724346,0.037593
0001.HK,2/3/2026,64,12132864,0.036125
0001.HK,2/4/2026,65.3,11413626,0.035406
0001.HK,2/5/2026,65.75,12497274,0.035163
0001.HK,2/6/2026,64.4,7751115,0.035901
0001.HK,2/9/2026,65.25,6809418,0.035433
0001.HK,2/10/2026,64.4,10702781,0.035901
0001.HK,2/11/2026,64.05,6734261,0.036097
0001.HK,2/12/2026,63.5,8133495,0.036409
0001.HK,2/13/2026,63.5,5503587,0.036409
0001.HK,2/24/2026,62.55,10312425,0.036962
0001.HK,2/25/2026,62,8479178,0.03729
0001.HK,2/26/2026,64.8,14442042,0.035679
0001.HK,2/27/2026,64.4,8478793,0.035901
0001.HK,3/2/2026,62.65,9928058,0.036903
0001.HK,3/3/2026,62.65,9277633,0.036903
0001.HK,3/4/2026,59.85,13529763,0.03863
0001.HK,3/5/2026,61.15,10132701,0.037809
0001.HK,3/6/2026,61.55,10260134,0.037563
0001.HK,3/9/2026,58.8,16042296,0.03932
0001.HK,3/10/2026,60,13679050,0.038533
0001.HK,3/11/2026,60.05,6493671,0.038501
0001.HK,3/12/2026,59.2,7188624,0.039054
0001.HK,3/13/2026,58.25,5899810,0.039691
0001.HK,3/16/2026,58.95,4341511,0.03922
0001.HK,3/17/2026,59.1,4394212,0.03912
0001.HK,3/18/2026,60.95,9732018,0.037933
0001.HK,3/19/2026,59.95,6256553,0.038565
0001.HK,3/20/2026,60.3,28410422,0.038342
0001.HK,3/23/2026,58.05,10738521,0.039828
0001.HK,3/24/2026,58.95,10043543,0.03922
0001.HK,3/25/2026,60.3,9203665,0.038342
0001.HK,3/26/2026,59.2,4126351,0.039054
0001.HK,3/27/2026,59.15,4877483,0.039087
0001.HK,3/30/2026,59.05,5905714,0.039153
0001.HK,3/31/2026,59.6,7460871,0.038792
0001.HK,4/1/2026,60.95,5769043,0.037933
0001.HK,4/2/2026,60.75,5638598,0.038058
0001.HK,4/3/2026,60.75,0,0.038058
0001.HK,4/7/2026,60.75,0,0.038058
0001.HK,4/8/2026,63.1,14018614,0.03664
0001.HK,4/9/2026,63,5319402,0.036698
0001.HK,4/10/2026,64.1,6969475,0.036069
0001.HK,4/13/2026,63.4,4518286,0.036467
0001.HK,4/14/2026,64.05,5148570,0.036097
0001.HK,4/15/2026,63.95,6226308,0.036153
0001.HK,4/16/2026,64.05,6734457,0.036097
0001.HK,4/17/2026,64.05,8773682,0.036097
0001.HK,4/20/2026,64.2,4829832,0.036012
0001.HK,4/21/2026,64.9,6499211,0.035624
0001.HK,4/22/2026,64.5,5861841,0.035845
0001.HK,4/23/2026,64.75,5376540,0.035707
0001.HK,4/24/2026,65.25,4235721,0.035433
0001.HK,4/27/2026,64.7,5879982,0.035734
0001.HK,4/28/2026,64.85,5317224,0.035652
0001.HK,4/29/2026,65.95,8281742,0.035057
0001.HK,4/30/2026,65.05,7239629,0.035542
0001.HK,5/6/2026,70.1,17700803,0.032981
0001.HK,5/7/2026,73,19357754,0.031671
0001.HK,5/8/2026,73.3,16064657,0.031542
0001.HK,5/11/2026,72.65,7155065,0.031824
0001.HK,5/12/2026,72.25,7928211,0.032
0001.HK,5/13/2026,72.6,8087527,0.031846
0001.HK,5/14/2026,73.25,4532809,0.031563
0001.HK,5/15/2026,73.05,8595749,0.03165
0001.HK,5/18/2026,72.15,7126615,0.032044
0001.HK,5/19/2026,71.35,6660759,0.032404
0001.HK,5/20/2026,71.55,12718175,0.032313
0001.HK,5/21/2026,71.2,8514799,0.032472
0001.HK,5/22/2026,72.05,8065119,0.032089
0001.HK,5/25/2026,72.05,0,0.032089
0001.HK,5/26/2026,70.55,8734314,0.032771
0001.HK,5/27/2026,67.5,7312551,0.034252
0001.HK,5/28/2026,69.15,10829045,0.033435
0001.HK,5/29/2026,70.45,15828801,0.032818
0001.HK,6/1/2026,69.3,9282578,0.033362
0001.HK,6/2/2026,69.95,7178956,0.033052
0001.HK,6/3/2026,69.6,5933550,0.033218
0001.HK,6/4/2026,68.7,4795564,0.033654
0001.HK,6/5/2026,68.2,7757909,0.0339
0001.HK,6/8/2026,67.65,4757931,0.034176
0001.HK,6/9/2026,66.85,8837112,0.034585
0001.HK,6/10/2026,66.25,8390207,0.034898
0001.HK,6/11/2026,67.55,8546272,0.034226
000333.SZ,6/3/2024,65.02,35755629,
000333.SZ,6/4/2024,64.68,30621198,
000333.SZ,6/5/2024,63.92,28331925,
000333.SZ,6/6/2024,65.76,43603719,
000333.SZ,6/7/2024,65.16,40064590,
000333.SZ,6/11/2024,65,33689664,
000333.SZ,6/12/2024,65.16,25707199,
000333.SZ,6/13/2024,63.92,27485047,
000333.SZ,6/14/2024,65.61,37924447,
000333.SZ,6/17/2024,64.53,25335808,
000333.SZ,6/18/2024,64.84,21867469,
000333.SZ,6/19/2024,64,34699957,
000333.SZ,6/20/2024,64.47,28085788,
000333.SZ,6/21/2024,63.95,24153669,
000333.SZ,6/24/2024,64.88,30799053,
000333.SZ,6/25/2024,65.29,25309206,
000333.SZ,6/26/2024,64.25,23831407,
000333.SZ,6/27/2024,64.1,27409461,
000333.SZ,6/28/2024,64.5,25195612,
000333.SZ,7/1/2024,64.09,19528313,
000333.SZ,7/2/2024,63,29181345,
000333.SZ,7/3/2024,63.03,18120842,
000333.SZ,7/4/2024,64.6,27753098,
000333.SZ,7/5/2024,64,26479582,
000333.SZ,7/8/2024,64.23,19443576,
000333.SZ,7/9/2024,64.1,21664464,
000333.SZ,7/10/2024,63.81,15846909,
000333.SZ,7/11/2024,63.9,27182655,
000333.SZ,7/12/2024,65,24574092,
000333.SZ,7/15/2024,64.94,17045913,
000333.SZ,7/16/2024,64.27,20406778,
000333.SZ,7/17/2024,62.83,46462849,
000333.SZ,7/18/2024,63.9,34532462,
000333.SZ,7/19/2024,63.6,21796963,
000333.SZ,7/22/2024,63.63,19930345,
000333.SZ,7/23/2024,62.38,18537845,
000333.SZ,7/24/2024,60.08,45547336,
000333.SZ,7/25/2024,59.4,30109151,
000333.SZ,7/26/2024,62.84,57740171,
000333.SZ,7/29/2024,62.88,20712828,
000333.SZ,7/30/2024,61.06,22575846,
000333.SZ,7/31/2024,63.76,40174739,
000333.SZ,8/1/2024,63.58,24406833,
000333.SZ,8/2/2024,62.99,20261524,
000333.SZ,8/5/2024,61.65,35476754,
000333.SZ,8/6/2024,59.92,38493182,
000333.SZ,8/7/2024,60.7,25298592,
000333.SZ,8/8/2024,60.96,14231910,
000333.SZ,8/9/2024,60.5,13802375,
000333.SZ,8/12/2024,61.38,16949235,
000333.SZ,8/13/2024,61.36,9835074,
000333.SZ,8/14/2024,60.9,11227780,
000333.SZ,8/15/2024,61,19163262,
000333.SZ,8/16/2024,61.74,18066988,
000333.SZ,8/19/2024,62.36,17275349,
000333.SZ,8/20/2024,63.02,25780974,
000333.SZ,8/21/2024,63.16,21187130,
000333.SZ,8/22/2024,64.09,24978743,
000333.SZ,8/23/2024,65.46,29047135,
000333.SZ,8/26/2024,66.32,33958151,
000333.SZ,8/27/2024,65.99,24113793,
000333.SZ,8/28/2024,64.93,26542959,
000333.SZ,8/29/2024,63.95,23285563,
000333.SZ,8/30/2024,64.75,33386334,
000333.SZ,9/2/2024,65.23,26075882,
000333.SZ,9/3/2024,65.97,24237888,
000333.SZ,9/4/2024,65.48,27499633,
000333.SZ,9/5/2024,63.59,43212322,
000333.SZ,9/6/2024,63.02,23320164,
000333.SZ,9/9/2024,61.09,54840638,
000333.SZ,9/10/2024,60.75,40111034,
000333.SZ,9/11/2024,61.66,41921762,
000333.SZ,9/12/2024,62.37,27616861,
000333.SZ,9/13/2024,63.51,32148994,
000333.SZ,9/18/2024,65.25,29502596,
000333.SZ,9/19/2024,65.28,47611503,
000333.SZ,9/20/2024,66.06,39801250,
000333.SZ,9/23/2024,67.6,39162141,
000333.SZ,9/24/2024,68.04,50090152,
000333.SZ,9/25/2024,70.11,62766129,
000333.SZ,9/26/2024,73.56,50134212,
000333.SZ,9/27/2024,73,85744787,
000333.SZ,9/30/2024,76.06,125166492,
000333.SZ,10/8/2024,80.19,135239267,
000333.SZ,10/9/2024,75.01,89550113,
000333.SZ,10/10/2024,78.3,67303399,
000333.SZ,10/11/2024,76.77,38060178,
000333.SZ,10/14/2024,79,46282832,
000333.SZ,10/15/2024,76,37583316,
000333.SZ,10/16/2024,75.24,34282949,
000333.SZ,10/17/2024,73.08,39437630,
000333.SZ,10/18/2024,75.01,42785106,
000333.SZ,10/21/2024,74.08,34322896,
000333.SZ,10/22/2024,76.5,40405973,
000333.SZ,10/23/2024,76.38,26831280,
000333.SZ,10/24/2024,75.64,17108673,
000333.SZ,10/25/2024,75.27,21057289,
000333.SZ,10/28/2024,74.87,28059096,
000333.SZ,10/29/2024,74.07,29727177,
000333.SZ,10/30/2024,72.75,40413734,
000333.SZ,10/31/2024,71.42,50046867,
000333.SZ,11/1/2024,72.25,41651482,
000333.SZ,11/4/2024,72.84,23231578,
000333.SZ,11/5/2024,73.13,41696728,
000333.SZ,11/6/2024,71.17,52593143,
000333.SZ,11/7/2024,72.1,54774602,
000333.SZ,11/8/2024,72.58,59337382,
000333.SZ,11/11/2024,71.6,44207913,
000333.SZ,11/12/2024,72.39,57547722,
000333.SZ,11/13/2024,73.4,45841657,
000333.SZ,11/14/2024,73.64,40843466,
000333.SZ,11/15/2024,72.25,34282515,
000333.SZ,11/18/2024,71.05,31938599,
000333.SZ,11/19/2024,71.31,22665163,
000333.SZ,11/20/2024,71.43,22637119,
000333.SZ,11/21/2024,70.84,21652845,
000333.SZ,11/22/2024,70.39,38845820,
000333.SZ,11/25/2024,70.39,38586774,
000333.SZ,11/26/2024,70.6,27418796,
000333.SZ,11/27/2024,71.32,26482499,
000333.SZ,11/28/2024,70.19,32328951,
000333.SZ,11/29/2024,70.13,27750141,
000333.SZ,12/2/2024,70.08,35790565,
000333.SZ,12/3/2024,69.85,31317422,
000333.SZ,12/4/2024,71.49,53195506,
000333.SZ,12/5/2024,71.72,36764463,
000333.SZ,12/6/2024,72.85,45677846,
000333.SZ,12/9/2024,73.13,41321923,
000333.SZ,12/10/2024,73.84,55513289,
000333.SZ,12/11/2024,75.1,33543390,
000333.SZ,12/12/2024,75.56,28639814,
000333.SZ,12/13/2024,74,37063334,
000333.SZ,12/16/2024,73.22,28047059,
000333.SZ,12/17/2024,73.67,27887305,
000333.SZ,12/18/2024,74.1,22578549,
000333.SZ,12/19/2024,74.44,25355278,
000333.SZ,12/20/2024,74,20939651,
000333.SZ,12/23/2024,74.61,22602881,
000333.SZ,12/24/2024,76.25,34414101,
000333.SZ,12/25/2024,75.54,22733866,
000333.SZ,12/26/2024,75.98,24214292,
000333.SZ,12/27/2024,75.42,19842117,
000333.SZ,12/30/2024,75.32,22182724,
000333.SZ,12/31/2024,75.22,30766003,
000333.SZ,1/2/2025,75.32,41367089,
000333.SZ,1/3/2025,74.69,29642200,
000333.SZ,1/6/2025,75.38,30681009,
000333.SZ,1/7/2025,75.93,25178525,
000333.SZ,1/8/2025,77.58,40692962,
000333.SZ,1/9/2025,78.73,34598694,
000333.SZ,1/10/2025,76.37,27109567,
000333.SZ,1/13/2025,74.3,25584606,
000333.SZ,1/14/2025,74.62,28858396,
000333.SZ,1/15/2025,73.82,25663453,
000333.SZ,1/16/2025,74.09,26233035,
000333.SZ,1/17/2025,74.35,15928751,
000333.SZ,1/20/2025,74.89,29699251,
000333.SZ,1/21/2025,74.4,16286277,
000333.SZ,1/22/2025,73,32217997,
000333.SZ,1/23/2025,73.41,27008672,
000333.SZ,1/24/2025,72.82,30486076,
000333.SZ,1/27/2025,73.88,28011516,
000333.SZ,2/5/2025,72.21,36351088,
000333.SZ,2/6/2025,72.27,28567493,
000333.SZ,2/7/2025,73.44,35534968,
000333.SZ,2/10/2025,73.01,31864987,
000333.SZ,2/11/2025,73.7,30044016,
000333.SZ,2/12/2025,73.28,22807278,
000333.SZ,2/13/2025,72.14,41066444,
000333.SZ,2/14/2025,72.49,23435076,
000333.SZ,2/17/2025,72.04,40235806,
000333.SZ,2/18/2025,71.9,29346513,
000333.SZ,2/19/2025,71.45,33715017,
000333.SZ,2/20/2025,71.23,31420228,
000333.SZ,2/21/2025,70.59,55339013,
000333.SZ,2/24/2025,70.89,46937741,
000333.SZ,2/25/2025,69.03,56599867,
000333.SZ,2/26/2025,70.12,40412376,
000333.SZ,2/27/2025,72.48,65248235,
000333.SZ,2/28/2025,73.05,50647934,
000333.SZ,3/3/2025,71,40591782,
000333.SZ,3/4/2025,71.97,30041994,
000333.SZ,3/5/2025,71.75,28618620,
000333.SZ,3/6/2025,71.14,40239881,
000333.SZ,3/7/2025,70.79,31482660,
000333.SZ,3/10/2025,71.07,27344026,
000333.SZ,3/11/2025,70.93,25282497,
000333.SZ,3/12/2025,70.1,30130110,
000333.SZ,3/13/2025,70.01,25262164,
000333.SZ,3/14/2025,71.87,42544964,
000333.SZ,3/17/2025,71.88,34733287,
000333.SZ,3/18/2025,74.98,77931396,
000333.SZ,3/19/2025,76.51,106626103,
000333.SZ,3/20/2025,75.17,58569319,
000333.SZ,3/21/2025,75.28,38452793,
000333.SZ,3/24/2025,76.06,38734811,
000333.SZ,3/25/2025,76.86,32418622,
000333.SZ,3/26/2025,76.79,23706858,
000333.SZ,3/27/2025,76.5,25721538,
000333.SZ,3/28/2025,76.87,24911431,
000333.SZ,3/31/2025,78.5,68968445,
000333.SZ,4/1/2025,75.39,55181654,
000333.SZ,4/2/2025,75.96,26853625,
000333.SZ,4/3/2025,73.36,56598874,
000333.SZ,4/7/2025,67.18,88089693,
000333.SZ,4/8/2025,70.23,74473332,
000333.SZ,4/9/2025,69.67,57883954,
000333.SZ,4/10/2025,71.09,45084852,
000333.SZ,4/11/2025,70.49,29562589,
000333.SZ,4/14/2025,69.92,34883505,
000333.SZ,4/15/2025,71.48,34366681,
000333.SZ,4/16/2025,71,26672943,
000333.SZ,4/17/2025,70.95,19591273,
000333.SZ,4/18/2025,70.92,15448383,
000333.SZ,4/21/2025,71.39,17751380,
000333.SZ,4/22/2025,71.72,22615500,
000333.SZ,4/23/2025,71.85,22586871,
000333.SZ,4/24/2025,72.95,23180750,
000333.SZ,4/25/2025,72.75,17097238,
000333.SZ,4/28/2025,73.23,23966015,
000333.SZ,4/29/2025,74.2,23497383,
000333.SZ,4/30/2025,73.62,47810026,
000333.SZ,5/6/2025,74.05,34641179,
000333.SZ,5/7/2025,74.36,30028102,
000333.SZ,5/8/2025,75,27707567,
000333.SZ,5/9/2025,75.8,24563898,
000333.SZ,5/12/2025,76.58,27223912,
000333.SZ,5/13/2025,77.11,25527841,
000333.SZ,5/14/2025,77.09,29249633,
000333.SZ,5/15/2025,76.5,20490185,
000333.SZ,5/16/2025,76.6,23865992,
000333.SZ,5/19/2025,77.58,26308625,
000333.SZ,5/20/2025,78.67,27799540,
000333.SZ,5/21/2025,78.8,20543826,
000333.SZ,5/22/2025,79.36,23403426,
000333.SZ,5/23/2025,78.89,29974589,
000333.SZ,5/26/2025,78.27,24168884,
000333.SZ,5/27/2025,78.48,20644898,
000333.SZ,5/28/2025,79.32,24044877,
000333.SZ,5/29/2025,78.98,25167731,
000333.SZ,5/30/2025,79.06,21573317,
000333.SZ,6/3/2025,75.91,56190781,
000333.SZ,6/4/2025,75.56,36755439,
000333.SZ,6/5/2025,75.25,23580308,
000333.SZ,6/6/2025,75.7,27555948,
000333.SZ,6/9/2025,75.4,46695588,
000333.SZ,6/10/2025,75.05,32107412,
000333.SZ,6/11/2025,75.49,26308346,
000333.SZ,6/12/2025,72.2,34702892,
000333.SZ,6/13/2025,71.48,30045204,
000333.SZ,6/16/2025,71.26,25020494,
000333.SZ,6/17/2025,72.06,32639478,
000333.SZ,6/18/2025,72.1,17528837,
000333.SZ,6/19/2025,71.33,21125341,
000333.SZ,6/20/2025,72.38,22986421,
000333.SZ,6/23/2025,71.72,21054495,
000333.SZ,6/24/2025,72.8,27050087,
000333.SZ,6/25/2025,73.18,24327543,
000333.SZ,6/26/2025,73.1,22672619,
000333.SZ,6/27/2025,72.28,22364021,
000333.SZ,6/30/2025,72.2,19302259,
000333.SZ,7/1/2025,72.11,18625209,
000333.SZ,7/2/2025,72.5,26615479,
000333.SZ,7/3/2025,72.89,17936923,
000333.SZ,7/4/2025,73.48,21146224,
000333.SZ,7/7/2025,72.55,21545334,
000333.SZ,7/8/2025,72.22,25686651,
000333.SZ,7/9/2025,71.8,27205267,
000333.SZ,7/10/2025,71.68,23151388,
000333.SZ,7/11/2025,72.48,32055369,
000333.SZ,7/14/2025,73.1,23373900,
000333.SZ,7/15/2025,73.21,24900978,
000333.SZ,7/16/2025,72.89,20688807,
000333.SZ,7/17/2025,72.63,24729994,
000333.SZ,7/18/2025,72.83,21951230,
000333.SZ,7/21/2025,72.55,30897062,
000333.SZ,7/22/2025,73.19,35720411,
000333.SZ,7/23/2025,73.5,36987240,
000333.SZ,7/24/2025,73.51,29069915,
000333.SZ,7/25/2025,72.76,24456208,
000333.SZ,7/28/2025,71.94,37773632,
000333.SZ,7/29/2025,71.24,39836931,
000333.SZ,7/30/2025,72.11,41132530,
000333.SZ,7/31/2025,70.19,69477714,
000333.SZ,8/1/2025,70.79,28644667,
000333.SZ,8/4/2025,70.94,19776642,
000333.SZ,8/5/2025,71.38,19174845,
000333.SZ,8/6/2025,71.7,22135849,
000333.SZ,8/7/2025,71.48,20361565,
000333.SZ,8/8/2025,71.58,20118405,
000333.SZ,8/11/2025,71.76,17912366,
000333.SZ,8/12/2025,71.93,24047589,
000333.SZ,8/13/2025,71.82,25384669,
000333.SZ,8/14/2025,72.33,45514924,
000333.SZ,8/15/2025,72.3,27469955,
000333.SZ,8/18/2025,71.84,54299761,
000333.SZ,8/19/2025,72.68,53760260,
000333.SZ,8/20/2025,72.22,40377028,
000333.SZ,8/21/2025,71.92,33801371,
000333.SZ,8/22/2025,72.09,39138892,
000333.SZ,8/25/2025,73.52,70023449,
000333.SZ,8/26/2025,73.8,46293790,
000333.SZ,8/27/2025,72.71,48841858,
000333.SZ,8/28/2025,73.5,43298746,
000333.SZ,8/29/2025,73.71,56766900,
000333.SZ,9/1/2025,74.03,77625858,
000333.SZ,9/2/2025,76.16,80590924,
000333.SZ,9/3/2025,75.62,50488071,
000333.SZ,9/4/2025,75.59,44353949,
000333.SZ,9/5/2025,76.22,46425167,
000333.SZ,9/8/2025,77.03,55029371,
000333.SZ,9/9/2025,77.18,38315019,
000333.SZ,9/10/2025,77.02,27154194,
000333.SZ,9/11/2025,77.02,45960511,
000333.SZ,9/12/2025,75.57,59117075,
000333.SZ,9/15/2025,75.17,48068047,
000333.SZ,9/16/2025,74.46,45602831,
000333.SZ,9/17/2025,74.35,57722675,
000333.SZ,9/18/2025,73.74,60084003,
000333.SZ,9/19/2025,74.35,38847838,
000333.SZ,9/22/2025,73.26,47973993,
000333.SZ,9/23/2025,73.53,42147721,
000333.SZ,9/24/2025,74.1,30628481,
000333.SZ,9/25/2025,72.84,47860729,
000333.SZ,9/26/2025,74.2,47698312,
000333.SZ,9/29/2025,73.73,46593907,
000333.SZ,9/30/2025,72.66,50610839,
000333.SZ,10/9/2025,72.63,61593908,
000333.SZ,10/10/2025,72.83,43330526,
000333.SZ,10/13/2025,71.81,48160457,
000333.SZ,10/14/2025,72.6,51909507,
000333.SZ,10/15/2025,72.92,37633251,
000333.SZ,10/16/2025,73.18,34678000,
000333.SZ,10/17/2025,72.8,27649108,
000333.SZ,10/20/2025,72.87,29755742,
000333.SZ,10/21/2025,72.91,28394659,
000333.SZ,10/22/2025,73.88,39329827,
000333.SZ,10/23/2025,74.89,34763341,
000333.SZ,10/24/2025,74.61,24483806,
000333.SZ,10/27/2025,74.88,34055264,
000333.SZ,10/28/2025,74.41,23365775,
000333.SZ,10/29/2025,74.4,27358650,
000333.SZ,10/30/2025,75.3,49965301,
000333.SZ,10/31/2025,76.4,50974159,
000333.SZ,11/3/2025,75.39,28196997,
000333.SZ,11/4/2025,75.16,30260649,
000333.SZ,11/5/2025,75.94,26615133,
000333.SZ,11/6/2025,77.03,35511147,
000333.SZ,11/7/2025,76.2,26441999,
000333.SZ,11/10/2025,77.33,39100815,
000333.SZ,11/11/2025,77.23,22770754,
000333.SZ,11/12/2025,79.49,73784703,
000333.SZ,11/13/2025,79.6,33337014,
000333.SZ,11/14/2025,79.23,27312749,
000333.SZ,11/17/2025,78.42,26109532,
000333.SZ,11/18/2025,77.4,23590408,
000333.SZ,11/19/2025,77.4,21441520,
000333.SZ,11/20/2025,77.94,26192879,
000333.SZ,11/21/2025,78.75,43949476,
000333.SZ,11/24/2025,78.56,36773938,
000333.SZ,11/25/2025,78.7,29101152,
000333.SZ,11/26/2025,79.8,32072777,
000333.SZ,11/27/2025,79.8,31646071,
000333.SZ,11/28/2025,79.86,18126661,
000333.SZ,12/1/2025,80,30352024,
000333.SZ,12/2/2025,81.56,37804931,
000333.SZ,12/3/2025,82.17,36866005,
000333.SZ,12/4/2025,81.89,28917966,
000333.SZ,12/5/2025,82.23,24616511,
000333.SZ,12/8/2025,81.81,27336529,
000333.SZ,12/9/2025,80.2,35647940,
000333.SZ,12/10/2025,80.07,24571972,
000333.SZ,12/11/2025,79.3,27294485,
000333.SZ,12/12/2025,79.32,32895862,
000333.SZ,12/15/2025,80.41,36554689,
000333.SZ,12/16/2025,79.96,21423089,
000333.SZ,12/17/2025,80.47,23028180,
000333.SZ,12/18/2025,79.83,21409792,
000333.SZ,12/19/2025,79.45,27801766,
000333.SZ,12/22/2025,79.16,24503713,
000333.SZ,12/23/2025,79.65,25468020,
000333.SZ,12/24/2025,78.8,21704738,
000333.SZ,12/25/2025,78.59,22675780,
000333.SZ,12/26/2025,78.87,21410712,
000333.SZ,12/29/2025,78.41,25697385,
000333.SZ,12/30/2025,78.85,21362222,
000333.SZ,12/31/2025,78.15,28775822,
000333.SZ,1/5/2026,78.68,44294709,
000333.SZ,1/6/2026,78.84,45452476,
000333.SZ,1/7/2026,79.37,40196784,
000333.SZ,1/8/2026,79.03,31253684,
000333.SZ,1/9/2026,79.77,34108097,
000333.SZ,1/12/2026,78.62,52501410,
000333.SZ,1/13/2026,76.2,94571232,
000333.SZ,1/14/2026,77.15,53968401,
000333.SZ,1/15/2026,77.22,36031372,
000333.SZ,1/16/2026,77.31,37186855,
000333.SZ,1/19/2026,77.62,33637393,
000333.SZ,1/20/2026,79,45535750,
000333.SZ,1/21/2026,77.78,36808644,
000333.SZ,1/22/2026,77.49,34404058,
000333.SZ,1/23/2026,76.78,37370740,
000333.SZ,1/26/2026,76.35,47313168,
000333.SZ,1/27/2026,76.1,32580654,
000333.SZ,1/28/2026,75.34,62893723,
000333.SZ,1/29/2026,77.88,62244106,
000333.SZ,1/30/2026,77.59,53250829,
000333.SZ,2/2/2026,77.85,34591579,
000333.SZ,2/3/2026,77.91,34503710,
000333.SZ,2/4/2026,79.81,38910259,
000333.SZ,2/5/2026,80.45,42919791,
000333.SZ,2/6/2026,79.54,31256590,
000333.SZ,2/9/2026,79.16,33466953,
000333.SZ,2/10/2026,80.19,30618408,
000333.SZ,2/11/2026,79.69,19806640,
000333.SZ,2/12/2026,79.8,18878441,
000333.SZ,2/13/2026,79.05,25510243,
000333.SZ,2/24/2026,79.52,25251393,
000333.SZ,2/25/2026,79.7,28552395,
000333.SZ,2/26/2026,79.25,25327062,
000333.SZ,2/27/2026,78.64,20160388,
000333.SZ,3/2/2026,77.45,27478559,
000333.SZ,3/3/2026,76.56,28800034,
000333.SZ,3/4/2026,76.16,28493355,
000333.SZ,3/5/2026,76.27,19687239,
000333.SZ,3/6/2026,76.52,20662879,
000333.SZ,3/9/2026,75.41,25947837,
000333.SZ,3/10/2026,76.6,20908556,
000333.SZ,3/11/2026,77.39,25135764,
000333.SZ,3/12/2026,77.4,19330478,
000333.SZ,3/13/2026,76.86,18729288,
000333.SZ,3/16/2026,76.64,20560029,
000333.SZ,3/17/2026,76.6,21407454,
000333.SZ,3/18/2026,77.06,20071638,
000333.SZ,3/19/2026,76,23272907,
000333.SZ,3/20/2026,75.12,21912595,
000333.SZ,3/23/2026,73.37,46200800,
000333.SZ,3/24/2026,74.23,26714723,
000333.SZ,3/25/2026,74.8,18496362,
000333.SZ,3/26/2026,74.32,17708533,
000333.SZ,3/27/2026,74.78,31912535,
000333.SZ,3/30/2026,72.1,45622715,
000333.SZ,3/31/2026,76.35,69491461,
000333.SZ,4/1/2026,76.84,27361577,
000333.SZ,4/2/2026,77.37,32631797,
000333.SZ,4/3/2026,76.35,17277260,
000333.SZ,4/7/2026,76.12,16382605,
000333.SZ,4/8/2026,76.73,28680412,
000333.SZ,4/9/2026,76.52,23502394,
000333.SZ,4/10/2026,76.41,25837267,
000333.SZ,4/13/2026,75.78,18237520,
000333.SZ,4/14/2026,76.55,19578158,
000333.SZ,4/15/2026,77.49,31845072,
000333.SZ,4/16/2026,77.9,23807803,
000333.SZ,4/17/2026,78.65,27735236,
000333.SZ,4/20/2026,79.58,27669979,
000333.SZ,4/21/2026,79.5,23879288,
000333.SZ,4/22/2026,79.3,20278160,
000333.SZ,4/23/2026,79.85,29943246,
000333.SZ,4/24/2026,79.66,21788011,
000333.SZ,4/27/2026,79.5,25851162,
000333.SZ,4/28/2026,80.45,30472906,
000333.SZ,4/29/2026,81.31,33110792,
000333.SZ,4/30/2026,81.1,35443269,
000333.SZ,5/6/2026,80.44,36041863,
000333.SZ,5/7/2026,79.81,37217647,
000333.SZ,5/8/2026,80.4,28242327,
000333.SZ,5/11/2026,80.67,43644407,
000333.SZ,5/12/2026,80.09,35775583,
000333.SZ,5/13/2026,80.38,32849685,
000333.SZ,5/14/2026,81.81,38926688,
000333.SZ,5/15/2026,82.57,42660857,
000333.SZ,5/18/2026,82.83,37735368,
000333.SZ,5/19/2026,81,33581768,
000333.SZ,5/20/2026,81.5,30159703,
000333.SZ,5/21/2026,81.5,31181254,
000333.SZ,5/22/2026,80.28,30984802,
000333.SZ,5/25/2026,79.81,23127455,
000333.SZ,5/26/2026,79.55,24495312,
000333.SZ,5/27/2026,80.03,25588779,
000333.SZ,5/28/2026,78.95,24199752,
000333.SZ,5/29/2026,80.85,42972944,
000333.SZ,6/1/2026,81.7,37671119,
000333.SZ,6/2/2026,82.6,26317746,
000333.SZ,6/3/2026,82.61,23032626,
000333.SZ,6/4/2026,82.42,24365847,0.052172
000333.SZ,6/5/2026,81.69,20949437,0.052638
000333.SZ,6/8/2026,82.85,36703053,0.051901
000333.SZ,6/9/2026,82.36,22099177,0.05221
000333.SZ,6/10/2026,83.9,38697291,0.051251
000333.SZ,6/11/2026,85.35,52143692,0.050381
000568.SZ,6/3/2024,174.23,6278177,
000568.SZ,6/4/2024,175.52,5376882,
000568.SZ,6/5/2024,171.98,7852435,
000568.SZ,6/6/2024,168.98,10991394,
000568.SZ,6/7/2024,166.18,8792197,
000568.SZ,6/11/2024,159.41,16667945,
000568.SZ,6/12/2024,158.3,9619315,
000568.SZ,6/13/2024,155.89,10873633,
000568.SZ,6/14/2024,156,15498858,
000568.SZ,6/17/2024,157.24,10623903,
000568.SZ,6/18/2024,154.18,8669240,
000568.SZ,6/19/2024,153.33,7712267,
000568.SZ,6/20/2024,151.56,7486098,
000568.SZ,6/21/2024,150.09,10141964,
000568.SZ,6/24/2024,149.5,11597570,
000568.SZ,6/25/2024,150.39,8095547,
000568.SZ,6/26/2024,149.32,7907701,
000568.SZ,6/27/2024,148.18,5600374,
000568.SZ,6/28/2024,143.49,13164234,
000568.SZ,7/1/2024,143,12037281,
000568.SZ,7/2/2024,143.99,11080352,
000568.SZ,7/3/2024,142.61,7411027,
000568.SZ,7/4/2024,139.51,8081792,
000568.SZ,7/5/2024,137.37,8391987,
000568.SZ,7/8/2024,134.31,8128816,
000568.SZ,7/9/2024,135.95,10382736,
000568.SZ,7/10/2024,133.5,9332737,
000568.SZ,7/11/2024,136.85,12913766,
000568.SZ,7/12/2024,136.88,10943936,
000568.SZ,7/15/2024,138.3,8059207,
000568.SZ,7/16/2024,137.57,8052871,
000568.SZ,7/17/2024,141.52,11459169,
000568.SZ,7/18/2024,142.9,10992666,
000568.SZ,7/19/2024,146.98,10743292,
000568.SZ,7/22/2024,142.3,10666854,
000568.SZ,7/23/2024,135.44,12454860,
000568.SZ,7/24/2024,133.98,9110998,
000568.SZ,7/25/2024,131.56,11499191,
000568.SZ,7/26/2024,129.83,11522174,
000568.SZ,7/29/2024,126.23,10746206,
000568.SZ,7/30/2024,125.33,10665891,
000568.SZ,7/31/2024,130.66,14191851,
000568.SZ,8/1/2024,124.79,13410805,
000568.SZ,8/2/2024,123.35,8130939,
000568.SZ,8/5/2024,126.8,16565741,
000568.SZ,8/6/2024,126.89,8952838,
000568.SZ,8/7/2024,127.26,7862813,
000568.SZ,8/8/2024,129.57,12577204,
000568.SZ,8/9/2024,129.15,8282825,
000568.SZ,8/12/2024,129.06,6332656,
000568.SZ,8/13/2024,127.1,6644347,
000568.SZ,8/14/2024,125.2,5213142,
000568.SZ,8/15/2024,126.54,7180085,
000568.SZ,8/16/2024,125.25,6150454,
000568.SZ,8/19/2024,124.78,8893606,
000568.SZ,8/20/2024,123.85,5778169,
000568.SZ,8/21/2024,123.14,5812649,
000568.SZ,8/22/2024,122.5,12333557,
000568.SZ,8/23/2024,118.21,8012162,
000568.SZ,8/26/2024,118.53,5882754,
000568.SZ,8/27/2024,118.75,5223446,
000568.SZ,8/28/2024,112.94,16501518,
000568.SZ,8/29/2024,115.28,11544537,
000568.SZ,8/30/2024,119.28,16309388,
000568.SZ,9/2/2024,112.5,16404147,
000568.SZ,9/3/2024,114.23,9071580,
000568.SZ,9/4/2024,112.69,6733833,
000568.SZ,9/5/2024,113.4,5006785,
000568.SZ,9/6/2024,110.6,6750540,
000568.SZ,9/9/2024,107.9,9309617,
000568.SZ,9/10/2024,107.19,7824236,
000568.SZ,9/11/2024,105.93,8205586,
000568.SZ,9/12/2024,102.6,13941480,
000568.SZ,9/13/2024,100.82,13941584,
000568.SZ,9/18/2024,100.02,11815724,
000568.SZ,9/19/2024,101.5,17948051,
000568.SZ,9/20/2024,101.37,9624766,
000568.SZ,9/23/2024,102.35,11036004,
000568.SZ,9/24/2024,110.62,25513672,
000568.SZ,9/25/2024,112.47,25286986,
000568.SZ,9/26/2024,123.72,33127300,
000568.SZ,9/27/2024,136.09,38203545,
000568.SZ,9/30/2024,149.7,31658417,
000568.SZ,10/8/2024,159,63281173,
000568.SZ,10/9/2024,143.1,45385953,
000568.SZ,10/10/2024,147.29,34967724,
000568.SZ,10/11/2024,141.38,18996266,
000568.SZ,10/14/2024,141.2,22751059,
000568.SZ,10/15/2024,134.39,23013472,
000568.SZ,10/16/2024,134.99,17861507,
000568.SZ,10/17/2024,131.19,13119687,
000568.SZ,10/18/2024,135.24,27618586,
000568.SZ,10/21/2024,134.21,20400856,
000568.SZ,10/22/2024,137.23,18535953,
000568.SZ,10/23/2024,140.12,21210019,
000568.SZ,10/24/2024,135.64,11259632,
000568.SZ,10/25/2024,136.62,11189527,
000568.SZ,10/28/2024,142.64,26045310,
000568.SZ,10/29/2024,140,23408902,
000568.SZ,10/30/2024,136.81,12523301,
000568.SZ,10/31/2024,135.51,17676653,
000568.SZ,11/1/2024,136.53,16284065,
000568.SZ,11/4/2024,137.3,13245896,
000568.SZ,11/5/2024,141.12,18439714,
000568.SZ,11/6/2024,139.9,15475954,
000568.SZ,11/7/2024,153.89,37394855,
000568.SZ,11/8/2024,151,30631107,
000568.SZ,11/11/2024,148.1,23607510,
000568.SZ,11/12/2024,146.7,20081318,
000568.SZ,11/13/2024,145.89,13546499,
000568.SZ,11/14/2024,144.61,15178644,
000568.SZ,11/15/2024,144.1,16915818,
000568.SZ,11/18/2024,142.67,15618163,
000568.SZ,11/19/2024,141.68,13723759,
000568.SZ,11/20/2024,142.47,9416792,
000568.SZ,11/21/2024,141.68,7631638,
000568.SZ,11/22/2024,136.29,11876596,
000568.SZ,11/25/2024,136.88,9881632,
000568.SZ,11/26/2024,136.87,8314489,
000568.SZ,11/27/2024,138.87,9932129,
000568.SZ,11/28/2024,136.14,7948857,
000568.SZ,11/29/2024,138.73,13763029,
000568.SZ,12/2/2024,139.02,11169728,
000568.SZ,12/3/2024,138.18,8408421,
000568.SZ,12/4/2024,137.1,8357038,
000568.SZ,12/5/2024,136.3,7008900,
000568.SZ,12/6/2024,138.21,10118492,
000568.SZ,12/9/2024,137.88,9184620,
000568.SZ,12/10/2024,141.69,33915376,
000568.SZ,12/11/2024,141.3,15351492,
000568.SZ,12/12/2024,144.91,18159864,
000568.SZ,12/13/2024,137.79,21362888,
000568.SZ,12/16/2024,132.6,21151916,
000568.SZ,12/17/2024,132,11912011,
000568.SZ,12/18/2024,131.5,9289535,
000568.SZ,12/19/2024,129.97,11995399,
000568.SZ,12/20/2024,130.32,9595491,
000568.SZ,12/23/2024,129.76,9470600,
000568.SZ,12/24/2024,130.12,9024317,
000568.SZ,12/25/2024,129.55,7222381,
000568.SZ,12/26/2024,129.29,6460173,
000568.SZ,12/27/2024,129.55,8157152,
000568.SZ,12/30/2024,126.86,14711655,
000568.SZ,12/31/2024,125.2,11721767,
000568.SZ,1/2/2025,121.05,14946398,
000568.SZ,1/3/2025,119.74,11343916,
000568.SZ,1/6/2025,115.3,17729562,
000568.SZ,1/7/2025,116.05,9819438,
000568.SZ,1/8/2025,115.61,11938513,
000568.SZ,1/9/2025,115.93,9558611,
000568.SZ,1/10/2025,113.34,7729478,
000568.SZ,1/13/2025,116.29,12574333,
000568.SZ,1/14/2025,120.48,14716279,
000568.SZ,1/15/2025,119.21,7092818,
000568.SZ,1/16/2025,117.99,7837196,
000568.SZ,1/17/2025,118.7,7545791,
000568.SZ,1/20/2025,119.18,8825968,
000568.SZ,1/21/2025,118.3,6653920,
000568.SZ,1/22/2025,116.49,8029318,
000568.SZ,1/23/2025,116.54,8459461,
000568.SZ,1/24/2025,114.87,8500157,
000568.SZ,1/27/2025,115.55,7507490,
000568.SZ,2/5/2025,113.81,7704719,
000568.SZ,2/6/2025,114.25,7702120,
000568.SZ,2/7/2025,115.5,11616319,
000568.SZ,2/10/2025,115.71,7677833,
000568.SZ,2/11/2025,114.28,8184639,
000568.SZ,2/12/2025,115.98,7775887,
000568.SZ,2/13/2025,120.45,23373329,
000568.SZ,2/14/2025,119.86,9459653,
000568.SZ,2/17/2025,120.49,9604671,
000568.SZ,2/18/2025,118.78,8846745,
000568.SZ,2/19/2025,119,7401627,
000568.SZ,2/20/2025,118,6342073,
000568.SZ,2/21/2025,119.08,11507032,
000568.SZ,2/24/2025,121.85,17295187,
000568.SZ,2/25/2025,119.9,8056661,
000568.SZ,2/26/2025,121.58,10932675,
000568.SZ,2/27/2025,127.78,28453938,
000568.SZ,2/28/2025,126.46,17523547,
000568.SZ,3/3/2025,125,11404355,
000568.SZ,3/4/2025,123.48,8346613,
000568.SZ,3/5/2025,123.73,7712116,
000568.SZ,3/6/2025,126.18,9968818,
000568.SZ,3/7/2025,131.41,21551039,
000568.SZ,3/10/2025,132.12,11591899,
000568.SZ,3/11/2025,136.83,20269463,
000568.SZ,3/12/2025,135.78,12472777,
000568.SZ,3/13/2025,135.26,9057499,
000568.SZ,3/14/2025,143.61,28768424,
000568.SZ,3/17/2025,142.94,19066501,
000568.SZ,3/18/2025,143.37,11045871,
000568.SZ,3/19/2025,139.02,17924444,
000568.SZ,3/20/2025,135.16,13324453,
000568.SZ,3/21/2025,130.68,14683607,
000568.SZ,3/24/2025,132.75,12375106,
000568.SZ,3/25/2025,131.58,8309676,
000568.SZ,3/26/2025,132.11,6419199,
000568.SZ,3/27/2025,134.12,7732756,
000568.SZ,3/28/2025,132.3,6700212,
000568.SZ,3/31/2025,129.72,9044328,
000568.SZ,4/1/2025,130.89,5435270,
000568.SZ,4/2/2025,129.71,5768268,
000568.SZ,4/3/2025,132.58,8646909,
000568.SZ,4/7/2025,125.56,19007423,
000568.SZ,4/8/2025,129,14687467,
000568.SZ,4/9/2025,131.67,12679511,
000568.SZ,4/10/2025,132.8,9945993,
000568.SZ,4/11/2025,130.17,11423449,
000568.SZ,4/14/2025,129.47,8376681,
000568.SZ,4/15/2025,130.21,6460269,
000568.SZ,4/16/2025,131,6607019,
000568.SZ,4/17/2025,132.33,8068659,
000568.SZ,4/18/2025,131.8,5344236,
000568.SZ,4/21/2025,129.6,8084330,
000568.SZ,4/22/2025,129.14,8077469,
000568.SZ,4/23/2025,128.65,6976609,
000568.SZ,4/24/2025,126.55,8419231,
000568.SZ,4/25/2025,125.36,7813031,
000568.SZ,4/28/2025,125.6,7899515,
000568.SZ,4/29/2025,123.6,8002169,
000568.SZ,4/30/2025,123.74,5804209,
000568.SZ,5/6/2025,125.47,6655137,
000568.SZ,5/7/2025,125.87,6533192,
000568.SZ,5/8/2025,127.18,6790272,
000568.SZ,5/9/2025,126.36,4089982,
000568.SZ,5/12/2025,126.59,5825960,
000568.SZ,5/13/2025,126,4992654,
000568.SZ,5/14/2025,130.14,14811002,
000568.SZ,5/15/2025,128.29,6572902,
000568.SZ,5/16/2025,126.29,6655706,
000568.SZ,5/19/2025,122.98,13275845,
000568.SZ,5/20/2025,122.67,7618359,
000568.SZ,5/21/2025,122.69,5774194,
000568.SZ,5/22/2025,122.1,6158770,
000568.SZ,5/23/2025,121.84,5725861,
000568.SZ,5/26/2025,119.51,9716283,
000568.SZ,5/27/2025,119.18,6096410,
000568.SZ,5/28/2025,119,5902907,
000568.SZ,5/29/2025,119.09,6133079,
000568.SZ,5/30/2025,116.92,11247530,
000568.SZ,6/3/2025,115.4,11254024,
000568.SZ,6/4/2025,114.99,8955388,
000568.SZ,6/5/2025,116.25,8063374,
000568.SZ,6/6/2025,116.14,6849326,
000568.SZ,6/9/2025,116.25,7539407,
000568.SZ,6/10/2025,115.28,11626036,
000568.SZ,6/11/2025,115.18,8678323,
000568.SZ,6/12/2025,113.17,16566381,
000568.SZ,6/13/2025,109.08,21226937,
000568.SZ,6/16/2025,108.8,15101436,
000568.SZ,6/17/2025,109.98,10087128,
000568.SZ,6/18/2025,110.32,11154869,
000568.SZ,6/19/2025,111.01,11736260,
000568.SZ,6/20/2025,114.1,17573822,
000568.SZ,6/23/2025,113.76,8797145,
000568.SZ,6/24/2025,114.23,7392221,
000568.SZ,6/25/2025,113.7,9476505,
000568.SZ,6/26/2025,113.89,6536483,
000568.SZ,6/27/2025,112.82,7530734,
000568.SZ,6/30/2025,113.4,9250534,
000568.SZ,7/1/2025,112.5,6346328,
000568.SZ,7/2/2025,112.8,9388593,
000568.SZ,7/3/2025,112.9,6967431,
000568.SZ,7/4/2025,113.93,8534074,
000568.SZ,7/7/2025,113.23,6312691,
000568.SZ,7/8/2025,114,7544394,
000568.SZ,7/9/2025,114.36,10173927,
000568.SZ,7/10/2025,116.66,12748565,
000568.SZ,7/11/2025,119.1,18551460,
000568.SZ,7/14/2025,119.97,10903174,
000568.SZ,7/15/2025,118.95,9361363,
000568.SZ,7/16/2025,120.69,8893021,
000568.SZ,7/17/2025,120.65,8205666,
000568.SZ,7/18/2025,124.8,17373392,
000568.SZ,7/21/2025,123.75,8426000,
000568.SZ,7/22/2025,129.38,16783030,
000568.SZ,7/23/2025,128.38,11075931,
000568.SZ,7/24/2025,128.19,8364228,
000568.SZ,7/25/2025,124.83,12016007,
000568.SZ,7/28/2025,124.04,11167554,
000568.SZ,7/29/2025,124.3,7359086,
000568.SZ,7/30/2025,127.09,13282781,
000568.SZ,7/31/2025,122.9,11087839,
000568.SZ,8/1/2025,123.06,6948094,
000568.SZ,8/4/2025,124.05,5902249,
000568.SZ,8/5/2025,127.01,9419227,
000568.SZ,8/6/2025,127.58,5604391,
000568.SZ,8/7/2025,128.4,9411529,
000568.SZ,8/8/2025,122.15,8089915,
000568.SZ,8/11/2025,126.08,11393331,
000568.SZ,8/12/2025,125.43,17352522,
000568.SZ,8/13/2025,125.76,9070610,
000568.SZ,8/14/2025,124.68,8695593,
000568.SZ,8/15/2025,124.7,8648937,
000568.SZ,8/18/2025,124.83,10087155,
000568.SZ,8/19/2025,126.4,15026308,
000568.SZ,8/20/2025,130.31,22875087,
000568.SZ,8/21/2025,129.65,10027039,
000568.SZ,8/22/2025,130.69,8999500,
000568.SZ,8/25/2025,138.99,21462428,
000568.SZ,8/26/2025,140.83,17817766,
000568.SZ,8/27/2025,133.82,20028507,
000568.SZ,8/28/2025,133.72,12374958,
000568.SZ,8/29/2025,137.19,14416288,
000568.SZ,9/1/2025,135.85,11846641,
000568.SZ,9/2/2025,137.05,16285276,
000568.SZ,9/3/2025,135.59,10301298,
000568.SZ,9/4/2025,134.09,9682423,
000568.SZ,9/5/2025,135.9,8191939,
000568.SZ,9/8/2025,139.88,14216539,
000568.SZ,9/9/2025,140.31,9628793,
000568.SZ,9/10/2025,139.58,12466650,
000568.SZ,9/11/2025,140.46,9278869,
000568.SZ,9/12/2025,139,10655893,
000568.SZ,9/15/2025,139.1,7059268,
000568.SZ,9/16/2025,138.45,6103958,
000568.SZ,9/17/2025,137,6988721,
000568.SZ,9/18/2025,133.7,11694985,
000568.SZ,9/19/2025,134.85,8542139,
000568.SZ,9/22/2025,133.58,8094116,
000568.SZ,9/23/2025,132.61,6126806,
000568.SZ,9/24/2025,131.91,6262095,
000568.SZ,9/25/2025,129.46,9712219,
000568.SZ,9/26/2025,127.58,12710627,
000568.SZ,9/29/2025,133.06,16023345,
000568.SZ,9/30/2025,131.92,10255238,
000568.SZ,10/9/2025,129.86,12487311,
000568.SZ,10/10/2025,128.87,7950076,
000568.SZ,10/13/2025,127.3,7787267,
000568.SZ,10/14/2025,132.65,18560169,
000568.SZ,10/15/2025,134.62,11413077,
000568.SZ,10/16/2025,137.05,10630292,
000568.SZ,10/17/2025,135,7875320,
000568.SZ,10/20/2025,133.15,8147329,
000568.SZ,10/21/2025,134.21,7826160,
000568.SZ,10/22/2025,134.67,5622342,
000568.SZ,10/23/2025,136.58,7774581,
000568.SZ,10/24/2025,130.24,15693033,
000568.SZ,10/27/2025,129.4,9415683,
000568.SZ,10/28/2025,130.49,7159421,
000568.SZ,10/29/2025,129.87,5785212,
000568.SZ,10/30/2025,129.88,7914413,
000568.SZ,10/31/2025,134.54,19063560,
000568.SZ,11/3/2025,135.04,9952938,
000568.SZ,11/4/2025,133.1,6796659,
000568.SZ,11/5/2025,132.17,6164267,
000568.SZ,11/6/2025,131.9,6784954,
000568.SZ,11/7/2025,131.65,5388745,
000568.SZ,11/10/2025,142.49,28469814,
000568.SZ,11/11/2025,141.64,16129169,
000568.SZ,11/12/2025,141.87,10080933,
000568.SZ,11/13/2025,143.32,11411556,
000568.SZ,11/14/2025,139.62,9474533,
000568.SZ,11/17/2025,140,7802610,
000568.SZ,11/18/2025,139.75,7871781,
000568.SZ,11/19/2025,137.14,7977921,
000568.SZ,11/20/2025,136.85,5630106,
000568.SZ,11/21/2025,134.2,10177131,
000568.SZ,11/24/2025,132.92,8916136,
000568.SZ,11/25/2025,133.59,7183720,
000568.SZ,11/26/2025,134.93,6171939,
000568.SZ,11/27/2025,135.01,6153900,
000568.SZ,11/28/2025,135.88,5609216,
000568.SZ,12/1/2025,135.76,6305216,
000568.SZ,12/2/2025,133.69,4661914,
000568.SZ,12/3/2025,132.7,4813797,
000568.SZ,12/4/2025,127.71,14035050,
000568.SZ,12/5/2025,128.35,5555184,
000568.SZ,12/8/2025,125.38,11742648,
000568.SZ,12/9/2025,122.12,12711894,
000568.SZ,12/10/2025,122.62,8299471,
000568.SZ,12/11/2025,121.4,5169935,
000568.SZ,12/12/2025,122.98,12879574,
000568.SZ,12/15/2025,122.81,9519384,
000568.SZ,12/16/2025,122.86,5232686,
000568.SZ,12/17/2025,122.11,7840578,
000568.SZ,12/18/2025,121.97,5105821,
000568.SZ,12/19/2025,122.09,6712305,
000568.SZ,12/22/2025,121.33,8054542,
000568.SZ,12/23/2025,120.4,7193371,
000568.SZ,12/24/2025,119.94,5259257,
000568.SZ,12/25/2025,120.72,8192097,
000568.SZ,12/26/2025,119.39,7343791,
000568.SZ,12/29/2025,117.21,9890591,
000568.SZ,12/30/2025,117.85,5283200,
000568.SZ,12/31/2025,116.22,5839418,
000568.SZ,1/5/2026,118,8781463,
000568.SZ,1/6/2026,118.62,10974756,
000568.SZ,1/7/2026,117.12,9367641,
000568.SZ,1/8/2026,116.59,7233119,
000568.SZ,1/9/2026,116.86,8651180,
000568.SZ,1/12/2026,119.29,12964117,
000568.SZ,1/13/2026,118,12514426,
000568.SZ,1/14/2026,116.86,13697485,
000568.SZ,1/15/2026,115.36,8774097,
000568.SZ,1/16/2026,114.28,9085101,
000568.SZ,1/19/2026,113.59,7283334,
000568.SZ,1/20/2026,116.26,15007920,
000568.SZ,1/21/2026,113.18,10695898,
000568.SZ,1/22/2026,112.35,8235413,
000568.SZ,1/23/2026,112.04,8429404,
000568.SZ,1/26/2026,112.43,16092518,
000568.SZ,1/27/2026,112.36,12121972,
000568.SZ,1/28/2026,112.94,13800938,
000568.SZ,1/29/2026,124.23,38936289,
000568.SZ,1/30/2026,120.9,31515526,
000568.SZ,2/2/2026,122,26849892,
000568.SZ,2/3/2026,122.3,14273630,
000568.SZ,2/4/2026,126.3,22480045,
000568.SZ,2/5/2026,125.46,15871076,
000568.SZ,2/6/2026,122.83,12251527,
000568.SZ,2/9/2026,121.29,14698272,
000568.SZ,2/10/2026,118.19,12866212,
000568.SZ,2/11/2026,117.94,8572875,
000568.SZ,2/12/2026,115.62,9332215,
000568.SZ,2/13/2026,116.25,9280111,
000568.SZ,2/24/2026,112.5,12607302,
000568.SZ,2/25/2026,112.92,8764349,
000568.SZ,2/26/2026,111,10440141,
000568.SZ,2/27/2026,110.5,6481263,
000568.SZ,3/2/2026,108.17,10817375,
000568.SZ,3/3/2026,107.5,12431724,
000568.SZ,3/4/2026,103.64,15604436,
000568.SZ,3/5/2026,103.93,6285320,
000568.SZ,3/6/2026,105.98,8045189,
000568.SZ,3/9/2026,105.01,6622794,
000568.SZ,3/10/2026,105.07,6033692,
000568.SZ,3/11/2026,104.8,7111309,
000568.SZ,3/12/2026,105.18,7422666,
000568.SZ,3/13/2026,107.86,13109496,
000568.SZ,3/16/2026,108.62,11696323,
000568.SZ,3/17/2026,108.13,8206227,
000568.SZ,3/18/2026,106.85,5697700,
000568.SZ,3/19/2026,105.4,4917486,
000568.SZ,3/20/2026,105.2,5104025,
000568.SZ,3/23/2026,102.44,8641529,
000568.SZ,3/24/2026,103.39,5401255,
000568.SZ,3/25/2026,103.84,5071209,
000568.SZ,3/26/2026,101.9,7355226,
000568.SZ,3/27/2026,103.78,7647566,
000568.SZ,3/30/2026,105.3,8062033,
000568.SZ,3/31/2026,104.68,8996592,
000568.SZ,4/1/2026,106.26,6659368,
000568.SZ,4/2/2026,105.96,4483582,
000568.SZ,4/3/2026,104.27,4346404,
000568.SZ,4/7/2026,103.49,4472673,
000568.SZ,4/8/2026,105.03,5664161,
000568.SZ,4/9/2026,102.8,7059079,
000568.SZ,4/10/2026,102.51,8540755,
000568.SZ,4/13/2026,102.43,5596485,
000568.SZ,4/14/2026,103.21,7605750,
000568.SZ,4/15/2026,103.09,7303144,
000568.SZ,4/16/2026,103.05,5950877,
000568.SZ,4/17/2026,101.2,9256034,
000568.SZ,4/20/2026,100.65,7721370,
000568.SZ,4/21/2026,100.61,4455793,
000568.SZ,4/22/2026,100.24,8120880,
000568.SZ,4/23/2026,101.85,11547755,
000568.SZ,4/24/2026,102.63,10851242,
000568.SZ,4/27/2026,100.35,7379413,
000568.SZ,4/28/2026,100.2,6718251,
000568.SZ,4/29/2026,101.73,12244425,
000568.SZ,4/30/2026,100.1,8984439,
000568.SZ,5/6/2026,98.33,19221474,
000568.SZ,5/7/2026,99.05,11076146,
000568.SZ,5/8/2026,97.53,6855470,
000568.SZ,5/11/2026,96.91,9919793,
000568.SZ,5/12/2026,94.78,13876336,
000568.SZ,5/13/2026,92.7,11837384,
000568.SZ,5/14/2026,94.35,15180601,
000568.SZ,5/15/2026,91,13697805,
000568.SZ,5/18/2026,89.97,8217133,
000568.SZ,5/19/2026,90.33,9012175,
000568.SZ,5/20/2026,92.2,12216917,
000568.SZ,5/21/2026,91.42,9684505,
000568.SZ,5/22/2026,90.02,7819870,
000568.SZ,5/25/2026,91.85,13688897,
000568.SZ,5/26/2026,90.78,10925094,
000568.SZ,5/27/2026,91.98,20886922,
000568.SZ,5/28/2026,89.02,11249442,
000568.SZ,5/29/2026,91.04,20103081,
000568.SZ,6/1/2026,90.4,14082175,
000568.SZ,6/2/2026,88.5,14551383,
000568.SZ,6/3/2026,87.55,11904758,
000568.SZ,6/4/2026,86.6,7355230,0.066686
000568.SZ,6/5/2026,86.88,7387256,0.066471
000568.SZ,6/8/2026,84.56,10597993,0.068295
000568.SZ,6/9/2026,84.45,7777673,0.068384
000568.SZ,6/10/2026,85.41,12827655,0.067615
000568.SZ,6/11/2026,85.48,9364052,0.06756
000858.SZ,6/3/2024,145.98,14092998,
000858.SZ,6/4/2024,147.78,10302099,
000858.SZ,6/5/2024,145.76,11114765,
000858.SZ,6/6/2024,144.9,12730851,
000858.SZ,6/7/2024,142.34,15869270,
000858.SZ,6/11/2024,138.48,20665469,
000858.SZ,6/12/2024,137.9,15452411,
000858.SZ,6/13/2024,134.56,24362284,
000858.SZ,6/14/2024,135.68,28721911,
000858.SZ,6/17/2024,135.73,24627240,
000858.SZ,6/18/2024,133.89,20298120,
000858.SZ,6/19/2024,134.22,13704527,
000858.SZ,6/20/2024,132.2,12619163,
000858.SZ,6/21/2024,130.2,21388642,
000858.SZ,6/24/2024,131.03,23923514,
000858.SZ,6/25/2024,131.51,17715159,
000858.SZ,6/26/2024,131.3,10221249,
000858.SZ,6/27/2024,129.65,12264610,
000858.SZ,6/28/2024,128.04,15689886,
000858.SZ,7/1/2024,128.3,15433459,
000858.SZ,7/2/2024,131.56,24747909,
000858.SZ,7/3/2024,131,12427733,
000858.SZ,7/4/2024,130.59,10049528,
000858.SZ,7/5/2024,128.95,13941250,
000858.SZ,7/8/2024,125.91,20745544,
000858.SZ,7/9/2024,127.07,19540437,
000858.SZ,7/10/2024,126.54,15457159,
000858.SZ,7/11/2024,130.48,25779636,
000858.SZ,7/12/2024,127.4,18938660,
000858.SZ,7/15/2024,127.5,11973781,
000858.SZ,7/16/2024,127.48,15468916,
000858.SZ,7/17/2024,130.76,22884217,
000858.SZ,7/18/2024,131.1,18591713,
000858.SZ,7/19/2024,133.42,19024378,
000858.SZ,7/22/2024,131.22,15642939,
000858.SZ,7/23/2024,126.8,19756404,
000858.SZ,7/24/2024,126.06,14364962,
000858.SZ,7/25/2024,125.78,11814145,
000858.SZ,7/26/2024,126.2,11421502,
000858.SZ,7/29/2024,124.1,13936430,
000858.SZ,7/30/2024,123.29,20725348,
000858.SZ,7/31/2024,126.86,26057917,
000858.SZ,8/1/2024,124,17473861,
000858.SZ,8/2/2024,123.7,9950169,
000858.SZ,8/5/2024,126,24189241,
000858.SZ,8/6/2024,125.9,15347283,
000858.SZ,8/7/2024,127,13259071,
000858.SZ,8/8/2024,128.35,20013087,
000858.SZ,8/9/2024,128.08,15846790,
000858.SZ,8/12/2024,127.71,7310797,
000858.SZ,8/13/2024,125.6,12451739,
000858.SZ,8/14/2024,124.33,9494697,
000858.SZ,8/15/2024,124.95,11162349,
000858.SZ,8/16/2024,125.01,9726670,
000858.SZ,8/19/2024,123.95,13875921,
000858.SZ,8/20/2024,123.15,10985221,
000858.SZ,8/21/2024,122.2,9710809,
000858.SZ,8/22/2024,120.99,18528513,
000858.SZ,8/23/2024,121.11,8898800,
000858.SZ,8/26/2024,118.12,20401007,
000858.SZ,8/27/2024,117.7,15660884,
000858.SZ,8/28/2024,114,24729242,
000858.SZ,8/29/2024,118.78,30025609,
000858.SZ,8/30/2024,123.03,33779842,
000858.SZ,9/2/2024,119,17755490,
000858.SZ,9/3/2024,120.32,12798410,
000858.SZ,9/4/2024,119.11,8469238,
000858.SZ,9/5/2024,119.55,8279466,
000858.SZ,9/6/2024,117.53,7772198,
000858.SZ,9/9/2024,116.22,11158667,
000858.SZ,9/10/2024,116.43,10605023,
000858.SZ,9/11/2024,116.01,7659099,
000858.SZ,9/12/2024,113.36,16984847,
000858.SZ,9/13/2024,109.2,31153086,
000858.SZ,9/18/2024,107.69,17763923,
000858.SZ,9/19/2024,110.9,31818095,
000858.SZ,9/20/2024,110.28,19668110,
000858.SZ,9/23/2024,112.29,20371180,
000858.SZ,9/24/2024,120.36,47346927,
000858.SZ,9/25/2024,122.1,41718945,
000858.SZ,9/26/2024,134.31,66453364,
000858.SZ,9/27/2024,147.74,86457718,
000858.SZ,9/30/2024,162.51,98620119,
000858.SZ,10/8/2024,164.05,130680565,
000858.SZ,10/9/2024,147.68,81546859,
000858.SZ,10/10/2024,151.98,60060115,
000858.SZ,10/11/2024,149.65,28515763,
000858.SZ,10/14/2024,149.76,33496575,
000858.SZ,10/15/2024,144,32970192,
000858.SZ,10/16/2024,141.65,31227224,
000858.SZ,10/17/2024,137.95,28250755,
000858.SZ,10/18/2024,143,44144323,
000858.SZ,10/21/2024,143.01,29576515,
000858.SZ,10/22/2024,145.44,30466330,
000858.SZ,10/23/2024,148.53,35813825,
000858.SZ,10/24/2024,146.46,18642006,
000858.SZ,10/25/2024,148.11,19805485,
000858.SZ,10/28/2024,153.97,43810985,
000858.SZ,10/29/2024,150.8,30315753,
000858.SZ,10/30/2024,148.8,21187042,
000858.SZ,10/31/2024,146.83,26944088,
000858.SZ,11/1/2024,147.92,22719198,
000858.SZ,11/4/2024,148.6,20505185,
000858.SZ,11/5/2024,152.8,32031809,
000858.SZ,11/6/2024,151.25,30206560,
000858.SZ,11/7/2024,162.24,67187150,
000858.SZ,11/8/2024,156.47,56747365,
000858.SZ,11/11/2024,154.82,36601207,
000858.SZ,11/12/2024,154.3,35134682,
000858.SZ,11/13/2024,153.94,19433400,
000858.SZ,11/14/2024,153.49,21792782,
000858.SZ,11/15/2024,151.29,25544269,
000858.SZ,11/18/2024,149.33,20986101,
000858.SZ,11/19/2024,148.45,23341346,
000858.SZ,11/20/2024,149.6,14981538,
000858.SZ,11/21/2024,149.5,11446054,
000858.SZ,11/22/2024,144.89,18942474,
000858.SZ,11/25/2024,143.8,19168995,
000858.SZ,11/26/2024,144.8,17535782,
000858.SZ,11/27/2024,147.05,20024978,
000858.SZ,11/28/2024,144,19045387,
000858.SZ,11/29/2024,146.77,28727796,
000858.SZ,12/2/2024,147.4,17976352,
000858.SZ,12/3/2024,146.99,14014314,
000858.SZ,12/4/2024,145.73,14843403,
000858.SZ,12/5/2024,145.03,10321021,
000858.SZ,12/6/2024,146.44,18754575,
000858.SZ,12/9/2024,145.76,14542425,
000858.SZ,12/10/2024,149.1,46326278,
000858.SZ,12/11/2024,149.4,19999335,
000858.SZ,12/12/2024,151.82,25365291,
000858.SZ,12/13/2024,148.04,28422742,
000858.SZ,12/16/2024,144.59,26477262,
000858.SZ,12/17/2024,144.89,15949283,
000858.SZ,12/18/2024,145.2,12067558,
000858.SZ,12/19/2024,143.55,15198227,
000858.SZ,12/20/2024,143.21,17283558,
000858.SZ,12/23/2024,142.45,14260102,
000858.SZ,12/24/2024,143.48,14333019,
000858.SZ,12/25/2024,143.08,9613952,
000858.SZ,12/26/2024,142.49,10476825,
000858.SZ,12/27/2024,142.52,13445059,
000858.SZ,12/30/2024,141.21,16367180,
000858.SZ,12/31/2024,140.04,24521867,
000858.SZ,1/2/2025,136.99,25564735,
000858.SZ,1/3/2025,135.4,16823014,
000858.SZ,1/6/2025,130.83,27943013,
000858.SZ,1/7/2025,130.85,19018740,
000858.SZ,1/8/2025,129.7,19287619,
000858.SZ,1/9/2025,130.58,15918343,
000858.SZ,1/10/2025,128.6,13537786,
000858.SZ,1/13/2025,129.2,12149103,
000858.SZ,1/14/2025,133.02,22862469,
000858.SZ,1/15/2025,132.77,12812277,
000858.SZ,1/16/2025,131.48,16309620,
000858.SZ,1/17/2025,132.3,15245016,
000858.SZ,1/20/2025,134.3,19417359,
000858.SZ,1/21/2025,133.39,13279686,
000858.SZ,1/22/2025,130.35,17418217,
000858.SZ,1/23/2025,128.65,18448933,
000858.SZ,1/24/2025,127.72,18943572,
000858.SZ,1/27/2025,127.2,12653510,
000858.SZ,2/5/2025,125.01,18691574,
000858.SZ,2/6/2025,125.9,13819081,
000858.SZ,2/7/2025,127.63,23247330,
000858.SZ,2/10/2025,127.53,13654558,
000858.SZ,2/11/2025,126.26,17600170,
000858.SZ,2/12/2025,127.7,17735327,
000858.SZ,2/13/2025,131.51,46762606,
000858.SZ,2/14/2025,131.23,21810735,
000858.SZ,2/17/2025,131.55,20507840,
000858.SZ,2/18/2025,130.2,18596134,
000858.SZ,2/19/2025,131.11,15364181,
000858.SZ,2/20/2025,130.5,13253049,
000858.SZ,2/21/2025,131.12,21001653,
000858.SZ,2/24/2025,131.9,24439219,
000858.SZ,2/25/2025,128.75,22190136,
000858.SZ,2/26/2025,129.8,17924348,
000858.SZ,2/27/2025,132.75,37079506,
000858.SZ,2/28/2025,131.58,33720213,
000858.SZ,3/3/2025,130.84,21035512,
000858.SZ,3/4/2025,129.75,14934839,
000858.SZ,3/5/2025,128.61,19936646,
000858.SZ,3/6/2025,131.68,23585718,
000858.SZ,3/7/2025,134.8,34007291,
000858.SZ,3/10/2025,132.69,20635305,
000858.SZ,3/11/2025,135.2,32103562,
000858.SZ,3/12/2025,132.97,28801774,
000858.SZ,3/13/2025,132.39,16792264,
000858.SZ,3/14/2025,140.8,76551575,
000858.SZ,3/17/2025,139.84,38773048,
000858.SZ,3/18/2025,139.55,18673497,
000858.SZ,3/19/2025,138.92,16815724,
000858.SZ,3/20/2025,135.99,22872209,
000858.SZ,3/21/2025,134.6,19713023,
000858.SZ,3/24/2025,134.31,18048886,
000858.SZ,3/25/2025,133.56,17567115,
000858.SZ,3/26/2025,133.35,10882580,
000858.SZ,3/27/2025,133.9,14086564,
000858.SZ,3/28/2025,133.23,12099601,
000858.SZ,3/31/2025,131.35,14485487,
000858.SZ,4/1/2025,131.79,12170463,
000858.SZ,4/2/2025,131.15,10102473,
000858.SZ,4/3/2025,132,16562264,
000858.SZ,4/7/2025,126.78,46309272,
000858.SZ,4/8/2025,130.76,33185668,
000858.SZ,4/9/2025,132.25,29699887,
000858.SZ,4/10/2025,133.15,23310636,
000858.SZ,4/11/2025,131.6,17429334,
000858.SZ,4/14/2025,131.04,12578106,
000858.SZ,4/15/2025,131.35,11482502,
000858.SZ,4/16/2025,132.3,16668022,
000858.SZ,4/17/2025,132.53,15292281,
000858.SZ,4/18/2025,131.75,8947834,
000858.SZ,4/21/2025,130.34,14436366,
000858.SZ,4/22/2025,130.1,11585468,
000858.SZ,4/23/2025,129.97,9594427,
000858.SZ,4/24/2025,129.06,13152369,
000858.SZ,4/25/2025,129.05,10718307,
000858.SZ,4/28/2025,130.85,18504541,
000858.SZ,4/29/2025,129.55,12479570,
000858.SZ,4/30/2025,128.7,14662657,
000858.SZ,5/6/2025,129.49,14634943,
000858.SZ,5/7/2025,129.99,15247040,
000858.SZ,5/8/2025,131.8,20802315,
000858.SZ,5/9/2025,131.58,11054836,
000858.SZ,5/12/2025,132.97,16456000,
000858.SZ,5/13/2025,132.99,12039542,
000858.SZ,5/14/2025,135.26,29148950,
000858.SZ,5/15/2025,133.67,14494424,
000858.SZ,5/16/2025,131.08,17354288,
000858.SZ,5/19/2025,129.3,23700824,
000858.SZ,5/20/2025,129.13,15936916,
000858.SZ,5/21/2025,129.26,14169298,
000858.SZ,5/22/2025,129.09,9605451,
000858.SZ,5/23/2025,128.15,15037984,
000858.SZ,5/26/2025,126.41,27361547,
000858.SZ,5/27/2025,126.16,15126840,
000858.SZ,5/28/2025,126.92,18138470,
000858.SZ,5/29/2025,127.32,16034701,
000858.SZ,5/30/2025,126.44,14682788,
000858.SZ,6/3/2025,124.68,23748287,
000858.SZ,6/4/2025,124.55,19350308,
000858.SZ,6/5/2025,125.03,20231200,
000858.SZ,6/6/2025,125.09,11888498,
000858.SZ,6/9/2025,124.96,19842902,
000858.SZ,6/10/2025,124.39,17105298,
000858.SZ,6/11/2025,124.7,14547273,
000858.SZ,6/12/2025,122.5,38065992,
000858.SZ,6/13/2025,119.12,36696171,
000858.SZ,6/16/2025,118.27,27148875,
000858.SZ,6/17/2025,117.71,19650205,
000858.SZ,6/18/2025,118.33,20049069,
000858.SZ,6/19/2025,117.28,16357242,
000858.SZ,6/20/2025,119.56,29681382,
000858.SZ,6/23/2025,118.28,17338663,
000858.SZ,6/24/2025,119.75,17895787,
000858.SZ,6/25/2025,120.18,17864721,
000858.SZ,6/26/2025,119.73,16637264,
000858.SZ,6/27/2025,119.18,16021567,
000858.SZ,6/30/2025,118.9,22368008,
000858.SZ,7/1/2025,118.63,12218321,
000858.SZ,7/2/2025,119.18,15447681,
000858.SZ,7/3/2025,119.62,12243011,
000858.SZ,7/4/2025,120.39,17067930,
000858.SZ,7/7/2025,119.91,8581080,
000858.SZ,7/8/2025,120.78,11663123,
000858.SZ,7/9/2025,121.6,20349574,
000858.SZ,7/10/2025,122.58,16271646,
000858.SZ,7/11/2025,124.3,28718907,
000858.SZ,7/14/2025,125.41,21913998,
000858.SZ,7/15/2025,125,19332839,
000858.SZ,7/16/2025,125.28,17869945,
000858.SZ,7/17/2025,125.82,17299880,
000858.SZ,7/18/2025,123.78,21020856,
000858.SZ,7/21/2025,122.56,18778433,
000858.SZ,7/22/2025,125.53,30377165,
000858.SZ,7/23/2025,125.2,22906716,
000858.SZ,7/24/2025,125.55,15601222,
000858.SZ,7/25/2025,123.54,18400674,
000858.SZ,7/28/2025,124.06,17851106,
000858.SZ,7/29/2025,123.52,18515092,
000858.SZ,7/30/2025,124.52,22412427,
000858.SZ,7/31/2025,121.15,30468735,
000858.SZ,8/1/2025,121,12322595,
000858.SZ,8/4/2025,120.92,8593314,
000858.SZ,8/5/2025,121.95,13944554,
000858.SZ,8/6/2025,122.16,11968359,
000858.SZ,8/7/2025,122.55,11570286,
000858.SZ,8/8/2025,122.22,8242559,
000858.SZ,8/11/2025,123.94,18266039,
000858.SZ,8/12/2025,123.19,21137375,
000858.SZ,8/13/2025,123.19,15582285,
000858.SZ,8/14/2025,122.84,19906336,
000858.SZ,8/15/2025,123.1,19394317,
000858.SZ,8/18/2025,123.75,25530142,
000858.SZ,8/19/2025,124.41,32724162,
000858.SZ,8/20/2025,125.78,40431044,
000858.SZ,8/21/2025,125.45,23189477,
000858.SZ,8/22/2025,125.79,20484997,
000858.SZ,8/25/2025,129.93,47980003,
000858.SZ,8/26/2025,129.74,34979445,
000858.SZ,8/27/2025,126.62,34684706,
000858.SZ,8/28/2025,125.47,34583488,
000858.SZ,8/29/2025,129.53,43525090,
000858.SZ,9/1/2025,128.87,31694195,
000858.SZ,9/2/2025,128.56,34916169,
000858.SZ,9/3/2025,126.62,30286319,
000858.SZ,9/4/2025,125.51,26187312,
000858.SZ,9/5/2025,126.81,20173355,
000858.SZ,9/8/2025,129.09,30536352,
000858.SZ,9/9/2025,128.8,18440608,
000858.SZ,9/10/2025,128.06,19964491,
000858.SZ,9/11/2025,128.52,22997326,
000858.SZ,9/12/2025,127.19,26270390,
000858.SZ,9/15/2025,126.65,16656948,
000858.SZ,9/16/2025,125.8,19108652,
000858.SZ,9/17/2025,125.96,18133640,
000858.SZ,9/18/2025,123.94,27547752,
000858.SZ,9/19/2025,124.08,19668801,
000858.SZ,9/22/2025,122.5,19643327,
000858.SZ,9/23/2025,122.19,17207909,
000858.SZ,9/24/2025,122.37,13056429,
000858.SZ,9/25/2025,121.52,19455497,
000858.SZ,9/26/2025,120.17,26192542,
000858.SZ,9/29/2025,121.92,25635752,
000858.SZ,9/30/2025,121.48,15457057,
000858.SZ,10/9/2025,121.16,20375652,
000858.SZ,10/10/2025,120.73,17535995,
000858.SZ,10/13/2025,119.85,19583470,
000858.SZ,10/14/2025,122.07,29165582,
000858.SZ,10/15/2025,122.07,19459557,
000858.SZ,10/16/2025,122.74,19847810,
000858.SZ,10/17/2025,121.07,18040798,
000858.SZ,10/20/2025,120.46,13164496,
000858.SZ,10/21/2025,120.52,14729356,
000858.SZ,10/22/2025,120.1,12782668,
000858.SZ,10/23/2025,121.33,15571808,
000858.SZ,10/24/2025,120.29,17432200,
000858.SZ,10/27/2025,120.29,14394337,
000858.SZ,10/28/2025,120.1,14019459,
000858.SZ,10/29/2025,118.83,24508270,
000858.SZ,10/30/2025,118.47,20432985,
000858.SZ,10/31/2025,118.99,42107702,
000858.SZ,11/3/2025,118.98,22327034,
000858.SZ,11/4/2025,117.16,17273363,
000858.SZ,11/5/2025,116.18,16463035,
000858.SZ,11/6/2025,116.17,15467307,
000858.SZ,11/7/2025,116.75,14543557,
000858.SZ,11/10/2025,120.8,42906459,
000858.SZ,11/11/2025,120.78,22926794,
000858.SZ,11/12/2025,120.38,22254439,
000858.SZ,11/13/2025,121.2,16002293,
000858.SZ,11/14/2025,120.21,13924365,
000858.SZ,11/17/2025,120.15,11738778,
000858.SZ,11/18/2025,120.36,14766867,
000858.SZ,11/19/2025,119.89,9514962,
000858.SZ,11/20/2025,120.25,15825845,
000858.SZ,11/21/2025,119.68,20507164,
000858.SZ,11/24/2025,118.52,17301096,
000858.SZ,11/25/2025,118.51,14660888,
000858.SZ,11/26/2025,118.26,9169759,
000858.SZ,11/27/2025,117.94,9215651,
000858.SZ,11/28/2025,117.85,8029619,
000858.SZ,12/1/2025,117.65,12091201,
000858.SZ,12/2/2025,116.57,12492841,
000858.SZ,12/3/2025,115.6,16587100,
000858.SZ,12/4/2025,114.45,16929153,
000858.SZ,12/5/2025,114.96,11768183,
000858.SZ,12/8/2025,113.27,27697874,
000858.SZ,12/9/2025,110.88,30431037,
000858.SZ,12/10/2025,111.62,17869587,
000858.SZ,12/11/2025,111.9,15788422,
000858.SZ,12/12/2025,111.6,25702210,
000858.SZ,12/15/2025,112.45,21568629,
000858.SZ,12/16/2025,113,14506767,
000858.SZ,12/17/2025,113.4,15314001,
000858.SZ,12/18/2025,110.43,12462850,
000858.SZ,12/19/2025,110.53,13818718,
000858.SZ,12/22/2025,110.33,10846497,
000858.SZ,12/23/2025,109.72,11354023,
000858.SZ,12/24/2025,109.28,11790469,
000858.SZ,12/25/2025,110.6,12570809,
000858.SZ,12/26/2025,109.78,11475889,
000858.SZ,12/29/2025,108.06,19545251,
000858.SZ,12/30/2025,107.36,15847027,
000858.SZ,12/31/2025,105.94,20867682,
000858.SZ,1/5/2026,107.9,22266864,
000858.SZ,1/6/2026,108.17,18623239,
000858.SZ,1/7/2026,107.52,12309189,
000858.SZ,1/8/2026,106.9,12912133,
000858.SZ,1/9/2026,107.14,16074962,
000858.SZ,1/12/2026,108.55,23335607,
000858.SZ,1/13/2026,108,19737379,
000858.SZ,1/14/2026,107.04,22560863,
000858.SZ,1/15/2026,106.09,16292886,
000858.SZ,1/16/2026,105.16,19870993,
000858.SZ,1/19/2026,104.55,18229885,
000858.SZ,1/20/2026,104.91,17281662,
000858.SZ,1/21/2026,103.05,26228280,
000858.SZ,1/22/2026,102.76,18691474,
000858.SZ,1/23/2026,102.99,21455918,
000858.SZ,1/26/2026,102.34,31296115,
000858.SZ,1/27/2026,101.02,22528720,
000858.SZ,1/28/2026,100.7,26676739,
000858.SZ,1/29/2026,110.77,98660393,
000858.SZ,1/30/2026,105,66817118,
000858.SZ,2/2/2026,107.29,53197704,
000858.SZ,2/3/2026,107.28,33164323,
000858.SZ,2/4/2026,108.52,37891682,
000858.SZ,2/5/2026,108.89,37284641,
000858.SZ,2/6/2026,107,27652192,
000858.SZ,2/9/2026,107.36,20889162,
000858.SZ,2/10/2026,106.5,18504047,
000858.SZ,2/11/2026,106.04,11499591,
000858.SZ,2/12/2026,104.62,18172982,
000858.SZ,2/13/2026,106.06,24123984,
000858.SZ,2/24/2026,105.16,21014361,
000858.SZ,2/25/2026,105.17,16152900,
000858.SZ,2/26/2026,103.88,19232479,
000858.SZ,2/27/2026,104.05,11918816,
000858.SZ,3/2/2026,103.22,20406363,
000858.SZ,3/3/2026,102.55,23059451,
000858.SZ,3/4/2026,101.02,18301822,
000858.SZ,3/5/2026,101.45,10052078,
000858.SZ,3/6/2026,102.4,11291640,
000858.SZ,3/9/2026,101.52,17778084,
000858.SZ,3/10/2026,102.05,11169430,
000858.SZ,3/11/2026,102.18,10780126,
000858.SZ,3/12/2026,102.27,11661418,
000858.SZ,3/13/2026,102.95,15318710,
000858.SZ,3/16/2026,104.54,20304875,
000858.SZ,3/17/2026,104.79,17770249,
000858.SZ,3/18/2026,103.72,11720905,
000858.SZ,3/19/2026,102.53,11437347,
000858.SZ,3/20/2026,102.4,10286504,
000858.SZ,3/23/2026,100.23,20518979,
000858.SZ,3/24/2026,101.34,11750754,
000858.SZ,3/25/2026,102.45,10858964,
000858.SZ,3/26/2026,101.28,9592448,
000858.SZ,3/27/2026,102.65,10295755,
000858.SZ,3/30/2026,103.46,12490697,
000858.SZ,3/31/2026,103.27,17834771,
000858.SZ,4/1/2026,104.39,12266665,
000858.SZ,4/2/2026,105,15178337,
000858.SZ,4/3/2026,103.49,8308861,
000858.SZ,4/7/2026,103.11,8154794,
000858.SZ,4/8/2026,104.19,9774007,
000858.SZ,4/9/2026,102.6,9846158,
000858.SZ,4/10/2026,102.07,12242404,
000858.SZ,4/13/2026,102.42,12263434,
000858.SZ,4/14/2026,103.1,12069637,
000858.SZ,4/15/2026,103.55,11571256,
000858.SZ,4/16/2026,103.44,9016632,
000858.SZ,4/17/2026,101.86,16743174,
000858.SZ,4/20/2026,101.35,11696080,
000858.SZ,4/21/2026,101.18,10828096,
000858.SZ,4/22/2026,100.64,14438261,
000858.SZ,4/23/2026,101.18,17402318,
000858.SZ,4/24/2026,101.27,13453338,
000858.SZ,4/27/2026,100.2,19104782,
000858.SZ,4/28/2026,100.2,12341464,
000858.SZ,4/29/2026,98.34,33863533,
000858.SZ,4/30/2026,97.08,24820895,
000858.SZ,5/6/2026,92.26,87159923,
000858.SZ,5/7/2026,92.6,53627788,
000858.SZ,5/8/2026,92.13,25964091,
000858.SZ,5/11/2026,91.81,26932456,
000858.SZ,5/12/2026,90.56,37297423,
000858.SZ,5/13/2026,89.15,46720129,
000858.SZ,5/14/2026,88.99,50314824,
000858.SZ,5/15/2026,86.87,36117869,
000858.SZ,5/18/2026,85.57,39363075,
000858.SZ,5/19/2026,85.78,30494149,
000858.SZ,5/20/2026,85.47,30461662,
000858.SZ,5/21/2026,85.35,32663033,
000858.SZ,5/22/2026,84.03,26037090,
000858.SZ,5/25/2026,84.14,29202467,
000858.SZ,5/26/2026,83.36,27730383,
000858.SZ,5/27/2026,83.89,60380066,
000858.SZ,5/28/2026,81.49,36237862,
000858.SZ,5/29/2026,84.89,60110125,
000858.SZ,6/1/2026,83.41,27998720,
000858.SZ,6/2/2026,82.71,23817861,
000858.SZ,6/3/2026,82.35,21154363,
000858.SZ,6/4/2026,81.1,20421067,0.063576
000858.SZ,6/5/2026,81.08,21936442,0.063592
000858.SZ,6/8/2026,79.96,27525203,0.064482
000858.SZ,6/9/2026,79.11,21841173,0.065175
000858.SZ,6/10/2026,79.14,23072564,0.06515
000858.SZ,6/11/2026,79.79,37819589,0.06462
002807.SZ,6/3/2024,4.01,47036708,
002807.SZ,6/4/2024,4,36129952,
002807.SZ,6/5/2024,3.88,32375324,
002807.SZ,6/6/2024,3.88,38145912,
002807.SZ,6/7/2024,3.92,28770632,
002807.SZ,6/11/2024,3.85,32652737,
002807.SZ,6/12/2024,3.83,28853514,
002807.SZ,6/13/2024,3.78,24063080,
002807.SZ,6/14/2024,3.82,24617629,
002807.SZ,6/17/2024,3.77,23979940,
002807.SZ,6/18/2024,3.79,18835572,
002807.SZ,6/19/2024,3.79,21967672,
002807.SZ,6/20/2024,3.73,30981197,
002807.SZ,6/21/2024,3.71,22272014,
002807.SZ,6/24/2024,3.64,38715000,
002807.SZ,6/25/2024,3.68,27384180,
002807.SZ,6/26/2024,3.7,27578815,
002807.SZ,6/27/2024,3.71,32016081,
002807.SZ,6/28/2024,3.77,40144260,
002807.SZ,7/1/2024,3.82,24859340,
002807.SZ,7/2/2024,3.88,35289360,
002807.SZ,7/3/2024,3.86,26567960,
002807.SZ,7/4/2024,3.79,23658107,
002807.SZ,7/5/2024,3.71,35022240,
002807.SZ,7/8/2024,3.68,30592574,
002807.SZ,7/9/2024,3.78,27557212,
002807.SZ,7/10/2024,3.74,24298880,
002807.SZ,7/11/2024,3.73,27279180,
002807.SZ,7/12/2024,3.78,27567800,
002807.SZ,7/15/2024,3.82,26088800,
002807.SZ,7/16/2024,3.77,27044139,
002807.SZ,7/17/2024,3.78,18898500,
002807.SZ,7/18/2024,3.79,20050993,
002807.SZ,7/19/2024,3.79,27216020,
002807.SZ,7/22/2024,3.73,26614000,
002807.SZ,7/23/2024,3.75,28989987,
002807.SZ,7/24/2024,3.77,27076184,
002807.SZ,7/25/2024,3.73,27248012,
002807.SZ,7/26/2024,3.69,25657305,
002807.SZ,7/29/2024,3.74,22240740,
002807.SZ,7/30/2024,3.73,19037588,
002807.SZ,7/31/2024,3.79,32490340,
002807.SZ,8/1/2024,3.77,23962165,
002807.SZ,8/2/2024,3.77,22459306,
002807.SZ,8/5/2024,3.73,23976225,
002807.SZ,8/6/2024,3.69,24813419,
002807.SZ,8/7/2024,3.68,12451212,
002807.SZ,8/8/2024,3.67,20393930,
002807.SZ,8/9/2024,3.66,16136860,
002807.SZ,8/12/2024,3.63,11877549,
002807.SZ,8/13/2024,3.65,16396629,
002807.SZ,8/14/2024,3.64,13193229,
002807.SZ,8/15/2024,3.67,20368721,
002807.SZ,8/16/2024,3.69,22063620,
002807.SZ,8/19/2024,3.77,35701776,
002807.SZ,8/20/2024,3.75,28488136,
002807.SZ,8/21/2024,3.69,25336064,
002807.SZ,8/22/2024,3.74,29716140,
002807.SZ,8/23/2024,3.73,25658101,
002807.SZ,8/26/2024,3.79,33444200,
002807.SZ,8/27/2024,3.79,23364660,
002807.SZ,8/28/2024,3.74,31720545,
002807.SZ,8/29/2024,3.68,34229604,
002807.SZ,8/30/2024,3.69,35019733,
002807.SZ,9/2/2024,3.68,43008513,
002807.SZ,9/3/2024,3.63,35348544,
002807.SZ,9/4/2024,3.62,13833700,
002807.SZ,9/5/2024,3.62,14200640,
002807.SZ,9/6/2024,3.6,18850477,
002807.SZ,9/9/2024,3.52,24212880,
002807.SZ,9/10/2024,3.52,15702222,
002807.SZ,9/11/2024,3.46,24305660,
002807.SZ,9/12/2024,3.47,14472880,
002807.SZ,9/13/2024,3.44,14053560,
002807.SZ,9/18/2024,3.42,19125140,
002807.SZ,9/19/2024,3.46,15334752,
002807.SZ,9/20/2024,3.45,14618542,
002807.SZ,9/23/2024,3.5,23366780,
002807.SZ,9/24/2024,3.64,32307713,
002807.SZ,9/25/2024,3.73,53267409,
002807.SZ,9/26/2024,3.95,55427223,
002807.SZ,9/27/2024,3.97,65721940,
002807.SZ,9/30/2024,4.28,95328463,
002807.SZ,10/8/2024,4.43,101198847,
002807.SZ,10/9/2024,4.01,78821448,
002807.SZ,10/10/2024,4.15,69965092,
002807.SZ,10/11/2024,4.06,45256638,
002807.SZ,10/14/2024,4.2,50594468,
002807.SZ,10/15/2024,4.1,52308951,
002807.SZ,10/16/2024,4.22,49853885,
002807.SZ,10/17/2024,4.14,37388477,
002807.SZ,10/18/2024,4.19,58862477,
002807.SZ,10/21/2024,4.16,42254202,
002807.SZ,10/22/2024,4.14,32089572,
002807.SZ,10/23/2024,4.15,35434366,
002807.SZ,10/24/2024,4.14,27661840,
002807.SZ,10/25/2024,4.13,28210380,
002807.SZ,10/28/2024,4.14,29699802,
002807.SZ,10/29/2024,4.08,41781898,
002807.SZ,10/30/2024,4.01,49376573,
002807.SZ,10/31/2024,4.02,35028738,
002807.SZ,11/1/2024,4.01,38465454,
002807.SZ,11/4/2024,4.04,31407790,
002807.SZ,11/5/2024,4.12,41186264,
002807.SZ,11/6/2024,4.09,33630510,
002807.SZ,11/7/2024,4.23,54408149,
002807.SZ,11/8/2024,4.17,45173303,
002807.SZ,11/11/2024,4.14,39564133,
002807.SZ,11/12/2024,4.11,38817439,
002807.SZ,11/13/2024,4.14,46808305,
002807.SZ,11/14/2024,4.13,40530657,
002807.SZ,11/15/2024,4.12,50824087,
002807.SZ,11/18/2024,4.22,111479258,
002807.SZ,11/19/2024,4.28,90519662,
002807.SZ,11/20/2024,4.25,56057003,
002807.SZ,11/21/2024,4.25,37629827,
002807.SZ,11/22/2024,4.1,50323045,
002807.SZ,11/25/2024,4.09,40159318,
002807.SZ,11/26/2024,4.11,30313226,
002807.SZ,11/27/2024,4.17,41104592,
002807.SZ,11/28/2024,4.15,33749522,
002807.SZ,11/29/2024,4.2,42180802,
002807.SZ,12/2/2024,4.2,45345611,
002807.SZ,12/3/2024,4.25,39420995,
002807.SZ,12/4/2024,4.23,28557260,
002807.SZ,12/5/2024,4.21,24775989,
002807.SZ,12/6/2024,4.28,40553840,
002807.SZ,12/9/2024,4.29,34645606,
002807.SZ,12/10/2024,4.32,40668201,
002807.SZ,12/11/2024,4.35,44851886,
002807.SZ,12/12/2024,4.43,48141249,
002807.SZ,12/13/2024,4.32,66746330,
002807.SZ,12/16/2024,4.36,37434935,
002807.SZ,12/17/2024,4.3,53600296,
002807.SZ,12/18/2024,4.35,31844480,
002807.SZ,12/19/2024,4.26,37849336,
002807.SZ,12/20/2024,4.22,26556971,
002807.SZ,12/23/2024,4.23,34040325,
002807.SZ,12/24/2024,4.29,29141126,
002807.SZ,12/25/2024,4.33,32282722,
002807.SZ,12/26/2024,4.33,30274640,
002807.SZ,12/27/2024,4.37,37671354,
002807.SZ,12/30/2024,4.44,43133245,
002807.SZ,12/31/2024,4.35,42596355,
002807.SZ,1/2/2025,4.21,47507744,
002807.SZ,1/3/2025,4.18,34543620,
002807.SZ,1/6/2025,4.24,37753240,
002807.SZ,1/7/2025,4.23,24436302,
002807.SZ,1/8/2025,4.23,33397952,
002807.SZ,1/9/2025,4.18,25565905,
002807.SZ,1/10/2025,4.12,27215233,
002807.SZ,1/13/2025,4.06,24975145,
002807.SZ,1/14/2025,4.13,31022745,
002807.SZ,1/15/2025,4.16,28450237,
002807.SZ,1/16/2025,4.3,59825446,
002807.SZ,1/17/2025,4.3,27361840,
002807.SZ,1/20/2025,4.31,23532700,
002807.SZ,1/21/2025,4.28,17067940,
002807.SZ,1/22/2025,4.17,29408845,
002807.SZ,1/23/2025,4.27,40914436,
002807.SZ,1/24/2025,4.28,25912359,
002807.SZ,1/27/2025,4.35,29694060,
002807.SZ,2/5/2025,4.27,28625240,
002807.SZ,2/6/2025,4.28,24241000,
002807.SZ,2/7/2025,4.31,27659840,
002807.SZ,2/10/2025,4.27,30924644,
002807.SZ,2/11/2025,4.33,40510217,
002807.SZ,2/12/2025,4.31,24576873,
002807.SZ,2/13/2025,4.29,24338086,
002807.SZ,2/14/2025,4.27,27791237,
002807.SZ,2/17/2025,4.24,25208375,
002807.SZ,2/18/2025,4.31,49239837,
002807.SZ,2/19/2025,4.26,28270158,
002807.SZ,2/20/2025,4.25,21785391,
002807.SZ,2/21/2025,4.21,31217977,
002807.SZ,2/24/2025,4.2,23796938,
002807.SZ,2/25/2025,4.15,25548680,
002807.SZ,2/26/2025,4.19,26800116,
002807.SZ,2/27/2025,4.2,26697794,
002807.SZ,2/28/2025,4.15,31530317,
002807.SZ,3/3/2025,4.14,26270531,
002807.SZ,3/4/2025,4.14,21535269,
002807.SZ,3/5/2025,4.18,24037021,
002807.SZ,3/6/2025,4.16,31017698,
002807.SZ,3/7/2025,4.14,22337028,
002807.SZ,3/10/2025,4.11,18772926,
002807.SZ,3/11/2025,4.12,14977037,
002807.SZ,3/12/2025,4.14,19090846,
002807.SZ,3/13/2025,4.14,20676900,
002807.SZ,3/14/2025,4.18,30764050,
002807.SZ,3/17/2025,4.2,21799907,
002807.SZ,3/18/2025,4.19,17510427,
002807.SZ,3/19/2025,4.23,30712782,
002807.SZ,3/20/2025,4.23,28805835,
002807.SZ,3/21/2025,4.21,27540100,
002807.SZ,3/24/2025,4.26,33067091,
002807.SZ,3/25/2025,4.28,25766871,
002807.SZ,3/26/2025,4.24,28744571,
002807.SZ,3/27/2025,4.25,19550420,
002807.SZ,3/28/2025,4.23,26502910,
002807.SZ,3/31/2025,4.45,133462456,
002807.SZ,4/1/2025,4.41,57439681,
002807.SZ,4/2/2025,4.52,57720788,
002807.SZ,4/3/2025,4.53,47419621,
002807.SZ,4/7/2025,4.17,85264201,
002807.SZ,4/8/2025,4.25,65645562,
002807.SZ,4/9/2025,4.21,53964082,
002807.SZ,4/10/2025,4.21,42492469,
002807.SZ,4/11/2025,4.18,33454200,
002807.SZ,4/14/2025,4.21,29666502,
002807.SZ,4/15/2025,4.28,33929818,
002807.SZ,4/16/2025,4.33,39679622,
002807.SZ,4/17/2025,4.33,28149962,
002807.SZ,4/18/2025,4.38,30336899,
002807.SZ,4/21/2025,4.31,39317285,
002807.SZ,4/22/2025,4.31,40035467,
002807.SZ,4/23/2025,4.32,34875996,
002807.SZ,4/24/2025,4.36,29201020,
002807.SZ,4/25/2025,4.43,31082660,
002807.SZ,4/28/2025,4.45,30394707,
002807.SZ,4/29/2025,4.42,31368836,
002807.SZ,4/30/2025,4.15,50771097,
002807.SZ,5/6/2025,4.11,41450753,
002807.SZ,5/7/2025,4.17,36655636,
002807.SZ,5/8/2025,4.22,26947364,
002807.SZ,5/9/2025,4.26,29628371,
002807.SZ,5/12/2025,4.28,36051410,
002807.SZ,5/13/2025,4.35,31926709,
002807.SZ,5/14/2025,4.41,42294676,
002807.SZ,5/15/2025,4.37,28044470,
002807.SZ,5/16/2025,4.33,31514355,
002807.SZ,5/19/2025,4.34,22639642,
002807.SZ,5/20/2025,4.32,18266967,
002807.SZ,5/21/2025,4.39,22370196,
002807.SZ,5/22/2025,4.44,33566531,
002807.SZ,5/23/2025,4.41,36842237,
002807.SZ,5/26/2025,4.42,28482360,
002807.SZ,5/27/2025,4.47,32064674,
002807.SZ,5/28/2025,4.52,36835763,
002807.SZ,5/29/2025,4.51,40853305,
002807.SZ,5/30/2025,4.57,33095785,
002807.SZ,6/3/2025,4.67,54181558,
002807.SZ,6/4/2025,4.72,43140540,
002807.SZ,6/5/2025,4.6,44471315,
002807.SZ,6/6/2025,4.64,24859913,
002807.SZ,6/9/2025,4.65,28864120,
002807.SZ,6/10/2025,4.67,34813813,
002807.SZ,6/11/2025,4.67,26145252,
002807.SZ,6/12/2025,4.75,26909260,
002807.SZ,6/13/2025,4.7,30701254,
002807.SZ,6/16/2025,4.74,26429560,
002807.SZ,6/17/2025,4.76,20144097,
002807.SZ,6/18/2025,4.83,31360409,
002807.SZ,6/19/2025,4.88,38300333,
002807.SZ,6/20/2025,4.92,39309593,
002807.SZ,6/23/2025,4.96,42610373,
002807.SZ,6/24/2025,4.92,58844373,
002807.SZ,6/25/2025,4.92,54100394,
002807.SZ,6/26/2025,4.96,52569444,
002807.SZ,6/27/2025,4.8,71072365,
002807.SZ,6/30/2025,4.75,39523550,
002807.SZ,7/1/2025,4.84,37227587,
002807.SZ,7/2/2025,4.91,33004385,
002807.SZ,7/3/2025,4.92,23761310,
002807.SZ,7/4/2025,4.95,41692754,
002807.SZ,7/7/2025,4.91,42320324,
002807.SZ,7/8/2025,4.91,46220213,
002807.SZ,7/9/2025,5.01,55304993,
002807.SZ,7/10/2025,5.05,45573023,
002807.SZ,7/11/2025,4.97,50520650,
002807.SZ,7/14/2025,4.98,36075443,
002807.SZ,7/15/2025,4.9,35050081,
002807.SZ,7/16/2025,4.87,35952638,
002807.SZ,7/17/2025,4.9,20473046,
002807.SZ,7/18/2025,4.89,19814880,
002807.SZ,7/21/2025,4.83,25375085,
002807.SZ,7/22/2025,4.81,36806190,
002807.SZ,7/23/2025,4.82,24131260,
002807.SZ,7/24/2025,4.74,35268567,
002807.SZ,7/25/2025,4.73,37185728,
002807.SZ,7/28/2025,4.75,35925700,
002807.SZ,7/29/2025,4.71,25656305,
002807.SZ,7/30/2025,4.73,25595743,
002807.SZ,7/31/2025,4.66,34696189,
002807.SZ,8/1/2025,4.67,21390800,
002807.SZ,8/4/2025,4.68,22187760,
002807.SZ,8/5/2025,4.8,38418552,
002807.SZ,8/6/2025,4.76,17174351,
002807.SZ,8/7/2025,4.76,19528852,
002807.SZ,8/8/2025,4.73,18951800,
002807.SZ,8/11/2025,4.68,31412025,
002807.SZ,8/12/2025,4.69,18777280,
002807.SZ,8/13/2025,4.7,24006211,
002807.SZ,8/14/2025,4.66,17584100,
002807.SZ,8/15/2025,4.63,33595320,
002807.SZ,8/18/2025,4.98,193145327,
002807.SZ,8/19/2025,4.89,86288832,
002807.SZ,8/20/2025,4.98,72153881,
002807.SZ,8/21/2025,5.03,50161828,
002807.SZ,8/22/2025,4.96,56973321,
002807.SZ,8/25/2025,5,42643080,
002807.SZ,8/26/2025,4.94,32255932,
002807.SZ,8/27/2025,4.8,45042680,
002807.SZ,8/28/2025,4.79,48979912,
002807.SZ,8/29/2025,4.8,51008960,
002807.SZ,9/1/2025,4.8,38799288,
002807.SZ,9/2/2025,4.9,47977191,
002807.SZ,9/3/2025,4.93,48078833,
002807.SZ,9/4/2025,4.9,51036057,
002807.SZ,9/5/2025,4.8,55492660,
002807.SZ,9/8/2025,4.78,36997721,
002807.SZ,9/9/2025,4.85,43434406,
002807.SZ,9/10/2025,4.92,43540576,
002807.SZ,9/11/2025,4.93,38409840,
002807.SZ,9/12/2025,4.85,29586739,
002807.SZ,9/15/2025,4.77,35775780,
002807.SZ,9/16/2025,4.71,32243600,
002807.SZ,9/17/2025,4.72,24326920,
002807.SZ,9/18/2025,4.58,46197867,
002807.SZ,9/19/2025,4.6,24981471,
002807.SZ,9/22/2025,4.52,33432350,
002807.SZ,9/23/2025,4.54,33669468,
002807.SZ,9/24/2025,4.56,25796158,
002807.SZ,9/25/2025,4.5,24135275,
002807.SZ,9/26/2025,4.51,20060023,
002807.SZ,9/29/2025,4.52,28217993,
002807.SZ,9/30/2025,4.45,27406823,
002807.SZ,10/9/2025,4.43,32682662,
002807.SZ,10/10/2025,4.48,33368542,
002807.SZ,10/13/2025,4.48,36622393,
002807.SZ,10/14/2025,4.62,49354474,
002807.SZ,10/15/2025,4.68,38668616,
002807.SZ,10/16/2025,4.78,46233739,
002807.SZ,10/17/2025,4.87,52016724,
002807.SZ,10/20/2025,4.93,55835207,
002807.SZ,10/21/2025,5.05,71996191,
002807.SZ,10/22/2025,5.23,113031289,
002807.SZ,10/23/2025,5.23,103637619,
002807.SZ,10/24/2025,5.03,80592999,
002807.SZ,10/27/2025,5,52607700,
002807.SZ,10/28/2025,4.94,43597647,
002807.SZ,10/29/2025,4.8,80017502,
002807.SZ,10/30/2025,4.79,59438206,
002807.SZ,10/31/2025,4.75,58744133,
002807.SZ,11/3/2025,4.9,85705032,
002807.SZ,11/4/2025,5.08,98255862,
002807.SZ,11/5/2025,5.03,75816372,
002807.SZ,11/6/2025,5.01,51552061,
002807.SZ,11/7/2025,5.02,41410752,
002807.SZ,11/10/2025,5.01,39174924,
002807.SZ,11/11/2025,5.05,39399618,
002807.SZ,11/12/2025,5.05,41940308,
002807.SZ,11/13/2025,5.02,55088767,
002807.SZ,11/14/2025,5.01,34735160,
002807.SZ,11/17/2025,4.87,46390901,
002807.SZ,11/18/2025,4.84,32308054,
002807.SZ,11/19/2025,4.84,32090445,
002807.SZ,11/20/2025,4.88,40246285,
002807.SZ,11/21/2025,4.8,54498092,
002807.SZ,11/24/2025,4.76,60637232,
002807.SZ,11/25/2025,4.78,39819594,
002807.SZ,11/26/2025,4.83,49998405,
002807.SZ,11/27/2025,4.85,38095984,
002807.SZ,11/28/2025,4.82,44154520,
002807.SZ,12/1/2025,4.92,54299374,
002807.SZ,12/2/2025,4.91,38672905,
002807.SZ,12/3/2025,4.85,47618992,
002807.SZ,12/4/2025,4.83,25448507,
002807.SZ,12/5/2025,4.77,41556885,
002807.SZ,12/8/2025,4.74,32385115,
002807.SZ,12/9/2025,4.72,25511400,
002807.SZ,12/10/2025,4.67,34270044,
002807.SZ,12/11/2025,4.66,31829159,
002807.SZ,12/12/2025,4.6,44885038,
002807.SZ,12/15/2025,4.63,23290751,
002807.SZ,12/16/2025,4.59,25962384,
002807.SZ,12/17/2025,4.58,23881323,
002807.SZ,12/18/2025,4.69,33497595,
002807.SZ,12/19/2025,4.72,29850334,
002807.SZ,12/22/2025,4.67,22461974,
002807.SZ,12/23/2025,4.67,25968896,
002807.SZ,12/24/2025,4.7,25262349,
002807.SZ,12/25/2025,4.69,19909420,
002807.SZ,12/26/2025,4.65,26312390,
002807.SZ,12/29/2025,4.58,66862466,
002807.SZ,12/30/2025,4.58,30969680,
002807.SZ,12/31/2025,4.57,29214971,
002807.SZ,1/5/2026,4.56,36706038,
002807.SZ,1/6/2026,4.59,35173030,
002807.SZ,1/7/2026,4.59,36538730,
002807.SZ,1/8/2026,4.55,28757280,
002807.SZ,1/9/2026,4.57,31159972,
002807.SZ,1/12/2026,4.57,36792336,
002807.SZ,1/13/2026,4.59,45729548,
002807.SZ,1/14/2026,4.51,53326247,
002807.SZ,1/15/2026,4.5,27682507,
002807.SZ,1/16/2026,4.45,33205317,
002807.SZ,1/19/2026,4.46,24902794,
002807.SZ,1/20/2026,4.54,33731066,
002807.SZ,1/21/2026,4.49,32516270,
002807.SZ,1/22/2026,4.52,25841554,
002807.SZ,1/23/2026,4.52,30638758,
002807.SZ,1/26/2026,4.53,37598699,
002807.SZ,1/27/2026,4.51,27672660,
002807.SZ,1/28/2026,4.53,41748712,
002807.SZ,1/29/2026,4.64,50270574,
002807.SZ,1/30/2026,4.57,39987380,
002807.SZ,2/2/2026,4.53,44601044,
002807.SZ,2/3/2026,4.49,38380912,
002807.SZ,2/4/2026,4.57,38680727,
002807.SZ,2/5/2026,4.66,57059875,
002807.SZ,2/6/2026,4.68,59223662,
002807.SZ,2/9/2026,4.72,40198937,
002807.SZ,2/10/2026,4.69,31309571,
002807.SZ,2/11/2026,4.72,31060026,
002807.SZ,2/12/2026,4.63,41188112,
002807.SZ,2/13/2026,4.6,30006671,
002807.SZ,2/24/2026,4.57,29725220,
002807.SZ,2/25/2026,4.58,40255961,
002807.SZ,2/26/2026,4.57,31850020,
002807.SZ,2/27/2026,4.59,30179642,
002807.SZ,3/2/2026,4.6,44208289,
002807.SZ,3/3/2026,4.58,52983360,
002807.SZ,3/4/2026,4.47,54072343,
002807.SZ,3/5/2026,4.53,39541424,
002807.SZ,3/6/2026,4.55,33539710,
002807.SZ,3/9/2026,4.53,34771140,
002807.SZ,3/10/2026,4.54,34973480,
002807.SZ,3/11/2026,4.59,35968440,
002807.SZ,3/12/2026,4.68,49457771,
002807.SZ,3/13/2026,4.67,44342277,
002807.SZ,3/16/2026,4.68,38201786,
002807.SZ,3/17/2026,4.71,45026274,
002807.SZ,3/18/2026,4.65,47604195,
002807.SZ,3/19/2026,4.6,36436620,
002807.SZ,3/20/2026,4.55,40946208,
002807.SZ,3/23/2026,4.33,88465531,
002807.SZ,3/24/2026,4.45,44424707,
002807.SZ,3/25/2026,4.55,44460779,
002807.SZ,3/26/2026,4.59,53522658,
002807.SZ,3/27/2026,4.52,39119615,
002807.SZ,3/30/2026,4.54,34580580,
002807.SZ,3/31/2026,4.54,32872720,
002807.SZ,4/1/2026,4.54,37156220,
002807.SZ,4/2/2026,4.54,30179720,
002807.SZ,4/3/2026,4.5,30717518,
002807.SZ,4/7/2026,4.48,26301283,
002807.SZ,4/8/2026,4.58,39836860,
002807.SZ,4/9/2026,4.54,24965100,
002807.SZ,4/10/2026,4.55,19160240,
002807.SZ,4/13/2026,4.49,26549925,
002807.SZ,4/14/2026,4.55,30687482,
002807.SZ,4/15/2026,4.59,30949687,
002807.SZ,4/16/2026,4.63,38530740,
002807.SZ,4/17/2026,4.68,35726521,
002807.SZ,4/20/2026,4.67,24325300,
002807.SZ,4/21/2026,4.7,26314090,
002807.SZ,4/22/2026,4.74,35910130,
002807.SZ,4/23/2026,4.79,43413930,
002807.SZ,4/24/2026,4.6,106322193,
002807.SZ,4/27/2026,4.52,48386860,
002807.SZ,4/28/2026,4.51,33797341,
002807.SZ,4/29/2026,4.63,69524165,
002807.SZ,4/30/2026,4.58,33613120,
002807.SZ,5/6/2026,4.53,54855562,
002807.SZ,5/7/2026,4.5,32388117,
002807.SZ,5/8/2026,4.49,23443984,
002807.SZ,5/11/2026,4.48,32098448,
002807.SZ,5/12/2026,4.49,21795627,
002807.SZ,5/13/2026,4.5,19097092,
002807.SZ,5/14/2026,4.5,24300040,
002807.SZ,5/15/2026,4.45,32731600,
002807.SZ,5/18/2026,4.43,23626479,
002807.SZ,5/19/2026,4.45,15972646,
002807.SZ,5/20/2026,4.45,21515717,
002807.SZ,5/21/2026,4.44,17834970,
002807.SZ,5/22/2026,4.42,14782814,
002807.SZ,5/25/2026,4.42,17806640,
002807.SZ,5/26/2026,4.43,14680498,
002807.SZ,5/27/2026,4.41,16439760,
002807.SZ,5/28/2026,4.39,19867116,
002807.SZ,5/29/2026,3.96,23897677,
002807.SZ,6/1/2026,4.09,47812807,
002807.SZ,6/2/2026,4.07,37116328,
002807.SZ,6/3/2026,4,35989228,
002807.SZ,6/4/2026,3.91,25892128,0.056266
002807.SZ,6/5/2026,3.94,19168047,0.055838
002807.SZ,6/8/2026,3.94,27748737,0.055838
002807.SZ,6/9/2026,3.95,27484261,0.055696
002807.SZ,6/10/2026,4.06,45650535,0.054187
002807.SZ,6/11/2026,4.07,35161354,0.054054
002839.SZ,6/3/2024,4.28,36669414,
002839.SZ,6/4/2024,4.31,29265797,
002839.SZ,6/5/2024,4.22,28519251,
002839.SZ,6/6/2024,4.02,32614736,
002839.SZ,6/7/2024,4.08,23315160,
002839.SZ,6/11/2024,4.03,24288580,
002839.SZ,6/12/2024,4.01,19411760,
002839.SZ,6/13/2024,3.95,17889348,
002839.SZ,6/14/2024,3.99,20386980,
002839.SZ,6/17/2024,3.98,20828024,
002839.SZ,6/18/2024,4.02,19709042,
002839.SZ,6/19/2024,4.01,17819644,
002839.SZ,6/20/2024,3.94,18315880,
002839.SZ,6/21/2024,3.93,15514760,
002839.SZ,6/24/2024,3.86,24521660,
002839.SZ,6/25/2024,3.91,16910049,
002839.SZ,6/26/2024,3.97,17243308,
002839.SZ,6/27/2024,3.96,16461000,
002839.SZ,6/28/2024,4.02,23376040,
002839.SZ,7/1/2024,4.08,20011485,
002839.SZ,7/2/2024,4.11,19114806,
002839.SZ,7/3/2024,4.11,20489340,
002839.SZ,7/4/2024,4.05,18982545,
002839.SZ,7/5/2024,3.98,22427514,
002839.SZ,7/8/2024,3.94,19213548,
002839.SZ,7/9/2024,4.01,22033800,
002839.SZ,7/10/2024,3.97,13822360,
002839.SZ,7/11/2024,3.97,24570240,
002839.SZ,7/12/2024,4.02,24139100,
002839.SZ,7/15/2024,4.05,23708840,
002839.SZ,7/16/2024,4,22196640,
002839.SZ,7/17/2024,4,18994060,
002839.SZ,7/18/2024,4,18264400,
002839.SZ,7/19/2024,3.98,18120480,
002839.SZ,7/22/2024,3.93,16157314,
002839.SZ,7/23/2024,3.95,24371118,
002839.SZ,7/24/2024,3.94,18034660,
002839.SZ,7/25/2024,3.91,20273320,
002839.SZ,7/26/2024,3.89,19804220,
002839.SZ,7/29/2024,3.95,21619316,
002839.SZ,7/30/2024,3.95,13247953,
002839.SZ,7/31/2024,4.02,22136640,
002839.SZ,8/1/2024,4,17791500,
002839.SZ,8/2/2024,3.98,12043560,
002839.SZ,8/5/2024,3.93,18276844,
002839.SZ,8/6/2024,3.91,14686180,
002839.SZ,8/7/2024,3.89,13833420,
002839.SZ,8/8/2024,3.88,14656780,
002839.SZ,8/9/2024,3.89,18307522,
002839.SZ,8/12/2024,3.87,15500466,
002839.SZ,8/13/2024,3.88,13182962,
002839.SZ,8/14/2024,3.87,11456940,
002839.SZ,8/15/2024,3.91,17817320,
002839.SZ,8/16/2024,3.91,18595620,
002839.SZ,8/19/2024,3.99,25699680,
002839.SZ,8/20/2024,3.97,17702182,
002839.SZ,8/21/2024,3.9,21819747,
002839.SZ,8/22/2024,3.92,15825520,
002839.SZ,8/23/2024,3.89,22227162,
002839.SZ,8/26/2024,3.96,21089340,
002839.SZ,8/27/2024,3.92,25550900,
002839.SZ,8/28/2024,3.88,20683973,
002839.SZ,8/29/2024,3.81,29972193,
002839.SZ,8/30/2024,3.83,24882036,
002839.SZ,9/2/2024,3.81,22224675,
002839.SZ,9/3/2024,3.76,19476283,
002839.SZ,9/4/2024,3.74,12761998,
002839.SZ,9/5/2024,3.74,9670412,
002839.SZ,9/6/2024,3.72,14297835,
002839.SZ,9/9/2024,3.67,14389760,
002839.SZ,9/10/2024,3.68,12106071,
002839.SZ,9/11/2024,3.65,12296624,
002839.SZ,9/12/2024,3.65,9253811,
002839.SZ,9/13/2024,3.63,9596180,
002839.SZ,9/18/2024,3.61,13350378,
002839.SZ,9/19/2024,3.65,11846512,
002839.SZ,9/20/2024,3.66,12261483,
002839.SZ,9/23/2024,3.7,13166558,
002839.SZ,9/24/2024,3.82,30496460,
002839.SZ,9/25/2024,3.92,49630541,
002839.SZ,9/26/2024,4.14,59930629,
002839.SZ,9/27/2024,4.18,57387096,
002839.SZ,9/30/2024,4.53,89864347,
002839.SZ,10/8/2024,4.66,120994451,
002839.SZ,10/9/2024,4.27,76178519,
002839.SZ,10/10/2024,4.37,61903913,
002839.SZ,10/11/2024,4.26,45524848,
002839.SZ,10/14/2024,4.35,55448687,
002839.SZ,10/15/2024,4.22,53315478,
002839.SZ,10/16/2024,4.35,56943580,
002839.SZ,10/17/2024,4.29,29652911,
002839.SZ,10/18/2024,4.37,52850737,
002839.SZ,10/21/2024,4.32,41558718,
002839.SZ,10/22/2024,4.33,31115858,
002839.SZ,10/23/2024,4.33,30704179,
002839.SZ,10/24/2024,4.31,25027661,
002839.SZ,10/25/2024,4.3,25983462,
002839.SZ,10/28/2024,4.35,35075422,
002839.SZ,10/29/2024,4.28,46875076,
002839.SZ,10/30/2024,4.22,34394803,
002839.SZ,10/31/2024,4.24,30578403,
002839.SZ,11/1/2024,4.22,40081721,
002839.SZ,11/4/2024,4.24,36454715,
002839.SZ,11/5/2024,4.34,46890050,
002839.SZ,11/6/2024,4.32,38378168,
002839.SZ,11/7/2024,4.48,58575715,
002839.SZ,11/8/2024,4.4,51037558,
002839.SZ,11/11/2024,4.39,37530128,
002839.SZ,11/12/2024,4.36,44123788,
002839.SZ,11/13/2024,4.41,43251253,
002839.SZ,11/14/2024,4.39,54190121,
002839.SZ,11/15/2024,4.36,47536148,
002839.SZ,11/18/2024,4.49,118917281,
002839.SZ,11/19/2024,4.55,82933295,
002839.SZ,11/20/2024,4.5,60961089,
002839.SZ,11/21/2024,4.48,40492103,
002839.SZ,11/22/2024,4.32,49614444,
002839.SZ,11/25/2024,4.31,29873678,
002839.SZ,11/26/2024,4.34,23680135,
002839.SZ,11/27/2024,4.39,38225765,
002839.SZ,11/28/2024,4.41,29407934,
002839.SZ,11/29/2024,4.46,41314409,
002839.SZ,12/2/2024,4.45,34248061,
002839.SZ,12/3/2024,4.49,34029838,
002839.SZ,12/4/2024,4.43,27877508,
002839.SZ,12/5/2024,4.43,20790596,
002839.SZ,12/6/2024,4.48,43970000,
002839.SZ,12/9/2024,4.46,40029303,
002839.SZ,12/10/2024,4.48,46276151,
002839.SZ,12/11/2024,4.49,34188581,
002839.SZ,12/12/2024,4.56,40056466,
002839.SZ,12/13/2024,4.44,52548756,
002839.SZ,12/16/2024,4.44,28501913,
002839.SZ,12/17/2024,4.36,40254019,
002839.SZ,12/18/2024,4.39,30559493,
002839.SZ,12/19/2024,4.35,27784193,
002839.SZ,12/20/2024,4.31,25762064,
002839.SZ,12/23/2024,4.29,38707286,
002839.SZ,12/24/2024,4.37,40113930,
002839.SZ,12/25/2024,4.4,39119389,
002839.SZ,12/26/2024,4.36,23824804,
002839.SZ,12/27/2024,4.45,48448325,
002839.SZ,12/30/2024,4.49,34154769,
002839.SZ,12/31/2024,4.37,50066747,
002839.SZ,1/2/2025,4.23,53556422,
002839.SZ,1/3/2025,4.18,37426404,
002839.SZ,1/6/2025,4.22,33611876,
002839.SZ,1/7/2025,4.2,22861607,
002839.SZ,1/8/2025,4.22,35011391,
002839.SZ,1/9/2025,4.17,23949963,
002839.SZ,1/10/2025,4.09,26620292,
002839.SZ,1/13/2025,4.04,21809856,
002839.SZ,1/14/2025,4.12,32938197,
002839.SZ,1/15/2025,4.11,26620460,
002839.SZ,1/16/2025,4.21,48262504,
002839.SZ,1/17/2025,4.22,22710245,
002839.SZ,1/20/2025,4.2,21453465,
002839.SZ,1/21/2025,4.17,19825692,
002839.SZ,1/22/2025,4.12,19981336,
002839.SZ,1/23/2025,4.22,39670594,
002839.SZ,1/24/2025,4.22,29950855,
002839.SZ,1/27/2025,4.27,34226209,
002839.SZ,2/5/2025,4.24,25396015,
002839.SZ,2/6/2025,4.23,29253260,
002839.SZ,2/7/2025,4.26,30313295,
002839.SZ,2/10/2025,4.24,27589666,
002839.SZ,2/11/2025,4.26,30063655,
002839.SZ,2/12/2025,4.26,25593624,
002839.SZ,2/13/2025,4.25,20680466,
002839.SZ,2/14/2025,4.25,22931080,
002839.SZ,2/17/2025,4.23,24180644,
002839.SZ,2/18/2025,4.26,53777395,
002839.SZ,2/19/2025,4.24,31863395,
002839.SZ,2/20/2025,4.23,19879899,
002839.SZ,2/21/2025,4.2,27346669,
002839.SZ,2/24/2025,4.2,22173453,
002839.SZ,2/25/2025,4.15,24158952,
002839.SZ,2/26/2025,4.19,24950352,
002839.SZ,2/27/2025,4.19,19271692,
002839.SZ,2/28/2025,4.14,24402669,
002839.SZ,3/3/2025,4.12,18690640,
002839.SZ,3/4/2025,4.15,15648150,
002839.SZ,3/5/2025,4.18,27031714,
002839.SZ,3/6/2025,4.18,20036509,
002839.SZ,3/7/2025,4.16,15518531,
002839.SZ,3/10/2025,4.13,16761182,
002839.SZ,3/11/2025,4.14,13111868,
002839.SZ,3/12/2025,4.15,14117426,
002839.SZ,3/13/2025,4.16,17200271,
002839.SZ,3/14/2025,4.22,34579848,
002839.SZ,3/17/2025,4.24,29646723,
002839.SZ,3/18/2025,4.22,14228420,
002839.SZ,3/19/2025,4.26,25197625,
002839.SZ,3/20/2025,4.24,18808617,
002839.SZ,3/21/2025,4.23,25761609,
002839.SZ,3/24/2025,4.26,23314670,
002839.SZ,3/25/2025,4.29,23143741,
002839.SZ,3/26/2025,4.26,18979850,
002839.SZ,3/27/2025,4.26,17741225,
002839.SZ,3/28/2025,4.23,27442778,
002839.SZ,3/31/2025,4.25,59812081,
002839.SZ,4/1/2025,4.28,38865441,
002839.SZ,4/2/2025,4.36,54959070,
002839.SZ,4/3/2025,4.35,33799460,
002839.SZ,4/7/2025,3.97,86979347,
002839.SZ,4/8/2025,4.06,56266605,
002839.SZ,4/9/2025,4.07,44469558,
002839.SZ,4/10/2025,4.08,34422492,
002839.SZ,4/11/2025,4.07,27369057,
002839.SZ,4/14/2025,4.09,22657500,
002839.SZ,4/15/2025,4.13,23677318,
002839.SZ,4/16/2025,4.15,30863163,
002839.SZ,4/17/2025,4.16,28046192,
002839.SZ,4/18/2025,4.17,24735040,
002839.SZ,4/21/2025,4.14,43199000,
002839.SZ,4/22/2025,4.17,28094040,
002839.SZ,4/23/2025,4.14,22603230,
002839.SZ,4/24/2025,4.17,22752600,
002839.SZ,4/25/2025,4.23,32746071,
002839.SZ,4/28/2025,4.25,22588283,
002839.SZ,4/29/2025,4.23,24736034,
002839.SZ,4/30/2025,4.2,28454548,
002839.SZ,5/6/2025,4.19,30035749,
002839.SZ,5/7/2025,4.23,35043344,
002839.SZ,5/8/2025,4.28,33799201,
002839.SZ,5/9/2025,4.31,36432347,
002839.SZ,5/12/2025,4.35,39729760,
002839.SZ,5/13/2025,4.4,43062165,
002839.SZ,5/14/2025,4.46,46959651,
002839.SZ,5/15/2025,4.44,42464524,
002839.SZ,5/16/2025,4.2,36959970,
002839.SZ,5/19/2025,4.23,32523027,
002839.SZ,5/20/2025,4.22,25775181,
002839.SZ,5/21/2025,4.26,25564020,
002839.SZ,5/22/2025,4.32,36449761,
002839.SZ,5/23/2025,4.28,49098114,
002839.SZ,5/26/2025,4.29,32423173,
002839.SZ,5/27/2025,4.35,37938010,
002839.SZ,5/28/2025,4.37,31042975,
002839.SZ,5/29/2025,4.37,35523927,
002839.SZ,5/30/2025,4.41,42914549,
002839.SZ,6/3/2025,4.52,58022542,
002839.SZ,6/4/2025,4.59,55170340,
002839.SZ,6/5/2025,4.48,51218114,
002839.SZ,6/6/2025,4.52,34113116,
002839.SZ,6/9/2025,4.52,36373781,
002839.SZ,6/10/2025,4.53,41153861,
002839.SZ,6/11/2025,4.52,28208458,
002839.SZ,6/12/2025,4.58,35482091,
002839.SZ,6/13/2025,4.53,38956039,
002839.SZ,6/16/2025,4.58,38367862,
002839.SZ,6/17/2025,4.59,27406380,
002839.SZ,6/18/2025,4.62,28758613,
002839.SZ,6/19/2025,4.58,40348762,
002839.SZ,6/20/2025,4.61,54249180,
002839.SZ,6/23/2025,4.67,76998985,
002839.SZ,6/24/2025,4.65,77165495,
002839.SZ,6/25/2025,4.63,65223970,
002839.SZ,6/26/2025,4.69,82785771,
002839.SZ,6/27/2025,4.57,90028561,
002839.SZ,6/30/2025,4.5,62131034,
002839.SZ,7/1/2025,4.59,53640594,
002839.SZ,7/2/2025,4.62,47184643,
002839.SZ,7/3/2025,4.65,33566040,
002839.SZ,7/4/2025,4.69,71097905,
002839.SZ,7/7/2025,4.73,51139140,
002839.SZ,7/8/2025,4.7,60186540,
002839.SZ,7/9/2025,4.84,82531402,
002839.SZ,7/10/2025,4.88,58258422,
002839.SZ,7/11/2025,4.76,69822779,
002839.SZ,7/14/2025,4.8,56095062,
002839.SZ,7/15/2025,4.72,47574353,
002839.SZ,7/16/2025,4.68,47633815,
002839.SZ,7/17/2025,4.67,29411135,
002839.SZ,7/18/2025,4.7,33923481,
002839.SZ,7/21/2025,4.64,50895150,
002839.SZ,7/22/2025,4.6,57905102,
002839.SZ,7/23/2025,4.59,51440603,
002839.SZ,7/24/2025,4.56,42026885,
002839.SZ,7/25/2025,4.57,36908529,
002839.SZ,7/28/2025,4.58,42094794,
002839.SZ,7/29/2025,4.53,43631346,
002839.SZ,7/30/2025,4.56,41211149,
002839.SZ,7/31/2025,4.48,49586489,
002839.SZ,8/1/2025,4.48,41981796,
002839.SZ,8/4/2025,4.48,36818720,
002839.SZ,8/5/2025,4.57,61829897,
002839.SZ,8/6/2025,4.53,41945974,
002839.SZ,8/7/2025,4.53,30038790,
002839.SZ,8/8/2025,4.53,28900896,
002839.SZ,8/11/2025,4.49,42215497,
002839.SZ,8/12/2025,4.5,30385739,
002839.SZ,8/13/2025,4.48,32492139,
002839.SZ,8/14/2025,4.45,36545106,
002839.SZ,8/15/2025,4.43,45714510,
002839.SZ,8/18/2025,4.53,81768620,
002839.SZ,8/19/2025,4.49,43808610,
002839.SZ,8/20/2025,4.53,36063160,
002839.SZ,8/21/2025,4.56,38681713,
002839.SZ,8/22/2025,4.53,51871414,
002839.SZ,8/25/2025,4.56,46594971,
002839.SZ,8/26/2025,4.52,33405527,
002839.SZ,8/27/2025,4.46,43669640,
002839.SZ,8/28/2025,4.49,41079525,
002839.SZ,8/29/2025,4.52,67105234,
002839.SZ,9/1/2025,4.49,47501314,
002839.SZ,9/2/2025,4.55,56561366,
002839.SZ,9/3/2025,4.47,45053989,
002839.SZ,9/4/2025,4.46,53857509,
002839.SZ,9/5/2025,4.42,40147700,
002839.SZ,9/8/2025,4.41,29351680,
002839.SZ,9/9/2025,4.44,34081011,
002839.SZ,9/10/2025,4.48,31089686,
002839.SZ,9/11/2025,4.51,37863207,
002839.SZ,9/12/2025,4.46,36002921,
002839.SZ,9/15/2025,4.43,28539191,
002839.SZ,9/16/2025,4.45,22633140,
002839.SZ,9/17/2025,4.45,23380454,
002839.SZ,9/18/2025,4.35,42176666,
002839.SZ,9/19/2025,4.33,28618493,
002839.SZ,9/22/2025,4.32,20629865,
002839.SZ,9/23/2025,4.34,35994750,
002839.SZ,9/24/2025,4.35,25496005,
002839.SZ,9/25/2025,4.3,21487341,
002839.SZ,9/26/2025,4.32,19298360,
002839.SZ,9/29/2025,4.35,30737932,
002839.SZ,9/30/2025,4.3,20026900,
002839.SZ,10/9/2025,4.31,21758432,
002839.SZ,10/10/2025,4.36,26859298,
002839.SZ,10/13/2025,4.35,31596861,
002839.SZ,10/14/2025,4.42,46880679,
002839.SZ,10/15/2025,4.35,32362916,
002839.SZ,10/16/2025,4.42,42409259,
002839.SZ,10/17/2025,4.46,56049533,
002839.SZ,10/20/2025,4.45,40733856,
002839.SZ,10/21/2025,4.48,37886202,
002839.SZ,10/22/2025,4.57,45343192,
002839.SZ,10/23/2025,4.6,49973585,
002839.SZ,10/24/2025,4.53,36259036,
002839.SZ,10/27/2025,4.54,37362970,
002839.SZ,10/28/2025,4.49,28338818,
002839.SZ,10/29/2025,4.42,28326869,
002839.SZ,10/30/2025,4.4,31153320,
002839.SZ,10/31/2025,4.44,29350900,
002839.SZ,11/3/2025,4.52,45091532,
002839.SZ,11/4/2025,4.6,51958994,
002839.SZ,11/5/2025,4.61,44523403,
002839.SZ,11/6/2025,4.61,29205668,
002839.SZ,11/7/2025,4.59,24831187,
002839.SZ,11/10/2025,4.61,29306988,
002839.SZ,11/11/2025,4.66,30506080,
002839.SZ,11/12/2025,4.7,36456980,
002839.SZ,11/13/2025,4.66,35254860,
002839.SZ,11/14/2025,4.67,25593109,
002839.SZ,11/17/2025,4.6,27251367,
002839.SZ,11/18/2025,4.59,24874240,
002839.SZ,11/19/2025,4.58,23463340,
002839.SZ,11/20/2025,4.63,35031524,
002839.SZ,11/21/2025,4.51,38944102,
002839.SZ,11/24/2025,4.54,37891991,
002839.SZ,11/25/2025,4.57,28001249,
002839.SZ,11/26/2025,4.54,29194426,
002839.SZ,11/27/2025,4.57,23896686,
002839.SZ,11/28/2025,4.54,23952135,
002839.SZ,12/1/2025,4.74,111936287,
002839.SZ,12/2/2025,4.76,56177694,
002839.SZ,12/3/2025,4.8,59239430,
002839.SZ,12/4/2025,4.79,35073832,
002839.SZ,12/5/2025,4.72,37786418,
002839.SZ,12/8/2025,4.7,39765949,
002839.SZ,12/9/2025,4.74,42368445,
002839.SZ,12/10/2025,4.69,58769400,
002839.SZ,12/11/2025,4.76,61204621,
002839.SZ,12/12/2025,4.7,125908740,
002839.SZ,12/15/2025,4.66,46646148,
002839.SZ,12/16/2025,4.6,41184420,
002839.SZ,12/17/2025,4.57,32899480,
002839.SZ,12/18/2025,4.65,29621697,
002839.SZ,12/19/2025,4.66,31089153,
002839.SZ,12/22/2025,4.59,29737916,
002839.SZ,12/23/2025,4.57,26187320,
002839.SZ,12/24/2025,4.59,23278260,
002839.SZ,12/25/2025,4.61,19811799,
002839.SZ,12/26/2025,4.59,19542280,
002839.SZ,12/29/2025,4.61,33081547,
002839.SZ,12/30/2025,4.6,32192304,
002839.SZ,12/31/2025,4.57,27320844,
002839.SZ,1/5/2026,4.58,29709085,
002839.SZ,1/6/2026,4.59,27611075,
002839.SZ,1/7/2026,4.59,27443581,
002839.SZ,1/8/2026,4.53,27239680,
002839.SZ,1/9/2026,4.54,26645598,
002839.SZ,1/12/2026,4.54,25308869,
002839.SZ,1/13/2026,4.54,34501060,
002839.SZ,1/14/2026,4.47,39549082,
002839.SZ,1/15/2026,4.47,17582856,
002839.SZ,1/16/2026,4.42,21516267,
002839.SZ,1/19/2026,4.42,17385314,
002839.SZ,1/20/2026,4.48,23796674,
002839.SZ,1/21/2026,4.44,23668472,
002839.SZ,1/22/2026,4.48,26042120,
002839.SZ,1/23/2026,4.47,23144090,
002839.SZ,1/26/2026,4.49,29317409,
002839.SZ,1/27/2026,4.46,25064120,
002839.SZ,1/28/2026,4.52,33373540,
002839.SZ,1/29/2026,4.6,40687085,
002839.SZ,1/30/2026,4.57,31973229,
002839.SZ,2/2/2026,4.53,31554640,
002839.SZ,2/3/2026,4.49,32189460,
002839.SZ,2/4/2026,4.56,24434056,
002839.SZ,2/5/2026,4.67,39045156,
002839.SZ,2/6/2026,4.68,41511800,
002839.SZ,2/9/2026,4.75,40181841,
002839.SZ,2/10/2026,4.73,18005220,
002839.SZ,2/11/2026,4.76,24308963,
002839.SZ,2/12/2026,4.67,25770259,
002839.SZ,2/13/2026,4.63,18930060,
002839.SZ,2/24/2026,4.62,19360440,
002839.SZ,2/25/2026,4.58,34069136,
002839.SZ,2/26/2026,4.57,27418820,
002839.SZ,2/27/2026,4.58,25133690,
002839.SZ,3/2/2026,4.58,37504226,
002839.SZ,3/3/2026,4.54,42860118,
002839.SZ,3/4/2026,4.43,48072999,
002839.SZ,3/5/2026,4.49,35735859,
002839.SZ,3/6/2026,4.51,26991825,
002839.SZ,3/9/2026,4.51,32924240,
002839.SZ,3/10/2026,4.5,27664540,
002839.SZ,3/11/2026,4.55,28352782,
002839.SZ,3/12/2026,4.6,29853696,
002839.SZ,3/13/2026,4.61,33224548,
002839.SZ,3/16/2026,4.63,29977410,
002839.SZ,3/17/2026,4.67,29015600,
002839.SZ,3/18/2026,4.62,28631590,
002839.SZ,3/19/2026,4.58,21411152,
002839.SZ,3/20/2026,4.55,26812960,
002839.SZ,3/23/2026,4.28,57584660,
002839.SZ,3/24/2026,4.45,37519670,
002839.SZ,3/25/2026,4.53,30209056,
002839.SZ,3/26/2026,4.57,33310609,
002839.SZ,3/27/2026,4.49,28543020,
002839.SZ,3/30/2026,4.49,30410860,
002839.SZ,3/31/2026,4.49,28576340,
002839.SZ,4/1/2026,4.52,33080050,
002839.SZ,4/2/2026,4.54,28359780,
002839.SZ,4/3/2026,4.47,25911360,
002839.SZ,4/7/2026,4.45,24414768,
002839.SZ,4/8/2026,4.54,28580700,
002839.SZ,4/9/2026,4.48,22427180,
002839.SZ,4/10/2026,4.49,19455240,
002839.SZ,4/13/2026,4.45,16802400,
002839.SZ,4/14/2026,4.47,17638280,
002839.SZ,4/15/2026,4.51,22258159,
002839.SZ,4/16/2026,4.52,18979004,
002839.SZ,4/17/2026,4.51,18480396,
002839.SZ,4/20/2026,4.55,25353911,
002839.SZ,4/21/2026,4.63,28701280,
002839.SZ,4/22/2026,4.7,34635950,
002839.SZ,4/23/2026,4.76,34801783,
002839.SZ,4/24/2026,4.65,37837380,
002839.SZ,4/27/2026,4.64,23612860,
002839.SZ,4/28/2026,4.6,22135583,
002839.SZ,4/29/2026,4.63,22133422,
002839.SZ,4/30/2026,4.56,26152741,
002839.SZ,5/6/2026,4.53,37416088,
002839.SZ,5/7/2026,4.5,28964100,
002839.SZ,5/8/2026,4.48,19997793,
002839.SZ,5/11/2026,4.47,26927040,
002839.SZ,5/12/2026,4.47,22603101,
002839.SZ,5/13/2026,4.47,19682426,
002839.SZ,5/14/2026,4.45,21402948,
002839.SZ,5/15/2026,4.36,30904660,
002839.SZ,5/18/2026,4.39,24582540,
002839.SZ,5/19/2026,4.4,18975560,
002839.SZ,5/20/2026,4.39,18121000,
002839.SZ,5/21/2026,4.28,22496851,
002839.SZ,5/22/2026,4.27,15518760,
002839.SZ,5/25/2026,4.23,14237860,
002839.SZ,5/26/2026,4.23,12753960,
002839.SZ,5/27/2026,4.21,12909540,
002839.SZ,5/28/2026,4.18,15712575,
002839.SZ,5/29/2026,4.24,24361089,
002839.SZ,6/1/2026,4.34,28288760,
002839.SZ,6/2/2026,4.32,22214380,
002839.SZ,6/3/2026,4.26,22884280,
002839.SZ,6/4/2026,4.18,18033080,0.052632
002839.SZ,6/5/2026,4.23,17599493,0.052009
002839.SZ,6/8/2026,4.22,21125880,0.052133
002839.SZ,6/9/2026,4.24,22730673,0.051887
002839.SZ,6/10/2026,4.31,24333861,0.051044
002839.SZ,6/11/2026,4.26,19366060,0.051643
0177.HK,6/12/2025,10.96,3435198,0.048969
0177.HK,6/13/2025,11.04,5037728,0.048614
0177.HK,6/16/2025,11.28,9027166,0.04758
0177.HK,6/17/2025,11.42,7317238,0.046996
0177.HK,6/18/2025,11.42,7314720,0.046996
0177.HK,6/19/2025,11.24,6570885,0.047749
0177.HK,6/20/2025,11.46,10952584,0.046832
0177.HK,6/23/2025,11.14,8606000,0.048178
0177.HK,6/24/2025,11.14,6217765,0.048178
0177.HK,6/25/2025,11.3,6457909,0.047496
0177.HK,6/26/2025,11.2,4882347,0.04792
0177.HK,6/27/2025,11.1,5511832,0.048351
0177.HK,6/30/2025,11.08,8842289,0.048439
0177.HK,7/1/2025,11.08,0,0.048439
0177.HK,7/2/2025,11.28,7275431,0.04758
0177.HK,7/3/2025,10.44,5937949,0.051408
0177.HK,7/4/2025,10.4,5450805,0.051606
0177.HK,7/7/2025,10.28,7866000,0.052208
0177.HK,7/8/2025,10.14,8860434,0.052929
0177.HK,7/9/2025,10.16,7190474,0.052825
0177.HK,7/10/2025,10.14,4127202,0.052929
0177.HK,7/11/2025,9.98,8748913,0.053778
0177.HK,7/14/2025,10.16,10628000,0.052825
0177.HK,7/15/2025,10.06,11189444,0.05335
0177.HK,7/16/2025,10.08,5432102,0.053244
0177.HK,7/17/2025,10.04,5852200,0.053456
0177.HK,7/18/2025,10.04,8514376,0.053456
0177.HK,7/21/2025,10.04,7006570,0.053456
0177.HK,7/22/2025,10.1,6791751,0.053139
0177.HK,7/23/2025,10.16,6943132,0.052825
0177.HK,7/24/2025,10.24,5610642,0.052412
0177.HK,7/25/2025,10.14,3644270,0.052929
0177.HK,7/28/2025,9.96,8094746,0.053886
0177.HK,7/29/2025,9.85,7851060,0.054487
0177.HK,7/30/2025,9.81,5619371,0.054709
0177.HK,7/31/2025,9.63,12797387,0.055732
0177.HK,8/1/2025,9.56,4549646,0.05614
0177.HK,8/4/2025,9.7,3590381,0.05533
0177.HK,8/5/2025,9.89,6568198,0.054267
0177.HK,8/6/2025,9.9,5639730,0.054212
0177.HK,8/7/2025,9.99,2779112,0.053724
0177.HK,8/8/2025,10.02,1213190,0.053563
0177.HK,8/11/2025,9.98,2989464,0.053778
0177.HK,8/12/2025,10.01,1578502,0.053616
0177.HK,8/13/2025,9.99,4951115,0.053724
0177.HK,8/14/2025,9.93,3075983,0.054048
0177.HK,8/15/2025,9.8,3827421,0.054765
0177.HK,8/18/2025,9.76,4802831,0.05499
0177.HK,8/19/2025,9.7,3877959,0.05533
0177.HK,8/20/2025,9.63,4003340,0.055732
0177.HK,8/21/2025,9.78,4439000,0.054877
0177.HK,8/22/2025,9.69,3644524,0.055387
0177.HK,8/25/2025,9.69,2929651,0.055387
0177.HK,8/26/2025,9.68,7876114,0.055444
0177.HK,8/27/2025,9.6,2711688,0.055906
0177.HK,8/28/2025,9.53,3730200,0.056317
0177.HK,8/29/2025,9.2,11562600,0.058337
0177.HK,9/1/2025,9.27,6226120,0.057896
0177.HK,9/2/2025,9.16,4584585,0.058592
0177.HK,9/3/2025,9.11,8690449,0.058913
0177.HK,9/4/2025,9.16,6037000,0.058592
0177.HK,9/5/2025,9.21,17894768,0.058274
0177.HK,9/8/2025,9.21,8681252,0.058274
0177.HK,9/9/2025,9.24,6440000,0.058084
0177.HK,9/10/2025,9.3,3735813,0.05771
0177.HK,9/11/2025,9.31,3451172,0.057648
0177.HK,9/12/2025,9.28,5076690,0.057834
0177.HK,9/15/2025,9.3,4102300,0.05771
0177.HK,9/16/2025,9.44,7359730,0.056854
0177.HK,9/17/2025,9.34,4615771,0.057463
0177.HK,9/18/2025,9.22,7197100,0.05821
0177.HK,9/19/2025,9.17,9183593,0.058528
0177.HK,9/22/2025,9.13,5248254,0.058784
0177.HK,9/23/2025,9.27,6169756,0.057896
0177.HK,9/24/2025,9.43,9717019,0.056914
0177.HK,9/25/2025,9.46,8432160,0.056734
0177.HK,9/26/2025,9.37,6938206,0.057279
0177.HK,9/29/2025,9.08,7607074,0.059108
0177.HK,9/30/2025,9.02,11883766,0.059501
0177.HK,10/9/2025,8.86,9829106,0.060576
0177.HK,10/10/2025,8.94,9881716,0.060034
0177.HK,10/13/2025,9.06,13194706,0.059238
0177.HK,10/14/2025,9.32,9848733,0.057586
0177.HK,10/15/2025,9.47,9512430,0.056674
0177.HK,10/16/2025,9.59,10521231,0.055965
0177.HK,10/17/2025,9.59,10750098,0.055965
0177.HK,10/20/2025,9.48,7056207,0.056614
0177.HK,10/21/2025,9.36,6214000,0.05734
0177.HK,10/22/2025,9.47,3981655,0.056674
0177.HK,10/23/2025,9.43,4919433,0.056914
0177.HK,10/24/2025,9.34,2790159,0.057463
0177.HK,10/27/2025,9.33,4802004,0.057524
0177.HK,10/28/2025,9.41,5649662,0.057035
0177.HK,10/29/2025,9.41,0,0.057035
0177.HK,10/30/2025,9.4,13163774,0.057096
0177.HK,10/31/2025,9.46,15972020,0.056734
0177.HK,11/3/2025,9.64,7204000,0.055674
0177.HK,11/4/2025,9.68,5866300,0.055444
0177.HK,11/5/2025,9.76,7124523,0.05499
0177.HK,11/6/2025,9.88,8581036,0.054322
0177.HK,11/7/2025,9.79,4326530,0.054821
0177.HK,11/10/2025,9.82,5868183,0.054654
0177.HK,11/11/2025,9.91,3777509,0.054157
0177.HK,11/12/2025,10.06,7393578,0.05335
0177.HK,11/13/2025,10,6545560,0.05367
0177.HK,11/14/2025,10.07,6393235,0.053297
0177.HK,11/17/2025,10,5976000,0.05367
0177.HK,11/18/2025,9.89,5754232,0.054267
0177.HK,11/19/2025,9.86,3359321,0.054432
0177.HK,11/20/2025,10.02,4196008,0.053563
0177.HK,11/21/2025,9.87,4567400,0.054377
0177.HK,11/24/2025,9.85,8540159,0.054487
0177.HK,11/25/2025,9.96,2101059,0.053886
0177.HK,11/26/2025,10.05,2785601,0.053403
0177.HK,11/27/2025,10.05,1914000,0.053403
0177.HK,11/28/2025,10.01,2927535,0.053616
0177.HK,12/1/2025,10,6888690,0.05367
0177.HK,12/2/2025,10.11,5589398,0.053086
0177.HK,12/3/2025,10.15,3126200,0.052877
0177.HK,12/4/2025,10.06,3247956,0.05335
0177.HK,12/5/2025,10.24,8255155,0.052412
0177.HK,12/8/2025,10.14,3914737,0.052929
0177.HK,12/9/2025,10.03,5669417,0.053509
0177.HK,12/10/2025,10,4069790,0.05367
0177.HK,12/11/2025,9.99,4369340,0.053724
0177.HK,12/12/2025,9.75,9386278,0.055046
0177.HK,12/15/2025,9.8,8821490,0.054765
0177.HK,12/16/2025,9.78,3192872,0.054877
0177.HK,12/17/2025,9.82,6609647,0.054654
0177.HK,12/18/2025,10,6927338,0.05367
0177.HK,12/19/2025,10.01,6415416,0.053616
0177.HK,12/22/2025,9.88,4991676,0.054322
0177.HK,12/23/2025,9.93,3162192,0.054048
0177.HK,12/24/2025,9.92,1740012,0.054103
0177.HK,12/25/2025,9.92,0,0.054103
0177.HK,12/26/2025,9.92,0,0.054103
0177.HK,12/29/2025,10.01,4520000,0.053616
0177.HK,12/30/2025,9.92,5121868,0.054103
0177.HK,12/31/2025,9.99,2788807,0.056394
0177.HK,1/5/2026,9.87,6169397,0.05708
0177.HK,1/6/2026,9.44,18561707,0.05968
0177.HK,1/7/2026,9.33,7061738,0.060384
0177.HK,1/8/2026,9.18,17378367,0.06137
0177.HK,1/9/2026,9.14,11324010,0.061639
0177.HK,1/12/2026,9.18,8290747,0.06137
0177.HK,1/13/2026,9.28,6485466,0.060709
0177.HK,1/14/2026,9.31,6892500,0.060513
0177.HK,1/15/2026,9.26,4668860,0.06084
0177.HK,1/16/2026,9.32,6807735,0.060449
0177.HK,1/19/2026,9.39,6288000,0.059998
0177.HK,1/20/2026,9.5,5221646,0.059303
0177.HK,1/21/2026,9.52,6999275,0.059179
0177.HK,1/22/2026,9.69,7014607,0.05814
0177.HK,1/23/2026,9.7,4480440,0.05808
0177.HK,1/26/2026,9.99,7004125,0.056394
0177.HK,1/27/2026,10.14,8568102,0.05556
0177.HK,1/28/2026,10.45,8236880,0.053912
0177.HK,1/29/2026,10.52,6646815,0.053553
0177.HK,1/30/2026,10.3,13212246,0.054697
0177.HK,2/2/2026,10.37,6462548,0.054328
0177.HK,2/3/2026,10.46,5648449,0.05386
0177.HK,2/4/2026,10.45,6130730,0.053912
0177.HK,2/5/2026,10.35,5750088,0.054433
0177.HK,2/6/2026,10.2,7297734,0.055233
0177.HK,2/9/2026,10.26,7566864,0.05491
0177.HK,2/10/2026,10.28,4841200,0.054804
0177.HK,2/11/2026,10.73,14058312,0.052505
0177.HK,2/12/2026,10.44,4560280,0.053964
0177.HK,2/13/2026,10.31,3660733,0.054644
0177.HK,2/24/2026,10.23,2824120,0.055071
0177.HK,2/25/2026,10.2,3419138,0.055233
0177.HK,2/26/2026,10.19,3084321,0.055288
0177.HK,2/27/2026,10.18,5863688,0.055342
0177.HK,3/2/2026,10.16,2894591,0.055451
0177.HK,3/3/2026,10.04,3266809,0.056114
0177.HK,3/4/2026,9.97,3363515,0.056508
0177.HK,3/5/2026,9.97,3077414,0.056508
0177.HK,3/6/2026,10.08,2523356,0.055891
0177.HK,3/9/2026,10.02,3569632,0.056226
0177.HK,3/10/2026,9.87,3542000,0.05708
0177.HK,3/11/2026,9.95,1873706,0.056621
0177.HK,3/12/2026,9.83,5227568,0.057312
0177.HK,3/13/2026,9.94,3402450,0.056678
0177.HK,3/16/2026,9.88,3194875,0.057022
0177.HK,3/17/2026,10.1,5439376,0.05578
0177.HK,3/18/2026,9.97,3276002,0.056508
0177.HK,3/19/2026,9.89,3339013,0.056965
0177.HK,3/20/2026,9.81,8617007,0.057429
0177.HK,3/23/2026,9.77,3764522,0.057664
0177.HK,3/24/2026,10,4246982,0.056338
0177.HK,3/25/2026,10.08,2837224,0.055891
0177.HK,3/26/2026,9.71,4733805,0.058021
0177.HK,3/27/2026,9.73,4584061,0.057901
0177.HK,3/30/2026,9.85,5001248,0.057196
0177.HK,3/31/2026,10.09,10253049,0.055836
0177.HK,4/1/2026,9.93,3832000,0.056735
0177.HK,4/2/2026,10.11,4289902,0.055725
0177.HK,4/3/2026,10.11,0,0.055725
0177.HK,4/7/2026,10.11,0,0.055725
0177.HK,4/8/2026,10.02,3362023,0.056226
0177.HK,4/9/2026,9.93,6953181,0.056735
0177.HK,4/10/2026,10.16,4401695,0.055451
0177.HK,4/13/2026,10.25,3350440,0.054964
0177.HK,4/14/2026,10.34,1872000,0.054486
0177.HK,4/15/2026,10.48,4361492,0.053758
0177.HK,4/16/2026,10.41,4892500,0.054119
0177.HK,4/17/2026,10.27,4060272,0.054857
0177.HK,4/20/2026,10.4,4446000,0.054171
0177.HK,4/21/2026,10.61,4483025,0.053099
0177.HK,4/22/2026,10.58,4116000,0.05325
0177.HK,4/23/2026,10.56,3199851,0.05335
0177.HK,4/24/2026,10.62,2553765,0.053049
0177.HK,4/27/2026,10.36,2760988,0.05438
0177.HK,4/28/2026,10.52,3247237,0.053553
0177.HK,4/29/2026,10.62,2190435,0.053049
0177.HK,4/30/2026,10.63,4663143,0.052999
0177.HK,5/6/2026,10.69,1887000,0.052702
0177.HK,5/7/2026,10.64,3157344,0.052949
0177.HK,5/8/2026,10.67,3316023,0.0528
0177.HK,5/11/2026,10.77,3596000,0.05231
0177.HK,5/12/2026,10.89,4933135,0.051734
0177.HK,5/13/2026,10.86,4722050,0.051877
0177.HK,5/14/2026,10.85,6073438,0.051924
0177.HK,5/15/2026,10.7,5869204,0.052652
0177.HK,5/18/2026,10.5,12524171,0.053655
0177.HK,5/19/2026,10.46,12459516,0.05386
0177.HK,5/20/2026,10.44,10247628,0.053964
0177.HK,5/21/2026,10.53,9787854,0.053502
0177.HK,5/22/2026,10.34,6716656,0.054486
0177.HK,5/25/2026,10.34,0,0.054486
0177.HK,5/26/2026,10.34,16446802,0.054486
0177.HK,5/27/2026,10.5,7392000,0.053655
0177.HK,5/28/2026,10.36,26230230,0.05438
0177.HK,5/29/2026,10.5,104664711,0.053655
0177.HK,6/1/2026,10.84,26550114,0.051972
0177.HK,6/2/2026,11.01,8816066,0.05117
0177.HK,6/3/2026,10.89,7093807,0.051734
0177.HK,6/4/2026,10.91,10719517,0.051639
0177.HK,6/5/2026,10.77,5108883,0.05231
0177.HK,6/8/2026,11.02,8114862,0.051123
0177.HK,6/9/2026,11.21,11698049,0.050257
0177.HK,6/10/2026,11.1,7490610,0.050755
0177.HK,6/11/2026,11.01,11298219,0.05117
0300.HK,9/17/2024,59.1,65113949,
0300.HK,9/19/2024,64.25,57891019,
0300.HK,9/20/2024,64,24692420,
0300.HK,9/23/2024,67.6,19667047,
0300.HK,9/24/2024,70.15,13042867,
0300.HK,9/25/2024,70.7,8161402,
0300.HK,9/26/2024,77.7,7896483,
0300.HK,9/27/2024,74.2,13904793,
0300.HK,9/30/2024,74.25,22235363,
0300.HK,10/2/2024,93.3,31989628,
0300.HK,10/3/2024,85,22114277,
0300.HK,10/4/2024,93,10750017,
0300.HK,10/7/2024,95,7676634,
0300.HK,10/8/2024,84.15,14829015,
0300.HK,10/9/2024,83,9235888,
0300.HK,10/10/2024,84.75,4689224,
0300.HK,10/14/2024,81.55,3989594,
0300.HK,10/15/2024,79.4,3978644,
0300.HK,10/16/2024,77.55,2114822,
0300.HK,10/17/2024,74,3717755,
0300.HK,10/18/2024,76.3,6037700,
0300.HK,10/21/2024,74.9,2766115,
0300.HK,10/22/2024,77.65,2466294,
0300.HK,10/23/2024,78.45,2553093,
0300.HK,10/24/2024,77.05,1407049,
0300.HK,10/25/2024,78,688596,
0300.HK,10/28/2024,78.05,992045,
0300.HK,10/29/2024,77,2343003,
0300.HK,10/30/2024,74,3693367,
0300.HK,10/31/2024,73.05,2455568,
0300.HK,11/1/2024,71.15,6819216,
0300.HK,11/4/2024,72.25,2589623,
0300.HK,11/5/2024,74,4780681,
0300.HK,11/6/2024,70.9,3755742,
0300.HK,11/7/2024,70.05,6739254,
0300.HK,11/8/2024,72,7481198,
0300.HK,11/11/2024,71.75,4908087,
0300.HK,11/12/2024,71.05,6195023,
0300.HK,11/13/2024,72.35,3427684,
0300.HK,11/14/2024,71,3234893,
0300.HK,11/15/2024,70.4,1979896,
0300.HK,11/18/2024,69.8,2789157,
0300.HK,11/19/2024,70.15,2279155,
0300.HK,11/20/2024,69.3,2322445,
0300.HK,11/21/2024,67.1,2852241,
0300.HK,11/22/2024,67.85,4054243,
0300.HK,11/25/2024,70.75,12619316,
0300.HK,11/26/2024,70,5328598,
0300.HK,11/27/2024,73,5482893,
0300.HK,11/28/2024,70.8,3372722,
0300.HK,11/29/2024,69.35,4178154,
0300.HK,12/2/2024,70,2784249,
0300.HK,12/3/2024,70.8,4207962,
0300.HK,12/4/2024,74.3,11733819,
0300.HK,12/5/2024,74.1,6986438,
0300.HK,12/6/2024,71.55,28856058,
0300.HK,12/9/2024,77.4,21090760,
0300.HK,12/10/2024,75.55,9772348,
0300.HK,12/11/2024,77,5417926,
0300.HK,12/12/2024,76.9,4633650,
0300.HK,12/13/2024,74.85,4367172,
0300.HK,12/16/2024,73.1,2627122,
0300.HK,12/17/2024,74.6,3228616,
0300.HK,12/18/2024,76.15,3504791,
0300.HK,12/19/2024,74.8,3542885,
0300.HK,12/20/2024,74.65,3849179,
0300.HK,12/23/2024,75.75,2853660,
0300.HK,12/24/2024,77.45,3280269,
0300.HK,12/27/2024,76.1,2646900,
0300.HK,12/30/2024,74.95,2789209,
0300.HK,12/31/2024,75.55,2537656,
0300.HK,1/2/2025,74.65,4045066,
0300.HK,1/3/2025,75.3,5170063,
0300.HK,1/6/2025,75.3,3518944,
0300.HK,1/7/2025,76.65,4196169,
0300.HK,1/8/2025,79.3,5493667,
0300.HK,1/9/2025,80.6,5361158,
0300.HK,1/10/2025,77.05,4755943,
0300.HK,1/13/2025,75.3,5279854,
0300.HK,1/14/2025,75.05,4044058,
0300.HK,1/15/2025,74.8,6044613,
0300.HK,1/16/2025,75,3788819,
0300.HK,1/17/2025,75.3,1583853,
0300.HK,1/20/2025,76.35,3489666,
0300.HK,1/21/2025,76.1,2682985,
0300.HK,1/22/2025,73.4,4996593,
0300.HK,1/23/2025,73.6,2615330,
0300.HK,1/24/2025,73.3,2744784,
0300.HK,1/27/2025,73.95,2321044,
0300.HK,1/28/2025,74.9,528207,
0300.HK,2/3/2025,74.55,5292301,
0300.HK,2/4/2025,75,2384156,
0300.HK,2/5/2025,72.65,6540278,
0300.HK,2/6/2025,73.65,5070112,
0300.HK,2/7/2025,75.3,5541290,
0300.HK,2/10/2025,75.5,5575281,
0300.HK,2/11/2025,75,4285494,
0300.HK,2/12/2025,74.45,6359362,
0300.HK,2/13/2025,73.4,6767489,
0300.HK,2/14/2025,76.1,6292490,
0300.HK,2/17/2025,74.3,7849759,
0300.HK,2/18/2025,75.4,6723175,
0300.HK,2/19/2025,73.75,7879068,
0300.HK,2/20/2025,72.2,4027801,
0300.HK,2/21/2025,72.35,4871270,
0300.HK,2/24/2025,72.15,4641651,
0300.HK,2/25/2025,70.05,6214368,
0300.HK,2/26/2025,73.15,6620608,
0300.HK,2/27/2025,76.6,14695514,
0300.HK,2/28/2025,74.1,8792661,
0300.HK,3/3/2025,71.2,6865891,
0300.HK,3/4/2025,73.1,4254000,
0300.HK,3/5/2025,73.05,2887329,
0300.HK,3/6/2025,73.2,5887849,
0300.HK,3/7/2025,73.65,6059547,
0300.HK,3/10/2025,72.2,5053221,
0300.HK,3/11/2025,72.35,4473558,
0300.HK,3/12/2025,71.6,6814902,
0300.HK,3/13/2025,71,4523598,
0300.HK,3/14/2025,73.6,12559338,
0300.HK,3/17/2025,72.9,10636369,
0300.HK,3/18/2025,80.2,27746842,
0300.HK,3/19/2025,78.7,16277371,
0300.HK,3/20/2025,76.05,13147641,
0300.HK,3/21/2025,75.5,10354270,
0300.HK,3/24/2025,78.05,7926580,
0300.HK,3/25/2025,77.5,4676798,
0300.HK,3/26/2025,77.9,3307534,
0300.HK,3/27/2025,77.5,3733441,
0300.HK,3/28/2025,76.35,5571602,
0300.HK,3/31/2025,79,18466930,
0300.HK,4/1/2025,75.5,7528921,
0300.HK,4/2/2025,76.6,5017249,
0300.HK,4/3/2025,72.95,18345600,
0300.HK,4/7/2025,63.75,22121683,
0300.HK,4/8/2025,65.8,16915124,
0300.HK,4/9/2025,68.55,14271488,
0300.HK,4/10/2025,69.25,10870100,
0300.HK,4/11/2025,69.5,6663024,
0300.HK,4/14/2025,69.1,5124375,
0300.HK,4/15/2025,70.8,4472850,
0300.HK,4/16/2025,68.9,7832300,
0300.HK,4/17/2025,69.35,3749574,
0300.HK,4/22/2025,70.55,4251388,
0300.HK,4/23/2025,72,4398054,
0300.HK,4/24/2025,72.55,3050950,
0300.HK,4/25/2025,72.05,4494015,
0300.HK,4/28/2025,73.3,3322260,
0300.HK,4/29/2025,73.9,4766070,
0300.HK,4/30/2025,73.55,7634119,
0300.HK,5/2/2025,74.85,3752912,
0300.HK,5/6/2025,74.45,4612150,
0300.HK,5/7/2025,73.85,6554289,
0300.HK,5/8/2025,74.65,5971839,
0300.HK,5/9/2025,76.2,3588558,
0300.HK,5/12/2025,79.3,7642062,
0300.HK,5/13/2025,79.05,4294055,
0300.HK,5/14/2025,78.1,6365629,
0300.HK,5/15/2025,78.2,5481087,
0300.HK,5/16/2025,77.9,2852759,
0300.HK,5/19/2025,80.2,8615090,
0300.HK,5/20/2025,81.7,6344233,
0300.HK,5/21/2025,82.15,5238366,
0300.HK,5/22/2025,82,3690355,
0300.HK,5/23/2025,82.65,3715842,
0300.HK,5/26/2025,81.3,4342775,
0300.HK,5/27/2025,82.1,3735260,
0300.HK,5/28/2025,82.8,3406253,
0300.HK,5/29/2025,83.75,4358320,
0300.HK,5/30/2025,82.4,6854486,
0300.HK,6/2/2025,82.85,2429324,
0300.HK,6/3/2025,77.6,4696219,
0300.HK,6/4/2025,75.6,5516192,
0300.HK,6/5/2025,75,9076224,
0300.HK,6/6/2025,76.2,12072115,
0300.HK,6/9/2025,76.15,10609457,
0300.HK,6/10/2025,75.8,4123005,
0300.HK,6/11/2025,75.6,4017768,
0300.HK,6/12/2025,74.9,3492341,
0300.HK,6/13/2025,73.9,5287060,
0300.HK,6/16/2025,75.35,7167504,
0300.HK,6/17/2025,76,3420907,
0300.HK,6/18/2025,74.85,1702137,
0300.HK,6/19/2025,74.45,3140097,
0300.HK,6/20/2025,74.6,13071965,
0300.HK,6/23/2025,73.8,4789786,
0300.HK,6/24/2025,75.5,7837636,
0300.HK,6/25/2025,76.75,3184345,
0300.HK,6/26/2025,75.75,2532876,
0300.HK,6/27/2025,74.95,3268835,
0300.HK,6/30/2025,74.45,2968184,
0300.HK,7/1/2025,74.45,0,0.058584
0300.HK,7/2/2025,76,3551475,
0300.HK,7/3/2025,76.45,2736923,
0300.HK,7/4/2025,77.55,3350519,
0300.HK,7/7/2025,76.5,4217637,
0300.HK,7/8/2025,76.15,6141363,
0300.HK,7/9/2025,76.05,4087481,
0300.HK,7/10/2025,76.3,3556149,
0300.HK,7/11/2025,77.3,5065202,
0300.HK,7/14/2025,77.45,2939600,
0300.HK,7/15/2025,79.2,4805212,
0300.HK,7/16/2025,78.2,2658462,
0300.HK,7/17/2025,77.8,2947427,
0300.HK,7/18/2025,77.95,2854458,
0300.HK,7/21/2025,79.6,3777198,
0300.HK,7/22/2025,79.85,3277342,
0300.HK,7/23/2025,81.9,6149462,
0300.HK,7/24/2025,79.5,8150510,
0300.HK,7/25/2025,78.7,5048936,
0300.HK,7/28/2025,79,3566456,
0300.HK,7/29/2025,79.05,3332218,
0300.HK,7/30/2025,79.9,6962968,
0300.HK,7/31/2025,76.15,8454591,
0300.HK,8/1/2025,75.9,3277782,
0300.HK,8/4/2025,76.25,2707179,
0300.HK,8/5/2025,77.6,3117530,
0300.HK,8/6/2025,77.8,2953870,
0300.HK,8/7/2025,78.6,2457688,
0300.HK,8/8/2025,78.5,1207419,
0300.HK,8/11/2025,79.25,2047322,
0300.HK,8/12/2025,79.75,3133889,
0300.HK,8/13/2025,80.4,2985107,
0300.HK,8/14/2025,81,3923911,
0300.HK,8/15/2025,80.75,4566667,
0300.HK,8/18/2025,80.95,4790303,
0300.HK,8/19/2025,82.6,8399280,
0300.HK,8/20/2025,81.4,3201877,
0300.HK,8/21/2025,81.9,4220077,
0300.HK,8/22/2025,81.15,3622702,
0300.HK,8/25/2025,83.95,6455530,
0300.HK,8/26/2025,83.3,5089307,
0300.HK,8/27/2025,81.5,5472333,
0300.HK,8/28/2025,81.6,3883512,
0300.HK,8/29/2025,81.75,5387121,
0300.HK,9/1/2025,83.9,6497257,
0300.HK,9/2/2025,86.8,10295120,
0300.HK,9/3/2025,84.35,3566673,
0300.HK,9/4/2025,83.35,4799157,
0300.HK,9/5/2025,86.5,6896238,
0300.HK,9/8/2025,87.35,4083807,
0300.HK,9/9/2025,87.3,3952717,
0300.HK,9/10/2025,86.7,1895585,
0300.HK,9/11/2025,86.9,2831082,
0300.HK,9/12/2025,85.9,3215009,
0300.HK,9/15/2025,85.75,2264930,
0300.HK,9/16/2025,84.55,3510989,
0300.HK,9/17/2025,85.75,9452051,
0300.HK,9/18/2025,83.55,6621301,
0300.HK,9/19/2025,85.05,6580958,
0300.HK,9/22/2025,82.65,4481521,
0300.HK,9/23/2025,82.4,3165252,
0300.HK,9/24/2025,83.4,3284498,
0300.HK,9/25/2025,81.55,4791024,
0300.HK,9/26/2025,81.8,3927249,
0300.HK,9/29/2025,82.4,3602145,
0300.HK,9/30/2025,82.25,3510952,
0300.HK,10/2/2025,82.75,2384376,
0300.HK,10/3/2025,83.2,1200198,
0300.HK,10/6/2025,81.25,1902106,
0300.HK,10/8/2025,81.15,2667389,
0300.HK,10/9/2025,82.35,3835660,
0300.HK,10/10/2025,81.35,3208815,
0300.HK,10/13/2025,80.1,8003411,
0300.HK,10/14/2025,79.9,4000693,
0300.HK,10/15/2025,82.2,2929903,
0300.HK,10/16/2025,82,2773143,
0300.HK,10/17/2025,81.1,2956680,
0300.HK,10/20/2025,82.2,2364910,
0300.HK,10/21/2025,82.35,2438947,
0300.HK,10/22/2025,82.6,1824827,
0300.HK,10/23/2025,83.4,1643497,
0300.HK,10/24/2025,84,1895178,
0300.HK,10/27/2025,84,2842547,
0300.HK,10/28/2025,82.25,4173917,
0300.HK,10/29/2025,82.25,0,0.053029
0300.HK,10/30/2025,83.15,7894723,
0300.HK,10/31/2025,84,2633614,
0300.HK,11/3/2025,82.4,2872909,
0300.HK,11/4/2025,84.15,5282930,
0300.HK,11/5/2025,84.45,4883997,
0300.HK,11/6/2025,87.05,4301999,
0300.HK,11/7/2025,86.15,3708490,
0300.HK,11/10/2025,87.35,3375670,
0300.HK,11/11/2025,86.1,3465228,
0300.HK,11/12/2025,89.85,5133335,
0300.HK,11/13/2025,89.65,3016882,
0300.HK,11/14/2025,88.85,2634176,
0300.HK,11/17/2025,87.55,2596174,
0300.HK,11/18/2025,85.75,5071415,
0300.HK,11/19/2025,86.35,3216619,
0300.HK,11/20/2025,87.95,4194510,
0300.HK,11/21/2025,87.25,4885911,
0300.HK,11/24/2025,88.8,9782693,
0300.HK,11/25/2025,87.65,5571876,
0300.HK,11/26/2025,89.05,4402445,
0300.HK,11/27/2025,89,3005216,
0300.HK,11/28/2025,88.5,2381853,
0300.HK,12/1/2025,89,2003503,
0300.HK,12/2/2025,90.45,3147830,
0300.HK,12/3/2025,91,3637102,
0300.HK,12/4/2025,90.95,3070040,
0300.HK,12/5/2025,91.45,4118704,
0300.HK,12/8/2025,90.65,2263087,
0300.HK,12/9/2025,88.9,3289827,
0300.HK,12/10/2025,89,2924202,
0300.HK,12/11/2025,88.2,1854811,
0300.HK,12/12/2025,89.05,2082885,
0300.HK,12/15/2025,88.35,4664421,
0300.HK,12/16/2025,88.1,3682551,
0300.HK,12/17/2025,87.9,3789746,
0300.HK,12/18/2025,87,3755082,
0300.HK,12/19/2025,87.2,2925447,
0300.HK,12/22/2025,87.3,2417269,
0300.HK,12/23/2025,87.15,3061595,
0300.HK,12/24/2025,86.9,1281272,
0300.HK,12/25/2025,86.9,0,0.050191
0300.HK,12/26/2025,86.9,0,0.050191
0300.HK,12/29/2025,84.25,3676472,
0300.HK,12/30/2025,85.7,3262090,
0300.HK,12/31/2025,84.95,1969900,
0300.HK,1/2/2026,89.3,2380968,
0300.HK,1/5/2026,87.4,3580187,
0300.HK,1/6/2026,87.2,3084614,
0300.HK,1/7/2026,88.1,2660570,
0300.HK,1/8/2026,87.35,3466056,
0300.HK,1/9/2026,89,3282602,
0300.HK,1/12/2026,86.5,4638900,
0300.HK,1/13/2026,84.3,6092447,
0300.HK,1/14/2026,84.6,8284408,
0300.HK,1/15/2026,85.25,2773577,
0300.HK,1/16/2026,85.9,1860099,
0300.HK,1/19/2026,85.85,2527037,
0300.HK,1/20/2026,87.1,2341444,
0300.HK,1/21/2026,87.4,2544995,
0300.HK,1/22/2026,85.7,2269236,
0300.HK,1/23/2026,85.3,1740332,
0300.HK,1/26/2026,85.3,1848954,
0300.HK,1/27/2026,84.35,2158939,
0300.HK,1/28/2026,84.3,5382756,
0300.HK,1/29/2026,86.25,4775838,
0300.HK,1/30/2026,85.65,4350991,
0300.HK,2/2/2026,85.75,2723026,
0300.HK,2/3/2026,87.05,4322672,
0300.HK,2/4/2026,88.3,3517524,
0300.HK,2/5/2026,89.1,3098340,
0300.HK,2/6/2026,88.05,2734683,
0300.HK,2/9/2026,88.15,4507782,
0300.HK,2/10/2026,89.75,3316621,
0300.HK,2/11/2026,89.6,1896208,
0300.HK,2/12/2026,90.8,3144373,
0300.HK,2/13/2026,90.25,4920727,
0300.HK,2/16/2026,91.7,884698,
0300.HK,2/20/2026,94.2,4317566,
0300.HK,2/23/2026,93.5,2811598,
0300.HK,2/24/2026,92.25,2980600,
0300.HK,2/25/2026,92.3,2962612,
0300.HK,2/26/2026,92.1,4297049,
0300.HK,2/27/2026,90.85,2658745,
0300.HK,3/2/2026,87.4,2611700,
0300.HK,3/3/2026,85.85,5134260,
0300.HK,3/4/2026,85.15,4286169,
0300.HK,3/5/2026,85.1,3417169,
0300.HK,3/6/2026,86.05,4372346,
0300.HK,3/9/2026,84.35,4732692,
0300.HK,3/10/2026,85.95,2626555,
0300.HK,3/11/2026,86.65,2086187,
0300.HK,3/12/2026,86.5,2006429,
0300.HK,3/13/2026,85.45,2200501,
0300.HK,3/16/2026,85.35,1581343,
0300.HK,3/17/2026,85.15,2249488,
0300.HK,3/18/2026,86.25,1813603,
0300.HK,3/19/2026,84,2672988,
0300.HK,3/20/2026,83.7,3265552,
0300.HK,3/23/2026,80.7,4633070,
0300.HK,3/24/2026,82.65,2194460,
0300.HK,3/25/2026,83,4289721,
0300.HK,3/26/2026,81.4,3109032,
0300.HK,3/27/2026,81.3,5645065,
0300.HK,3/30/2026,78.45,8059659,
0300.HK,3/31/2026,83.8,11593238,
0300.HK,4/1/2026,84,4022667,
0300.HK,4/2/2026,84.2,2702597,
0300.HK,4/3/2026,84.2,0,0.058364
0300.HK,4/7/2026,84.2,0,0.058364
0300.HK,4/8/2026,85.45,4901317,
0300.HK,4/9/2026,85.6,4144682,
0300.HK,4/10/2026,85.9,3939825,
0300.HK,4/13/2026,84.4,3816038,
0300.HK,4/14/2026,85.4,1672328,
0300.HK,4/15/2026,86.35,2861717,
0300.HK,4/16/2026,88.3,3030390,
0300.HK,4/17/2026,89.4,4876949,
0300.HK,4/20/2026,90.3,2883219,
0300.HK,4/21/2026,90.95,2280920,
0300.HK,4/22/2026,89.75,4725942,
0300.HK,4/23/2026,89.55,2574238,
0300.HK,4/24/2026,89.2,5526987,
0300.HK,4/27/2026,88.85,5432116,
0300.HK,4/28/2026,87.5,4642473,
0300.HK,4/29/2026,89.15,4529832,
0300.HK,4/30/2026,89.7,6656893,
0300.HK,5/4/2026,88.4,3179229,
0300.HK,5/5/2026,86.65,2490907,
0300.HK,5/6/2026,87.7,4541541,
0300.HK,5/7/2026,85.3,23531122,
0300.HK,5/8/2026,85.3,6170149,
0300.HK,5/11/2026,86.65,9010625,
0300.HK,5/12/2026,87.85,8899569,
0300.HK,5/13/2026,87.35,3874424,
0300.HK,5/14/2026,90,8889669,
0300.HK,5/15/2026,91.65,12335309,
0300.HK,5/18/2026,91.7,14061762,
0300.HK,5/19/2026,89.75,8403898,
0300.HK,5/20/2026,90.65,5539214,
0300.HK,5/21/2026,89.9,3854380,
0300.HK,5/22/2026,89.05,4576764,
0300.HK,5/25/2026,89.05,0,0.055185
0300.HK,5/26/2026,86.95,9142570,
0300.HK,5/27/2026,86.7,7118152,
0300.HK,5/28/2026,85.05,7823793,
0300.HK,5/29/2026,85.75,11039368,
0300.HK,6/1/2026,89.3,13612908,
0300.HK,6/2/2026,89.7,7194882,
0300.HK,6/3/2026,91,9214360,
0300.HK,6/4/2026,88.8,8621859,0.055341
0300.HK,6/5/2026,88.2,7026192,0.055717
0300.HK,6/8/2026,89,7755313,0.055216
0300.HK,6/9/2026,90.2,5874470,0.054482
0300.HK,6/10/2026,90.65,9189860,0.054211
0300.HK,6/11/2026,90.6,5693338,0.054241
0322.HK,6/3/2024,9.45,12756465,
0322.HK,6/4/2024,9.58,10059649,
0322.HK,6/5/2024,9.83,10676675,
0322.HK,6/6/2024,9.94,10490500,
0322.HK,6/7/2024,9.8,15541174,
0322.HK,6/11/2024,9.63,14126273,
0322.HK,6/12/2024,9.2,8544260,
0322.HK,6/13/2024,9.51,7626400,
0322.HK,6/14/2024,9.35,5099250,
0322.HK,6/17/2024,9.56,7441588,
0322.HK,6/18/2024,9.61,10168623,
0322.HK,6/19/2024,9.83,9154257,
0322.HK,6/20/2024,9.66,11412000,
0322.HK,6/21/2024,9.38,13267253,
0322.HK,6/24/2024,9.67,6193061,
0322.HK,6/25/2024,9.7,7273033,
0322.HK,6/26/2024,10.04,14682000,
0322.HK,6/27/2024,9.39,14734726,
0322.HK,6/28/2024,9.41,14901700,
0322.HK,7/2/2024,9.42,14093948,
0322.HK,7/3/2024,9.61,5745817,
0322.HK,7/4/2024,10.02,22551400,
0322.HK,7/5/2024,10.18,19233792,
0322.HK,7/8/2024,10.14,12834916,
0322.HK,7/9/2024,9.71,14262670,
0322.HK,7/10/2024,9.62,9707060,
0322.HK,7/11/2024,9.61,12696858,
0322.HK,7/12/2024,9.92,9590981,
0322.HK,7/15/2024,9.75,4746000,
0322.HK,7/16/2024,9.3,18956715,
0322.HK,7/17/2024,9.3,10465343,
0322.HK,7/18/2024,9.45,7829565,
0322.HK,7/19/2024,9.45,7003734,
0322.HK,7/22/2024,9.79,5984323,
0322.HK,7/23/2024,9.55,6618000,
0322.HK,7/24/2024,9.23,10975278,
0322.HK,7/25/2024,9.21,6148962,
0322.HK,7/26/2024,9.2,3472412,
0322.HK,7/29/2024,9.31,4909779,
0322.HK,7/30/2024,9.22,7656528,
0322.HK,7/31/2024,9.53,8426000,
0322.HK,8/1/2024,9.48,4735231,
0322.HK,8/2/2024,9.43,4232595,
0322.HK,8/5/2024,9.3,8093520,
0322.HK,8/6/2024,9.4,4648642,
0322.HK,8/7/2024,9.59,7709492,
0322.HK,8/8/2024,8.92,27346077,
0322.HK,8/9/2024,9.05,9813418,
0322.HK,8/12/2024,8.99,6053810,
0322.HK,8/13/2024,9.09,4703527,
0322.HK,8/14/2024,9.27,6242096,
0322.HK,8/15/2024,9.26,7614000,
0322.HK,8/16/2024,9.55,3622000,
0322.HK,8/19/2024,9.44,3548000,
0322.HK,8/20/2024,9.25,4089525,
0322.HK,8/21/2024,9.4,2865682,
0322.HK,8/22/2024,9.45,3190650,
0322.HK,8/23/2024,9.3,6282796,
0322.HK,8/26/2024,9.54,5158839,
0322.HK,8/27/2024,10.12,14972045,
0322.HK,8/28/2024,10.2,15390354,
0322.HK,8/29/2024,10.64,17039269,
0322.HK,8/30/2024,10.48,19903133,
0322.HK,9/2/2024,10.52,8603910,
0322.HK,9/3/2024,10.58,8981114,
0322.HK,9/4/2024,10.46,8906000,
0322.HK,9/5/2024,10.56,4208602,
0322.HK,9/9/2024,10.48,10070785,
0322.HK,9/10/2024,10.54,3484000,
0322.HK,9/11/2024,10.44,5546123,
0322.HK,9/12/2024,10.4,4987787,
0322.HK,9/13/2024,10.5,5936751,
0322.HK,9/16/2024,10.58,3184000,
0322.HK,9/17/2024,10.88,5636000,
0322.HK,9/19/2024,10.66,12444714,
0322.HK,9/20/2024,10.76,12766741,
0322.HK,9/23/2024,10.84,6341332,
0322.HK,9/24/2024,11,15707206,
0322.HK,9/25/2024,10.9,19523100,
0322.HK,9/26/2024,11.32,15869715,
0322.HK,9/27/2024,11.12,24671472,
0322.HK,9/30/2024,11.22,28580557,
0322.HK,10/2/2024,11.72,20330501,
0322.HK,10/3/2024,12,21291848,
0322.HK,10/4/2024,12.16,40768689,
0322.HK,10/7/2024,12.24,11957951,
0322.HK,10/8/2024,11.48,26446742,
0322.HK,10/9/2024,11.66,34695930,
0322.HK,10/10/2024,12.42,23814919,
0322.HK,10/14/2024,12.12,15918649,
0322.HK,10/15/2024,12.04,26228023,
0322.HK,10/16/2024,11.94,16240605,
0322.HK,10/17/2024,11.9,9556571,
0322.HK,10/18/2024,12.08,10202980,
0322.HK,10/21/2024,12,7794007,
0322.HK,10/22/2024,12.04,9914199,
0322.HK,10/23/2024,11.98,7097164,
0322.HK,10/24/2024,11.92,7886000,
0322.HK,10/25/2024,11.7,4686000,
0322.HK,10/28/2024,11.76,4305256,
0322.HK,10/29/2024,11.58,3886000,
0322.HK,10/30/2024,11.62,7230136,
0322.HK,10/31/2024,11.36,8268339,
0322.HK,11/1/2024,11.46,2721075,
0322.HK,11/4/2024,11.58,7318757,
0322.HK,11/5/2024,11.62,10509610,
0322.HK,11/6/2024,11.52,5244000,
0322.HK,11/7/2024,11.4,7200246,
0322.HK,11/8/2024,11.66,7854782,
0322.HK,11/11/2024,11.32,10758353,
0322.HK,11/12/2024,11.08,4643719,
0322.HK,11/13/2024,10.72,10234240,
0322.HK,11/14/2024,10.76,12454240,
0322.HK,11/15/2024,10.92,4897952,
0322.HK,11/18/2024,10.94,3635249,
0322.HK,11/19/2024,10.96,2730000,
0322.HK,11/20/2024,10.64,6438987,
0322.HK,11/21/2024,10.6,8448741,
0322.HK,11/22/2024,10.32,3752848,
0322.HK,11/25/2024,10.06,20794897,
0322.HK,11/26/2024,10.08,16759450,
0322.HK,11/27/2024,10.22,11325337,
0322.HK,11/28/2024,9.77,17020110,
0322.HK,11/29/2024,9.75,7271600,
0322.HK,12/2/2024,9.74,7600336,
0322.HK,12/3/2024,10.04,13243102,
0322.HK,12/4/2024,10,6748323,
0322.HK,12/5/2024,9.79,3063988,
0322.HK,12/6/2024,9.94,3625654,
0322.HK,12/9/2024,10.3,9831268,
0322.HK,12/10/2024,10.24,7598944,
0322.HK,12/11/2024,10.3,5642757,
0322.HK,12/12/2024,10.56,5284030,
0322.HK,12/13/2024,10.32,3855045,
0322.HK,12/16/2024,10.16,7922417,
0322.HK,12/17/2024,10.08,4246147,
0322.HK,12/18/2024,10.02,4336030,
0322.HK,12/19/2024,9.9,5873200,
0322.HK,12/20/2024,9.93,7817949,
0322.HK,12/23/2024,10.18,7632368,
0322.HK,12/24/2024,10.16,4082000,
0322.HK,12/27/2024,10.16,11015641,
0322.HK,12/30/2024,10.02,6083777,
0322.HK,12/31/2024,10.12,5359716,
0322.HK,1/2/2025,10.04,8989000,
0322.HK,1/3/2025,9.98,8493197,
0322.HK,1/6/2025,10.02,6661104,
0322.HK,1/7/2025,9.94,6762496,
0322.HK,1/8/2025,9.98,6878909,
0322.HK,1/9/2025,11.2,28929159,
0322.HK,1/10/2025,10.96,17000760,
0322.HK,1/13/2025,10.94,13137910,
0322.HK,1/14/2025,10.92,10174615,
0322.HK,1/15/2025,11.1,9202284,
0322.HK,1/16/2025,10.96,8257512,
0322.HK,1/17/2025,11.36,14027793,
0322.HK,1/20/2025,11.62,11272962,
0322.HK,1/21/2025,11.62,4313000,
0322.HK,1/22/2025,11.56,4767061,
0322.HK,1/23/2025,11.28,8703461,
0322.HK,1/24/2025,11.52,5619100,
0322.HK,1/27/2025,11.6,3380361,
0322.HK,1/28/2025,11.86,2972275,
0322.HK,2/3/2025,11.68,6472001,
0322.HK,2/4/2025,11.66,5487850,
0322.HK,2/5/2025,11.66,6131695,
0322.HK,2/6/2025,11.7,3451816,
0322.HK,2/7/2025,11.6,5676930,
0322.HK,2/10/2025,11.48,8373013,
0322.HK,2/11/2025,11.36,6230476,
0322.HK,2/12/2025,11.38,4558214,
0322.HK,2/13/2025,11.34,5891091,
0322.HK,2/14/2025,11.48,7754122,
0322.HK,2/17/2025,12.06,18529654,
0322.HK,2/18/2025,12.04,13048029,
0322.HK,2/19/2025,11.78,12788291,
0322.HK,2/20/2025,11.7,5811382,
0322.HK,2/21/2025,11.42,6611020,
0322.HK,2/24/2025,11.7,5238160,
0322.HK,2/25/2025,11.68,7187789,
0322.HK,2/26/2025,11.78,10032652,
0322.HK,2/27/2025,12.02,14514000,
0322.HK,2/28/2025,11.32,24876491,
0322.HK,3/3/2025,11.64,8276613,
0322.HK,3/4/2025,12.16,13413234,
0322.HK,3/5/2025,12.42,9724122,
0322.HK,3/6/2025,12.44,14880014,
0322.HK,3/7/2025,12.78,22061158,
0322.HK,3/10/2025,12.52,10161383,
0322.HK,3/11/2025,12.72,14762530,
0322.HK,3/12/2025,12.66,9842970,
0322.HK,3/13/2025,12.44,13242000,
0322.HK,3/14/2025,12.64,10695917,
0322.HK,3/17/2025,12.9,8956076,
0322.HK,3/18/2025,12.96,10915475,
0322.HK,3/19/2025,12.98,8237941,
0322.HK,3/20/2025,12.86,4506100,
0322.HK,3/21/2025,12.88,14803544,
0322.HK,3/24/2025,12.84,6339458,
0322.HK,3/25/2025,12.7,32041113,
0322.HK,3/26/2025,12.24,36682000,
0322.HK,3/27/2025,12.6,10744567,
0322.HK,3/28/2025,12.9,11010225,
0322.HK,3/31/2025,13.06,14213041,
0322.HK,4/1/2025,12.46,14630000,
0322.HK,4/2/2025,12.56,11059739,
0322.HK,4/3/2025,13,13929669,
0322.HK,4/7/2025,12.34,37725021,
0322.HK,4/8/2025,12.94,22545114,
0322.HK,4/9/2025,12.96,22360200,
0322.HK,4/10/2025,13.28,25243683,
0322.HK,4/11/2025,13.24,21861423,
0322.HK,4/14/2025,13.6,13292660,
0322.HK,4/15/2025,13.76,28849109,
0322.HK,4/16/2025,13.78,13621860,
0322.HK,4/17/2025,13.76,9858000,
0322.HK,4/22/2025,13.66,13590986,
0322.HK,4/23/2025,13.6,16974584,
0322.HK,4/24/2025,13.78,12420519,
0322.HK,4/25/2025,13.8,17777850,
0322.HK,4/28/2025,13.9,10422259,
0322.HK,4/29/2025,13.96,9138000,
0322.HK,4/30/2025,14.04,15577621,
0322.HK,5/2/2025,13.98,7420000,
0322.HK,5/6/2025,14.06,14185270,
0322.HK,5/7/2025,13.92,8315000,
0322.HK,5/8/2025,13.28,21377992,
0322.HK,5/9/2025,13.34,26586441,
0322.HK,5/12/2025,13.22,21070509,
0322.HK,5/13/2025,12.98,13969178,
0322.HK,5/14/2025,13.02,17325008,
0322.HK,5/15/2025,13.18,11024277,
0322.HK,5/16/2025,13.26,5759229,
0322.HK,5/19/2025,13.24,8466656,
0322.HK,5/20/2025,13.38,12287312,
0322.HK,5/21/2025,13.34,11108578,
0322.HK,5/22/2025,13.34,8149713,
0322.HK,5/23/2025,13.42,12274434,
0322.HK,5/26/2025,13.4,4818543,
0322.HK,5/27/2025,13.62,14338609,
0322.HK,5/28/2025,13.54,15134523,
0322.HK,5/29/2025,13.56,7710783,
0322.HK,5/30/2025,12.88,41088085,
0322.HK,6/2/2025,12.72,6006412,
0322.HK,6/3/2025,12.7,13497777,
0322.HK,6/4/2025,12.84,12711520,
0322.HK,6/5/2025,12.86,11332552,
0322.HK,6/6/2025,13.12,9852781,
0322.HK,6/9/2025,12.96,16374376,
0322.HK,6/10/2025,13.06,9616397,
0322.HK,6/11/2025,11.88,18093193,
0322.HK,6/12/2025,12.12,18387470,
0322.HK,6/13/2025,11.76,11933958,
0322.HK,6/16/2025,11.68,13563737,
0322.HK,6/17/2025,11.64,11879820,
0322.HK,6/18/2025,11.52,15836178,
0322.HK,6/19/2025,11.26,10030000,
0322.HK,6/20/2025,11.52,17291355,
0322.HK,6/23/2025,11.52,12775392,
0322.HK,6/24/2025,11.54,10359075,
0322.HK,6/25/2025,11.5,14523644,
0322.HK,6/26/2025,11.62,13870000,
0322.HK,6/27/2025,11.5,7452749,
0322.HK,6/30/2025,11.5,13345487,
0322.HK,7/1/2025,11.5,0,0.031489
0322.HK,7/2/2025,11.68,18299772,
0322.HK,7/3/2025,11.8,10117097,
0322.HK,7/4/2025,11.52,7793084,
0322.HK,7/7/2025,11.52,8024842,
0322.HK,7/8/2025,11.54,10908042,
0322.HK,7/9/2025,11.28,13107993,
0322.HK,7/10/2025,11.34,11683265,
0322.HK,7/11/2025,11.24,8087489,
0322.HK,7/14/2025,11.1,17727543,
0322.HK,7/15/2025,11.22,11982000,
0322.HK,7/16/2025,11.38,11392856,
0322.HK,7/17/2025,11.3,5327000,
0322.HK,7/18/2025,11.5,9384328,
0322.HK,7/21/2025,11.86,15859825,
0322.HK,7/22/2025,11.9,10784168,
0322.HK,7/23/2025,12.02,11221680,
0322.HK,7/24/2025,12.08,15012765,
0322.HK,7/25/2025,11.88,14562624,
0322.HK,7/28/2025,11.58,11064249,
0322.HK,7/29/2025,11.6,6275372,
0322.HK,7/30/2025,11.84,9957064,
0322.HK,7/31/2025,11.58,12303460,
0322.HK,8/1/2025,11.34,11095066,
0322.HK,8/4/2025,11.18,10345053,
0322.HK,8/5/2025,11.35,14948771,
0322.HK,8/6/2025,11.42,14612780,
0322.HK,8/7/2025,11.43,9244800,
0322.HK,8/8/2025,11.36,11112591,
0322.HK,8/11/2025,11.4,9734258,
0322.HK,8/12/2025,11.2,24270926,
0322.HK,8/13/2025,11.12,18890607,
0322.HK,8/14/2025,11.46,18620065,
0322.HK,8/15/2025,11.16,8850453,
0322.HK,8/18/2025,10.8,21479810,
0322.HK,8/19/2025,10.82,10639560,
0322.HK,8/20/2025,11.08,10212788,
0322.HK,8/21/2025,11.07,5711889,
0322.HK,8/22/2025,11.14,10453006,
0322.HK,8/25/2025,11.15,9787330,
0322.HK,8/26/2025,11.53,22314623,
0322.HK,8/27/2025,11.32,19828245,
0322.HK,8/28/2025,11.14,5395770,
0322.HK,8/29/2025,11.03,10402856,
0322.HK,9/1/2025,11.17,5302880,
0322.HK,9/2/2025,11.15,5243917,
0322.HK,9/3/2025,11.14,6240440,
0322.HK,9/4/2025,11.23,8698196,
0322.HK,9/5/2025,11.3,12182809,
0322.HK,9/8/2025,11.3,6025747,
0322.HK,9/9/2025,11.37,8053383,
0322.HK,9/10/2025,11.27,6082363,
0322.HK,9/11/2025,11.23,9822689,
0322.HK,9/12/2025,11.2,8489731,
0322.HK,9/15/2025,11.26,7264552,
0322.HK,9/16/2025,10.91,10822411,
0322.HK,9/17/2025,10.89,10927619,
0322.HK,9/18/2025,10.88,20193956,
0322.HK,9/19/2025,10.91,10942226,
0322.HK,9/22/2025,10.72,9980508,
0322.HK,9/23/2025,10.47,9478300,
0322.HK,9/24/2025,10.38,9299645,
0322.HK,9/25/2025,10.33,5253531,
0322.HK,9/26/2025,10.4,6580764,
0322.HK,9/29/2025,10.41,6353110,
0322.HK,9/30/2025,10.42,5912303,
0322.HK,10/2/2025,10.46,4882988,
0322.HK,10/3/2025,10.27,7891904,
0322.HK,10/6/2025,10.22,4966000,
0322.HK,10/8/2025,10.32,6436811,
0322.HK,10/9/2025,10.45,6582047,
0322.HK,10/10/2025,10.48,9054537,
0322.HK,10/13/2025,10.62,17504978,
0322.HK,10/14/2025,10.58,13238137,
0322.HK,10/15/2025,10.68,10642102,
0322.HK,10/16/2025,10.9,11852885,
0322.HK,10/17/2025,10.78,8700992,
0322.HK,10/20/2025,10.87,6759600,
0322.HK,10/21/2025,10.79,6923177,
0322.HK,10/22/2025,10.85,6739310,
0322.HK,10/23/2025,10.96,10380328,
0322.HK,10/24/2025,10.91,7491798,
0322.HK,10/27/2025,11,4235570,
0322.HK,10/28/2025,11.01,4646561,
0322.HK,10/29/2025,11.01,0,0.03289
0322.HK,10/30/2025,10.83,5774185,
0322.HK,10/31/2025,10.66,14232846,
0322.HK,11/3/2025,11.01,13798654,
0322.HK,11/4/2025,11.37,16309549,
0322.HK,11/5/2025,11.86,27836509,
0322.HK,11/6/2025,11.7,22775960,
0322.HK,11/7/2025,11.88,10869613,
0322.HK,11/10/2025,11.98,5654195,
0322.HK,11/11/2025,12.04,8701304,
0322.HK,11/12/2025,11.76,18612979,
0322.HK,11/13/2025,11.93,8474489,
0322.HK,11/14/2025,12,6937000,
0322.HK,11/17/2025,12.25,21183755,
0322.HK,11/18/2025,12.09,10484176,
0322.HK,11/19/2025,12.02,13313707,
0322.HK,11/20/2025,12.08,16596386,
0322.HK,11/21/2025,11.97,9451169,
0322.HK,11/24/2025,12.02,10634916,
0322.HK,11/25/2025,12.08,5092827,
0322.HK,11/26/2025,12,9572071,
0322.HK,11/27/2025,11.97,4515300,
0322.HK,11/28/2025,11.93,7247989,
0322.HK,12/1/2025,12.11,6848063,
0322.HK,12/2/2025,12.13,5033532,
0322.HK,12/3/2025,11.97,6696493,
0322.HK,12/4/2025,12.05,3055478,
0322.HK,12/5/2025,12.06,4191417,
0322.HK,12/8/2025,12.16,7526100,
0322.HK,12/9/2025,11.83,10827325,
0322.HK,12/10/2025,11.79,9038533,
0322.HK,12/11/2025,11.63,4064927,
0322.HK,12/12/2025,11.74,7220602,
0322.HK,12/15/2025,11.9,6087598,
0322.HK,12/16/2025,11.75,9543613,
0322.HK,12/17/2025,11.65,10827890,
0322.HK,12/18/2025,11.84,8385305,
0322.HK,12/19/2025,12.17,18776059,
0322.HK,12/22/2025,12.1,5657742,
0322.HK,12/23/2025,12.35,17233598,
0322.HK,12/24/2025,12.31,5351534,
0322.HK,12/25/2025,12.31,0,0.029417
0322.HK,12/26/2025,12.31,0,0.029417
0322.HK,12/29/2025,12,5686100,
0322.HK,12/30/2025,11.9,9664628,
0322.HK,12/31/2025,11.79,1526500,
0322.HK,1/2/2026,11.71,3889875,
0322.HK,1/5/2026,11.78,8992904,
0322.HK,1/6/2026,11.78,5470374,
0322.HK,1/7/2026,11.95,6253400,
0322.HK,1/8/2026,11.45,14122306,
0322.HK,1/9/2026,11.91,8894212,
0322.HK,1/12/2026,12.45,16095285,
0322.HK,1/13/2026,11.91,13197801,
0322.HK,1/14/2026,12.07,11819347,
0322.HK,1/15/2026,11.93,4304342,
0322.HK,1/16/2026,11.94,5778000,
0322.HK,1/19/2026,11.93,5430100,
0322.HK,1/20/2026,12,7589600,
0322.HK,1/21/2026,12.09,7658101,
0322.HK,1/22/2026,12.15,5862008,
0322.HK,1/23/2026,12.2,5537977,
0322.HK,1/26/2026,11.64,18004148,
0322.HK,1/27/2026,11.5,6455420,
0322.HK,1/28/2026,11.9,14645437,
0322.HK,1/29/2026,12.05,8914946,
0322.HK,1/30/2026,11.86,9273446,
0322.HK,2/2/2026,11.98,11984086,
0322.HK,2/3/2026,12.05,6965674,
0322.HK,2/4/2026,12.34,12682379,
0322.HK,2/5/2026,12.71,15140467,
0322.HK,2/6/2026,12.46,19104463,
0322.HK,2/9/2026,12.61,14275193,
0322.HK,2/10/2026,12.79,11760230,
0322.HK,2/11/2026,12.94,10012802,
0322.HK,2/12/2026,12.96,5208120,
0322.HK,2/13/2026,12.9,7082851,
0322.HK,2/16/2026,13.14,3994600,
0322.HK,2/20/2026,12.99,8868000,
0322.HK,2/23/2026,13.1,5461022,
0322.HK,2/24/2026,13.04,12855680,
0322.HK,2/25/2026,13.53,18148585,
0322.HK,2/26/2026,13.23,15319904,
0322.HK,2/27/2026,13.09,20563510,
0322.HK,3/2/2026,13.07,12405917,
0322.HK,3/3/2026,12.92,11791738,
0322.HK,3/4/2026,12.9,16596489,
0322.HK,3/5/2026,12.74,11375322,
0322.HK,3/6/2026,12.82,20750038,
0322.HK,3/9/2026,12.82,15317154,
0322.HK,3/10/2026,13.02,12895228,
0322.HK,3/11/2026,13.13,9681465,
0322.HK,3/12/2026,12.95,15946623,
0322.HK,3/13/2026,12.71,10300000,
0322.HK,3/16/2026,12.71,10021295,
0322.HK,3/17/2026,12.8,8132782,
0322.HK,3/18/2026,12.84,8207135,
0322.HK,3/19/2026,12.55,10696187,
0322.HK,3/20/2026,12.47,12248625,
0322.HK,3/23/2026,12.02,23679695,
0322.HK,3/24/2026,13.22,65964427,
0322.HK,3/25/2026,13.11,24991220,
0322.HK,3/26/2026,12.74,12232582,
0322.HK,3/27/2026,12.65,13292519,
0322.HK,3/30/2026,12.76,9358794,
0322.HK,3/31/2026,12.98,14497503,
0322.HK,4/1/2026,13.16,13301284,
0322.HK,4/2/2026,13.36,8631454,
0322.HK,4/3/2026,13.36,0,0.034497
0322.HK,4/7/2026,13.36,0,0.034497
0322.HK,4/8/2026,13.32,15451354,
0322.HK,4/9/2026,13.43,11711704,
0322.HK,4/10/2026,12.99,20242663,
0322.HK,4/13/2026,13.23,11929280,
0322.HK,4/14/2026,13.26,10864001,
0322.HK,4/15/2026,13.25,12592822,
0322.HK,4/16/2026,12.79,15407943,
0322.HK,4/17/2026,12.52,20171362,
0322.HK,4/20/2026,12.7,10678000,
0322.HK,4/21/2026,12.76,7981809,
0322.HK,4/22/2026,12.8,9412000,
0322.HK,4/23/2026,12.65,17114000,
0322.HK,4/24/2026,12.45,18185445,
0322.HK,4/27/2026,12.46,19608732,
0322.HK,4/28/2026,12.53,15235868,
0322.HK,4/29/2026,12.67,9167399,
0322.HK,4/30/2026,12.05,23150534,
0322.HK,5/4/2026,12.09,4968755,
0322.HK,5/5/2026,12.15,8451024,
0322.HK,5/6/2026,12.28,15106090,
0322.HK,5/7/2026,12.35,12957140,
0322.HK,5/8/2026,12.46,12734515,
0322.HK,5/11/2026,12.43,14920465,
0322.HK,5/12/2026,12.33,19839670,
0322.HK,5/13/2026,12.3,11199002,
0322.HK,5/14/2026,12.52,15002523,
0322.HK,5/15/2026,12.43,9082221,
0322.HK,5/18/2026,12.18,8844296,
0322.HK,5/19/2026,12.31,18111488,
0322.HK,5/20/2026,12.1,15536000,
0322.HK,5/21/2026,12.08,16058929,
0322.HK,5/22/2026,11.63,25651381,
0322.HK,5/25/2026,11.63,0,0.039629
0322.HK,5/26/2026,11.75,18046963,
0322.HK,5/27/2026,11.67,13349266,
0322.HK,5/28/2026,11.88,14468948,
0322.HK,5/29/2026,11.95,21009176,
0322.HK,6/1/2026,12.41,22819396,
0322.HK,6/2/2026,12.63,24441420,
0322.HK,6/3/2026,12.82,22913891,
0322.HK,6/4/2026,12.95,25315447,0.035589
0322.HK,6/5/2026,12.16,50002993,0.037901
0322.HK,6/8/2026,11.9,42302816,0.038729
0322.HK,6/9/2026,11.75,50470957,0.039224
0322.HK,6/10/2026,10.62,38974765,0.043397
0322.HK,6/11/2026,10.5,28789615,0.043893
0371.HK,6/12/2025,2.45,29715011,0.065714
0371.HK,6/13/2025,2.44,22166175,0.065984
0371.HK,6/16/2025,2.53,31012416,0.063636
0371.HK,6/17/2025,2.6,28911171,0.061923
0371.HK,6/18/2025,2.6,27323845,0.061923
0371.HK,6/19/2025,2.51,21965880,0.064143
0371.HK,6/20/2025,2.47,23705183,0.065182
0371.HK,6/23/2025,2.44,15337915,0.065984
0371.HK,6/24/2025,2.54,31991950,0.063386
0371.HK,6/25/2025,2.48,13834240,0.064919
0371.HK,6/26/2025,2.49,8276345,0.064659
0371.HK,6/27/2025,2.37,40330858,0.067932
0371.HK,6/30/2025,2.37,17851631,0.069409
0371.HK,7/1/2025,2.37,0,0.069409
0371.HK,7/2/2025,2.44,32712419,0.067418
0371.HK,7/3/2025,2.46,14190799,0.06687
0371.HK,7/4/2025,2.44,14520520,0.067418
0371.HK,7/7/2025,2.45,12390300,0.067143
0371.HK,7/8/2025,2.42,24993117,0.067975
0371.HK,7/9/2025,2.42,10570401,0.067975
0371.HK,7/10/2025,2.49,26476476,0.066064
0371.HK,7/11/2025,2.58,34977670,0.06376
0371.HK,7/14/2025,2.57,20502790,0.064008
0371.HK,7/15/2025,2.59,16625932,0.063514
0371.HK,7/16/2025,2.59,14250000,0.063514
0371.HK,7/17/2025,2.61,23388866,0.063027
0371.HK,7/18/2025,2.6,10790416,0.063269
0371.HK,7/21/2025,2.62,20126062,0.062786
0371.HK,7/22/2025,2.68,46042797,0.061381
0371.HK,7/23/2025,2.68,22135995,0.061381
0371.HK,7/24/2025,2.72,17392317,0.060478
0371.HK,7/25/2025,2.71,20667914,0.060701
0371.HK,7/28/2025,2.69,16567504,0.061152
0371.HK,7/29/2025,2.75,18322433,0.059818
0371.HK,7/30/2025,2.71,21176640,0.060701
0371.HK,7/31/2025,2.69,19976081,0.061152
0371.HK,8/1/2025,2.67,16493416,0.06161
0371.HK,8/4/2025,2.68,26086298,0.061381
0371.HK,8/5/2025,2.73,20204853,0.060256
0371.HK,8/6/2025,2.69,11025076,0.061152
0371.HK,8/7/2025,2.72,30577530,0.060478
0371.HK,8/8/2025,2.66,23454613,0.061842
0371.HK,8/11/2025,2.65,29478670,0.062075
0371.HK,8/12/2025,2.7,26710895,0.060926
0371.HK,8/13/2025,2.65,32958057,0.062075
0371.HK,8/14/2025,2.63,28117862,0.062548
0371.HK,8/15/2025,2.59,14260000,0.063514
0371.HK,8/18/2025,2.58,24816887,0.06376
0371.HK,8/19/2025,2.55,15743709,0.06451
0371.HK,8/20/2025,2.56,12445258,0.064258
0371.HK,8/21/2025,2.57,23471328,0.064008
0371.HK,8/22/2025,2.55,25872992,0.06451
0371.HK,8/25/2025,2.61,38634000,0.063027
0371.HK,8/26/2025,2.58,19293928,0.06376
0371.HK,8/27/2025,2.58,17403053,0.06376
0371.HK,8/28/2025,2.63,44779926,0.062548
0371.HK,8/29/2025,2.6,25304490,0.063269
0371.HK,9/1/2025,2.63,21795746,0.062548
0371.HK,9/2/2025,2.62,25779703,0.062786
0371.HK,9/3/2025,2.62,32798544,0.062786
0371.HK,9/4/2025,2.64,39577748,0.062311
0371.HK,9/5/2025,2.69,118948914,0.061152
0371.HK,9/8/2025,2.6,51364859,0.063269
0371.HK,9/9/2025,2.54,50726062,0.064764
0371.HK,9/10/2025,2.53,25096189,0.06502
0371.HK,9/11/2025,2.57,24413597,0.064008
0371.HK,9/12/2025,2.59,28847963,0.063514
0371.HK,9/15/2025,2.54,21545000,0.064764
0371.HK,9/16/2025,2.52,30860659,0.065278
0371.HK,9/17/2025,2.54,35753631,0.064764
0371.HK,9/18/2025,2.5,27530505,0.0658
0371.HK,9/19/2025,2.46,28820378,0.06687
0371.HK,9/22/2025,2.46,23902896,0.06687
0371.HK,9/23/2025,2.46,27271285,0.06687
0371.HK,9/24/2025,2.44,13737435,0.067418
0371.HK,9/25/2025,2.43,30726149,0.067695
0371.HK,9/26/2025,2.43,18292169,0.067695
0371.HK,9/29/2025,2.42,29950144,0.067975
0371.HK,9/30/2025,2.39,24382982,0.068828
0371.HK,10/9/2025,2.41,26145822,0.068257
0371.HK,10/10/2025,2.43,25044434,0.067695
0371.HK,10/13/2025,2.43,26183364,0.067695
0371.HK,10/14/2025,2.43,22019351,0.067695
0371.HK,10/15/2025,2.45,11253047,0.067143
0371.HK,10/16/2025,2.5,27194118,0.0658
0371.HK,10/17/2025,2.48,23952554,0.066331
0371.HK,10/20/2025,2.5,12890729,0.0658
0371.HK,10/21/2025,2.5,10641496,0.0658
0371.HK,10/22/2025,2.51,13142157,0.065538
0371.HK,10/23/2025,2.52,14169291,0.065278
0371.HK,10/24/2025,2.48,18528189,0.066331
0371.HK,10/27/2025,2.51,17530280,0.065538
0371.HK,10/28/2025,2.53,15298420,0.06502
0371.HK,10/29/2025,2.53,0,0.06502
0371.HK,10/30/2025,2.55,17527029,0.06451
0371.HK,10/31/2025,2.5,17183177,0.0658
0371.HK,11/3/2025,2.52,16956623,0.065278
0371.HK,11/4/2025,2.53,14612241,0.06502
0371.HK,11/5/2025,2.54,11136882,0.064764
0371.HK,11/6/2025,2.58,52269082,0.06376
0371.HK,11/7/2025,2.59,15180265,0.063514
0371.HK,11/10/2025,2.61,17153094,0.063027
0371.HK,11/11/2025,2.62,22500253,0.062786
0371.HK,11/12/2025,2.65,23194016,0.062075
0371.HK,11/13/2025,2.64,28884100,0.062311
0371.HK,11/14/2025,2.57,44408728,0.064008
0371.HK,11/17/2025,2.56,28714178,0.064258
0371.HK,11/18/2025,2.52,24431460,0.065278
0371.HK,11/19/2025,2.54,15754917,0.064764
0371.HK,11/20/2025,2.54,15432569,0.064764
0371.HK,11/21/2025,2.47,47539174,0.066599
0371.HK,11/24/2025,2.42,349195587,0.067975
0371.HK,11/25/2025,2.52,105038490,0.065278
0371.HK,11/26/2025,2.55,29901257,0.06451
0371.HK,11/27/2025,2.58,23395301,0.06376
0371.HK,11/28/2025,2.53,17697162,0.06502
0371.HK,12/1/2025,2.58,12432440,0.06376
0371.HK,12/2/2025,2.6,22940681,0.063269
0371.HK,12/3/2025,2.59,16271016,0.063514
0371.HK,12/4/2025,2.61,17088101,0.063027
0371.HK,12/5/2025,2.54,13701180,0.064764
0371.HK,12/8/2025,2.5,23213029,0.0658
0371.HK,12/9/2025,2.46,22992608,0.06687
0371.HK,12/10/2025,2.47,13816201,0.066599
0371.HK,12/11/2025,2.45,8299630,0.067143
0371.HK,12/12/2025,2.47,21712631,0.066599
0371.HK,12/15/2025,2.55,24568254,0.06451
0371.HK,12/16/2025,2.53,12999101,0.06502
0371.HK,12/17/2025,2.47,18078001,0.066599
0371.HK,12/18/2025,2.51,17802890,0.065538
0371.HK,12/19/2025,2.49,34343318,0.066064
0371.HK,12/22/2025,2.49,25734250,0.066064
0371.HK,12/23/2025,2.54,14180326,0.064764
0371.HK,12/24/2025,2.53,5495101,0.06502
0371.HK,12/25/2025,2.53,0,0.06502
0371.HK,12/26/2025,2.53,0,0.06502
0371.HK,12/29/2025,2.5,18074100,0.0658
0371.HK,12/30/2025,2.46,7217663,0.06687
0371.HK,12/31/2025,2.46,8028200,0.06748
0371.HK,1/5/2026,2.47,12426383,0.067206
0371.HK,1/6/2026,2.5,13080189,0.0664
0371.HK,1/7/2026,2.51,10464000,0.066135
0371.HK,1/8/2026,2.51,12809240,0.066135
0371.HK,1/9/2026,2.52,12008000,0.065873
0371.HK,1/12/2026,2.52,18236669,0.065873
0371.HK,1/13/2026,2.53,15700972,0.065613
0371.HK,1/14/2026,2.56,12337800,0.064844
0371.HK,1/15/2026,2.56,21901151,0.064844
0371.HK,1/16/2026,2.52,41267280,0.065873
0371.HK,1/19/2026,2.52,23016000,0.065873
0371.HK,1/20/2026,2.57,20145288,0.064591
0371.HK,1/21/2026,2.58,13300012,0.064341
0371.HK,1/22/2026,2.64,34380082,0.062879
0371.HK,1/23/2026,2.64,18694000,0.062879
0371.HK,1/26/2026,2.63,14996100,0.063118
0371.HK,1/27/2026,2.6,20053215,0.063846
0371.HK,1/28/2026,2.64,13501179,0.062879
0371.HK,1/29/2026,2.67,17032630,0.062172
0371.HK,1/30/2026,2.69,26883707,0.06171
0371.HK,2/2/2026,2.77,57370986,0.059928
0371.HK,2/3/2026,2.82,44340562,0.058865
0371.HK,2/4/2026,2.89,49782230,0.057439
0371.HK,2/5/2026,2.91,35669198,0.057045
0371.HK,2/6/2026,2.96,54340889,0.056081
0371.HK,2/9/2026,2.86,84276173,0.058042
0371.HK,2/10/2026,2.85,19628075,0.058246
0371.HK,2/11/2026,2.88,12146518,0.057639
0371.HK,2/12/2026,2.82,17457100,0.058865
0371.HK,2/13/2026,2.8,14419712,0.059286
0371.HK,2/24/2026,2.91,20435732,0.057045
0371.HK,2/25/2026,2.83,19054874,0.058657
0371.HK,2/26/2026,2.83,37503602,0.058657
0371.HK,2/27/2026,2.83,23323100,0.058657
0371.HK,3/2/2026,2.78,23942000,0.059712
0371.HK,3/3/2026,2.75,24315341,0.060364
0371.HK,3/4/2026,2.75,32576514,0.060364
0371.HK,3/5/2026,2.82,27992333,0.058865
0371.HK,3/6/2026,2.86,25352837,0.058042
0371.HK,3/9/2026,2.74,25352000,0.060584
0371.HK,3/10/2026,2.75,20104712,0.060364
0371.HK,3/11/2026,2.8,22138447,0.059286
0371.HK,3/12/2026,2.81,18710000,0.059075
0371.HK,3/13/2026,2.84,23170000,0.058451
0371.HK,3/16/2026,2.87,19870747,0.05784
0371.HK,3/17/2026,2.79,21970000,0.059498
0371.HK,3/18/2026,2.83,15287572,0.058657
0371.HK,3/19/2026,2.78,19696690,0.059712
0371.HK,3/20/2026,2.79,40176767,0.059498
0371.HK,3/23/2026,2.71,38786100,0.061255
0371.HK,3/24/2026,2.81,30058001,0.059075
0371.HK,3/25/2026,2.8,16504559,0.059286
0371.HK,3/26/2026,2.74,32542024,0.060584
0371.HK,3/27/2026,2.69,26644208,0.06171
0371.HK,3/30/2026,2.72,17381265,0.061029
0371.HK,3/31/2026,2.71,17693165,0.061255
0371.HK,4/1/2026,2.78,16703954,0.059712
0371.HK,4/2/2026,2.78,13688000,0.059712
0371.HK,4/3/2026,2.78,0,0.059712
0371.HK,4/7/2026,2.78,0,0.059712
0371.HK,4/8/2026,2.76,20513764,0.060145
0371.HK,4/9/2026,2.76,9775832,0.060145
0371.HK,4/10/2026,2.74,5664671,0.060584
0371.HK,4/13/2026,2.71,8417196,0.061255
0371.HK,4/14/2026,2.72,17300000,0.061029
0371.HK,4/15/2026,2.72,13529000,0.061029
0371.HK,4/16/2026,2.7,9968000,0.061481
0371.HK,4/17/2026,2.69,45019941,0.06171
0371.HK,4/20/2026,2.73,19974000,0.060806
0371.HK,4/21/2026,2.85,29065570,0.058246
0371.HK,4/22/2026,2.82,14320838,0.058865
0371.HK,4/23/2026,2.82,16189404,0.058865
0371.HK,4/24/2026,2.75,92782525,0.060364
0371.HK,4/27/2026,2.76,29805396,0.060145
0371.HK,4/28/2026,2.79,8294000,0.059498
0371.HK,4/29/2026,2.83,8528000,0.058657
0371.HK,4/30/2026,2.76,15520762,0.060145
0371.HK,5/6/2026,2.78,10136062,0.059712
0371.HK,5/7/2026,2.79,24754000,0.059498
0371.HK,5/8/2026,2.83,24889604,0.058657
0371.HK,5/11/2026,2.89,17733677,0.057439
0371.HK,5/12/2026,2.91,20363393,0.057045
0371.HK,5/13/2026,2.89,19090553,0.057439
0371.HK,5/14/2026,2.95,33563275,0.056271
0371.HK,5/15/2026,2.94,20314000,0.056463
0371.HK,5/18/2026,2.93,21195050,0.056655
0371.HK,5/19/2026,2.91,23000491,0.057045
0371.HK,5/20/2026,2.89,19331610,0.057439
0371.HK,5/21/2026,2.84,19603468,0.058451
0371.HK,5/22/2026,2.8,37282315,0.059286
0371.HK,5/25/2026,2.8,0,0.059286
0371.HK,5/26/2026,2.82,19892970,0.058865
0371.HK,5/27/2026,2.81,17832618,0.059075
0371.HK,5/28/2026,2.75,31775950,0.060364
0371.HK,5/29/2026,2.72,15779275,0.061029
0371.HK,6/1/2026,2.7,24656000,0.061481
0371.HK,6/2/2026,2.56,29337403,0.064844
0371.HK,6/3/2026,2.54,24678197,0.065354
0371.HK,6/4/2026,2.5,24091626,0.0664
0371.HK,6/5/2026,2.52,85428043,0.065873
0371.HK,6/8/2026,2.49,34810676,0.066667
0371.HK,6/9/2026,2.53,20380869,0.065613
0371.HK,6/10/2026,2.52,16908780,0.065873
0371.HK,6/11/2026,2.49,7867788,0.066667
0568.HK,6/12/2025,2.3,20193600,
0568.HK,6/13/2025,4.04,1723210180,
0568.HK,6/16/2025,5.36,739193290,
0568.HK,6/17/2025,5.23,708150040,
0568.HK,6/18/2025,5.65,404964915,
0568.HK,6/19/2025,5.43,395214600,
0568.HK,6/20/2025,5.2,374605900,
0568.HK,6/23/2025,5.65,281926300,
0568.HK,6/24/2025,4.33,643842910,
0568.HK,6/25/2025,3.76,208867800,
0568.HK,6/26/2025,4.5,918407605,
0568.HK,6/27/2025,4.18,276900400,
0568.HK,6/30/2025,4.31,196150623,
0568.HK,7/1/2025,4.31,0,
0568.HK,7/2/2025,4.46,171248998,
0568.HK,7/3/2025,4.39,71409602,
0568.HK,7/4/2025,4.36,84384000,
0568.HK,7/7/2025,4.37,50138000,
0568.HK,7/8/2025,4.27,64823600,
0568.HK,7/9/2025,4.3,105490600,
0568.HK,7/10/2025,4.18,51171000,
0568.HK,7/11/2025,4.22,95569580,
0568.HK,7/14/2025,4.55,185200600,
0568.HK,7/15/2025,4.28,59405200,
0568.HK,7/16/2025,4.29,25326400,
0568.HK,7/17/2025,4.23,19702400,
0568.HK,7/18/2025,4.34,84918000,
0568.HK,7/21/2025,4.28,32160800,
0568.HK,7/22/2025,4.1,27253200,
0568.HK,7/23/2025,4.1,35975200,
0568.HK,7/24/2025,4.15,18908200,
0568.HK,7/25/2025,4.1,9812800,
0568.HK,7/28/2025,4.11,27668800,
0568.HK,7/29/2025,4.04,18932400,
0568.HK,7/30/2025,4.72,414122600,
0568.HK,7/31/2025,4.41,363654000,
0568.HK,8/1/2025,4.27,176258400,
0568.HK,8/4/2025,4.17,61934800,
0568.HK,8/5/2025,4.77,195891200,
0568.HK,8/6/2025,4.54,128046200,
0568.HK,8/7/2025,4.65,121890400,
0568.HK,8/8/2025,4.42,57713830,
0568.HK,8/11/2025,4.49,67802400,
0568.HK,8/12/2025,4.39,39050400,
0568.HK,8/13/2025,4.41,24010400,
0568.HK,8/14/2025,4.34,28920093,
0568.HK,8/15/2025,4.37,23234000,
0568.HK,8/18/2025,4.33,20763200,
0568.HK,8/19/2025,4.22,21370800,
0568.HK,8/20/2025,4.29,47775600,
0568.HK,8/21/2025,4.4,139877600,
0568.HK,8/22/2025,4.29,39754400,
0568.HK,8/25/2025,4.24,26968800,
0568.HK,8/26/2025,4.24,17122800,
0568.HK,8/27/2025,4.1,21229800,
0568.HK,8/28/2025,4.05,22069600,
0568.HK,8/29/2025,4.04,13662000,
0568.HK,9/1/2025,4.08,13944600,
0568.HK,9/2/2025,4.22,88153400,
0568.HK,9/3/2025,4.07,23352400,
0568.HK,9/4/2025,4.07,25400000,
0568.HK,9/5/2025,4.08,10867600,
0568.HK,9/8/2025,4.08,13783600,
0568.HK,9/9/2025,4.04,12660400,
0568.HK,9/10/2025,4.36,184040400,
0568.HK,9/11/2025,4.18,63660000,
0568.HK,9/12/2025,4.15,34182400,
0568.HK,9/15/2025,4.22,70412400,
0568.HK,9/16/2025,4.14,26943600,
0568.HK,9/17/2025,4.19,30945800,
0568.HK,9/18/2025,4.1,19818400,
0568.HK,9/19/2025,4.09,14038000,
0568.HK,9/22/2025,4.12,7784878,
0568.HK,9/23/2025,4.07,11019200,
0568.HK,9/24/2025,4.3,141558800,
0568.HK,9/25/2025,4.11,47047200,
0568.HK,9/26/2025,4.12,30764400,
0568.HK,9/29/2025,4.13,16335200,
0568.HK,9/30/2025,4.13,18143600,
0568.HK,10/9/2025,4.13,15251200,
0568.HK,10/10/2025,4.15,20578800,
0568.HK,10/13/2025,4.06,15920800,
0568.HK,10/14/2025,4.06,46956000,
0568.HK,10/15/2025,4.08,11075000,
0568.HK,10/16/2025,4.08,18873200,
0568.HK,10/17/2025,4.17,192530200,
0568.HK,10/20/2025,4.17,118119800,
0568.HK,10/21/2025,4.52,249177600,
0568.HK,10/22/2025,4.73,301670800,
0568.HK,10/23/2025,5.03,230517798,
0568.HK,10/24/2025,4.24,173219800,
0568.HK,10/27/2025,4.28,111652800,
0568.HK,10/28/2025,4.2,44727200,
0568.HK,10/29/2025,4.2,0,
0568.HK,10/30/2025,4.09,30676050,
0568.HK,10/31/2025,4.1,23990000,
0568.HK,11/3/2025,4.22,43836000,
0568.HK,11/4/2025,4.1,20038800,
0568.HK,11/5/2025,4.12,29317600,
0568.HK,11/6/2025,4.09,17815600,
0568.HK,11/7/2025,4.07,12087200,
0568.HK,11/10/2025,4.1,11053200,
0568.HK,11/11/2025,4.09,8769600,
0568.HK,11/12/2025,4.37,115458800,
0568.HK,11/13/2025,4.26,97436800,
0568.HK,11/14/2025,4.21,52868000,
0568.HK,11/17/2025,4.21,32891200,
0568.HK,11/18/2025,4.1,23360000,
0568.HK,11/19/2025,4.12,37669250,
0568.HK,11/20/2025,4.07,16935200,
0568.HK,11/21/2025,3.79,24521800,
0568.HK,11/24/2025,3.79,12774800,
0568.HK,11/25/2025,3.81,7898400,
0568.HK,11/26/2025,3.85,11605600,
0568.HK,11/27/2025,3.82,6451600,
0568.HK,11/28/2025,3.9,40952800,
0568.HK,12/1/2025,3.95,17108000,
0568.HK,12/2/2025,3.89,7572401,
0568.HK,12/3/2025,3.87,13623201,
0568.HK,12/4/2025,3.82,9400400,
0568.HK,12/5/2025,3.81,6753201,
0568.HK,12/8/2025,3.8,6239600,
0568.HK,12/9/2025,3.44,26335601,
0568.HK,12/10/2025,3.33,13908800,
0568.HK,12/11/2025,3.22,11413602,
0568.HK,12/12/2025,3.27,8331201,
0568.HK,12/15/2025,3.25,6742401,
0568.HK,12/16/2025,3.09,9304000,
0568.HK,12/17/2025,3.13,7555200,
0568.HK,12/18/2025,3.15,26007200,
0568.HK,12/19/2025,3.17,7790400,
0568.HK,12/22/2025,3.23,12247200,
0568.HK,12/23/2025,3.17,5876800,
0568.HK,12/24/2025,3.15,3398338,
0568.HK,12/25/2025,3.15,0,
0568.HK,12/26/2025,3.15,0,
0568.HK,12/29/2025,3.18,4775200,
0568.HK,12/30/2025,3.29,52691200,
0568.HK,12/31/2025,3.17,10942800,
0568.HK,1/5/2026,3.61,82654000,
0568.HK,1/6/2026,3.53,54136900,
0568.HK,1/7/2026,3.59,65862800,
0568.HK,1/8/2026,3.54,18842800,
0568.HK,1/9/2026,3.66,51692000,
0568.HK,1/12/2026,3.64,20796400,
0568.HK,1/13/2026,4.17,149449644,
0568.HK,1/14/2026,4.17,204726844,
0568.HK,1/15/2026,4.16,97210400,
0568.HK,1/16/2026,3.89,63360000,
0568.HK,1/19/2026,3.89,39366800,
0568.HK,1/20/2026,3.81,17988400,
0568.HK,1/21/2026,3.97,60710400,
0568.HK,1/22/2026,4.02,55037000,
0568.HK,1/23/2026,4.09,50803600,
0568.HK,1/26/2026,4.29,115141400,
0568.HK,1/27/2026,4.23,38475600,
0568.HK,1/28/2026,4.28,130353600,
0568.HK,1/29/2026,4.57,160301600,
0568.HK,1/30/2026,4.3,89217200,
0568.HK,2/2/2026,3.84,47021200,
0568.HK,2/3/2026,3.89,30864400,
0568.HK,2/4/2026,3.95,39535600,
0568.HK,2/5/2026,3.82,18448800,
0568.HK,2/6/2026,4.05,74053200,
0568.HK,2/9/2026,3.98,24150800,
0568.HK,2/10/2026,3.99,18927200,
0568.HK,2/11/2026,3.96,17208000,
0568.HK,2/12/2026,3.89,15576000,
0568.HK,2/13/2026,3.93,13219800,
0568.HK,2/24/2026,4.59,158653404,
0568.HK,2/25/2026,4.44,58430800,
0568.HK,2/26/2026,4.29,21188800,
0568.HK,2/27/2026,4.33,24301900,
0568.HK,3/2/2026,9.35,791891500,
0568.HK,3/3/2026,11.79,823232049,
0568.HK,3/4/2026,10.27,554900557,
0568.HK,3/5/2026,8.7,562233096,
0568.HK,3/6/2026,8.3,312985420,
0568.HK,3/9/2026,10.38,742601277,
0568.HK,3/10/2026,9.02,513408757,
0568.HK,3/11/2026,10.58,398776446,
0568.HK,3/12/2026,10.83,407183409,
0568.HK,3/13/2026,11.39,298463890,
0568.HK,3/16/2026,11.25,212568300,
0568.HK,3/17/2026,11.08,291683480,
0568.HK,3/18/2026,10.46,116351500,
0568.HK,3/19/2026,11.81,301890916,
0568.HK,3/20/2026,11.2,152239934,
0568.HK,3/23/2026,11.68,209088900,
0568.HK,3/24/2026,10.63,154957200,
0568.HK,3/25/2026,9.88,173131040,
0568.HK,3/26/2026,10.3,148595290,
0568.HK,3/27/2026,10.31,114402700,
0568.HK,3/30/2026,10.19,92732400,
0568.HK,3/31/2026,8.7,98897200,
0568.HK,4/1/2026,7.94,146790090,
0568.HK,4/2/2026,9.24,418096448,
0568.HK,4/3/2026,9.24,0,
0568.HK,4/7/2026,9.24,0,
0568.HK,4/8/2026,8.04,151643020,
0568.HK,4/9/2026,8.88,240199553,
0568.HK,4/10/2026,8.51,105064600,
0568.HK,4/13/2026,9.18,175665725,
0568.HK,4/14/2026,8.65,71162300,
0568.HK,4/15/2026,8.36,57756424,
0568.HK,4/16/2026,8.5,54382466,
0568.HK,4/17/2026,8.31,34395230,
0568.HK,4/20/2026,8.28,47864683,
0568.HK,4/21/2026,8.39,34610600,
0568.HK,4/22/2026,8.09,31555300,
0568.HK,4/23/2026,8.91,289354179,
0568.HK,4/24/2026,8.91,155985709,
0568.HK,4/27/2026,8.69,56072054,
0568.HK,4/28/2026,8.6,104353998,
0568.HK,4/29/2026,8.6,45896280,
0568.HK,4/30/2026,8.26,110850800,
0568.HK,5/6/2026,8.09,41970000,
0568.HK,5/7/2026,7.35,66310800,
0568.HK,5/8/2026,7.46,64136200,
0568.HK,5/11/2026,7.38,31986600,
0568.HK,5/12/2026,7.24,32800400,
0568.HK,5/13/2026,6.87,37523200,
0568.HK,5/14/2026,6.6,39018400,
0568.HK,5/15/2026,6.53,66956800,
0568.HK,5/18/2026,6.69,79616400,
0568.HK,5/19/2026,6.29,35644400,
0568.HK,5/20/2026,6.38,24326400,
0568.HK,5/21/2026,6,30536000,
0568.HK,5/22/2026,6.19,18041600,
0568.HK,5/25/2026,6.19,0,
0568.HK,5/26/2026,5.93,29442802,
0568.HK,5/27/2026,5.51,21726800,
0568.HK,5/28/2026,5.47,75755200,
0568.HK,5/29/2026,5.36,28004400,
0568.HK,6/1/2026,5.46,19684200,
0568.HK,6/2/2026,5.48,32567600,
0568.HK,6/3/2026,6.39,221951314,
0568.HK,6/4/2026,5.68,71576000,
0568.HK,6/5/2026,5.36,50907200,
0568.HK,6/8/2026,6.74,337441600,
0568.HK,6/9/2026,5.53,83068400,
0568.HK,6/10/2026,5.85,172664820,
0568.HK,6/11/2026,6.38,207123000,
0576.HK,6/3/2024,5.16,5680088,
0576.HK,6/4/2024,5.22,5316198,
0576.HK,6/5/2024,5.25,5964000,
0576.HK,6/6/2024,5.3,6286252,
0576.HK,6/7/2024,5.38,5061544,
0576.HK,6/11/2024,5.16,7673123,
0576.HK,6/12/2024,5.17,10261528,
0576.HK,6/13/2024,5.11,3742897,
0576.HK,6/14/2024,5.12,4926542,
0576.HK,6/17/2024,5.01,5032000,
0576.HK,6/18/2024,5.14,7657864,
0576.HK,6/19/2024,5.15,4871952,
0576.HK,6/20/2024,5.24,7369500,
0576.HK,6/21/2024,5.1,6033069,
0576.HK,6/24/2024,5.11,4071489,
0576.HK,6/25/2024,5.16,4865038,
0576.HK,6/26/2024,5.15,5835617,
0576.HK,6/27/2024,5.13,5361960,
0576.HK,6/28/2024,5.27,8230000,
0576.HK,7/2/2024,5.41,7647100,
0576.HK,7/3/2024,5.47,6184640,
0576.HK,7/4/2024,5.55,6797782,
0576.HK,7/5/2024,5.41,5456218,
0576.HK,7/8/2024,5.45,4598944,
0576.HK,7/9/2024,5.32,7132871,
0576.HK,7/10/2024,5.2,6678591,
0576.HK,7/11/2024,5.19,4613267,
0576.HK,7/12/2024,5.19,7330000,
0576.HK,7/15/2024,5.14,4204000,
0576.HK,7/16/2024,5.07,4944060,
0576.HK,7/17/2024,5.04,5380675,
0576.HK,7/18/2024,5.14,3184199,
0576.HK,7/19/2024,5.03,4853125,
0576.HK,7/22/2024,5.14,5094406,
0576.HK,7/23/2024,5.07,4603800,
0576.HK,7/24/2024,5.17,5928170,
0576.HK,7/25/2024,5.09,5030810,
0576.HK,7/26/2024,5.07,3432079,
0576.HK,7/29/2024,5.07,4579385,
0576.HK,7/30/2024,5.01,6778572,
0576.HK,7/31/2024,5.13,10438724,
0576.HK,8/1/2024,5.16,7507985,
0576.HK,8/2/2024,5.13,3648325,
0576.HK,8/5/2024,5.07,4557284,
0576.HK,8/6/2024,5.02,3083978,
0576.HK,8/7/2024,5.14,3608840,
0576.HK,8/8/2024,5.13,4826122,
0576.HK,8/9/2024,5.2,5165050,
0576.HK,8/12/2024,5.26,4002444,
0576.HK,8/13/2024,5.31,5485600,
0576.HK,8/14/2024,5.25,5748382,
0576.HK,8/15/2024,5.27,4264000,
0576.HK,8/16/2024,5.29,2777400,
0576.HK,8/19/2024,5.34,3154826,
0576.HK,8/20/2024,5.31,3276369,
0576.HK,8/21/2024,5.26,2913675,
0576.HK,8/22/2024,5.28,2462896,
0576.HK,8/23/2024,5.21,1820000,
0576.HK,8/26/2024,5.03,9958664,
0576.HK,8/27/2024,5.06,6168350,
0576.HK,8/28/2024,4.99,12193400,
0576.HK,8/29/2024,5.02,11086712,
0576.HK,8/30/2024,5.03,15406369,
0576.HK,9/2/2024,5.05,4431130,
0576.HK,9/3/2024,4.98,4816939,
0576.HK,9/4/2024,4.88,6948320,
0576.HK,9/5/2024,4.82,7561001,
0576.HK,9/9/2024,4.77,10072262,
0576.HK,9/10/2024,4.75,7084886,
0576.HK,9/11/2024,4.65,8912891,
0576.HK,9/12/2024,4.66,7716943,
0576.HK,9/13/2024,4.66,4292000,
0576.HK,9/16/2024,4.6,1762000,
0576.HK,9/17/2024,4.56,3330000,
0576.HK,9/19/2024,4.61,24485873,
0576.HK,9/20/2024,4.7,14199534,
0576.HK,9/23/2024,4.74,7883499,
0576.HK,9/24/2024,4.85,14370599,
0576.HK,9/25/2024,4.86,22029516,
0576.HK,9/26/2024,5.02,14994778,
0576.HK,9/27/2024,5.26,30602336,
0576.HK,9/30/2024,5.44,36565200,
0576.HK,10/2/2024,5.67,26733207,
0576.HK,10/3/2024,5.78,19838122,
0576.HK,10/4/2024,6.3,28276153,
0576.HK,10/7/2024,7.28,62425000,
0576.HK,10/8/2024,5.75,118503460,
0576.HK,10/9/2024,5.57,49859902,
0576.HK,10/10/2024,5.73,34671531,
0576.HK,10/14/2024,5.54,21686688,
0576.HK,10/15/2024,5.3,24727495,
0576.HK,10/16/2024,5.35,13708380,
0576.HK,10/17/2024,5.26,11842000,
0576.HK,10/18/2024,5.5,16371971,
0576.HK,10/21/2024,5.39,14173084,
0576.HK,10/22/2024,5.38,10057785,
0576.HK,10/23/2024,5.36,14713535,
0576.HK,10/24/2024,5.32,8171186,
0576.HK,10/25/2024,5.3,9685520,
0576.HK,10/28/2024,5.3,9275620,
0576.HK,10/29/2024,5.25,8054000,
0576.HK,10/30/2024,5.21,11685952,
0576.HK,10/31/2024,5.16,12121192,
0576.HK,11/1/2024,5.21,9277183,
0576.HK,11/4/2024,5.29,7113789,
0576.HK,11/5/2024,5.46,12602920,
0576.HK,11/6/2024,5.42,11974696,
0576.HK,11/7/2024,5.56,11272090,
0576.HK,11/8/2024,5.46,7502000,
0576.HK,11/11/2024,5.39,8220778,
0576.HK,11/12/2024,5.32,8429778,
0576.HK,11/13/2024,5.29,3757261,
0576.HK,11/14/2024,5.19,7687000,
0576.HK,11/15/2024,5.26,4750194,
0576.HK,11/18/2024,5.29,5040964,
0576.HK,11/19/2024,5.3,3652469,
0576.HK,11/20/2024,5.3,3151096,
0576.HK,11/21/2024,5.28,5355925,
0576.HK,11/22/2024,5.14,12051104,
0576.HK,11/25/2024,5.07,12829441,
0576.HK,11/26/2024,5.11,6586039,
0576.HK,11/27/2024,5.16,3147871,
0576.HK,11/28/2024,5.11,5503228,
0576.HK,11/29/2024,5.12,3888000,
0576.HK,12/2/2024,5.17,2936000,
0576.HK,12/3/2024,5.21,5260800,
0576.HK,12/4/2024,5.21,3672308,
0576.HK,12/5/2024,5.17,4765404,
0576.HK,12/6/2024,5.23,7350094,
0576.HK,12/9/2024,5.4,9979543,
0576.HK,12/10/2024,5.34,16025987,
0576.HK,12/11/2024,5.34,7404344,
0576.HK,12/12/2024,5.37,7680000,
0576.HK,12/13/2024,5.33,10734800,
0576.HK,12/16/2024,5.39,8672571,
0576.HK,12/17/2024,5.31,11773800,
0576.HK,12/18/2024,5.41,7176000,
0576.HK,12/19/2024,5.39,6551733,
0576.HK,12/20/2024,5.38,5900355,
0576.HK,12/23/2024,5.48,7513841,
0576.HK,12/24/2024,5.52,2638745,
0576.HK,12/27/2024,5.56,5382000,
0576.HK,12/30/2024,5.61,9332257,
0576.HK,12/31/2024,5.59,7375203,
0576.HK,1/2/2025,5.49,8191941,
0576.HK,1/3/2025,5.51,8078000,
0576.HK,1/6/2025,5.5,4070157,
0576.HK,1/7/2025,5.4,13575958,
0576.HK,1/8/2025,5.34,6248557,
0576.HK,1/9/2025,5.4,4236567,
0576.HK,1/10/2025,5.29,3818618,
0576.HK,1/13/2025,5.28,4759287,
0576.HK,1/14/2025,5.43,4509239,
0576.HK,1/15/2025,5.42,5690000,
0576.HK,1/16/2025,5.44,5585207,
0576.HK,1/17/2025,5.51,7131520,
0576.HK,1/20/2025,5.55,8918966,
0576.HK,1/21/2025,5.48,8728000,
0576.HK,1/22/2025,5.4,5084819,
0576.HK,1/23/2025,5.46,5350673,
0576.HK,1/24/2025,5.52,7954694,
0576.HK,1/27/2025,5.61,7635950,
0576.HK,1/28/2025,5.6,906200,
0576.HK,2/3/2025,5.55,4468210,
0576.HK,2/4/2025,5.56,2474363,
0576.HK,2/5/2025,5.57,6763966,
0576.HK,2/6/2025,5.59,8899129,
0576.HK,2/7/2025,5.54,8139492,
0576.HK,2/10/2025,5.51,7342911,
0576.HK,2/11/2025,5.48,5890646,
0576.HK,2/12/2025,5.53,10435029,
0576.HK,2/13/2025,5.49,12245602,
0576.HK,2/14/2025,5.53,10888501,
0576.HK,2/17/2025,5.66,13632386,
0576.HK,2/18/2025,5.74,12169418,
0576.HK,2/19/2025,5.66,11728031,
0576.HK,2/20/2025,5.69,6428872,
0576.HK,2/21/2025,5.66,13040720,
0576.HK,2/24/2025,5.75,9201502,
0576.HK,2/25/2025,5.74,6585423,
0576.HK,2/26/2025,5.86,14822548,
0576.HK,2/27/2025,5.89,10606835,
0576.HK,2/28/2025,5.78,11699024,
0576.HK,3/3/2025,5.83,9358413,
0576.HK,3/4/2025,5.83,8464312,
0576.HK,3/5/2025,5.86,8362000,
0576.HK,3/6/2025,5.83,7710824,
0576.HK,3/7/2025,5.77,9492687,
0576.HK,3/10/2025,5.74,6198000,
0576.HK,3/11/2025,5.83,5077050,
0576.HK,3/12/2025,5.83,5211788,
0576.HK,3/13/2025,5.79,5115174,
0576.HK,3/14/2025,5.95,12612188,
0576.HK,3/17/2025,5.96,6348800,
0576.HK,3/18/2025,6.01,10145514,
0576.HK,3/19/2025,5.98,3975866,
0576.HK,3/20/2025,5.98,6760850,
0576.HK,3/21/2025,5.87,11446348,
0576.HK,3/24/2025,6.18,27085263,
0576.HK,3/25/2025,6.36,29932365,
0576.HK,3/26/2025,6.5,15996520,
0576.HK,3/27/2025,6.48,8092997,
0576.HK,3/28/2025,6.46,8691835,
0576.HK,3/31/2025,6.34,11309539,
0576.HK,4/1/2025,6.44,9045854,
0576.HK,4/2/2025,6.5,5060800,
0576.HK,4/3/2025,6.54,5410270,
0576.HK,4/7/2025,6.01,24507750,
0576.HK,4/8/2025,6.23,19799744,
0576.HK,4/9/2025,6.3,13029506,
0576.HK,4/10/2025,6.41,12770902,
0576.HK,4/11/2025,6.43,8398154,
0576.HK,4/14/2025,6.51,6759520,
0576.HK,4/15/2025,6.56,11349033,
0576.HK,4/16/2025,6.6,10066000,
0576.HK,4/17/2025,6.62,5077558,
0576.HK,4/22/2025,6.73,11834263,
0576.HK,4/23/2025,6.77,8449720,
0576.HK,4/24/2025,6.8,9778390,
0576.HK,4/25/2025,6.85,9902856,
0576.HK,4/28/2025,6.88,10303000,
0576.HK,4/29/2025,6.39,7616893,
0576.HK,4/30/2025,6.4,10203235,
0576.HK,5/2/2025,6.32,2812780,
0576.HK,5/6/2025,6.52,11491398,
0576.HK,5/7/2025,6.55,9887280,
0576.HK,5/8/2025,6.33,8430295,
0576.HK,5/9/2025,6.4,6914536,
0576.HK,5/12/2025,6.38,5160301,
0576.HK,5/13/2025,6.41,9089573,
0576.HK,5/14/2025,6.46,10555697,
0576.HK,5/15/2025,6.49,6963563,
0576.HK,5/16/2025,6.42,4474000,
0576.HK,5/19/2025,6.39,5424951,
0576.HK,5/20/2025,6.4,7717735,
0576.HK,5/21/2025,6.42,8919591,
0576.HK,5/22/2025,6.43,6736000,
0576.HK,5/23/2025,6.47,10524573,
0576.HK,5/26/2025,6.32,9596940,
0576.HK,5/27/2025,6.33,8254122,
0576.HK,5/28/2025,6.37,10231332,
0576.HK,5/29/2025,6.35,5144920,
0576.HK,5/30/2025,6.22,22441646,
0576.HK,6/2/2025,6.3,3389099,
0576.HK,6/3/2025,6.37,9284880,
0576.HK,6/4/2025,6.43,6493767,
0576.HK,6/5/2025,6.45,4083111,
0576.HK,6/6/2025,6.43,5176409,
0576.HK,6/9/2025,6.47,3571300,
0576.HK,6/10/2025,6.61,11801500,
0576.HK,6/11/2025,6.57,6937177,
0576.HK,6/12/2025,6.6,13519646,
0576.HK,6/13/2025,6.64,7408691,
0576.HK,6/16/2025,6.82,9557161,
0576.HK,6/17/2025,6.95,10253108,
0576.HK,6/18/2025,7.16,13514546,
0576.HK,6/19/2025,6.99,13857436,
0576.HK,6/20/2025,7.2,15872320,
0576.HK,6/23/2025,7.25,4844760,
0576.HK,6/24/2025,7.24,7529989,
0576.HK,6/25/2025,7.3,13781644,
0576.HK,6/26/2025,7.22,8462412,
0576.HK,6/27/2025,7.21,5989491,
0576.HK,6/30/2025,7.22,6704339,
0576.HK,7/1/2025,7.22,0,0.05777
0576.HK,7/2/2025,7.42,13241311,
0576.HK,7/3/2025,7.37,3960240,
0576.HK,7/4/2025,7.43,7746398,
0576.HK,7/7/2025,7.43,5979411,
0576.HK,7/8/2025,7.45,4989154,
0576.HK,7/9/2025,7.41,3301174,
0576.HK,7/10/2025,7.41,4808872,
0576.HK,7/11/2025,7.45,5680551,
0576.HK,7/14/2025,7.44,4012400,
0576.HK,7/15/2025,7.39,4142000,
0576.HK,7/16/2025,7.33,4169405,
0576.HK,7/17/2025,7.33,4626182,
0576.HK,7/18/2025,7.29,5271239,
0576.HK,7/21/2025,7.38,6887640,
0576.HK,7/22/2025,7.36,5834547,
0576.HK,7/23/2025,7.42,11292520,
0576.HK,7/24/2025,7.65,11699816,
0576.HK,7/25/2025,7.52,3717110,
0576.HK,7/28/2025,7.49,5049324,
0576.HK,7/29/2025,7.56,3980276,
0576.HK,7/30/2025,7.57,5273657,
0576.HK,7/31/2025,7.47,12473695,
0576.HK,8/1/2025,7.2,10215963,
0576.HK,8/4/2025,7.27,2867410,
0576.HK,8/5/2025,7.49,4128839,
0576.HK,8/6/2025,7.51,4825420,
0576.HK,8/7/2025,7.5,2712701,
0576.HK,8/8/2025,7.58,2847024,
0576.HK,8/11/2025,7.44,2561102,
0576.HK,8/12/2025,7.53,1984486,
0576.HK,8/13/2025,7.57,5198016,
0576.HK,8/14/2025,7.62,8206945,
0576.HK,8/15/2025,7.68,8961600,
0576.HK,8/18/2025,7.53,7658372,
0576.HK,8/19/2025,7.49,5002000,
0576.HK,8/20/2025,7.17,19765780,
0576.HK,8/21/2025,7.27,8162928,
0576.HK,8/22/2025,7.22,4767474,
0576.HK,8/25/2025,7.15,7290429,
0576.HK,8/26/2025,7.09,11370517,
0576.HK,8/27/2025,6.97,10084120,
0576.HK,8/28/2025,6.94,6590010,
0576.HK,8/29/2025,6.87,7777116,
0576.HK,9/1/2025,6.83,8054718,
0576.HK,9/2/2025,6.76,7955951,
0576.HK,9/3/2025,7.02,15522298,
0576.HK,9/4/2025,7.04,7902662,
0576.HK,9/5/2025,7.14,4591700,
0576.HK,9/8/2025,7.15,6571528,
0576.HK,9/9/2025,7.18,4676000,
0576.HK,9/10/2025,7.23,4961248,
0576.HK,9/11/2025,7.32,3942274,
0576.HK,9/12/2025,7.22,13646733,
0576.HK,9/15/2025,7.22,3430100,
0576.HK,9/16/2025,7.25,5842600,
0576.HK,9/17/2025,7.39,8918710,
0576.HK,9/18/2025,7.2,9235513,
0576.HK,9/19/2025,7.25,9307034,
0576.HK,9/22/2025,7.28,6872177,
0576.HK,9/23/2025,7.26,3829000,
0576.HK,9/24/2025,7.17,4256100,
0576.HK,9/25/2025,7.04,5284817,
0576.HK,9/26/2025,7.08,2834568,
0576.HK,9/29/2025,7.12,4648962,
0576.HK,9/30/2025,7.19,12400820,
0576.HK,10/2/2025,7.2,3940598,
0576.HK,10/3/2025,7.06,1572000,
0576.HK,10/6/2025,7.09,757800,
0576.HK,10/8/2025,7.08,3498526,
0576.HK,10/9/2025,7.25,7413565,
0576.HK,10/10/2025,7.17,9777169,
0576.HK,10/13/2025,7.31,7894680,
0576.HK,10/14/2025,7.34,5999800,
0576.HK,10/15/2025,7.42,8983521,
0576.HK,10/16/2025,7.65,8962699,
0576.HK,10/17/2025,7.62,6706266,
0576.HK,10/20/2025,7.65,4876177,
0576.HK,10/21/2025,7.62,3237520,
0576.HK,10/22/2025,7.65,2807406,
0576.HK,10/23/2025,7.64,3407221,
0576.HK,10/24/2025,7.6,3038115,
0576.HK,10/27/2025,7.75,6757702,
0576.HK,10/28/2025,7.73,3260187,
0576.HK,10/29/2025,7.73,0,0.053959
0576.HK,10/30/2025,7.7,4486419,
0576.HK,10/31/2025,7.58,3147225,
0576.HK,11/3/2025,7.6,4530000,
0576.HK,11/4/2025,7.54,4531500,
0576.HK,11/5/2025,7.47,3630639,
0576.HK,11/6/2025,7.56,1706388,
0576.HK,11/7/2025,7.6,1242633,
0576.HK,11/10/2025,7.68,2378000,
0576.HK,11/11/2025,7.73,2546415,
0576.HK,11/12/2025,7.79,2778019,
0576.HK,11/13/2025,7.76,4237572,
0576.HK,11/14/2025,7.68,2128186,
0576.HK,11/17/2025,7.67,3154837,
0576.HK,11/18/2025,7.55,4329336,
0576.HK,11/19/2025,7.63,2938515,
0576.HK,11/20/2025,7.68,2980918,
0576.HK,11/21/2025,7.5,5735645,
0576.HK,11/24/2025,7.57,8609414,
0576.HK,11/25/2025,7.65,4434039,
0576.HK,11/26/2025,7.73,3551233,
0576.HK,11/27/2025,7.55,2372100,
0576.HK,11/28/2025,7.55,2586375,
0576.HK,12/1/2025,7.68,4785289,
0576.HK,12/2/2025,7.65,3282957,
0576.HK,12/3/2025,7.58,4879690,
0576.HK,12/4/2025,7.61,4052445,
0576.HK,12/5/2025,7.65,1984526,
0576.HK,12/8/2025,7.62,2960000,
0576.HK,12/9/2025,7.53,4433529,
0576.HK,12/10/2025,7.51,4364597,
0576.HK,12/11/2025,7.44,3010000,
0576.HK,12/12/2025,7.42,2750420,
0576.HK,12/15/2025,7.35,3234250,
0576.HK,12/16/2025,7.29,2833400,
0576.HK,12/17/2025,7.34,2532839,
0576.HK,12/18/2025,7.43,5131958,
0576.HK,12/19/2025,7.36,3620361,
0576.HK,12/22/2025,7.37,2458187,
0576.HK,12/23/2025,7.37,1204314,
0576.HK,12/24/2025,7.36,749033,
0576.HK,12/25/2025,7.36,0,0.056671
0576.HK,12/26/2025,7.36,0,0.056671
0576.HK,12/29/2025,7.28,2362153,
0576.HK,12/30/2025,7.15,4891800,
0576.HK,12/31/2025,7.17,2595381,
0576.HK,1/2/2026,7.19,747089,
0576.HK,1/5/2026,7.21,5204817,
0576.HK,1/6/2026,7.2,9480788,
0576.HK,1/7/2026,7.12,7632039,
0576.HK,1/8/2026,6.97,10530476,
0576.HK,1/9/2026,6.97,9003574,
0576.HK,1/12/2026,6.99,9875199,
0576.HK,1/13/2026,7.03,8564163,
0576.HK,1/14/2026,6.93,10657400,
0576.HK,1/15/2026,6.81,12096849,
0576.HK,1/16/2026,6.79,11671078,
0576.HK,1/19/2026,6.71,14268000,
0576.HK,1/20/2026,6.9,10902000,
0576.HK,1/21/2026,6.84,7682798,
0576.HK,1/22/2026,6.81,15166000,
0576.HK,1/23/2026,6.81,8147032,
0576.HK,1/26/2026,6.88,10019089,
0576.HK,1/27/2026,7,9661086,
0576.HK,1/28/2026,7.15,8981928,
0576.HK,1/29/2026,7.32,8498088,
0576.HK,1/30/2026,7.37,20967075,
0576.HK,2/2/2026,7.47,14189343,
0576.HK,2/3/2026,7.52,16627610,
0576.HK,2/4/2026,7.52,15786344,
0576.HK,2/5/2026,7.55,9834616,
0576.HK,2/6/2026,7.47,7764905,
0576.HK,2/9/2026,7.44,7449642,
0576.HK,2/10/2026,7.6,12544219,
0576.HK,2/11/2026,7.7,17637515,
0576.HK,2/12/2026,7.5,14222458,
0576.HK,2/13/2026,7.28,18969564,
0576.HK,2/16/2026,7.22,2092000,
0576.HK,2/20/2026,6.95,15966288,
0576.HK,2/23/2026,6.99,14383408,
0576.HK,2/24/2026,7.1,36143224,
0576.HK,2/25/2026,6.93,26830919,
0576.HK,2/26/2026,6.83,32132120,
0576.HK,2/27/2026,6.85,163334824,
0576.HK,3/2/2026,7.01,46150534,
0576.HK,3/3/2026,7.08,12045655,
0576.HK,3/4/2026,6.9,15541626,
0576.HK,3/5/2026,7.02,10488307,
0576.HK,3/6/2026,7.07,6278546,
0576.HK,3/9/2026,6.95,7545509,
0576.HK,3/10/2026,6.94,5564280,
0576.HK,3/11/2026,7.02,9621516,
0576.HK,3/12/2026,7.03,4699284,
0576.HK,3/13/2026,7,7655000,
0576.HK,3/16/2026,6.95,7288179,
0576.HK,3/17/2026,6.97,5511909,
0576.HK,3/18/2026,6.88,10492450,
0576.HK,3/19/2026,6.84,6210994,
0576.HK,3/20/2026,6.85,11856223,
0576.HK,3/23/2026,6.8,11799288,
0576.HK,3/24/2026,6.86,4243941,
0576.HK,3/25/2026,7.07,8699488,
0576.HK,3/26/2026,7.11,13565242,
0576.HK,3/27/2026,7.11,9755730,
0576.HK,3/30/2026,7.19,11249032,
0576.HK,3/31/2026,7.18,29963090,
0576.HK,4/1/2026,7.33,17248618,
0576.HK,4/2/2026,7.45,12563134,
0576.HK,4/3/2026,7.45,0,0.060085
0576.HK,4/7/2026,7.45,0,0.060085
0576.HK,4/8/2026,7.5,17817594,
0576.HK,4/9/2026,7.52,11444192,
0576.HK,4/10/2026,7.66,18057107,
0576.HK,4/13/2026,7.68,8285761,
0576.HK,4/14/2026,7.78,15547560,
0576.HK,4/15/2026,8.11,19965931,
0576.HK,4/16/2026,7.62,10275040,
0576.HK,4/17/2026,7.58,8968420,
0576.HK,4/20/2026,7.72,5115523,
0576.HK,4/21/2026,7.73,3535520,
0576.HK,4/22/2026,7.72,6106000,
0576.HK,4/23/2026,7.59,3425216,
0576.HK,4/24/2026,7.61,5445460,
0576.HK,4/27/2026,7.57,4882349,
0576.HK,4/28/2026,7.79,9714376,
0576.HK,4/29/2026,7.8,11227680,
0576.HK,4/30/2026,7.76,10756333,
0576.HK,5/4/2026,7.35,6059796,
0576.HK,5/5/2026,7.27,4172018,
0576.HK,5/6/2026,7.36,8673507,
0576.HK,5/7/2026,7.29,10886196,
0576.HK,5/8/2026,6.91,12925062,
0576.HK,5/11/2026,7.04,9727822,
0576.HK,5/12/2026,7.02,7131046,
0576.HK,5/13/2026,6.88,5966000,
0576.HK,5/14/2026,6.8,3703041,
0576.HK,5/15/2026,6.73,5511244,
0576.HK,5/18/2026,6.67,5902000,
0576.HK,5/19/2026,6.67,8051378,
0576.HK,5/20/2026,6.56,5933187,
0576.HK,5/21/2026,6.58,6124073,
0576.HK,5/22/2026,6.55,7903702,
0576.HK,5/25/2026,6.55,0,0.06834
0576.HK,5/26/2026,6.65,14984086,
0576.HK,5/27/2026,6.76,6038196,
0576.HK,5/28/2026,6.6,8867256,
0576.HK,5/29/2026,6.72,10422911,
0576.HK,6/1/2026,6.9,8524743,
0576.HK,6/2/2026,6.97,5088355,
0576.HK,6/3/2026,6.84,3572667,
0576.HK,6/4/2026,6.86,4708369,0.065252
0576.HK,6/5/2026,6.74,3862715,0.066414
0576.HK,6/8/2026,6.74,3335247,0.066414
0576.HK,6/9/2026,6.69,3649240,0.06691
0576.HK,6/10/2026,6.71,5634615,0.066711
0576.HK,6/11/2026,6.58,5242266,0.068029
0728.HK,6/3/2024,4.48,171477220,
0728.HK,6/4/2024,4.48,79020425,
0728.HK,6/5/2024,4.3,84255809,
0728.HK,6/6/2024,4.32,52898000,
0728.HK,6/7/2024,4.39,56298465,
0728.HK,6/11/2024,4.3,45864982,
0728.HK,6/12/2024,4.31,29384541,
0728.HK,6/13/2024,4.35,18300296,
0728.HK,6/14/2024,4.3,34302591,
0728.HK,6/17/2024,4.25,55450102,
0728.HK,6/18/2024,4.28,28294222,
0728.HK,6/19/2024,4.36,55938000,
0728.HK,6/20/2024,4.48,98057409,
0728.HK,6/21/2024,4.44,45145668,
0728.HK,6/24/2024,4.41,34969233,
0728.HK,6/25/2024,4.49,52175759,
0728.HK,6/26/2024,4.52,45066662,
0728.HK,6/27/2024,4.65,105481731,
0728.HK,6/28/2024,4.63,129517317,
0728.HK,7/2/2024,4.69,92720235,
0728.HK,7/3/2024,4.69,77716949,
0728.HK,7/4/2024,4.74,54753220,
0728.HK,7/5/2024,4.72,57878887,
0728.HK,7/8/2024,4.81,60267805,
0728.HK,7/9/2024,4.86,48193075,
0728.HK,7/10/2024,4.78,66054334,
0728.HK,7/11/2024,4.87,67119796,
0728.HK,7/12/2024,4.95,44021277,
0728.HK,7/15/2024,4.92,44668504,
0728.HK,7/16/2024,4.97,72152529,
0728.HK,7/17/2024,4.65,122667473,
0728.HK,7/18/2024,4.74,88004217,
0728.HK,7/19/2024,4.78,89516643,
0728.HK,7/22/2024,4.85,56985362,
0728.HK,7/23/2024,4.86,40166588,
0728.HK,7/24/2024,4.8,43832854,
0728.HK,7/25/2024,4.67,51520791,
0728.HK,7/26/2024,4.59,106624000,
0728.HK,7/29/2024,4.63,34347778,
0728.HK,7/30/2024,4.6,35324869,
0728.HK,7/31/2024,4.59,44399923,
0728.HK,8/1/2024,4.62,51693422,
0728.HK,8/2/2024,4.62,26790173,
0728.HK,8/5/2024,4.5,53643380,
0728.HK,8/6/2024,4.4,84598000,
0728.HK,8/7/2024,4.4,89749253,
0728.HK,8/8/2024,4.4,41825475,
0728.HK,8/9/2024,4.23,113644006,
0728.HK,8/12/2024,4.2,110303281,
0728.HK,8/13/2024,4.28,57989511,
0728.HK,8/14/2024,4.35,44643912,
0728.HK,8/15/2024,4.46,46571519,
0728.HK,8/16/2024,4.47,32452767,
0728.HK,8/19/2024,4.57,38105029,
0728.HK,8/20/2024,4.57,30179273,
0728.HK,8/21/2024,4.65,62082084,
0728.HK,8/22/2024,4.73,36329001,
0728.HK,8/23/2024,4.7,21860000,
0728.HK,8/26/2024,4.73,53336160,
0728.HK,8/27/2024,4.76,65598025,
0728.HK,8/28/2024,4.7,40752617,
0728.HK,8/29/2024,4.75,49233582,
0728.HK,8/30/2024,4.75,58852011,
0728.HK,9/2/2024,4.75,29717894,
0728.HK,9/3/2024,4.54,40212195,
0728.HK,9/4/2024,4.47,29072640,
0728.HK,9/5/2024,4.48,23035082,
0728.HK,9/9/2024,4.33,69257908,
0728.HK,9/10/2024,4.36,68164155,
0728.HK,9/11/2024,4.27,50284446,
0728.HK,9/12/2024,4.28,30954799,
0728.HK,9/13/2024,4.34,45506592,
0728.HK,9/16/2024,4.32,6186870,
0728.HK,9/17/2024,4.32,19450135,
0728.HK,9/19/2024,4.35,62922311,
0728.HK,9/20/2024,4.34,66838312,
0728.HK,9/23/2024,4.38,63888300,
0728.HK,9/24/2024,4.53,69217537,
0728.HK,9/25/2024,4.54,104722504,
0728.HK,9/26/2024,4.31,258461947,
0728.HK,9/27/2024,4.37,315314183,
0728.HK,9/30/2024,4.46,227692163,
0728.HK,10/2/2024,4.65,137654844,
0728.HK,10/3/2024,4.61,63234395,
0728.HK,10/4/2024,4.66,47123080,
0728.HK,10/7/2024,4.91,156178520,
0728.HK,10/8/2024,4.56,187802059,
0728.HK,10/9/2024,4.55,123402393,
0728.HK,10/10/2024,4.64,121570912,
0728.HK,10/14/2024,4.75,126890981,
0728.HK,10/15/2024,4.72,68621676,
0728.HK,10/16/2024,4.75,82724252,
0728.HK,10/17/2024,4.7,52068043,
0728.HK,10/18/2024,4.72,49648946,
0728.HK,10/21/2024,4.7,50545154,
0728.HK,10/22/2024,4.69,57071404,
0728.HK,10/23/2024,4.67,46978729,
0728.HK,10/24/2024,4.67,72159825,
0728.HK,10/25/2024,4.61,99859625,
0728.HK,10/28/2024,4.58,48279000,
0728.HK,10/29/2024,4.53,62937705,
0728.HK,10/30/2024,4.46,58182000,
0728.HK,10/31/2024,4.44,36716000,
0728.HK,11/1/2024,4.46,30384000,
0728.HK,11/4/2024,4.47,44071290,
0728.HK,11/5/2024,4.5,51938564,
0728.HK,11/6/2024,4.5,47156565,
0728.HK,11/7/2024,4.44,67403177,
0728.HK,11/8/2024,4.37,89040504,
0728.HK,11/11/2024,4.33,65782218,
0728.HK,11/12/2024,4.27,74726347,
0728.HK,11/13/2024,4.38,116384000,
0728.HK,11/14/2024,4.35,64666783,
0728.HK,11/15/2024,4.45,94083342,
0728.HK,11/18/2024,4.5,54409070,
0728.HK,11/19/2024,4.51,24637932,
0728.HK,11/20/2024,4.49,16644014,
0728.HK,11/21/2024,4.48,30986913,
0728.HK,11/22/2024,4.44,21871232,
0728.HK,11/25/2024,4.44,27180244,
0728.HK,11/26/2024,4.45,37356923,
0728.HK,11/27/2024,4.51,37320400,
0728.HK,11/28/2024,4.47,43987698,
0728.HK,11/29/2024,4.52,43913426,
0728.HK,12/2/2024,4.54,35194704,
0728.HK,12/3/2024,4.55,31563880,
0728.HK,12/4/2024,4.61,46174000,
0728.HK,12/5/2024,4.58,38452002,
0728.HK,12/6/2024,4.64,54558037,
0728.HK,12/9/2024,4.67,44503678,
0728.HK,12/10/2024,4.64,66881643,
0728.HK,12/11/2024,4.73,75096737,
0728.HK,12/12/2024,4.77,37887140,
0728.HK,12/13/2024,4.71,53830501,
0728.HK,12/16/2024,4.83,65412908,
0728.HK,12/17/2024,4.8,77097851,
0728.HK,12/18/2024,4.85,83384241,
0728.HK,12/19/2024,4.89,93290505,
0728.HK,12/20/2024,4.85,70912109,
0728.HK,12/23/2024,4.85,62803444,
0728.HK,12/24/2024,4.89,17849318,
0728.HK,12/27/2024,4.9,68191000,
0728.HK,12/30/2024,4.88,34656702,
0728.HK,12/31/2024,4.87,32451980,
0728.HK,1/2/2025,4.71,109759189,
0728.HK,1/3/2025,4.73,111226091,
0728.HK,1/6/2025,4.76,44711165,
0728.HK,1/7/2025,4.71,35914328,
0728.HK,1/8/2025,4.77,50262788,
0728.HK,1/9/2025,4.82,41825684,
0728.HK,1/10/2025,4.77,29196681,
0728.HK,1/13/2025,4.71,26165678,
0728.HK,1/14/2025,4.66,44600106,
0728.HK,1/15/2025,4.67,40738375,
0728.HK,1/16/2025,4.69,28012969,
0728.HK,1/17/2025,4.73,28310751,
0728.HK,1/20/2025,4.75,47711315,
0728.HK,1/21/2025,4.74,72345016,
0728.HK,1/22/2025,4.79,32716053,
0728.HK,1/23/2025,4.78,35022655,
0728.HK,1/24/2025,4.86,35549741,
0728.HK,1/27/2025,4.92,63298720,
0728.HK,1/28/2025,4.87,2317967,
0728.HK,2/3/2025,4.83,13551013,
0728.HK,2/4/2025,4.92,27720784,
0728.HK,2/5/2025,4.86,65031164,
0728.HK,2/6/2025,5,85956572,
0728.HK,2/7/2025,5.15,160539956,
0728.HK,2/10/2025,5.37,263754626,
0728.HK,2/11/2025,5.51,236882123,
0728.HK,2/12/2025,5.64,210318955,
0728.HK,2/13/2025,5.57,195577917,
0728.HK,2/14/2025,5.88,243430567,
0728.HK,2/17/2025,6.07,392061114,
0728.HK,2/18/2025,6.23,215356302,
0728.HK,2/19/2025,6.07,173575596,
0728.HK,2/20/2025,5.96,167707849,
0728.HK,2/21/2025,6.72,442906803,
0728.HK,2/24/2025,6.36,288762459,
0728.HK,2/25/2025,6.05,323842747,
0728.HK,2/26/2025,6.1,244075730,
0728.HK,2/27/2025,6.04,216391528,
0728.HK,2/28/2025,5.84,164547413,
0728.HK,3/3/2025,5.84,78086563,
0728.HK,3/4/2025,5.8,79368575,
0728.HK,3/5/2025,6,107590097,
0728.HK,3/6/2025,6.1,118909368,
0728.HK,3/7/2025,6.21,104574193,
0728.HK,3/10/2025,5.99,84301168,
0728.HK,3/11/2025,5.96,102191753,
0728.HK,3/12/2025,5.87,55908735,
0728.HK,3/13/2025,5.85,53869785,
0728.HK,3/14/2025,5.88,53937585,
0728.HK,3/17/2025,5.95,98886018,
0728.HK,3/18/2025,6.22,91100225,
0728.HK,3/19/2025,6.08,86330700,
0728.HK,3/20/2025,5.93,88659682,
0728.HK,3/21/2025,5.89,66275900,
0728.HK,3/24/2025,5.86,48411300,
0728.HK,3/25/2025,5.72,100162789,
0728.HK,3/26/2025,5.79,98268590,
0728.HK,3/27/2025,5.77,40901100,
0728.HK,3/28/2025,5.83,44178100,
0728.HK,3/31/2025,5.84,52953200,
0728.HK,4/1/2025,5.9,55753665,
0728.HK,4/2/2025,5.94,36622350,
0728.HK,4/3/2025,6.09,89638364,
0728.HK,4/7/2025,5.62,151155063,
0728.HK,4/8/2025,5.67,82604910,
0728.HK,4/9/2025,5.76,99160692,
0728.HK,4/10/2025,5.83,74763819,
0728.HK,4/11/2025,5.85,47963302,
0728.HK,4/14/2025,5.84,103656936,
0728.HK,4/15/2025,5.89,52822951,
0728.HK,4/16/2025,5.94,59115555,
0728.HK,4/17/2025,5.9,52170850,
0728.HK,4/22/2025,5.77,78441047,
0728.HK,4/23/2025,5.52,212545466,
0728.HK,4/24/2025,5.53,117055888,
0728.HK,4/25/2025,5.42,163596443,
0728.HK,4/28/2025,5.42,108118015,
0728.HK,4/29/2025,5.39,47049367,
0728.HK,4/30/2025,5.34,67248015,
0728.HK,5/2/2025,5.35,9230001,
0728.HK,5/6/2025,5.44,57283893,
0728.HK,5/7/2025,5.55,80145269,
0728.HK,5/8/2025,5.59,26291366,
0728.HK,5/9/2025,5.6,27366258,
0728.HK,5/12/2025,5.64,61714887,
0728.HK,5/13/2025,5.61,46405851,
0728.HK,5/14/2025,5.61,91549992,
0728.HK,5/15/2025,5.66,36863327,
0728.HK,5/16/2025,5.63,45252888,
0728.HK,5/19/2025,5.7,60613751,
0728.HK,5/20/2025,5.75,49045269,
0728.HK,5/21/2025,5.82,46322791,
0728.HK,5/22/2025,5.8,39360661,
0728.HK,5/23/2025,5.81,47668430,
0728.HK,5/26/2025,5.86,66802358,
0728.HK,5/27/2025,5.94,84710524,
0728.HK,5/28/2025,5.96,47528610,
0728.HK,5/29/2025,5.99,109773609,
0728.HK,5/30/2025,5.98,73058599,
0728.HK,6/2/2025,5.95,11565506,
0728.HK,6/3/2025,5.82,42217628,
0728.HK,6/4/2025,5.71,65845591,
0728.HK,6/5/2025,5.69,50464100,
0728.HK,6/6/2025,5.76,57014206,
0728.HK,6/9/2025,5.78,31586000,
0728.HK,6/10/2025,5.8,18752574,
0728.HK,6/11/2025,5.78,28630840,
0728.HK,6/12/2025,5.72,32362000,
0728.HK,6/13/2025,5.73,22550395,
0728.HK,6/16/2025,5.75,33630451,
0728.HK,6/17/2025,5.76,16810001,
0728.HK,6/18/2025,5.68,37991000,
0728.HK,6/19/2025,5.59,48202282,
0728.HK,6/20/2025,5.6,33752038,
0728.HK,6/23/2025,5.6,30810490,
0728.HK,6/24/2025,5.65,57809971,
0728.HK,6/25/2025,5.62,56509457,
0728.HK,6/26/2025,5.63,44615606,
0728.HK,6/27/2025,5.6,47335812,
0728.HK,6/30/2025,5.58,41394074,
0728.HK,7/1/2025,5.58,0,0.053746
0728.HK,7/2/2025,5.58,48863786,
0728.HK,7/3/2025,5.59,48315911,
0728.HK,7/4/2025,5.55,48558771,
0728.HK,7/7/2025,5.53,33104174,
0728.HK,7/8/2025,5.5,39453267,
0728.HK,7/9/2025,5.5,42287786,
0728.HK,7/10/2025,5.52,48765350,
0728.HK,7/11/2025,5.55,68266644,
0728.HK,7/14/2025,5.61,50222881,
0728.HK,7/15/2025,5.69,57910573,
0728.HK,7/16/2025,5.7,45384565,
0728.HK,7/17/2025,5.69,35189189,
0728.HK,7/18/2025,5.76,42607167,
0728.HK,7/21/2025,5.74,43674145,
0728.HK,7/22/2025,5.72,40452416,
0728.HK,7/23/2025,5.74,37502325,
0728.HK,7/24/2025,5.72,37570916,
0728.HK,7/25/2025,5.72,41961838,
0728.HK,7/28/2025,5.85,90315265,
0728.HK,7/29/2025,6,94888664,
0728.HK,7/30/2025,6.05,63809944,
0728.HK,7/31/2025,6.05,49134600,
0728.HK,8/1/2025,6.12,84070902,
0728.HK,8/4/2025,5.97,49461437,
0728.HK,8/5/2025,5.99,43021272,
0728.HK,8/6/2025,6,72303302,
0728.HK,8/7/2025,5.98,59526720,
0728.HK,8/8/2025,6.06,62815613,
0728.HK,8/11/2025,6.2,56528436,
0728.HK,8/12/2025,6.24,42431873,
0728.HK,8/13/2025,6.23,30565946,
0728.HK,8/14/2025,6.22,30767267,
0728.HK,8/15/2025,6.33,72914159,
0728.HK,8/18/2025,6.4,82606588,
0728.HK,8/19/2025,6.32,50538765,
0728.HK,8/20/2025,6.24,31291680,
0728.HK,8/21/2025,6.27,33003677,
0728.HK,8/22/2025,6.18,46455089,
0728.HK,8/25/2025,6.23,146412151,
0728.HK,8/26/2025,6.2,74618772,
0728.HK,8/27/2025,5.82,149914074,
0728.HK,8/28/2025,5.84,67526936,
0728.HK,8/29/2025,5.8,61612500,
0728.HK,9/1/2025,5.77,66357900,
0728.HK,9/2/2025,5.71,85675439,
0728.HK,9/3/2025,5.7,37195651,
0728.HK,9/4/2025,5.67,64611415,
0728.HK,9/5/2025,5.7,344972084,
0728.HK,9/8/2025,5.74,109081796,
0728.HK,9/9/2025,5.7,61536745,
0728.HK,9/10/2025,5.84,93394572,
0728.HK,9/11/2025,5.84,60334184,
0728.HK,9/12/2025,5.76,86725040,
0728.HK,9/15/2025,5.74,45740042,
0728.HK,9/16/2025,5.7,59522671,
0728.HK,9/17/2025,5.67,82248579,
0728.HK,9/18/2025,5.57,92091647,
0728.HK,9/19/2025,5.53,88806852,
0728.HK,9/22/2025,5.42,100557615,
0728.HK,9/23/2025,5.4,142200350,
0728.HK,9/24/2025,5.36,102672019,
0728.HK,9/25/2025,5.4,91767908,
0728.HK,9/26/2025,5.39,58434722,
0728.HK,9/29/2025,5.36,120852616,
0728.HK,9/30/2025,5.31,151019414,
0728.HK,10/2/2025,5.35,19381000,
0728.HK,10/3/2025,5.33,19401832,
0728.HK,10/6/2025,5.31,19936841,
0728.HK,10/8/2025,5.26,28933185,
0728.HK,10/9/2025,5.4,129517195,
0728.HK,10/10/2025,5.53,150559571,
0728.HK,10/13/2025,5.5,112738549,
0728.HK,10/14/2025,5.58,126460964,
0728.HK,10/15/2025,5.64,107420074,
0728.HK,10/16/2025,5.75,108628388,
0728.HK,10/17/2025,5.73,83046075,
0728.HK,10/20/2025,5.69,77870764,
0728.HK,10/21/2025,5.6,101053917,
0728.HK,10/22/2025,5.59,48866980,
0728.HK,10/23/2025,5.66,41237571,
0728.HK,10/24/2025,5.65,43543570,
0728.HK,10/27/2025,5.59,63694064,
0728.HK,10/28/2025,5.56,77809583,
0728.HK,10/29/2025,5.56,0,0.053939
0728.HK,10/30/2025,5.53,111394650,
0728.HK,10/31/2025,5.47,46517632,
0728.HK,11/3/2025,5.54,65757240,
0728.HK,11/4/2025,5.62,65262713,
0728.HK,11/5/2025,5.69,64905880,
0728.HK,11/6/2025,5.76,69406105,
0728.HK,11/7/2025,5.85,107816119,
0728.HK,11/10/2025,5.89,76967433,
0728.HK,11/11/2025,5.89,70139212,
0728.HK,11/12/2025,5.87,98722851,
0728.HK,11/13/2025,5.81,84939846,
0728.HK,11/14/2025,5.77,84112995,
0728.HK,11/17/2025,5.77,71089450,
0728.HK,11/18/2025,5.75,27820247,
0728.HK,11/19/2025,5.77,20542000,
0728.HK,11/20/2025,5.81,26316700,
0728.HK,11/21/2025,5.85,88531394,
0728.HK,11/24/2025,5.97,78985790,
0728.HK,11/25/2025,5.96,68116100,
0728.HK,11/26/2025,6,44922772,
0728.HK,11/27/2025,5.98,50332711,
0728.HK,11/28/2025,5.94,35163193,
0728.HK,12/1/2025,5.98,24683150,
0728.HK,12/2/2025,6.03,53263586,
0728.HK,12/3/2025,6.02,36714634,
0728.HK,12/4/2025,6.04,32046350,
0728.HK,12/5/2025,5.93,51197534,
0728.HK,12/8/2025,5.76,62188441,
0728.HK,12/9/2025,5.72,64617380,
0728.HK,12/10/2025,5.64,62516372,
0728.HK,12/11/2025,5.6,61423480,
0728.HK,12/12/2025,5.65,56122874,
0728.HK,12/15/2025,5.62,72557911,
0728.HK,12/16/2025,5.51,59935934,
0728.HK,12/17/2025,5.48,57949466,
0728.HK,12/18/2025,5.49,62908287,
0728.HK,12/19/2025,5.57,81164323,
0728.HK,12/22/2025,5.56,59768979,
0728.HK,12/23/2025,5.55,55324318,
0728.HK,12/24/2025,5.53,32652661,
0728.HK,12/25/2025,5.53,0,0.054232
0728.HK,12/26/2025,5.53,0,0.054232
0728.HK,12/29/2025,5.42,78263126,
0728.HK,12/30/2025,5.43,76862617,
0728.HK,12/31/2025,5.39,31075602,
0728.HK,1/2/2026,5.47,24223541,
0728.HK,1/5/2026,5.41,81678276,
0728.HK,1/6/2026,5.47,57194920,
0728.HK,1/7/2026,5.38,76583109,
0728.HK,1/8/2026,5.34,69388568,
0728.HK,1/9/2026,5.31,57811283,
0728.HK,1/12/2026,5.33,87747345,
0728.HK,1/13/2026,5.32,58816470,
0728.HK,1/14/2026,5.32,67098362,
0728.HK,1/15/2026,5.28,65327982,
0728.HK,1/16/2026,5.19,87132699,
0728.HK,1/19/2026,5.12,70078388,
0728.HK,1/20/2026,5.18,57004199,
0728.HK,1/21/2026,5.13,67234591,
0728.HK,1/22/2026,5.17,51689335,
0728.HK,1/23/2026,5.24,76470054,
0728.HK,1/26/2026,5.2,61444579,
0728.HK,1/27/2026,5.1,103243443,
0728.HK,1/28/2026,5.42,170087131,
0728.HK,1/29/2026,5.42,80106653,
0728.HK,1/30/2026,5.38,83257181,
0728.HK,2/2/2026,5.11,339915423,
0728.HK,2/3/2026,5,113664047,
0728.HK,2/4/2026,5.02,84474615,
0728.HK,2/5/2026,5.09,62682250,
0728.HK,2/6/2026,5.07,55657744,
0728.HK,2/9/2026,4.92,118349578,
0728.HK,2/10/2026,4.88,73534966,
0728.HK,2/11/2026,4.89,50361271,
0728.HK,2/12/2026,4.9,54973120,
0728.HK,2/13/2026,4.89,49355363,
0728.HK,2/16/2026,4.91,7845249,
0728.HK,2/20/2026,4.92,16052510,
0728.HK,2/23/2026,4.98,25035136,
0728.HK,2/24/2026,4.96,41625412,
0728.HK,2/25/2026,4.99,57607682,
0728.HK,2/26/2026,4.96,35750342,
0728.HK,2/27/2026,4.98,39464429,
0728.HK,3/2/2026,4.97,44494146,
0728.HK,3/3/2026,4.97,54862476,
0728.HK,3/4/2026,4.96,54302042,
0728.HK,3/5/2026,4.97,63134200,
0728.HK,3/6/2026,5.1,66201871,
0728.HK,3/9/2026,5.03,62714477,
0728.HK,3/10/2026,5.01,47528302,
0728.HK,3/11/2026,5.01,46430432,
0728.HK,3/12/2026,5.01,35203450,
0728.HK,3/13/2026,5.09,69041255,
0728.HK,3/16/2026,5.1,29180001,
0728.HK,3/17/2026,5.14,57140662,
0728.HK,3/18/2026,5.13,36919031,
0728.HK,3/19/2026,5.14,49096000,
0728.HK,3/20/2026,5.07,90958948,
0728.HK,3/23/2026,4.97,103603348,
0728.HK,3/24/2026,4.89,79111543,
0728.HK,3/25/2026,4.91,62655309,
0728.HK,3/26/2026,4.88,43882250,
0728.HK,3/27/2026,4.86,30061886,
0728.HK,3/30/2026,4.78,65030177,
0728.HK,3/31/2026,4.83,35911000,
0728.HK,4/1/2026,4.88,30918357,
0728.HK,4/2/2026,4.88,39824094,
0728.HK,4/3/2026,4.88,0,0.062126
0728.HK,4/7/2026,4.88,0,0.062126
0728.HK,4/8/2026,4.92,56152891,
0728.HK,4/9/2026,4.96,54223231,
0728.HK,4/10/2026,4.99,26470120,
0728.HK,4/13/2026,5.01,21876213,
0728.HK,4/14/2026,4.99,27255010,
0728.HK,4/15/2026,4.9,57841406,
0728.HK,4/16/2026,4.89,83016093,
0728.HK,4/17/2026,4.9,33102115,
0728.HK,4/20/2026,4.95,39739270,
0728.HK,4/21/2026,5.05,83556871,
0728.HK,4/22/2026,5.03,52663722,
0728.HK,4/23/2026,5.11,78846120,
0728.HK,4/24/2026,5.01,130630508,
0728.HK,4/27/2026,5.14,105019415,
0728.HK,4/28/2026,5.17,76050150,
0728.HK,4/29/2026,5.27,94599588,
0728.HK,4/30/2026,5.21,69719636,
0728.HK,5/4/2026,5.14,22899491,
0728.HK,5/5/2026,5.13,7705589,
0728.HK,5/6/2026,5.19,53689437,
0728.HK,5/7/2026,5.35,108338593,
0728.HK,5/8/2026,5.42,76752827,
0728.HK,5/11/2026,5.49,87445122,
0728.HK,5/12/2026,5.46,100485305,
0728.HK,5/13/2026,5.45,93798690,
0728.HK,5/14/2026,5.51,131081325,
0728.HK,5/15/2026,5.32,135489950,
0728.HK,5/18/2026,5.64,183370020,
0728.HK,5/19/2026,5.68,221036823,
0728.HK,5/20/2026,5.56,86752667,
0728.HK,5/21/2026,5.47,62931833,
0728.HK,5/22/2026,5.39,69768037,
0728.HK,5/25/2026,5.39,0,0.056247
0728.HK,5/26/2026,5.33,61758639,
0728.HK,5/27/2026,5.28,70979055,
0728.HK,5/28/2026,5.23,43588560,
0728.HK,5/29/2026,5.18,74690828,
0728.HK,6/1/2026,5.24,71673454,
0728.HK,6/2/2026,5.18,61870263,
0728.HK,6/3/2026,5.09,54285526,
0728.HK,6/4/2026,5.02,75587859,0.060393
0728.HK,6/5/2026,4.99,43440270,0.060756
0728.HK,6/8/2026,4.94,67657872,0.061371
0728.HK,6/9/2026,4.92,42328321,0.061621
0728.HK,6/10/2026,5.07,135196716,0.059798
0728.HK,6/11/2026,5.01,56289494,0.060514
0762.HK,6/3/2024,6.51,74306155,
0762.HK,6/4/2024,6.53,49821311,
0762.HK,6/5/2024,6.2,66142863,
0762.HK,6/6/2024,6.18,56920270,
0762.HK,6/7/2024,6.25,53932204,
0762.HK,6/11/2024,6.24,44611349,
0762.HK,6/12/2024,6.28,32165134,
0762.HK,6/13/2024,6.34,40281849,
0762.HK,6/14/2024,6.41,45659995,
0762.HK,6/17/2024,6.33,44139073,
0762.HK,6/18/2024,6.48,29120016,
0762.HK,6/19/2024,6.68,52927068,
0762.HK,6/20/2024,6.78,51513566,
0762.HK,6/21/2024,6.65,40599215,
0762.HK,6/24/2024,6.65,32440385,
0762.HK,6/25/2024,6.78,40545818,
0762.HK,6/26/2024,6.83,41134992,
0762.HK,6/27/2024,6.92,52310959,
0762.HK,6/28/2024,7.17,93141717,
0762.HK,7/2/2024,7.36,60543957,
0762.HK,7/3/2024,7.55,101670196,
0762.HK,7/4/2024,7.42,72748097,
0762.HK,7/5/2024,7.37,41119741,
0762.HK,7/8/2024,7.45,36910205,
0762.HK,7/9/2024,7.34,36432284,
0762.HK,7/10/2024,7.25,66991086,
0762.HK,7/11/2024,7.39,28527219,
0762.HK,7/12/2024,7.36,49962025,
0762.HK,7/15/2024,7.35,28443824,
0762.HK,7/16/2024,7.35,35384075,
0762.HK,7/17/2024,7.08,58875446,
0762.HK,7/18/2024,7.16,46081316,
0762.HK,7/19/2024,7.19,53810863,
0762.HK,7/22/2024,7.32,57470577,
0762.HK,7/23/2024,7.47,43192738,
0762.HK,7/24/2024,7.46,27820019,
0762.HK,7/25/2024,7.13,34785575,
0762.HK,7/26/2024,6.83,117016957,
0762.HK,7/29/2024,6.82,42374596,
0762.HK,7/30/2024,6.6,50157681,
0762.HK,7/31/2024,6.61,42519899,
0762.HK,8/1/2024,6.72,41198250,
0762.HK,8/2/2024,6.82,34568265,
0762.HK,8/5/2024,6.59,33834273,
0762.HK,8/6/2024,6.51,46397202,
0762.HK,8/7/2024,6.58,25839151,
0762.HK,8/8/2024,6.59,16060587,
0762.HK,8/9/2024,6.34,77518516,
0762.HK,8/12/2024,5.97,143168382,
0762.HK,8/13/2024,6.16,57989712,
0762.HK,8/14/2024,6.18,31093978,
0762.HK,8/15/2024,6.26,32868927,
0762.HK,8/16/2024,6.46,91938874,
0762.HK,8/19/2024,6.55,26342373,
0762.HK,8/20/2024,6.56,32019478,
0762.HK,8/21/2024,6.59,25321454,
0762.HK,8/22/2024,6.65,38323814,
0762.HK,8/23/2024,6.64,26664901,
0762.HK,8/26/2024,6.68,19780620,
0762.HK,8/27/2024,6.76,41808215,
0762.HK,8/28/2024,6.61,27519216,
0762.HK,8/29/2024,6.56,29733336,
0762.HK,8/30/2024,6.66,36922263,
0762.HK,9/2/2024,6.67,42021624,
0762.HK,9/3/2024,6.66,27050264,
0762.HK,9/4/2024,6.3,40778768,
0762.HK,9/5/2024,6.32,22862091,
0762.HK,9/9/2024,6.14,42759588,
0762.HK,9/10/2024,6.22,28747883,
0762.HK,9/11/2024,6.15,26190021,
0762.HK,9/12/2024,6.03,49445118,
0762.HK,9/13/2024,6.16,25146583,
0762.HK,9/16/2024,6.15,2116017,
0762.HK,9/17/2024,6.28,8243076,
0762.HK,9/19/2024,6.32,22397852,
0762.HK,9/20/2024,6.35,19286472,
0762.HK,9/23/2024,6.41,34042250,
0762.HK,9/24/2024,6.7,50634466,
0762.HK,9/25/2024,6.8,45235883,
0762.HK,9/26/2024,6.49,152664117,
0762.HK,9/27/2024,6.6,130485819,
0762.HK,9/30/2024,6.67,123379547,
0762.HK,10/2/2024,6.94,59414308,
0762.HK,10/3/2024,6.82,30562680,
0762.HK,10/4/2024,7.05,28643167,
0762.HK,10/7/2024,7.67,70003916,
0762.HK,10/8/2024,6.81,151002760,
0762.HK,10/9/2024,6.72,99563567,
0762.HK,10/10/2024,6.95,109816874,
0762.HK,10/14/2024,6.96,69050071,
0762.HK,10/15/2024,6.79,63534322,
0762.HK,10/16/2024,6.87,31037145,
0762.HK,10/17/2024,6.73,31666780,
0762.HK,10/18/2024,6.93,38995715,
0762.HK,10/21/2024,6.85,41346147,
0762.HK,10/22/2024,6.86,22994100,
0762.HK,10/23/2024,7.14,70924670,
0762.HK,10/24/2024,6.98,56931251,
0762.HK,10/25/2024,6.83,60624813,
0762.HK,10/28/2024,6.74,39266388,
0762.HK,10/29/2024,6.68,26416364,
0762.HK,10/30/2024,6.69,22774024,
0762.HK,10/31/2024,6.76,18921213,
0762.HK,11/1/2024,6.83,22068000,
0762.HK,11/4/2024,6.77,17499028,
0762.HK,11/5/2024,6.79,33008584,
0762.HK,11/6/2024,6.66,33780325,
0762.HK,11/7/2024,6.63,58205074,
0762.HK,11/8/2024,6.49,64353963,
0762.HK,11/11/2024,6.4,30467614,
0762.HK,11/12/2024,6.28,48636879,
0762.HK,11/13/2024,6.5,117505830,
0762.HK,11/14/2024,6.49,41993065,
0762.HK,11/15/2024,6.71,110563290,
0762.HK,11/18/2024,6.74,60079681,
0762.HK,11/19/2024,6.65,28869364,
0762.HK,11/20/2024,6.56,38656515,
0762.HK,11/21/2024,6.55,26250090,
0762.HK,11/22/2024,6.47,31407495,
0762.HK,11/25/2024,6.43,34946151,
0762.HK,11/26/2024,6.42,26028018,
0762.HK,11/27/2024,6.56,40975540,
0762.HK,11/28/2024,6.42,40931956,
0762.HK,11/29/2024,6.48,30162848,
0762.HK,12/2/2024,6.45,32630016,
0762.HK,12/3/2024,6.5,31560840,
0762.HK,12/4/2024,6.6,46379290,
0762.HK,12/5/2024,6.61,29362000,
0762.HK,12/6/2024,6.66,50976111,
0762.HK,12/9/2024,6.82,63900526,
0762.HK,12/10/2024,6.71,70347841,
0762.HK,12/11/2024,6.77,49427247,
0762.HK,12/12/2024,6.89,42217371,
0762.HK,12/13/2024,6.75,45906256,
0762.HK,12/16/2024,6.93,40975612,
0762.HK,12/17/2024,7.02,59540790,
0762.HK,12/18/2024,7.13,56280073,
0762.HK,12/19/2024,7.21,72680006,
0762.HK,12/20/2024,7.15,50285784,
0762.HK,12/23/2024,7.28,42827324,
0762.HK,12/24/2024,7.35,28153002,
0762.HK,12/27/2024,7.37,29579496,
0762.HK,12/30/2024,7.31,17618015,
0762.HK,12/31/2024,7.39,19190257,
0762.HK,1/2/2025,7.22,43898861,
0762.HK,1/3/2025,7.18,25324864,
0762.HK,1/6/2025,7.22,20960701,
0762.HK,1/7/2025,7.22,25574345,
0762.HK,1/8/2025,7.28,30770768,
0762.HK,1/9/2025,7.24,19691401,
0762.HK,1/10/2025,7.15,15556770,
0762.HK,1/13/2025,7.12,24865558,
0762.HK,1/14/2025,7.15,34011313,
0762.HK,1/15/2025,7.23,16672448,
0762.HK,1/16/2025,7.25,22744029,
0762.HK,1/17/2025,7.24,16537651,
0762.HK,1/20/2025,7.24,22618265,
0762.HK,1/21/2025,7.01,74762318,
0762.HK,1/22/2025,7.11,29254909,
0762.HK,1/23/2025,7.03,25429693,
0762.HK,1/24/2025,7.1,23852115,
0762.HK,1/27/2025,7.1,23076015,
0762.HK,1/28/2025,7.09,2200016,
0762.HK,2/3/2025,7.15,6152613,
0762.HK,2/4/2025,7.29,16733936,
0762.HK,2/5/2025,7.15,25847015,
0762.HK,2/6/2025,7.19,64923463,
0762.HK,2/7/2025,7.4,73216798,
0762.HK,2/10/2025,7.56,130105223,
0762.HK,2/11/2025,7.65,67677714,
0762.HK,2/12/2025,7.84,90615038,
0762.HK,2/13/2025,7.8,141354494,
0762.HK,2/14/2025,8.24,169954285,
0762.HK,2/17/2025,8.87,321622980,
0762.HK,2/18/2025,9,184806022,
0762.HK,2/19/2025,9.26,161892787,
0762.HK,2/20/2025,9.35,171125408,
0762.HK,2/21/2025,10.82,350569261,
0762.HK,2/24/2025,10.46,350945738,
0762.HK,2/25/2025,10.1,198296030,
0762.HK,2/26/2025,10.02,211872786,
0762.HK,2/27/2025,9.51,235572794,
0762.HK,2/28/2025,9.47,109686503,
0762.HK,3/3/2025,9.46,78892125,
0762.HK,3/4/2025,9.19,101329970,
0762.HK,3/5/2025,9.6,73864099,
0762.HK,3/6/2025,9.8,154854499,
0762.HK,3/7/2025,9.92,76945285,
0762.HK,3/10/2025,9.43,76750932,
0762.HK,3/11/2025,9.4,65776624,
0762.HK,3/12/2025,9.06,91877912,
0762.HK,3/13/2025,9.11,39999507,
0762.HK,3/14/2025,9.23,36359015,
0762.HK,3/17/2025,9.13,53628806,
0762.HK,3/18/2025,9.59,73843472,
0762.HK,3/19/2025,9.16,114542024,
0762.HK,3/20/2025,8.9,71308179,
0762.HK,3/21/2025,8.94,42265963,
0762.HK,3/24/2025,8.72,87023676,
0762.HK,3/25/2025,8.43,73576485,
0762.HK,3/26/2025,8.49,36090374,
0762.HK,3/27/2025,8.7,45562200,
0762.HK,3/28/2025,8.63,26350972,
0762.HK,3/31/2025,8.69,39228568,
0762.HK,4/1/2025,8.76,36090310,
0762.HK,4/2/2025,8.96,43383100,
0762.HK,4/3/2025,9.09,49869933,
0762.HK,4/7/2025,7.96,102641508,
0762.HK,4/8/2025,8.29,90627535,
0762.HK,4/9/2025,8.5,68594111,
0762.HK,4/10/2025,8.67,50960052,
0762.HK,4/11/2025,8.67,28684798,
0762.HK,4/14/2025,8.69,42262160,
0762.HK,4/15/2025,8.74,24754021,
0762.HK,4/16/2025,8.69,61408648,
0762.HK,4/17/2025,8.68,41827170,
0762.HK,4/22/2025,8.61,80544605,
0762.HK,4/23/2025,8.54,78909634,
0762.HK,4/24/2025,8.7,36334947,
0762.HK,4/25/2025,8.69,29269842,
0762.HK,4/28/2025,8.79,31242383,
0762.HK,4/29/2025,8.86,37281536,
0762.HK,4/30/2025,8.88,42893191,
0762.HK,5/2/2025,8.87,8201810,
0762.HK,5/6/2025,8.88,41346125,
0762.HK,5/7/2025,8.95,29022156,
0762.HK,5/8/2025,8.84,33740602,
0762.HK,5/9/2025,8.77,30287465,
0762.HK,5/12/2025,8.93,52308802,
0762.HK,5/13/2025,8.55,67972209,
0762.HK,5/14/2025,8.54,73487312,
0762.HK,5/15/2025,8.74,46554815,
0762.HK,5/16/2025,8.89,46008383,
0762.HK,5/19/2025,9.26,94633722,
0762.HK,5/20/2025,9.41,66220463,
0762.HK,5/21/2025,9.42,65280276,
0762.HK,5/22/2025,9.43,64535000,
0762.HK,5/23/2025,9.6,79834015,
0762.HK,5/26/2025,9.55,81355163,
0762.HK,5/27/2025,9.77,83499935,
0762.HK,5/28/2025,9.67,44527510,
0762.HK,5/29/2025,9.53,88064724,
0762.HK,5/30/2025,9.45,59218065,
0762.HK,6/2/2025,9.37,11438100,
0762.HK,6/3/2025,9.44,51907123,
0762.HK,6/4/2025,9.07,53745310,
0762.HK,6/5/2025,9.22,33077536,
0762.HK,6/6/2025,9.29,42268384,
0762.HK,6/9/2025,9.56,39477810,
0762.HK,6/10/2025,9.51,22611886,
0762.HK,6/11/2025,9.5,22055129,
0762.HK,6/12/2025,9.36,27907388,
0762.HK,6/13/2025,9.47,56319929,
0762.HK,6/16/2025,9.71,38251131,
0762.HK,6/17/2025,9.66,60009250,
0762.HK,6/18/2025,9.45,39646500,
0762.HK,6/19/2025,9.2,41618142,
0762.HK,6/20/2025,9.2,31518000,
0762.HK,6/23/2025,9.2,23615289,
0762.HK,6/24/2025,9.35,30835292,
0762.HK,6/25/2025,9.31,30557639,
0762.HK,6/26/2025,9.23,31378494,
0762.HK,6/27/2025,9.25,26897624,
0762.HK,6/30/2025,9.3,21385390,
0762.HK,7/1/2025,9.3,0,0.051904
0762.HK,7/2/2025,9.37,17123512,
0762.HK,7/3/2025,9.35,13311947,
0762.HK,7/4/2025,9.38,24392161,
0762.HK,7/7/2025,9.24,27579138,
0762.HK,7/8/2025,9.17,38325570,
0762.HK,7/9/2025,9.12,37734885,
0762.HK,7/10/2025,9.1,48096404,
0762.HK,7/11/2025,9.12,41091700,
0762.HK,7/14/2025,9.16,35137029,
0762.HK,7/15/2025,9.33,51806199,
0762.HK,7/16/2025,9.39,32962385,
0762.HK,7/17/2025,9.24,60979467,
0762.HK,7/18/2025,9.38,52720870,
0762.HK,7/21/2025,9.3,32309336,
0762.HK,7/22/2025,9.39,33984606,
0762.HK,7/23/2025,9.44,36942079,
0762.HK,7/24/2025,9.48,27565803,
0762.HK,7/25/2025,9.45,32131652,
0762.HK,7/28/2025,9.58,52912063,
0762.HK,7/29/2025,9.61,22813161,
0762.HK,7/30/2025,9.7,49011145,
0762.HK,7/31/2025,9.76,53194908,
0762.HK,8/1/2025,9.63,58233820,
0762.HK,8/4/2025,9.64,33183004,
0762.HK,8/5/2025,9.64,30710666,
0762.HK,8/6/2025,9.69,33736467,
0762.HK,8/7/2025,9.68,27418203,
0762.HK,8/8/2025,9.91,49033387,
0762.HK,8/11/2025,10.11,58871273,
0762.HK,8/12/2025,10.19,35339194,
0762.HK,8/13/2025,10.26,103180981,
0762.HK,8/14/2025,10.27,38287388,
0762.HK,8/15/2025,10.19,37139610,
0762.HK,8/18/2025,10.22,52831151,
0762.HK,8/19/2025,10.12,34660704,
0762.HK,8/20/2025,10.02,37842159,
0762.HK,8/21/2025,10.36,48984925,
0762.HK,8/22/2025,10.4,35046990,
0762.HK,8/25/2025,10.41,59099115,
0762.HK,8/26/2025,10.05,40781872,
0762.HK,8/27/2025,9.8,43740590,
0762.HK,8/28/2025,9.88,31581317,
0762.HK,8/29/2025,9.9,25487908,
0762.HK,9/1/2025,9.8,38723960,
0762.HK,9/2/2025,9.37,67657900,
0762.HK,9/3/2025,9.3,26655217,
0762.HK,9/4/2025,9.36,52081013,
0762.HK,9/5/2025,9.44,59743345,
0762.HK,9/8/2025,9.57,107463369,
0762.HK,9/9/2025,9.62,50590424,
0762.HK,9/10/2025,9.84,132163074,
0762.HK,9/11/2025,9.87,33946237,
0762.HK,9/12/2025,9.84,24295010,
0762.HK,9/15/2025,9.71,33881637,
0762.HK,9/16/2025,9.74,21048076,
0762.HK,9/17/2025,9.85,31835453,
0762.HK,9/18/2025,9.72,30518967,
0762.HK,9/19/2025,9.6,27371226,
0762.HK,9/22/2025,9.39,19976435,
0762.HK,9/23/2025,9.16,40041354,
0762.HK,9/24/2025,9.11,28086062,
0762.HK,9/25/2025,8.95,84207850,
0762.HK,9/26/2025,8.82,42541204,
0762.HK,9/29/2025,8.83,36015266,
0762.HK,9/30/2025,8.86,45590313,
0762.HK,10/2/2025,8.95,15594680,
0762.HK,10/3/2025,8.89,7871397,
0762.HK,10/6/2025,8.83,5178031,
0762.HK,10/8/2025,8.76,10548867,
0762.HK,10/9/2025,8.83,32557386,
0762.HK,10/10/2025,8.95,27743860,
0762.HK,10/13/2025,8.83,29054234,
0762.HK,10/14/2025,8.89,40230957,
0762.HK,10/15/2025,8.97,33206541,
0762.HK,10/16/2025,9.15,27269618,
0762.HK,10/17/2025,9.04,26477681,
0762.HK,10/20/2025,9.12,19735906,
0762.HK,10/21/2025,9.26,44978204,
0762.HK,10/22/2025,9.23,24446707,
0762.HK,10/23/2025,9.39,39733575,
0762.HK,10/24/2025,9.39,20431629,
0762.HK,10/27/2025,9.28,34234307,
0762.HK,10/28/2025,9.16,25693977,
0762.HK,10/29/2025,9.16,0,0.052698
0762.HK,10/30/2025,9.28,34896121,
0762.HK,10/31/2025,9.35,32208568,
0762.HK,11/3/2025,9.4,29622218,
0762.HK,11/4/2025,9.51,42750781,
0762.HK,11/5/2025,9.62,29842117,
0762.HK,11/6/2025,9.72,39201068,
0762.HK,11/7/2025,9.83,45324112,
0762.HK,11/10/2025,9.84,26907106,
0762.HK,11/11/2025,9.85,20450838,
0762.HK,11/12/2025,9.81,32552284,
0762.HK,11/13/2025,9.68,24719163,
0762.HK,11/14/2025,9.57,15818010,
0762.HK,11/17/2025,9.51,18813900,
0762.HK,11/18/2025,9.4,16342010,
0762.HK,11/19/2025,9.39,24691401,
0762.HK,11/20/2025,9.38,25637621,
0762.HK,11/21/2025,9.21,25023892,
0762.HK,11/24/2025,9.27,38857334,
0762.HK,11/25/2025,9.17,38714864,
0762.HK,11/26/2025,9.16,29346010,
0762.HK,11/27/2025,9.07,42738011,
0762.HK,11/28/2025,9,26408112,
0762.HK,12/1/2025,9.02,21667556,
0762.HK,12/2/2025,9.12,34889727,
0762.HK,12/3/2025,9.01,26724369,
0762.HK,12/4/2025,8.95,25787479,
0762.HK,12/5/2025,8.89,41514271,
0762.HK,12/8/2025,8.75,39904919,
0762.HK,12/9/2025,8.75,24298335,
0762.HK,12/10/2025,8.64,37378546,
0762.HK,12/11/2025,8.55,26627682,
0762.HK,12/12/2025,8.6,30459520,
0762.HK,12/15/2025,8.51,63002748,
0762.HK,12/16/2025,8.46,20608448,
0762.HK,12/17/2025,8.42,45805795,
0762.HK,12/18/2025,8.38,44514042,
0762.HK,12/19/2025,8.41,51959927,
0762.HK,12/22/2025,8.37,44539011,
0762.HK,12/23/2025,8.2,74029000,
0762.HK,12/24/2025,8.16,38983741,
0762.HK,12/25/2025,8.16,0,0.059156
0762.HK,12/26/2025,8.16,0,0.059156
0762.HK,12/29/2025,7.99,75224928,
0762.HK,12/30/2025,7.89,88298093,
0762.HK,12/31/2025,7.78,58604138,
0762.HK,1/2/2026,8.06,25730883,
0762.HK,1/5/2026,7.93,58014287,
0762.HK,1/6/2026,8.05,59243278,
0762.HK,1/7/2026,8.06,48634840,
0762.HK,1/8/2026,7.97,56407048,
0762.HK,1/9/2026,8.05,66067812,
0762.HK,1/12/2026,8.04,51327446,
0762.HK,1/13/2026,7.95,75305363,
0762.HK,1/14/2026,7.95,64584733,
0762.HK,1/15/2026,7.82,49326055,
0762.HK,1/16/2026,7.71,45166917,
0762.HK,1/19/2026,7.7,58770712,
0762.HK,1/20/2026,7.67,45524129,
0762.HK,1/21/2026,7.59,63225973,
0762.HK,1/22/2026,7.62,32832258,
0762.HK,1/23/2026,7.77,44841812,
0762.HK,1/26/2026,7.75,29347929,
0762.HK,1/27/2026,7.72,45214301,
0762.HK,1/28/2026,8.1,113240160,
0762.HK,1/29/2026,8.11,69874120,
0762.HK,1/30/2026,7.95,49801928,
0762.HK,2/2/2026,7.45,231244033,
0762.HK,2/3/2026,7.27,80281168,
0762.HK,2/4/2026,7.28,70526993,
0762.HK,2/5/2026,7.35,50223564,
0762.HK,2/6/2026,7.3,36414110,
0762.HK,2/9/2026,7.19,63083673,
0762.HK,2/10/2026,7.18,31051094,
0762.HK,2/11/2026,7.21,22653236,
0762.HK,2/12/2026,7.23,28774547,
0762.HK,2/13/2026,7.25,40222755,
0762.HK,2/16/2026,7.31,11867000,
0762.HK,2/20/2026,7.43,26047978,
0762.HK,2/23/2026,7.54,27966553,
0762.HK,2/24/2026,7.52,26928025,
0762.HK,2/25/2026,7.52,36771000,
0762.HK,2/26/2026,7.48,17274399,
0762.HK,2/27/2026,7.55,41389334,
0762.HK,3/2/2026,7.51,43041233,
0762.HK,3/3/2026,7.53,33525303,
0762.HK,3/4/2026,7.55,43782273,
0762.HK,3/5/2026,7.66,42436317,
0762.HK,3/6/2026,7.84,53610043,
0762.HK,3/9/2026,7.67,32652504,
0762.HK,3/10/2026,7.71,19563537,
0762.HK,3/11/2026,7.74,15512096,
0762.HK,3/12/2026,7.78,14099440,
0762.HK,3/13/2026,7.79,20131910,
0762.HK,3/16/2026,7.74,22110000,
0762.HK,3/17/2026,7.66,12380000,
0762.HK,3/18/2026,7.57,29557853,
0762.HK,3/19/2026,7.54,27347384,
0762.HK,3/20/2026,7.29,83502075,
0762.HK,3/23/2026,7.17,47510908,
0762.HK,3/24/2026,7.08,41475735,
0762.HK,3/25/2026,7.13,59625762,
0762.HK,3/26/2026,7.07,25523596,
0762.HK,3/27/2026,7.03,37539537,
0762.HK,3/30/2026,7.05,31138438,
0762.HK,3/31/2026,7.07,15882644,
0762.HK,4/1/2026,7.12,20366363,
0762.HK,4/2/2026,7.08,17768799,
0762.HK,4/3/2026,7.08,0,0.065636
0762.HK,4/7/2026,7.08,0,0.065636
0762.HK,4/8/2026,7.21,18448086,
0762.HK,4/9/2026,7.21,17724034,
0762.HK,4/10/2026,7.24,9491905,
0762.HK,4/13/2026,7.28,13358167,
0762.HK,4/14/2026,7.32,18088000,
0762.HK,4/15/2026,7.3,13838173,
0762.HK,4/16/2026,7.34,17245676,
0762.HK,4/17/2026,7.32,16080561,
0762.HK,4/20/2026,7.36,17412622,
0762.HK,4/21/2026,7.4,34786314,
0762.HK,4/22/2026,7.29,24314593,
0762.HK,4/23/2026,7.34,15264511,
0762.HK,4/24/2026,7.26,12696590,
0762.HK,4/27/2026,7.33,20075598,
0762.HK,4/28/2026,7.3,13579266,
0762.HK,4/29/2026,7.42,31286363,
0762.HK,4/30/2026,7.32,17600950,
0762.HK,5/4/2026,7.34,11623900,
0762.HK,5/5/2026,7.32,9322030,
0762.HK,5/6/2026,7.4,22764179,
0762.HK,5/7/2026,7.54,52395908,
0762.HK,5/8/2026,7.64,32423385,
0762.HK,5/11/2026,7.74,50462024,
0762.HK,5/12/2026,7.73,34441915,
0762.HK,5/13/2026,7.79,29536394,
0762.HK,5/14/2026,7.8,29900370,
0762.HK,5/15/2026,7.65,25646392,
0762.HK,5/18/2026,7.94,75695300,
0762.HK,5/19/2026,8,86137861,
0762.HK,5/20/2026,7.85,33258668,
0762.HK,5/21/2026,7.83,25053827,
0762.HK,5/22/2026,7.92,25832397,
0762.HK,5/25/2026,7.92,0,0.058674
0762.HK,5/26/2026,7.92,33121709,
0762.HK,5/27/2026,7.75,19211802,
0762.HK,5/28/2026,7.62,23748803,
0762.HK,5/29/2026,7.63,17747127,
0762.HK,6/1/2026,7.75,18511329,
0762.HK,6/2/2026,7.83,14481530,
0762.HK,6/3/2026,7.62,15615183,
0762.HK,6/4/2026,7.46,18098129,0.062292
0762.HK,6/5/2026,7.37,26881747,0.063053
0762.HK,6/8/2026,7.3,16505688,0.063658
0762.HK,6/9/2026,7.25,18099681,0.064097
0762.HK,6/10/2026,7.51,49299838,0.061877
0762.HK,6/11/2026,7.36,27680242,0.063139
0788.HK,6/3/2024,0.92,179248322,
0788.HK,6/4/2024,0.93,175243596,
0788.HK,6/5/2024,0.95,174735782,
0788.HK,6/6/2024,0.95,230733062,
0788.HK,6/7/2024,0.99,407000045,
0788.HK,6/11/2024,0.98,356418089,
0788.HK,6/12/2024,1,519178237,
0788.HK,6/13/2024,1.02,346751730,
0788.HK,6/14/2024,1.03,586641146,
0788.HK,6/17/2024,0.99,236730501,
0788.HK,6/18/2024,0.99,154493430,
0788.HK,6/19/2024,1.01,164696081,
0788.HK,6/20/2024,0.99,308683344,
0788.HK,6/21/2024,1,227505921,
0788.HK,6/24/2024,0.98,316218477,
0788.HK,6/25/2024,0.98,200166391,
0788.HK,6/26/2024,0.99,163093842,
0788.HK,6/27/2024,1,180632280,
0788.HK,6/28/2024,1.01,297751182,
0788.HK,7/2/2024,1.01,303484000,
0788.HK,7/3/2024,1.03,232651755,
0788.HK,7/4/2024,1.04,463461629,
0788.HK,7/5/2024,1.03,170719269,
0788.HK,7/8/2024,1.03,304459256,
0788.HK,7/9/2024,1.04,150898130,
0788.HK,7/10/2024,1.02,323143694,
0788.HK,7/11/2024,1.03,196016396,
0788.HK,7/12/2024,1.02,100877084,
0788.HK,7/15/2024,1.03,192588867,
0788.HK,7/16/2024,1.01,200617387,
0788.HK,7/17/2024,0.99,421516540,
0788.HK,7/18/2024,1.01,190195611,
0788.HK,7/19/2024,0.98,384829792,
0788.HK,7/22/2024,0.99,155556283,
0788.HK,7/23/2024,0.99,67521051,
0788.HK,7/24/2024,0.98,118007652,
0788.HK,7/25/2024,0.97,154246007,
0788.HK,7/26/2024,0.96,117193936,
0788.HK,7/29/2024,0.97,101385466,
0788.HK,7/30/2024,0.96,198037982,
0788.HK,7/31/2024,0.96,196214738,
0788.HK,8/1/2024,0.96,117628412,
0788.HK,8/2/2024,0.95,164006589,
0788.HK,8/5/2024,0.94,259807594,
0788.HK,8/6/2024,0.93,159675708,
0788.HK,8/7/2024,0.96,367698131,
0788.HK,8/8/2024,0.95,127803813,
0788.HK,8/9/2024,0.94,150500365,
0788.HK,8/12/2024,0.95,102463494,
0788.HK,8/13/2024,0.95,176199972,
0788.HK,8/14/2024,0.96,135815485,
0788.HK,8/15/2024,0.97,147162402,
0788.HK,8/16/2024,0.98,73482389,
0788.HK,8/19/2024,0.98,206770000,
0788.HK,8/20/2024,0.98,62016928,
0788.HK,8/21/2024,0.98,89367603,
0788.HK,8/22/2024,0.99,86852170,
0788.HK,8/23/2024,0.98,100494101,
0788.HK,8/26/2024,0.99,67121811,
0788.HK,8/27/2024,0.98,79604674,
0788.HK,8/28/2024,0.97,112656757,
0788.HK,8/29/2024,0.97,136374099,
0788.HK,8/30/2024,0.96,202358785,
0788.HK,9/2/2024,0.98,217449868,
0788.HK,9/3/2024,0.97,46549349,
0788.HK,9/4/2024,0.98,107363861,
0788.HK,9/5/2024,0.99,151126287,
0788.HK,9/9/2024,0.98,169770468,
0788.HK,9/10/2024,0.98,208611243,
0788.HK,9/11/2024,0.96,165842495,
0788.HK,9/12/2024,0.94,303656710,
0788.HK,9/13/2024,0.95,76827890,
0788.HK,9/16/2024,0.96,91836255,
0788.HK,9/17/2024,0.97,109308660,
0788.HK,9/19/2024,0.98,220398889,
0788.HK,9/20/2024,1,626603142,
0788.HK,9/23/2024,1.01,206308947,
0788.HK,9/24/2024,1.03,302232710,
0788.HK,9/25/2024,1.02,276545787,
0788.HK,9/26/2024,1.01,524043657,
0788.HK,9/27/2024,0.99,679417651,
0788.HK,9/30/2024,1.03,897514090,
0788.HK,10/2/2024,1.06,735855116,
0788.HK,10/3/2024,1.06,573421490,
0788.HK,10/4/2024,1.11,750406059,
0788.HK,10/7/2024,1.17,932844339,
0788.HK,10/8/2024,1.08,1197291574,
0788.HK,10/9/2024,1.06,666250833,
0788.HK,10/10/2024,1.11,527596295,
0788.HK,10/14/2024,1.1,434387519,
0788.HK,10/15/2024,1.08,309996916,
0788.HK,10/16/2024,1.08,183230394,
0788.HK,10/17/2024,1.08,207977456,
0788.HK,10/18/2024,1.08,265439166,
0788.HK,10/21/2024,1.09,199342451,
0788.HK,10/22/2024,1.09,128869754,
0788.HK,10/23/2024,1.09,143213956,
0788.HK,10/24/2024,1.08,167814032,
0788.HK,10/25/2024,1.08,123432698,
0788.HK,10/28/2024,1.08,239347167,
0788.HK,10/29/2024,1.08,150915855,
0788.HK,10/30/2024,1.06,303104412,
0788.HK,10/31/2024,1.05,180707506,
0788.HK,11/1/2024,1.06,135992896,
0788.HK,11/4/2024,1.06,142334159,
0788.HK,11/5/2024,1.07,167734421,
0788.HK,11/6/2024,1.05,371104644,
0788.HK,11/7/2024,1.04,416144354,
0788.HK,11/8/2024,1.04,464300830,
0788.HK,11/11/2024,1.03,158623726,
0788.HK,11/12/2024,1.01,308449818,
0788.HK,11/13/2024,1.04,382382320,
0788.HK,11/14/2024,1.03,270686711,
0788.HK,11/15/2024,1.01,207962473,
0788.HK,11/18/2024,1.01,176253201,
0788.HK,11/19/2024,1.02,323141500,
0788.HK,11/20/2024,1.03,151747231,
0788.HK,11/21/2024,1.03,158714011,
0788.HK,11/22/2024,1.02,264999823,
0788.HK,11/25/2024,1,294343457,
0788.HK,11/26/2024,1.02,298040740,
0788.HK,11/27/2024,1.03,286094582,
0788.HK,11/28/2024,1.01,118949896,
0788.HK,11/29/2024,1.02,114383593,
0788.HK,12/2/2024,1.02,82873439,
0788.HK,12/3/2024,1.02,145182557,
0788.HK,12/4/2024,1.03,167651594,
0788.HK,12/5/2024,1.04,175963652,
0788.HK,12/6/2024,1.07,273530199,
0788.HK,12/9/2024,1.07,205597988,
0788.HK,12/10/2024,1.06,253394124,
0788.HK,12/11/2024,1.07,112973481,
0788.HK,12/12/2024,1.08,217400758,
0788.HK,12/13/2024,1.07,213835915,
0788.HK,12/16/2024,1.09,375725406,
0788.HK,12/17/2024,1.08,233453069,
0788.HK,12/18/2024,1.12,410852085,
0788.HK,12/19/2024,1.13,352817367,
0788.HK,12/20/2024,1.12,270838986,
0788.HK,12/23/2024,1.12,103231857,
0788.HK,12/24/2024,1.14,188557000,
0788.HK,12/27/2024,1.14,174324607,
0788.HK,12/30/2024,1.12,170686899,
0788.HK,12/31/2024,1.12,81992845,
0788.HK,1/2/2025,1.13,183912890,
0788.HK,1/3/2025,1.11,217158827,
0788.HK,1/6/2025,1.11,99800588,
0788.HK,1/7/2025,1.11,170721787,
0788.HK,1/8/2025,1.12,184701281,
0788.HK,1/9/2025,1.12,234051203,
0788.HK,1/10/2025,1.09,212046836,
0788.HK,1/13/2025,1.08,120667026,
0788.HK,1/14/2025,1.09,141108797,
0788.HK,1/15/2025,1.1,80768242,
0788.HK,1/16/2025,1.09,207521890,
0788.HK,1/17/2025,1.12,347501299,
0788.HK,1/20/2025,1.11,97706877,
0788.HK,1/21/2025,1.13,252593483,
0788.HK,1/22/2025,1.12,178458738,
0788.HK,1/23/2025,1.13,223552247,
0788.HK,1/24/2025,1.14,154176329,
0788.HK,1/27/2025,1.13,141062931,
0788.HK,1/28/2025,1.12,48518799,
0788.HK,2/3/2025,1.13,90350079,
0788.HK,2/4/2025,1.12,181555151,
0788.HK,2/5/2025,1.12,210711301,
0788.HK,2/6/2025,1.14,237986943,
0788.HK,2/7/2025,1.15,252811823,
0788.HK,2/10/2025,1.16,384792991,
0788.HK,2/11/2025,1.18,207851578,
0788.HK,2/12/2025,1.2,452633509,
0788.HK,2/13/2025,1.19,444821024,
0788.HK,2/14/2025,1.21,385418317,
0788.HK,2/17/2025,1.2,259915421,
0788.HK,2/18/2025,1.21,230097788,
0788.HK,2/19/2025,1.21,264742649,
0788.HK,2/20/2025,11.88,13094575,
0788.HK,2/21/2025,11.92,21876587,
0788.HK,2/24/2025,12.1,38516143,
0788.HK,2/25/2025,11.42,32224518,
0788.HK,2/26/2025,11.24,42661465,
0788.HK,2/27/2025,11.2,24844261,
0788.HK,2/28/2025,11.04,26556465,
0788.HK,3/3/2025,11.28,28826169,
0788.HK,3/4/2025,11.14,15307004,
0788.HK,3/5/2025,11.4,11063613,
0788.HK,3/6/2025,11.28,18725404,
0788.HK,3/7/2025,11.7,26865320,
0788.HK,3/10/2025,11.72,19030901,
0788.HK,3/11/2025,11.68,18128021,
0788.HK,3/12/2025,12.22,51315466,
0788.HK,3/13/2025,12.26,43550080,
0788.HK,3/14/2025,12.26,22742669,
0788.HK,3/17/2025,12.24,24220017,
0788.HK,3/18/2025,11.4,74187697,
0788.HK,3/19/2025,11.22,27403403,
0788.HK,3/20/2025,11.08,21473120,
0788.HK,3/21/2025,10.92,43163138,
0788.HK,3/24/2025,10.86,19504676,
0788.HK,3/25/2025,10.8,18491050,
0788.HK,3/26/2025,10.7,13314527,
0788.HK,3/27/2025,10.7,14534704,
0788.HK,3/28/2025,10.88,17718399,
0788.HK,3/31/2025,10.46,22148570,
0788.HK,4/1/2025,10.7,16945459,
0788.HK,4/2/2025,10.96,18564365,
0788.HK,4/3/2025,10.94,15881663,
0788.HK,4/7/2025,10.24,51238561,
0788.HK,4/8/2025,10.3,40174066,
0788.HK,4/9/2025,10.44,37832058,
0788.HK,4/10/2025,10.5,24742821,
0788.HK,4/11/2025,10.68,18975587,
0788.HK,4/14/2025,10.88,15141732,
0788.HK,4/15/2025,10.88,11687883,
0788.HK,4/16/2025,11,16263297,
0788.HK,4/17/2025,10.94,11690349,
0788.HK,4/22/2025,11.04,10732554,
0788.HK,4/23/2025,10.94,16988948,
0788.HK,4/24/2025,11.06,17258413,
0788.HK,4/25/2025,11.1,15060656,
0788.HK,4/28/2025,11.04,10355898,
0788.HK,4/29/2025,11.12,8917199,
0788.HK,4/30/2025,11.24,17617223,
0788.HK,5/2/2025,11.2,5351001,
0788.HK,5/6/2025,11.42,17491651,
0788.HK,5/7/2025,11.52,20483097,
0788.HK,5/8/2025,11.48,7631287,
0788.HK,5/9/2025,11.56,4888853,
0788.HK,5/12/2025,11.68,10324219,
0788.HK,5/13/2025,11.52,9044349,
0788.HK,5/14/2025,11.72,11405829,
0788.HK,5/15/2025,11.6,8247758,
0788.HK,5/16/2025,11.88,19489045,
0788.HK,5/19/2025,11.9,15973580,
0788.HK,5/20/2025,11.9,9833463,
0788.HK,5/21/2025,11.84,10590205,
0788.HK,5/22/2025,11.8,8999826,
0788.HK,5/23/2025,11.54,9839017,
0788.HK,5/26/2025,11.58,7730760,
0788.HK,5/27/2025,11.66,7036977,
0788.HK,5/28/2025,11.72,7972417,
0788.HK,5/29/2025,11.76,7953458,
0788.HK,5/30/2025,11.64,24838655,
0788.HK,6/2/2025,11.62,11605054,
0788.HK,6/3/2025,11.62,15070432,
0788.HK,6/4/2025,11.46,21108758,
0788.HK,6/5/2025,11.48,14628453,
0788.HK,6/6/2025,11.42,11703834,
0788.HK,6/9/2025,11.6,14653583,
0788.HK,6/10/2025,11.7,11039047,
0788.HK,6/11/2025,11.8,11141865,
0788.HK,6/12/2025,11.6,9157815,
0788.HK,6/13/2025,11.44,16613121,
0788.HK,6/16/2025,11.76,19073161,
0788.HK,6/17/2025,11.62,8058848,
0788.HK,6/18/2025,11.58,10383155,
0788.HK,6/19/2025,11.38,13741087,
0788.HK,6/20/2025,11.36,19518701,
0788.HK,6/23/2025,11.42,10822949,
0788.HK,6/24/2025,11.48,11019371,
0788.HK,6/25/2025,11.4,12181106,
0788.HK,6/26/2025,11.28,13981327,
0788.HK,6/27/2025,11.32,16628125,
0788.HK,6/30/2025,11.22,11348347,
0788.HK,7/1/2025,11.22,0,0.04274
0788.HK,7/2/2025,11.3,10715033,
0788.HK,7/3/2025,11.36,12615653,
0788.HK,7/4/2025,11.38,8425087,
0788.HK,7/7/2025,11.28,10702481,
0788.HK,7/8/2025,11.2,9323817,
0788.HK,7/9/2025,11.18,8207215,
0788.HK,7/10/2025,11.2,8488945,
0788.HK,7/11/2025,11.1,20235481,
0788.HK,7/14/2025,11.2,16959699,
0788.HK,7/15/2025,11.64,33252078,
0788.HK,7/16/2025,11.74,25865292,
0788.HK,7/17/2025,11.98,29915688,
0788.HK,7/18/2025,12.2,97839798,
0788.HK,7/21/2025,11.76,25504933,
0788.HK,7/22/2025,11.96,11865639,
0788.HK,7/23/2025,11.86,14368335,
0788.HK,7/24/2025,11.78,14820585,
0788.HK,7/25/2025,11.74,10846517,
0788.HK,7/28/2025,11.56,27806507,
0788.HK,7/29/2025,11.38,30227669,
0788.HK,7/30/2025,11.28,36457536,
0788.HK,7/31/2025,11,46160015,
0788.HK,8/1/2025,10.94,19742819,
0788.HK,8/4/2025,11.01,8020028,
0788.HK,8/5/2025,11.43,29720052,
0788.HK,8/6/2025,11.41,14998274,
0788.HK,8/7/2025,11.59,22451543,
0788.HK,8/8/2025,11.75,22461762,
0788.HK,8/11/2025,11.8,11347934,
0788.HK,8/12/2025,11.71,14567999,
0788.HK,8/13/2025,11.79,11660419,
0788.HK,8/14/2025,11.76,11185476,
0788.HK,8/15/2025,11.68,11987710,
0788.HK,8/18/2025,11.63,10469191,
0788.HK,8/19/2025,11.59,9125913,
0788.HK,8/20/2025,11.61,7239309,
0788.HK,8/21/2025,11.78,10192307,
0788.HK,8/22/2025,11.78,7395945,
0788.HK,8/25/2025,11.83,13330699,
0788.HK,8/26/2025,11.81,16370637,
0788.HK,8/27/2025,11.77,15575999,
0788.HK,8/28/2025,12.03,27736771,
0788.HK,8/29/2025,11.74,17778952,
0788.HK,9/1/2025,11.62,20850373,
0788.HK,9/2/2025,11.46,26457922,
0788.HK,9/3/2025,11.23,33399553,
0788.HK,9/4/2025,11.16,112485141,
0788.HK,9/5/2025,11.08,35610520,
0788.HK,9/8/2025,11.29,25062160,
0788.HK,9/9/2025,11.19,31780396,
0788.HK,9/10/2025,11.27,20163101,
0788.HK,9/11/2025,11.63,26751135,
0788.HK,9/12/2025,11.42,16369449,
0788.HK,9/15/2025,11.4,14370042,
0788.HK,9/16/2025,11.48,13021704,
0788.HK,9/17/2025,11.58,13562849,
0788.HK,9/18/2025,11.81,41740396,
0788.HK,9/19/2025,11.82,30320593,
0788.HK,9/22/2025,11.76,14420374,
0788.HK,9/23/2025,11.59,12253104,
0788.HK,9/24/2025,11.58,10402771,
0788.HK,9/25/2025,11.46,15205707,
0788.HK,9/26/2025,11.58,16644509,
0788.HK,9/29/2025,11.38,23947884,
0788.HK,9/30/2025,11.48,14780882,
0788.HK,10/2/2025,11.75,14770668,
0788.HK,10/3/2025,11.59,7458159,
0788.HK,10/6/2025,11.58,7477522,
0788.HK,10/8/2025,11.45,10278315,
0788.HK,10/9/2025,11.7,23984679,
0788.HK,10/10/2025,11.74,16867261,
0788.HK,10/13/2025,11.55,20405354,
0788.HK,10/14/2025,11.45,15145606,
0788.HK,10/15/2025,11.54,9912014,
0788.HK,10/16/2025,11.66,14990348,
0788.HK,10/17/2025,11.4,19903194,
0788.HK,10/20/2025,11.41,9475342,
0788.HK,10/21/2025,11.45,8606532,
0788.HK,10/22/2025,11.29,13356994,
0788.HK,10/23/2025,11.36,10232820,
0788.HK,10/24/2025,11.46,6905296,
0788.HK,10/27/2025,11.51,11732608,
0788.HK,10/28/2025,11.41,9856970,
0788.HK,10/29/2025,11.41,0,0.042029
0788.HK,10/30/2025,11.31,16790468,
0788.HK,10/31/2025,11.23,19203686,
0788.HK,11/3/2025,11.29,10725649,
0788.HK,11/4/2025,11.26,9182624,
0788.HK,11/5/2025,11.27,14357179,
0788.HK,11/6/2025,11.44,18562326,
0788.HK,11/7/2025,11.56,12080388,
0788.HK,11/10/2025,11.84,21537804,
0788.HK,11/11/2025,11.87,12821096,
0788.HK,11/12/2025,11.91,11162036,
0788.HK,11/13/2025,11.82,7062640,
0788.HK,11/14/2025,11.89,12923149,
0788.HK,11/17/2025,11.74,8643160,
0788.HK,11/18/2025,11.66,9981614,
0788.HK,11/19/2025,11.61,7356218,
0788.HK,11/20/2025,11.71,5518302,
0788.HK,11/21/2025,11.76,23148787,
0788.HK,11/24/2025,11.9,20004865,
0788.HK,11/25/2025,11.98,16807374,
0788.HK,11/26/2025,12.59,57377064,
0788.HK,11/27/2025,12.49,16387792,
0788.HK,11/28/2025,12.31,12715136,
0788.HK,12/1/2025,12.52,15209752,
0788.HK,12/2/2025,12.78,28030946,
0788.HK,12/3/2025,12.68,17024706,
0788.HK,12/4/2025,12.6,17194936,
0788.HK,12/5/2025,12.46,11747848,
0788.HK,12/8/2025,12.46,5438566,
0788.HK,12/9/2025,12.33,9472714,
0788.HK,12/10/2025,12.21,8677238,
0788.HK,12/11/2025,12.05,15235862,
0788.HK,12/12/2025,12.28,21308408,
0788.HK,12/15/2025,12.2,15189853,
0788.HK,12/16/2025,11.93,20428676,
0788.HK,12/17/2025,11.87,8515914,
0788.HK,12/18/2025,11.91,5001011,
0788.HK,12/19/2025,11.86,17254755,
0788.HK,12/22/2025,11.9,9894963,
0788.HK,12/23/2025,11.91,12616408,
0788.HK,12/24/2025,11.94,5683394,
0788.HK,12/25/2025,11.94,0,0.040163
0788.HK,12/26/2025,11.94,0,0.040163
0788.HK,12/29/2025,11.57,16953231,
0788.HK,12/30/2025,11.6,10072123,
0788.HK,12/31/2025,11.56,4348305,
0788.HK,1/2/2026,11.68,5116218,
0788.HK,1/5/2026,11.61,10183004,
0788.HK,1/6/2026,11.6,12003036,
0788.HK,1/7/2026,11.63,10868109,
0788.HK,1/8/2026,11.5,10037755,
0788.HK,1/9/2026,11.62,10529291,
0788.HK,1/12/2026,11.53,12414688,
0788.HK,1/13/2026,11.49,12459537,
0788.HK,1/14/2026,11.53,9897358,
0788.HK,1/15/2026,11.49,5871949,
0788.HK,1/16/2026,11.48,14505266,
0788.HK,1/19/2026,11.34,10072262,
0788.HK,1/20/2026,11.49,8442250,
0788.HK,1/21/2026,11.4,10753100,
0788.HK,1/22/2026,11.46,11116072,
0788.HK,1/23/2026,11.38,9203678,
0788.HK,1/26/2026,11.35,9845312,
0788.HK,1/27/2026,11.21,18661186,
0788.HK,1/28/2026,11.46,19399475,
0788.HK,1/29/2026,11.36,17934070,
0788.HK,1/30/2026,11.26,18843326,
0788.HK,2/2/2026,11.14,27147626,
0788.HK,2/3/2026,10.98,14497505,
0788.HK,2/4/2026,10.97,15956305,
0788.HK,2/5/2026,10.99,12587803,
0788.HK,2/6/2026,10.85,14672489,
0788.HK,2/9/2026,10.78,22023855,
0788.HK,2/10/2026,10.86,13707508,
0788.HK,2/11/2026,11.18,17595496,
0788.HK,2/12/2026,10.94,12751804,
0788.HK,2/13/2026,11.01,8053900,
0788.HK,2/16/2026,11.03,2950615,
0788.HK,2/20/2026,10.96,9155213,
0788.HK,2/23/2026,11.2,13382249,
0788.HK,2/24/2026,11.23,13297220,
0788.HK,2/25/2026,11.24,12236108,
0788.HK,2/26/2026,11.16,10495357,
0788.HK,2/27/2026,11.15,23625862,
0788.HK,3/2/2026,11.16,13974056,
0788.HK,3/3/2026,11,12537982,
0788.HK,3/4/2026,10.91,12473471,
0788.HK,3/5/2026,10.98,14834783,
0788.HK,3/6/2026,11.06,7131162,
0788.HK,3/9/2026,10.86,10158865,
0788.HK,3/10/2026,10.9,8049969,
0788.HK,3/11/2026,11.39,21756383,
0788.HK,3/12/2026,11.49,13436455,
0788.HK,3/13/2026,11.48,16203447,
0788.HK,3/16/2026,11.26,14027989,
0788.HK,3/17/2026,11.42,16396915,
0788.HK,3/18/2026,11.19,18193742,
0788.HK,3/19/2026,11.16,22181128,
0788.HK,3/20/2026,11.08,33449995,
0788.HK,3/23/2026,10.78,25248532,
0788.HK,3/24/2026,10.94,12942729,
0788.HK,3/25/2026,10.96,17036286,
0788.HK,3/26/2026,10.8,15547006,
0788.HK,3/27/2026,10.69,13800579,
0788.HK,3/30/2026,10.63,15325486,
0788.HK,3/31/2026,10.68,16096663,
0788.HK,4/1/2026,10.72,12138434,
0788.HK,4/2/2026,10.75,10035733,
0788.HK,4/3/2026,10.75,0,0.048163
0788.HK,4/7/2026,10.75,0,0.048163
0788.HK,4/8/2026,10.92,14317926,
0788.HK,4/9/2026,10.92,11519989,
0788.HK,4/10/2026,10.83,8036352,
0788.HK,4/13/2026,10.86,11939005,
0788.HK,4/14/2026,10.95,9885887,
0788.HK,4/15/2026,10.96,9998564,
0788.HK,4/16/2026,10.93,12860650,
0788.HK,4/17/2026,11.03,7640655,
0788.HK,4/20/2026,11.09,11599672,
0788.HK,4/21/2026,11.3,17102872,
0788.HK,4/22/2026,11.21,7615359,
0788.HK,4/23/2026,11.21,9317492,
0788.HK,4/24/2026,11.16,6239838,
0788.HK,4/27/2026,11.11,7515079,
0788.HK,4/28/2026,11.14,9947870,
0788.HK,4/29/2026,11.22,11214900,
0788.HK,4/30/2026,11.08,9493939,
0788.HK,5/4/2026,11.1,6616041,
0788.HK,5/5/2026,11.16,4906112,
0788.HK,5/6/2026,11.1,9892064,
0788.HK,5/7/2026,11.02,17598718,
0788.HK,5/8/2026,11.08,8282755,
0788.HK,5/11/2026,11.12,20063410,
0788.HK,5/12/2026,11.22,19235681,
0788.HK,5/13/2026,11.21,12900433,
0788.HK,5/14/2026,11.16,11009265,
0788.HK,5/15/2026,10.95,19924907,
0788.HK,5/18/2026,10.94,15035791,
0788.HK,5/19/2026,11.1,24502695,
0788.HK,5/20/2026,10.4,19005153,
0788.HK,5/21/2026,10.23,21383552,
0788.HK,5/22/2026,10.27,21403200,
0788.HK,5/25/2026,10.27,0,0.050414
0788.HK,5/26/2026,10.16,15267967,
0788.HK,5/27/2026,10,24674700,
0788.HK,5/28/2026,9.87,28674766,
0788.HK,5/29/2026,9.92,40698668,
0788.HK,6/1/2026,10.02,17748131,
0788.HK,6/2/2026,10.1,14093567,
0788.HK,6/3/2026,10.05,11090461,
0788.HK,6/4/2026,9.99,10863552,0.051827
0788.HK,6/5/2026,9.88,10007370,0.052404
0788.HK,6/8/2026,9.74,13164079,0.053157
0788.HK,6/9/2026,9.65,14065094,0.053653
0788.HK,6/10/2026,9.7,21329346,0.053376
0788.HK,6/11/2026,9.66,12583482,0.053598
0811.HK,6/12/2025,11.38,394000,0.057375
0811.HK,6/13/2025,11.34,616000,0.057577
0811.HK,6/16/2025,11.24,950000,0.05809
0811.HK,6/17/2025,11.24,526799,0.05809
0811.HK,6/18/2025,11.28,441000,0.057884
0811.HK,6/19/2025,11.14,451000,0.058611
0811.HK,6/20/2025,11.06,1719020,0.059035
0811.HK,6/23/2025,11.14,658214,0.058611
0811.HK,6/24/2025,11.02,759000,0.059249
0811.HK,6/25/2025,11.02,791000,0.059249
0811.HK,6/26/2025,10.94,280000,0.059682
0811.HK,6/27/2025,11.22,939000,0.058193
0811.HK,6/30/2025,11.38,647000,0.057307
0811.HK,7/1/2025,11.38,0,0.057307
0811.HK,7/2/2025,11.4,684000,0.057207
0811.HK,7/3/2025,11.54,958000,0.056513
0811.HK,7/4/2025,11.62,308000,0.056124
0811.HK,7/7/2025,11.78,365273,0.055361
0811.HK,7/8/2025,11.7,763000,0.05574
0811.HK,7/9/2025,11.68,414000,0.055835
0811.HK,7/10/2025,11.54,577345,0.056513
0811.HK,7/11/2025,11.48,1370000,0.056808
0811.HK,7/14/2025,11.66,266000,0.055931
0811.HK,7/15/2025,11.68,951000,0.055835
0811.HK,7/16/2025,11.64,337000,0.056027
0811.HK,7/17/2025,11.38,1484972,0.057307
0811.HK,7/18/2025,11.3,1091000,0.057713
0811.HK,7/21/2025,11.22,1399000,0.058125
0811.HK,7/22/2025,11.3,1496500,0.057713
0811.HK,7/23/2025,11.38,878300,0.057307
0811.HK,7/24/2025,11.48,1006000,0.056808
0811.HK,7/25/2025,11.58,985300,0.056318
0811.HK,7/28/2025,11.9,1987000,0.054803
0811.HK,7/29/2025,12.08,1446000,0.053987
0811.HK,7/30/2025,11.94,1154000,0.05462
0811.HK,7/31/2025,11.76,993000,0.055456
0811.HK,8/1/2025,11.62,840000,0.056124
0811.HK,8/4/2025,11.68,1036000,0.055835
0811.HK,8/5/2025,12.11,1556000,0.053853
0811.HK,8/6/2025,12.06,501000,0.054076
0811.HK,8/7/2025,12.2,973000,0.053456
0811.HK,8/8/2025,12.16,513000,0.053631
0811.HK,8/11/2025,11.97,369200,0.054483
0811.HK,8/12/2025,12.03,329800,0.054211
0811.HK,8/13/2025,11.96,770000,0.054528
0811.HK,8/14/2025,11.96,1621000,0.054528
0811.HK,8/15/2025,11.9,822000,0.054803
0811.HK,8/18/2025,12.1,3324780,0.053897
0811.HK,8/19/2025,12.03,895000,0.054211
0811.HK,8/20/2025,11.95,804510,0.054574
0811.HK,8/21/2025,12.14,443000,0.05372
0811.HK,8/22/2025,12.16,503000,0.053631
0811.HK,8/25/2025,12.25,1143000,0.053237
0811.HK,8/26/2025,12.18,441900,0.053543
0811.HK,8/27/2025,12.03,642900,0.054211
0811.HK,8/28/2025,12.1,954000,0.053897
0811.HK,8/29/2025,11.9,2382000,0.054803
0811.HK,9/1/2025,11.6,966000,0.056221
0811.HK,9/2/2025,11.11,1888000,0.0587
0811.HK,9/3/2025,11.16,1248000,0.058437
0811.HK,9/4/2025,11.17,1390000,0.058385
0811.HK,9/5/2025,11.15,5410022,0.05849
0811.HK,9/8/2025,11.16,5531200,0.058437
0811.HK,9/9/2025,11.18,1411000,0.058333
0811.HK,9/10/2025,11.36,1924000,0.057408
0811.HK,9/11/2025,11.35,2673446,0.057459
0811.HK,9/12/2025,11.37,1598000,0.057358
0811.HK,9/15/2025,11.25,3396578,0.05797
0811.HK,9/16/2025,11.25,2736000,0.05797
0811.HK,9/17/2025,11.29,836000,0.057764
0811.HK,9/18/2025,11.26,564000,0.057918
0811.HK,9/19/2025,11.17,2444000,0.058385
0811.HK,9/22/2025,10.87,1904000,0.059996
0811.HK,9/23/2025,10.92,404607,0.059721
0811.HK,9/24/2025,10.8,2046000,0.060385
0811.HK,9/25/2025,10.5,1777600,0.06211
0811.HK,9/26/2025,10.71,2847000,0.060892
0811.HK,9/29/2025,10.74,1122000,0.060722
0811.HK,9/30/2025,10.73,725000,0.060779
0811.HK,10/9/2025,10.51,1143368,0.062051
0811.HK,10/10/2025,10.6,1171000,0.061524
0811.HK,10/13/2025,10.66,1435000,0.061178
0811.HK,10/14/2025,10.68,1330000,0.061063
0811.HK,10/15/2025,10.76,1758000,0.060609
0811.HK,10/16/2025,10.77,720000,0.060553
0811.HK,10/17/2025,10.6,1277000,0.061524
0811.HK,10/20/2025,10.63,1053000,0.061351
0811.HK,10/21/2025,10.63,1594000,0.061351
0811.HK,10/22/2025,10.67,456918,0.061121
0811.HK,10/23/2025,10.73,900452,0.060779
0811.HK,10/24/2025,10.76,847000,0.060609
0811.HK,10/27/2025,10.6,872080,0.061524
0811.HK,10/28/2025,10.56,589864,0.061757
0811.HK,10/29/2025,10.56,0,0.061757
0811.HK,10/30/2025,10.54,1678082,0.061875
0811.HK,10/31/2025,10.42,4412061,0.062587
0811.HK,11/3/2025,10.28,1075000,0.063439
0811.HK,11/4/2025,10.29,1266000,0.063378
0811.HK,11/5/2025,10.37,1009175,0.062889
0811.HK,11/6/2025,10.32,1737000,0.063194
0811.HK,11/7/2025,10.46,2087000,0.062348
0811.HK,11/10/2025,10.75,2631000,0.060666
0811.HK,11/11/2025,10.78,1597000,0.060497
0811.HK,11/12/2025,10.75,984434,0.060666
0811.HK,11/13/2025,10.71,486800,0.060892
0811.HK,11/14/2025,10.69,1164000,0.061006
0811.HK,11/17/2025,10.56,848000,0.061757
0811.HK,11/18/2025,10.37,909000,0.062889
0811.HK,11/19/2025,10.48,709450,0.062229
0811.HK,11/20/2025,10.49,481000,0.062169
0811.HK,11/21/2025,10.38,644990,0.062828
0811.HK,11/24/2025,10.53,371000,0.061933
0811.HK,11/25/2025,10.59,377350,0.061582
0811.HK,11/26/2025,10.47,787746,0.062288
0811.HK,11/27/2025,10.44,482000,0.062467
0811.HK,11/28/2025,10.46,505000,0.062348
0811.HK,12/1/2025,10.69,645000,0.061006
0811.HK,12/2/2025,10.65,632700,0.061235
0811.HK,12/3/2025,10.58,640000,0.061641
0811.HK,12/4/2025,10.62,513000,0.061408
0811.HK,12/5/2025,10.59,605600,0.061582
0811.HK,12/8/2025,10.42,1676516,0.062587
0811.HK,12/9/2025,10.29,1386258,0.063378
0811.HK,12/10/2025,10.3,457000,0.063316
0811.HK,12/11/2025,10.21,815210,0.063874
0811.HK,12/12/2025,10.31,361000,0.063255
0811.HK,12/15/2025,10.49,1446000,0.062169
0811.HK,12/16/2025,10.37,1336000,0.062889
0811.HK,12/17/2025,10.25,1332000,0.063625
0811.HK,12/18/2025,10.39,917000,0.062768
0811.HK,12/19/2025,10.45,561000,0.062407
0811.HK,12/22/2025,10.29,731000,0.063378
0811.HK,12/23/2025,10.27,995000,0.063501
0811.HK,12/24/2025,10.34,161000,0.063071
0811.HK,12/25/2025,10.34,0,0.063071
0811.HK,12/26/2025,10.34,0,0.063071
0811.HK,12/29/2025,10.16,1156000,0.064189
0811.HK,12/30/2025,10.03,1110000,0.065021
0811.HK,12/31/2025,10.24,824000,0.067298
0811.HK,1/5/2026,10.07,1041000,0.068435
0811.HK,1/6/2026,10.12,717000,0.068096
0811.HK,1/7/2026,10.2,923000,0.067562
0811.HK,1/8/2026,10.35,903000,0.066583
0811.HK,1/9/2026,10.55,3589000,0.065321
0811.HK,1/12/2026,10.58,1120000,0.065136
0811.HK,1/13/2026,10.54,1891450,0.065383
0811.HK,1/14/2026,10.6,2079000,0.065013
0811.HK,1/15/2026,10.57,466000,0.065197
0811.HK,1/16/2026,10.6,628000,0.065013
0811.HK,1/19/2026,10.64,357000,0.064768
0811.HK,1/20/2026,10.57,319603,0.065197
0811.HK,1/21/2026,10.6,699000,0.065013
0811.HK,1/22/2026,10.75,1142000,0.064106
0811.HK,1/23/2026,10.85,822000,0.063515
0811.HK,1/26/2026,10.82,1214400,0.063691
0811.HK,1/27/2026,10.69,1084000,0.064465
0811.HK,1/28/2026,10.79,812000,0.063868
0811.HK,1/29/2026,10.82,1043000,0.063691
0811.HK,1/30/2026,10.95,1039000,0.062935
0811.HK,2/2/2026,10.86,1136000,0.063456
0811.HK,2/3/2026,10.74,903000,0.064165
0811.HK,2/4/2026,10.91,1585222,0.063166
0811.HK,2/5/2026,10.82,650506,0.063691
0811.HK,2/6/2026,10.95,1352500,0.062935
0811.HK,2/9/2026,10.92,451000,0.063108
0811.HK,2/10/2026,11.03,1054000,0.062478
0811.HK,2/11/2026,11.08,935000,0.062196
0811.HK,2/12/2026,10.95,363000,0.062935
0811.HK,2/13/2026,10.81,715000,0.06375
0811.HK,2/24/2026,10.36,2046000,0.066519
0811.HK,2/25/2026,10.29,1264000,0.066971
0811.HK,2/26/2026,10.22,1602000,0.06743
0811.HK,2/27/2026,10.26,1379880,0.067167
0811.HK,3/2/2026,10.21,746430,0.067496
0811.HK,3/3/2026,10.31,834000,0.066842
0811.HK,3/4/2026,10.16,1565000,0.067828
0811.HK,3/5/2026,10.23,933000,0.067364
0811.HK,3/6/2026,10.35,652000,0.066583
0811.HK,3/9/2026,10.19,716000,0.067629
0811.HK,3/10/2026,10.18,973828,0.067695
0811.HK,3/11/2026,10.34,1023000,0.066648
0811.HK,3/12/2026,10.32,1254000,0.066777
0811.HK,3/13/2026,10.24,686000,0.067298
0811.HK,3/16/2026,10.27,473812,0.067102
0811.HK,3/17/2026,10.33,1049000,0.066712
0811.HK,3/18/2026,10.27,460596,0.067102
0811.HK,3/19/2026,10.21,737000,0.067496
0811.HK,3/20/2026,10.12,1609908,0.068096
0811.HK,3/23/2026,9.91,2025895,0.069539
0811.HK,3/24/2026,10.09,833000,0.068299
0811.HK,3/25/2026,10.04,701838,0.068639
0811.HK,3/26/2026,9.8,1232050,0.07032
0811.HK,3/27/2026,10.05,1008056,0.068571
0811.HK,3/30/2026,10.32,1704000,0.066777
0811.HK,3/31/2026,10.4,1327000,0.066263
0811.HK,4/1/2026,10.22,532000,0.06743
0811.HK,4/2/2026,10.5,1920696,0.065632
0811.HK,4/3/2026,10.5,0,0.065632
0811.HK,4/7/2026,10.5,0,0.065632
0811.HK,4/8/2026,10.64,2285340,0.064768
0811.HK,4/9/2026,10.58,4996294,0.065136
0811.HK,4/10/2026,10.63,1751063,0.064829
0811.HK,4/13/2026,10.42,1142919,0.066136
0811.HK,4/14/2026,10.5,724000,0.065632
0811.HK,4/15/2026,10.45,625000,0.065946
0811.HK,4/16/2026,10.43,507000,0.066072
0811.HK,4/17/2026,10.4,600000,0.066263
0811.HK,4/20/2026,10.52,812000,0.065507
0811.HK,4/21/2026,10.53,1355000,0.065445
0811.HK,4/22/2026,10.55,877000,0.065321
0811.HK,4/23/2026,10.46,1924778,0.065883
0811.HK,4/24/2026,10.48,810000,0.065757
0811.HK,4/27/2026,10.47,1495000,0.06582
0811.HK,4/28/2026,10.46,989000,0.065883
0811.HK,4/29/2026,10.47,907000,0.06582
0811.HK,4/30/2026,10.32,1350000,0.066777
0811.HK,5/6/2026,10.31,1116000,0.066842
0811.HK,5/7/2026,10.32,1046000,0.066777
0811.HK,5/8/2026,10.38,1339000,0.066391
0811.HK,5/11/2026,10.56,2261000,0.065259
0811.HK,5/12/2026,10.63,1182000,0.064829
0811.HK,5/13/2026,10.59,1577000,0.065074
0811.HK,5/14/2026,10.68,1673116,0.064526
0811.HK,5/15/2026,10.75,1754243,0.064106
0811.HK,5/18/2026,10.42,1614000,0.066136
0811.HK,5/19/2026,10.6,2368000,0.065013
0811.HK,5/20/2026,10.46,3252100,0.065883
0811.HK,5/21/2026,10.28,1591006,0.067037
0811.HK,5/22/2026,10.29,870000,0.066971
0811.HK,5/25/2026,10.29,0,0.066971
0811.HK,5/26/2026,10.1,1877000,0.068231
0811.HK,5/27/2026,10.04,1296000,0.068639
0811.HK,5/28/2026,9.97,2186000,0.069121
0811.HK,5/29/2026,9.8,2581400,0.07032
0811.HK,6/1/2026,9.65,816600,0.071413
0811.HK,6/2/2026,9.69,957000,0.071118
0811.HK,6/3/2026,9.64,1485100,0.071487
0811.HK,6/4/2026,9.65,1174910,0.071413
0811.HK,6/5/2026,9.75,771000,0.070681
0811.HK,6/8/2026,9.7,786594,0.071045
0811.HK,6/9/2026,9.69,865000,0.071118
0811.HK,6/10/2026,9.87,1609000,0.069821
0811.HK,6/11/2026,9.56,574000,0.072085
0836.HK,6/3/2024,22.6,10800370,
0836.HK,6/4/2024,23,12063300,
0836.HK,6/5/2024,22.8,14309052,
0836.HK,6/6/2024,23.65,23540368,
0836.HK,6/7/2024,23.6,20123815,
0836.HK,6/11/2024,22.95,18590840,
0836.HK,6/12/2024,23.15,9805611,
0836.HK,6/13/2024,24,16996212,
0836.HK,6/14/2024,23.55,30350868,
0836.HK,6/17/2024,22.9,20942400,
0836.HK,6/18/2024,23.2,9939122,
0836.HK,6/19/2024,23.8,11976017,
0836.HK,6/20/2024,24.1,10897714,
0836.HK,6/21/2024,23.95,10330885,
0836.HK,6/24/2024,24.05,12838169,
0836.HK,6/25/2024,24.5,12216711,
0836.HK,6/26/2024,24.2,11799795,
0836.HK,6/27/2024,23.35,20031650,
0836.HK,6/28/2024,23.95,12475211,
0836.HK,7/2/2024,24.65,20937435,
0836.HK,7/3/2024,24.85,18033785,
0836.HK,7/4/2024,25,13974396,
0836.HK,7/5/2024,24.7,8891254,
0836.HK,7/8/2024,24.5,13796966,
0836.HK,7/9/2024,24.2,13356467,
0836.HK,7/10/2024,23.45,20756360,
0836.HK,7/11/2024,23,23820406,
0836.HK,7/12/2024,22.4,29000229,
0836.HK,7/15/2024,22.6,14586167,
0836.HK,7/16/2024,22.15,11217732,
0836.HK,7/17/2024,21.95,34899840,
0836.HK,7/18/2024,22.05,18730988,
0836.HK,7/19/2024,21.6,17644804,
0836.HK,7/22/2024,22,10075736,
0836.HK,7/23/2024,21.65,11300428,
0836.HK,7/24/2024,22.55,18271139,
0836.HK,7/25/2024,21.7,11979550,
0836.HK,7/26/2024,21.35,10713688,
0836.HK,7/29/2024,21.95,11134888,
0836.HK,7/30/2024,21.75,11189572,
0836.HK,7/31/2024,21.5,20549730,
0836.HK,8/1/2024,21.65,14278267,
0836.HK,8/2/2024,21.4,13651634,
0836.HK,8/5/2024,20.65,15524323,
0836.HK,8/6/2024,20.85,11014605,
0836.HK,8/7/2024,21.7,12342455,
0836.HK,8/8/2024,21.7,7567444,
0836.HK,8/9/2024,21.9,11406494,
0836.HK,8/12/2024,21.95,8246710,
0836.HK,8/13/2024,22.25,8108199,
0836.HK,8/14/2024,22.3,8348152,
0836.HK,8/15/2024,22.7,10153021,
0836.HK,8/16/2024,22.5,10718720,
0836.HK,8/19/2024,22.55,5770000,
0836.HK,8/20/2024,22.25,6750387,
0836.HK,8/21/2024,22.15,5993337,
0836.HK,8/22/2024,22.5,6965380,
0836.HK,8/23/2024,22.3,4121045,
0836.HK,8/26/2024,22,6219944,
0836.HK,8/27/2024,23,21978182,
0836.HK,8/28/2024,21.75,28349221,
0836.HK,8/29/2024,21.3,18652822,
0836.HK,8/30/2024,21.2,17446214,
0836.HK,9/2/2024,21.45,6236185,
0836.HK,9/3/2024,20.95,13075787,
0836.HK,9/4/2024,20.7,14460567,
0836.HK,9/5/2024,20.6,12350672,
0836.HK,9/9/2024,20.2,25250469,
0836.HK,9/10/2024,19.44,11011847,
0836.HK,9/11/2024,18.34,39669422,
0836.HK,9/12/2024,18.5,17334224,
0836.HK,9/13/2024,18.52,9967667,
0836.HK,9/16/2024,18.64,3197731,
0836.HK,9/17/2024,18.78,4559265,
0836.HK,9/19/2024,18.86,18144090,
0836.HK,9/20/2024,19.2,13498670,
0836.HK,9/23/2024,19.84,19285892,
0836.HK,9/24/2024,20.45,23988737,
0836.HK,9/25/2024,20.6,17561218,
0836.HK,9/26/2024,20.3,39634142,
0836.HK,9/27/2024,20.9,37770409,
0836.HK,9/30/2024,21.1,49149332,
0836.HK,10/2/2024,21.15,26541502,
0836.HK,10/3/2024,21,17519004,
0836.HK,10/4/2024,21.65,17714027,
0836.HK,10/7/2024,22.15,21112131,
0836.HK,10/8/2024,20.7,47230438,
0836.HK,10/9/2024,19.86,34559558,
0836.HK,10/10/2024,21.1,38743255,
0836.HK,10/14/2024,21.1,26213160,
0836.HK,10/15/2024,20.35,21287443,
0836.HK,10/16/2024,20.55,15091096,
0836.HK,10/17/2024,20.1,20609022,
0836.HK,10/18/2024,20.5,13507279,
0836.HK,10/21/2024,20.15,17138790,
0836.HK,10/22/2024,20.75,17922373,
0836.HK,10/23/2024,19.38,151637662,
0836.HK,10/24/2024,19.38,27239118,
0836.HK,10/25/2024,19.3,25316250,
0836.HK,10/28/2024,19.18,23924556,
0836.HK,10/29/2024,18.76,35485054,
0836.HK,10/30/2024,18.54,32496342,
0836.HK,10/31/2024,18.7,21709495,
0836.HK,11/1/2024,18.54,18336147,
0836.HK,11/4/2024,18.7,13993855,
0836.HK,11/5/2024,18.84,20075925,
0836.HK,11/6/2024,18.58,19180228,
0836.HK,11/7/2024,18.84,15806937,
0836.HK,11/8/2024,18.62,15411095,
0836.HK,11/11/2024,18.36,16039407,
0836.HK,11/12/2024,17.98,21261020,
0836.HK,11/13/2024,18.04,16479438,
0836.HK,11/14/2024,17.68,20528176,
0836.HK,11/15/2024,17.98,17290798,
0836.HK,11/18/2024,18.28,16886259,
0836.HK,11/19/2024,18.26,6173205,
0836.HK,11/20/2024,18.26,8329025,
0836.HK,11/21/2024,18.3,5666860,
0836.HK,11/22/2024,18.02,10081504,
0836.HK,11/25/2024,17.98,10797765,
0836.HK,11/26/2024,18.04,6588114,
0836.HK,11/27/2024,18.26,10858796,
0836.HK,11/28/2024,17.98,12292170,
0836.HK,11/29/2024,17.78,19810049,
0836.HK,12/2/2024,17.86,14821198,
0836.HK,12/3/2024,18.18,12582197,
0836.HK,12/4/2024,18.16,9400683,
0836.HK,12/5/2024,18.1,5922628,
0836.HK,12/6/2024,18.32,15206950,
0836.HK,12/9/2024,19,29600920,
0836.HK,12/10/2024,18.8,21470987,
0836.HK,12/11/2024,19.12,15939819,
0836.HK,12/12/2024,18.96,15226150,
0836.HK,12/13/2024,18.78,13589510,
0836.HK,12/16/2024,19.18,14852527,
0836.HK,12/17/2024,19.22,20152004,
0836.HK,12/18/2024,19.6,22470910,
0836.HK,12/19/2024,19.28,13042194,
0836.HK,12/20/2024,19.22,22007824,
0836.HK,12/23/2024,19.44,12990556,
0836.HK,12/24/2024,18.9,23856090,
0836.HK,12/27/2024,18.68,33230291,
0836.HK,12/30/2024,18.7,17363279,
0836.HK,12/31/2024,18.88,9076924,
0836.HK,1/2/2025,18.08,20438711,
0836.HK,1/3/2025,17.92,18242992,
0836.HK,1/6/2025,18.12,11756890,
0836.HK,1/7/2025,18.02,17587531,
0836.HK,1/8/2025,17.64,21161866,
0836.HK,1/9/2025,17.42,11462334,
0836.HK,1/10/2025,16.92,21470397,
0836.HK,1/13/2025,17.02,19870513,
0836.HK,1/14/2025,17.28,17090358,
0836.HK,1/15/2025,17.1,16257109,
0836.HK,1/16/2025,17.2,12032100,
0836.HK,1/17/2025,17.1,7398300,
0836.HK,1/20/2025,17.1,9969891,
0836.HK,1/21/2025,17.08,12292500,
0836.HK,1/22/2025,17,8068994,
0836.HK,1/23/2025,17.06,9096705,
0836.HK,1/24/2025,17.16,14559907,
0836.HK,1/27/2025,17.38,8713660,
0836.HK,1/28/2025,17.28,1976105,
0836.HK,2/3/2025,17.1,4096154,
0836.HK,2/4/2025,17.28,4221985,
0836.HK,2/5/2025,17.24,8542475,
0836.HK,2/6/2025,17.52,12408854,
0836.HK,2/7/2025,17.4,9249800,
0836.HK,2/10/2025,17.24,17127115,
0836.HK,2/11/2025,16.76,26089930,
0836.HK,2/12/2025,16.82,27402104,
0836.HK,2/13/2025,17.14,27508658,
0836.HK,2/14/2025,17.4,16684855,
0836.HK,2/17/2025,17.76,33160766,
0836.HK,2/18/2025,17.96,22805576,
0836.HK,2/19/2025,17.88,16318040,
0836.HK,2/20/2025,18.16,34693712,
0836.HK,2/21/2025,18.06,26730229,
0836.HK,2/24/2025,18,24608781,
0836.HK,2/25/2025,17.8,17360042,
0836.HK,2/26/2025,17.92,13533778,
0836.HK,2/27/2025,18.14,21527381,
0836.HK,2/28/2025,17.96,36370614,
0836.HK,3/3/2025,18.18,13665171,
0836.HK,3/4/2025,18.02,13366372,
0836.HK,3/5/2025,18.24,12264084,
0836.HK,3/6/2025,18.06,27600114,
0836.HK,3/7/2025,18.18,31063874,
0836.HK,3/10/2025,18.34,29445315,
0836.HK,3/11/2025,18.16,17878998,
0836.HK,3/12/2025,18.36,22668125,
0836.HK,3/13/2025,18.38,20926642,
0836.HK,3/14/2025,18.22,21167451,
0836.HK,3/17/2025,18.92,30412302,
0836.HK,3/18/2025,18.88,19134376,
0836.HK,3/19/2025,19.06,11820804,
0836.HK,3/20/2025,19,34782278,
0836.HK,3/21/2025,18.88,22310192,
0836.HK,3/24/2025,18.9,14215153,
0836.HK,3/25/2025,19.04,15847506,
0836.HK,3/26/2025,18.82,13117135,
0836.HK,3/27/2025,18.76,25360396,
0836.HK,3/28/2025,18.62,12566715,
0836.HK,3/31/2025,18.46,17890900,
0836.HK,4/1/2025,18.74,12432665,
0836.HK,4/2/2025,19.18,18110695,
0836.HK,4/3/2025,19.1,18382231,
0836.HK,4/7/2025,17.38,45755467,
0836.HK,4/8/2025,17.72,23350901,
0836.HK,4/9/2025,17.74,23817975,
0836.HK,4/10/2025,17.8,15730139,
0836.HK,4/11/2025,18.02,12296030,
0836.HK,4/14/2025,18.22,16614844,
0836.HK,4/15/2025,18.62,13802719,
0836.HK,4/16/2025,18.5,18645540,
0836.HK,4/17/2025,18.44,11439295,
0836.HK,4/22/2025,18.64,7493040,
0836.HK,4/23/2025,18.58,9456978,
0836.HK,4/24/2025,18.72,8130346,
0836.HK,4/25/2025,18.74,11949300,
0836.HK,4/28/2025,19.08,13098182,
0836.HK,4/29/2025,18.94,7900090,
0836.HK,4/30/2025,18.74,12519126,
0836.HK,5/2/2025,19,3898259,
0836.HK,5/6/2025,19,9278622,
0836.HK,5/7/2025,19.18,16019794,
0836.HK,5/8/2025,19.28,8425116,
0836.HK,5/9/2025,19.3,12479928,
0836.HK,5/12/2025,19.28,12693285,
0836.HK,5/13/2025,19.46,9964256,
0836.HK,5/14/2025,19.8,9923673,
0836.HK,5/15/2025,19.88,7904347,
0836.HK,5/16/2025,19.62,4162445,
0836.HK,5/19/2025,19.58,5326409,
0836.HK,5/20/2025,20.15,11260320,
0836.HK,5/21/2025,20.2,15245590,
0836.HK,5/22/2025,19.9,11917650,
0836.HK,5/23/2025,19.84,10629752,
0836.HK,5/26/2025,20.35,17424266,
0836.HK,5/27/2025,20.4,16200093,
0836.HK,5/28/2025,20.15,9905044,
0836.HK,5/29/2025,20.3,12726471,
0836.HK,5/30/2025,20.4,23262229,
0836.HK,6/2/2025,19.96,7936439,
0836.HK,6/3/2025,20.2,13266205,
0836.HK,6/4/2025,20.5,14410689,
0836.HK,6/5/2025,20.9,18687493,
0836.HK,6/6/2025,21.3,22119035,
0836.HK,6/9/2025,21.05,19464704,
0836.HK,6/10/2025,21.2,19301530,
0836.HK,6/11/2025,20.35,11710486,
0836.HK,6/12/2025,19.84,17596595,
0836.HK,6/13/2025,19.9,11031435,
0836.HK,6/16/2025,19.9,11897416,
0836.HK,6/17/2025,19.78,13468270,
0836.HK,6/18/2025,19.56,11682827,
0836.HK,6/19/2025,18.86,27500193,
0836.HK,6/20/2025,18.84,13232866,
0836.HK,6/23/2025,18.7,16232330,
0836.HK,6/24/2025,19,16249122,
0836.HK,6/25/2025,19.54,13824980,
0836.HK,6/26/2025,19.34,9651985,
0836.HK,6/27/2025,19,15551048,
0836.HK,6/30/2025,18.94,12183840,
0836.HK,7/1/2025,18.94,0,0.05528
0836.HK,7/2/2025,19.44,12635824,
0836.HK,7/3/2025,19.22,8724815,
0836.HK,7/4/2025,19.2,7935412,
0836.HK,7/7/2025,19.54,11237611,
0836.HK,7/8/2025,19.44,10740554,
0836.HK,7/9/2025,19.18,8939466,
0836.HK,7/10/2025,19.2,9211427,
0836.HK,7/11/2025,19.32,10406605,
0836.HK,7/14/2025,19.74,14587252,
0836.HK,7/15/2025,19.76,12695945,
0836.HK,7/16/2025,19.68,10568378,
0836.HK,7/17/2025,19.52,13133413,
0836.HK,7/18/2025,19.56,10630084,
0836.HK,7/21/2025,19.92,13857754,
0836.HK,7/22/2025,20.2,12942046,
0836.HK,7/23/2025,20.1,10764348,
0836.HK,7/24/2025,20.05,8689693,
0836.HK,7/25/2025,19.76,10469986,
0836.HK,7/28/2025,19.82,9849358,
0836.HK,7/29/2025,19.68,6613690,
0836.HK,7/30/2025,20.1,21056240,
0836.HK,7/31/2025,19.46,16703425,
0836.HK,8/1/2025,19.14,10973728,
0836.HK,8/4/2025,19.22,11098992,
0836.HK,8/5/2025,19.44,5100208,
0836.HK,8/6/2025,19.3,10284406,
0836.HK,8/7/2025,19.55,5595039,
0836.HK,8/8/2025,19.79,10479552,
0836.HK,8/11/2025,19.87,6976550,
0836.HK,8/12/2025,19.92,8134586,
0836.HK,8/13/2025,19.93,7904946,
0836.HK,8/14/2025,19.91,16568288,
0836.HK,8/15/2025,20.04,14137243,
0836.HK,8/18/2025,19.8,8467748,
0836.HK,8/19/2025,19.63,11616547,
0836.HK,8/20/2025,19.67,12208866,
0836.HK,8/21/2025,18.51,90955067,
0836.HK,8/22/2025,18.22,44897903,
0836.HK,8/25/2025,18.43,31857317,
0836.HK,8/26/2025,18.2,30217942,
0836.HK,8/27/2025,18.13,23763895,
0836.HK,8/28/2025,17.97,24674794,
0836.HK,8/29/2025,17.95,18373978,
0836.HK,9/1/2025,17.97,16299494,
0836.HK,9/2/2025,18.08,13838098,
0836.HK,9/3/2025,18.22,13491314,
0836.HK,9/4/2025,18.32,14168403,
0836.HK,9/5/2025,18.75,30654296,
0836.HK,9/8/2025,19.17,36509355,
0836.HK,9/9/2025,19.04,22948372,
0836.HK,9/10/2025,18.74,18069206,
0836.HK,9/11/2025,18.74,12007239,
0836.HK,9/12/2025,18.58,20568145,
0836.HK,9/15/2025,18.41,18218077,
0836.HK,9/16/2025,18.29,16279792,
0836.HK,9/17/2025,18.27,22484083,
0836.HK,9/18/2025,18.23,18885677,
0836.HK,9/19/2025,18.06,26567513,
0836.HK,9/22/2025,17.9,14045527,
0836.HK,9/23/2025,17.8,16757520,
0836.HK,9/24/2025,17.79,10258765,
0836.HK,9/25/2025,17.58,23355059,
0836.HK,9/26/2025,17.53,17700033,
0836.HK,9/29/2025,17.86,15329338,
0836.HK,9/30/2025,17.84,15469697,
0836.HK,10/2/2025,17.83,8233402,
0836.HK,10/3/2025,18.02,5071398,
0836.HK,10/6/2025,17.91,4405084,
0836.HK,10/8/2025,17.86,3066347,
0836.HK,10/9/2025,18.29,16001589,
0836.HK,10/10/2025,18.25,14901542,
0836.HK,10/13/2025,18.25,10178475,
0836.HK,10/14/2025,18.18,13176459,
0836.HK,10/15/2025,18.38,10057807,
0836.HK,10/16/2025,18.43,19489978,
0836.HK,10/17/2025,18.07,14395304,
0836.HK,10/20/2025,18.02,12246311,
0836.HK,10/21/2025,18.33,15520557,
0836.HK,10/22/2025,18.33,9472782,
0836.HK,10/23/2025,18.37,10034131,
0836.HK,10/24/2025,18.41,8577313,
0836.HK,10/27/2025,18.51,23384823,
0836.HK,10/28/2025,18.26,20568250,
0836.HK,10/29/2025,18.26,0,0.057338
0836.HK,10/30/2025,18.75,31924342,
0836.HK,10/31/2025,18.58,17706903,
0836.HK,11/3/2025,18.89,17284499,
0836.HK,11/4/2025,18.96,19856051,
0836.HK,11/5/2025,19.05,15609654,
0836.HK,11/6/2025,19.31,15881098,
0836.HK,11/7/2025,19.28,13421007,
0836.HK,11/10/2025,19.09,12085457,
0836.HK,11/11/2025,19.04,9151306,
0836.HK,11/12/2025,19.44,12851312,
0836.HK,11/13/2025,19.36,11223916,
0836.HK,11/14/2025,19,8281570,
0836.HK,11/17/2025,18.99,6366731,
0836.HK,11/18/2025,18.69,7880752,
0836.HK,11/19/2025,18.71,5463535,
0836.HK,11/20/2025,18.77,6661842,
0836.HK,11/21/2025,18.34,13294683,
0836.HK,11/24/2025,18.44,16486426,
0836.HK,11/25/2025,18.74,9533179,
0836.HK,11/26/2025,18.64,11737038,
0836.HK,11/27/2025,18.71,6184904,
0836.HK,11/28/2025,18.58,5120590,
0836.HK,12/1/2025,18.73,5505641,
0836.HK,12/2/2025,18.87,5769132,
0836.HK,12/3/2025,18.63,6012007,
0836.HK,12/4/2025,18.71,5378641,
0836.HK,12/5/2025,18.73,4989461,
0836.HK,12/8/2025,18.32,10335999,
0836.HK,12/9/2025,18,18400503,
0836.HK,12/10/2025,17.9,12713202,
0836.HK,12/11/2025,17.79,13095615,
0836.HK,12/12/2025,17.96,32282987,
0836.HK,12/15/2025,17.79,19257907,
0836.HK,12/16/2025,17.61,12765948,
0836.HK,12/17/2025,17.56,12697498,
0836.HK,12/18/2025,17.57,7321156,
0836.HK,12/19/2025,17.63,12085560,
0836.HK,12/22/2025,17.58,11139205,
0836.HK,12/23/2025,17.8,17191804,
0836.HK,12/24/2025,17.78,3331775,
0836.HK,12/25/2025,17.78,0,0.058886
0836.HK,12/26/2025,17.78,0,0.058886
0836.HK,12/29/2025,17.43,26632638,
0836.HK,12/30/2025,17.38,10656596,
0836.HK,12/31/2025,17.31,6421784,
0836.HK,1/2/2026,17.63,6625585,
0836.HK,1/5/2026,17.86,13581682,
0836.HK,1/6/2026,17.87,12057879,
0836.HK,1/7/2026,17.93,10224981,
0836.HK,1/8/2026,18.06,12120678,
0836.HK,1/9/2026,17.95,13024502,
0836.HK,1/12/2026,17.99,7103188,
0836.HK,1/13/2026,18.14,11551576,
0836.HK,1/14/2026,18.14,9413822,
0836.HK,1/15/2026,18.21,7321077,
0836.HK,1/16/2026,18.01,14182444,
0836.HK,1/19/2026,18.08,12538051,
0836.HK,1/20/2026,18,13962881,
0836.HK,1/21/2026,18.04,8528396,
0836.HK,1/22/2026,18.18,9118726,
0836.HK,1/23/2026,17.96,8405574,
0836.HK,1/26/2026,17.99,7143307,
0836.HK,1/27/2026,18.01,8077523,
0836.HK,1/28/2026,18.11,20935752,
0836.HK,1/29/2026,18.11,16443502,
0836.HK,1/30/2026,17.8,19073470,
0836.HK,2/2/2026,17.09,61774398,
0836.HK,2/3/2026,17.3,22418002,
0836.HK,2/4/2026,17.56,18477194,
0836.HK,2/5/2026,17.67,19565457,
0836.HK,2/6/2026,17.68,11996644,
0836.HK,2/9/2026,17.74,12201725,
0836.HK,2/10/2026,17.58,10215172,
0836.HK,2/11/2026,17.74,11564549,
0836.HK,2/12/2026,17.93,21737260,
0836.HK,2/13/2026,17.96,10266377,
0836.HK,2/16/2026,18.08,3322151,
0836.HK,2/20/2026,17.99,6330936,
0836.HK,2/23/2026,18.3,10086142,
0836.HK,2/24/2026,18.25,13329354,
0836.HK,2/25/2026,18.06,9686506,
0836.HK,2/26/2026,18.26,11236390,
0836.HK,2/27/2026,18.68,18536307,
0836.HK,3/2/2026,18.91,28594741,
0836.HK,3/3/2026,18.51,16537990,
0836.HK,3/4/2026,18.33,14897004,
0836.HK,3/5/2026,18.61,12669330,
0836.HK,3/6/2026,18.75,11430988,
0836.HK,3/9/2026,18.62,16428225,
0836.HK,3/10/2026,18.79,16299148,
0836.HK,3/11/2026,19.24,29500231,
0836.HK,3/12/2026,19.42,28714116,
0836.HK,3/13/2026,19.23,21010812,
0836.HK,3/16/2026,18.96,21110436,
0836.HK,3/17/2026,18.96,15807829,
0836.HK,3/18/2026,19.44,30769913,
0836.HK,3/19/2026,18.98,17418398,
0836.HK,3/20/2026,19.18,19912262,
0836.HK,3/23/2026,18.64,20046242,
0836.HK,3/24/2026,18.9,16048575,
0836.HK,3/25/2026,19.32,29145943,
0836.HK,3/26/2026,19.26,13598478,
0836.HK,3/27/2026,19.08,10843935,
0836.HK,3/30/2026,18.77,15722784,
0836.HK,3/31/2026,18.25,19645324,
0836.HK,4/1/2026,18.48,10357699,
0836.HK,4/2/2026,18.71,12435826,
0836.HK,4/3/2026,18.71,0,0.060235
0836.HK,4/7/2026,18.71,0,0.060235
0836.HK,4/8/2026,18.84,14993928,
0836.HK,4/9/2026,18.91,8240275,
0836.HK,4/10/2026,18.9,8648756,
0836.HK,4/13/2026,18.86,9259745,
0836.HK,4/14/2026,18.8,10565775,
0836.HK,4/15/2026,18.88,10513264,
0836.HK,4/16/2026,18.85,8913800,
0836.HK,4/17/2026,18.83,10032815,
0836.HK,4/20/2026,19.25,14333778,
0836.HK,4/21/2026,19.29,12889182,
0836.HK,4/22/2026,19.52,11397284,
0836.HK,4/23/2026,19.73,10291920,
0836.HK,4/24/2026,19.86,10369520,
0836.HK,4/27/2026,19.71,9174562,
0836.HK,4/28/2026,19.44,8218736,
0836.HK,4/29/2026,19.59,9735138,
0836.HK,4/30/2026,19.27,9074220,
0836.HK,5/4/2026,19.55,3734848,
0836.HK,5/5/2026,19.58,3027664,
0836.HK,5/6/2026,19.67,10121157,
0836.HK,5/7/2026,20.06,18557812,
0836.HK,5/8/2026,20.08,10704363,
0836.HK,5/11/2026,20.52,16763728,
0836.HK,5/12/2026,20.88,18730139,
0836.HK,5/13/2026,20.64,17790861,
0836.HK,5/14/2026,20.38,14042554,
0836.HK,5/15/2026,20.1,17707510,
0836.HK,5/18/2026,20.04,12428572,
0836.HK,5/19/2026,20.42,18722740,
0836.HK,5/20/2026,20.16,12518052,
0836.HK,5/21/2026,20.04,8776049,
0836.HK,5/22/2026,20.18,10647854,
0836.HK,5/25/2026,20.18,0,0.055847
0836.HK,5/26/2026,20.36,20036304,
0836.HK,5/27/2026,20.58,20162651,
0836.HK,5/28/2026,20.32,17202104,
0836.HK,5/29/2026,21.26,38195660,
0836.HK,6/1/2026,21.64,29719349,
0836.HK,6/2/2026,21.46,20769064,
0836.HK,6/3/2026,21.7,30462072,
0836.HK,6/4/2026,21.48,25540986,0.052467
0836.HK,6/5/2026,21.02,42338206,0.053616
0836.HK,6/8/2026,20.68,21411892,0.054497
0836.HK,6/9/2026,21.12,25630825,0.053362
0836.HK,6/10/2026,19.67,21964091,0.057295
0836.HK,6/11/2026,19.34,26202131,0.058273
0858.HK,6/12/2025,0.05,1420000,
0858.HK,6/13/2025,0.051,1790000,
0858.HK,6/16/2025,0.052,760000,
0858.HK,6/17/2025,0.052,8320000,
0858.HK,6/18/2025,0.053,1370000,
0858.HK,6/19/2025,0.05,2740000,
0858.HK,6/20/2025,0.051,900000,
0858.HK,6/23/2025,0.051,2800000,
0858.HK,6/24/2025,0.097,297200000,
0858.HK,6/25/2025,0.085,139350000,
0858.HK,6/26/2025,0.082,64470000,
0858.HK,6/27/2025,0.083,24640000,
0858.HK,6/30/2025,0.084,11000000,
0858.HK,7/1/2025,0.084,0,
0858.HK,7/2/2025,0.079,8550000,
0858.HK,7/3/2025,0.08,3460000,
0858.HK,7/4/2025,0.08,2350000,
0858.HK,7/7/2025,0.082,3860000,
0858.HK,7/8/2025,0.081,2920000,
0858.HK,7/9/2025,0.082,5370000,
0858.HK,7/10/2025,0.08,10570000,
0858.HK,7/11/2025,0.079,5170000,
0858.HK,7/14/2025,0.082,2560000,
0858.HK,7/15/2025,0.084,6580000,
0858.HK,7/16/2025,0.084,5110000,
0858.HK,7/17/2025,0.083,1270000,
0858.HK,7/18/2025,0.088,9440000,
0858.HK,7/21/2025,0.13,194400000,
0858.HK,7/22/2025,0.12,82480000,
0858.HK,7/23/2025,0.118,18320000,
0858.HK,7/24/2025,0.114,14530000,
0858.HK,7/25/2025,0.118,7980000,
0858.HK,7/28/2025,0.123,9360000,
0858.HK,7/29/2025,0.128,11410000,
0858.HK,7/30/2025,0.136,29560000,
0858.HK,7/31/2025,0.138,17490000,
0858.HK,8/1/2025,0.132,8920000,
0858.HK,8/4/2025,0.132,4960000,
0858.HK,8/5/2025,0.129,2440000,
0858.HK,8/6/2025,0.125,5590000,
0858.HK,8/7/2025,0.125,4740000,
0858.HK,8/8/2025,0.12,7210000,
0858.HK,8/11/2025,0.119,3830000,
0858.HK,8/12/2025,0.122,4760000,
0858.HK,8/13/2025,0.12,4210000,
0858.HK,8/14/2025,0.118,4700000,
0858.HK,8/15/2025,0.129,73500000,
0858.HK,8/18/2025,0.131,13020000,
0858.HK,8/19/2025,0.124,11240000,
0858.HK,8/20/2025,0.123,5090000,
0858.HK,8/21/2025,0.125,3790000,
0858.HK,8/22/2025,0.126,1740000,
0858.HK,8/25/2025,0.126,7040000,
0858.HK,8/26/2025,0.12,4080000,
0858.HK,8/27/2025,0.117,5980000,
0858.HK,8/28/2025,0.117,3210000,
0858.HK,8/29/2025,0.121,2660000,
0858.HK,9/1/2025,0.121,7300000,
0858.HK,9/2/2025,0.119,2760000,
0858.HK,9/3/2025,0.118,1300000,
0858.HK,9/4/2025,0.118,1460000,
0858.HK,9/5/2025,0.12,1530000,
0858.HK,9/8/2025,0.121,1110000,
0858.HK,9/9/2025,0.117,1820000,
0858.HK,9/10/2025,0.119,3470000,
0858.HK,9/11/2025,0.117,2580000,
0858.HK,9/12/2025,0.117,1560000,
0858.HK,9/15/2025,0.117,2570000,
0858.HK,9/16/2025,0.118,8550000,
0858.HK,9/17/2025,0.12,1930000,
0858.HK,9/18/2025,0.116,1720000,
0858.HK,9/19/2025,0.116,1200000,
0858.HK,9/22/2025,0.113,3660000,
0858.HK,9/23/2025,0.109,4460000,
0858.HK,9/24/2025,0.108,2090000,
0858.HK,9/25/2025,0.112,2120000,
0858.HK,9/26/2025,0.114,6790000,
0858.HK,9/29/2025,0.114,1110000,
0858.HK,9/30/2025,0.114,2310000,
0858.HK,10/9/2025,0.11,2700000,
0858.HK,10/10/2025,0.103,4650000,
0858.HK,10/13/2025,0.098,4980000,
0858.HK,10/14/2025,0.093,6480000,
0858.HK,10/15/2025,0.1,9580000,
0858.HK,10/16/2025,0.095,1580000,
0858.HK,10/17/2025,0.093,2340000,
0858.HK,10/20/2025,0.093,120000,
0858.HK,10/21/2025,0.097,1050000,
0858.HK,10/22/2025,0.096,250000,
0858.HK,10/23/2025,0.091,550000,
0858.HK,10/24/2025,0.093,420000,
0858.HK,10/27/2025,0.094,5830000,
0858.HK,10/28/2025,0.094,2570000,
0858.HK,10/29/2025,0.094,0,
0858.HK,10/30/2025,0.094,1000000,
0858.HK,10/31/2025,0.092,50000,
0858.HK,11/3/2025,0.092,1930000,
0858.HK,11/4/2025,0.09,4370000,
0858.HK,11/5/2025,0.09,1120000,
0858.HK,11/6/2025,0.088,1960000,
0858.HK,11/7/2025,0.089,460000,
0858.HK,11/10/2025,0.092,1300000,
0858.HK,11/11/2025,0.09,750000,
0858.HK,11/12/2025,0.095,950000,
0858.HK,11/13/2025,0.098,1580000,
0858.HK,11/14/2025,0.091,210000,
0858.HK,11/17/2025,0.079,12320000,
0858.HK,11/18/2025,0.087,10330000,
0858.HK,11/19/2025,0.087,1320000,
0858.HK,11/20/2025,0.089,1810000,
0858.HK,11/21/2025,0.08,5260000,
0858.HK,11/24/2025,0.088,2560000,
0858.HK,11/25/2025,0.088,720000,
0858.HK,11/26/2025,0.081,10370000,
0858.HK,11/27/2025,0.082,150000,
0858.HK,11/28/2025,0.082,30000,
0858.HK,12/1/2025,0.082,1630000,
0858.HK,12/2/2025,0.081,2330000,
0858.HK,12/3/2025,0.079,430000,
0858.HK,12/4/2025,0.083,1730000,
0858.HK,12/5/2025,0.081,20000,
0858.HK,12/8/2025,0.082,2590000,
0858.HK,12/9/2025,0.086,5780000,
0858.HK,12/10/2025,0.086,2590000,
0858.HK,12/11/2025,0.087,3100000,
0858.HK,12/12/2025,0.092,4880000,
0858.HK,12/15/2025,0.095,210000,
0858.HK,12/16/2025,0.093,1060000,
0858.HK,12/17/2025,0.093,460000,
0858.HK,12/18/2025,0.095,3480000,
0858.HK,12/19/2025,0.09,740000,
0858.HK,12/22/2025,0.089,960000,
0858.HK,12/23/2025,0.09,1420000,
0858.HK,12/24/2025,0.092,30000,
0858.HK,12/25/2025,0.092,0,
0858.HK,12/26/2025,0.092,0,
0858.HK,12/29/2025,0.085,3400000,
0858.HK,12/30/2025,0.088,1680000,
0858.HK,12/31/2025,0.082,140000,
0858.HK,1/5/2026,0.087,1100000,
0858.HK,1/6/2026,0.088,720000,
0858.HK,1/7/2026,0.09,1480000,
0858.HK,1/8/2026,0.09,610000,
0858.HK,1/9/2026,0.089,1090000,
0858.HK,1/12/2026,0.089,70000,
0858.HK,1/13/2026,0.099,14800000,
0858.HK,1/14/2026,0.103,2110000,
0858.HK,1/15/2026,0.097,7370000,
0858.HK,1/16/2026,0.095,3970000,
0858.HK,1/19/2026,0.094,1180000,
0858.HK,1/20/2026,0.095,1590000,
0858.HK,1/21/2026,0.09,480000,
0858.HK,1/22/2026,0.087,780000,
0858.HK,1/23/2026,0.086,530000,
0858.HK,1/26/2026,0.085,1790000,
0858.HK,1/27/2026,0.085,780000,
0858.HK,1/28/2026,0.08,6950000,
0858.HK,1/29/2026,0.08,2130000,
0858.HK,1/30/2026,0.079,100000,
0858.HK,2/2/2026,0.074,1810000,
0858.HK,2/3/2026,0.08,3580000,
0858.HK,2/4/2026,0.082,3350000,
0858.HK,2/5/2026,0.082,1030000,
0858.HK,2/6/2026,0.083,2400000,
0858.HK,2/9/2026,0.083,700000,
0858.HK,2/10/2026,0.08,230000,
0858.HK,2/11/2026,0.079,1120000,
0858.HK,2/12/2026,0.082,710000,
0858.HK,2/13/2026,0.081,3810000,
0858.HK,2/24/2026,0.082,480000,
0858.HK,2/25/2026,0.083,2190000,
0858.HK,2/26/2026,0.09,3160000,
0858.HK,2/27/2026,0.095,7360000,
0858.HK,3/2/2026,0.084,5200000,
0858.HK,3/3/2026,0.08,4880000,
0858.HK,3/4/2026,0.078,1290000,
0858.HK,3/5/2026,0.079,2320000,
0858.HK,3/6/2026,0.074,6170000,
0858.HK,3/9/2026,0.078,1830000,
0858.HK,3/10/2026,0.077,1310000,
0858.HK,3/11/2026,0.077,80000,
0858.HK,3/12/2026,0.078,870000,
0858.HK,3/13/2026,0.074,1230000,
0858.HK,3/16/2026,0.08,2700000,
0858.HK,3/17/2026,0.075,160000,
0858.HK,3/18/2026,0.077,690000,
0858.HK,3/19/2026,0.08,730000,
0858.HK,3/20/2026,0.08,230000,
0858.HK,3/23/2026,0.076,610000,
0858.HK,3/24/2026,0.079,130000,
0858.HK,3/25/2026,0.078,1490000,
0858.HK,3/26/2026,0.078,1230000,
0858.HK,3/27/2026,0.078,1760000,
0858.HK,3/30/2026,0.079,800000,
0858.HK,3/31/2026,0.08,690000,
0858.HK,4/1/2026,0.083,1810000,
0858.HK,4/2/2026,0.083,1660000,
0858.HK,4/3/2026,0.083,0,
0858.HK,4/7/2026,0.083,0,
0858.HK,4/8/2026,0.083,1000000,
0858.HK,4/9/2026,0.081,2310000,
0858.HK,4/10/2026,0.082,400000,
0858.HK,4/13/2026,0.08,4380000,
0858.HK,4/14/2026,0.081,680000,
0858.HK,4/15/2026,0.08,1250000,
0858.HK,4/16/2026,0.08,620000,
0858.HK,4/17/2026,0.077,1720000,
0858.HK,4/20/2026,0.075,6990000,
0858.HK,4/21/2026,0.078,390000,
0858.HK,4/22/2026,0.078,2670000,
0858.HK,4/23/2026,0.077,420000,
0858.HK,4/24/2026,0.074,390000,
0858.HK,4/27/2026,0.073,1920000,
0858.HK,4/28/2026,0.07,420000,
0858.HK,4/29/2026,0.066,3750000,
0858.HK,4/30/2026,0.07,730000,
0858.HK,5/6/2026,0.072,370000,
0858.HK,5/7/2026,0.068,2010000,
0858.HK,5/8/2026,0.067,50000,
0858.HK,5/11/2026,0.069,850000,
0858.HK,5/12/2026,0.069,480000,
0858.HK,5/13/2026,0.071,550000,
0858.HK,5/14/2026,0.072,450000,
0858.HK,5/15/2026,0.075,1440000,
0858.HK,5/18/2026,0.07,210000,
0858.HK,5/19/2026,0.07,250000,
0858.HK,5/20/2026,0.073,3150000,
0858.HK,5/21/2026,0.076,700000,
0858.HK,5/22/2026,0.081,3340000,
0858.HK,5/25/2026,0.081,0,
0858.HK,5/26/2026,0.077,2440000,
0858.HK,5/27/2026,0.077,1830000,
0858.HK,5/28/2026,0.079,740000,
0858.HK,5/29/2026,0.082,1330000,
0858.HK,6/1/2026,0.081,2880000,
0858.HK,6/2/2026,0.08,830000,
0858.HK,6/3/2026,0.076,380000,
0858.HK,6/4/2026,0.069,6580000,
0858.HK,6/5/2026,0.069,610000,
0858.HK,6/8/2026,0.069,100000,
0858.HK,6/9/2026,0.071,410000,
0858.HK,6/10/2026,0.068,1200000,
0858.HK,6/11/2026,0.068,880000,
0883.HK,6/3/2024,21.05,125046760,
0883.HK,6/4/2024,20.65,184816170,
0883.HK,6/5/2024,20.3,127717595,
0883.HK,6/6/2024,21.1,91173492,
0883.HK,6/7/2024,21.25,61362771,
0883.HK,6/11/2024,21.3,120266858,
0883.HK,6/12/2024,21.8,137862229,
0883.HK,6/13/2024,21.4,87097765,
0883.HK,6/14/2024,21.3,74770386,
0883.HK,6/17/2024,21.1,62367024,
0883.HK,6/18/2024,21.45,55711808,
0883.HK,6/19/2024,22.7,121173091,
0883.HK,6/20/2024,23.5,124025009,
0883.HK,6/21/2024,22.75,107259398,
0883.HK,6/24/2024,22.55,98532556,
0883.HK,6/25/2024,22.7,77789691,
0883.HK,6/26/2024,22.55,59717334,
0883.HK,6/27/2024,21.75,92841751,
0883.HK,6/28/2024,22.4,92792080,
0883.HK,7/2/2024,23.4,98584548,
0883.HK,7/3/2024,23.4,68005840,
0883.HK,7/4/2024,23.4,63531266,
0883.HK,7/5/2024,23.25,69117072,
0883.HK,7/8/2024,23.15,51745576,
0883.HK,7/9/2024,22.95,63223494,
0883.HK,7/10/2024,22.15,120267510,
0883.HK,7/11/2024,22.6,63462728,
0883.HK,7/12/2024,22.85,56447198,
0883.HK,7/15/2024,22.5,65665859,
0883.HK,7/16/2024,22.3,62739922,
0883.HK,7/17/2024,21.15,242663931,
0883.HK,7/18/2024,21.55,115026272,
0883.HK,7/19/2024,20.5,199162522,
0883.HK,7/22/2024,20.45,166099279,
0883.HK,7/23/2024,20.35,102438928,
0883.HK,7/24/2024,20.6,82264004,
0883.HK,7/25/2024,19.8,131905090,
0883.HK,7/26/2024,19.9,96014049,
0883.HK,7/29/2024,20.6,102631064,
0883.HK,7/30/2024,19.92,139683861,
0883.HK,7/31/2024,20.5,91746632,
0883.HK,8/1/2024,20.9,105846403,
0883.HK,8/2/2024,20.4,107681965,
0883.HK,8/5/2024,19.1,266986598,
0883.HK,8/6/2024,18.86,121937960,
0883.HK,8/7/2024,19.24,69955606,
0883.HK,8/8/2024,19.64,80445093,
0883.HK,8/9/2024,19.9,102340443,
0883.HK,8/12/2024,19.74,52881997,
0883.HK,8/13/2024,20.05,60727878,
0883.HK,8/14/2024,19.98,41663326,
0883.HK,8/15/2024,19.92,46437660,
0883.HK,8/16/2024,20.6,76395226,
0883.HK,8/19/2024,20.55,64493333,
0883.HK,8/20/2024,20.15,64786613,
0883.HK,8/21/2024,20.35,55527586,
0883.HK,8/22/2024,20.25,62219995,
0883.HK,8/23/2024,20.45,32999258,
0883.HK,8/26/2024,20.7,78327169,
0883.HK,8/27/2024,21.4,93091495,
0883.HK,8/28/2024,21.3,48648549,
0883.HK,8/29/2024,21.2,91798782,
0883.HK,8/30/2024,21.55,70864018,
0883.HK,9/2/2024,21.15,63064626,
0883.HK,9/3/2024,21.25,55643919,
0883.HK,9/4/2024,19.9,176587092,
0883.HK,9/5/2024,19.84,96439474,
0883.HK,9/9/2024,19.08,206256784,
0883.HK,9/10/2024,19.16,102490404,
0883.HK,9/11/2024,18.72,239802002,
0883.HK,9/12/2024,18.16,97405548,
0883.HK,9/13/2024,18.48,78299262,
0883.HK,9/16/2024,18.42,20440956,
0883.HK,9/17/2024,18.78,35350031,
0883.HK,9/19/2024,18.8,125938648,
0883.HK,9/20/2024,18.9,94133374,
0883.HK,9/23/2024,18.98,76073013,
0883.HK,9/24/2024,19.76,138176442,
0883.HK,9/25/2024,19.68,153824831,
0883.HK,9/26/2024,18.4,455750772,
0883.HK,9/27/2024,18.58,379095541,
0883.HK,9/30/2024,19.42,316965798,
0883.HK,10/2/2024,20.4,178880465,
0883.HK,10/3/2024,20.9,99033030,
0883.HK,10/4/2024,21.55,93652313,
0883.HK,10/7/2024,22.05,90368789,
0883.HK,10/8/2024,20.35,353887489,
0883.HK,10/9/2024,19.3,199722725,
0883.HK,10/10/2024,20.1,206552960,
0883.HK,10/14/2024,20.15,137229030,
0883.HK,10/15/2024,19.3,135272800,
0883.HK,10/16/2024,19.1,99183511,
0883.HK,10/17/2024,19.04,93219126,
0883.HK,10/18/2024,19.02,129556556,
0883.HK,10/21/2024,18.76,126639860,
0883.HK,10/22/2024,18.76,81224142,
0883.HK,10/23/2024,18.84,91912849,
0883.HK,10/24/2024,19.06,94102230,
0883.HK,10/25/2024,18.92,74119647,
0883.HK,10/28/2024,18.7,90261072,
0883.HK,10/29/2024,18.42,142015994,
0883.HK,10/30/2024,18.02,173087171,
0883.HK,10/31/2024,18.18,85043796,
0883.HK,11/1/2024,18.38,72668550,
0883.HK,11/4/2024,18.12,100373270,
0883.HK,11/5/2024,18.4,85843608,
0883.HK,11/6/2024,17.94,155668946,
0883.HK,11/7/2024,18.04,107312410,
0883.HK,11/8/2024,17.76,146858658,
0883.HK,11/11/2024,17.3,209455503,
0883.HK,11/12/2024,16.94,174028480,
0883.HK,11/13/2024,17.02,97121707,
0883.HK,11/14/2024,16.74,92144894,
0883.HK,11/15/2024,16.82,82670186,
0883.HK,11/18/2024,17.04,113520063,
0883.HK,11/19/2024,17.16,80823570,
0883.HK,11/20/2024,17.1,69511606,
0883.HK,11/21/2024,17.16,83700099,
0883.HK,11/22/2024,17.06,100858595,
0883.HK,11/25/2024,17.32,115557455,
0883.HK,11/26/2024,17.12,78595543,
0883.HK,11/27/2024,17.26,54374757,
0883.HK,11/28/2024,17.04,56324630,
0883.HK,11/29/2024,17.1,56177066,
0883.HK,12/2/2024,17.06,78103206,
0883.HK,12/3/2024,17.4,88110302,
0883.HK,12/4/2024,17.8,165570973,
0883.HK,12/5/2024,17.64,81129877,
0883.HK,12/6/2024,17.72,86608489,
0883.HK,12/9/2024,18.04,78976149,
0883.HK,12/10/2024,17.74,94248184,
0883.HK,12/11/2024,17.86,60752763,
0883.HK,12/12/2024,17.98,60805902,
0883.HK,12/13/2024,17.68,63894578,
0883.HK,12/16/2024,17.82,81182965,
0883.HK,12/17/2024,18.12,95530203,
0883.HK,12/18/2024,18.16,89119969,
0883.HK,12/19/2024,18.12,66339572,
0883.HK,12/20/2024,17.9,49233035,
0883.HK,12/23/2024,18.3,77125372,
0883.HK,12/24/2024,18.6,70386808,
0883.HK,12/27/2024,18.68,81635511,
0883.HK,12/30/2024,18.86,78600546,
0883.HK,12/31/2024,19.12,72315191,
0883.HK,1/2/2025,18.88,86629562,
0883.HK,1/3/2025,19.02,84576051,
0883.HK,1/6/2025,19.14,63846663,
0883.HK,1/7/2025,18.98,89143767,
0883.HK,1/8/2025,19.02,74007839,
0883.HK,1/9/2025,18.88,54550884,
0883.HK,1/10/2025,18.82,41888604,
0883.HK,1/13/2025,19.24,124856968,
0883.HK,1/14/2025,19.48,72149644,
0883.HK,1/15/2025,19.5,42618678,
0883.HK,1/16/2025,19.78,84377648,
0883.HK,1/17/2025,19.6,35321663,
0883.HK,1/20/2025,19.08,126329903,
0883.HK,1/21/2025,18.94,113706988,
0883.HK,1/22/2025,18.74,83571753,
0883.HK,1/23/2025,18.62,116316154,
0883.HK,1/24/2025,18.46,115803686,
0883.HK,1/27/2025,18.68,60343224,
0883.HK,1/28/2025,18.44,12602369,
0883.HK,2/3/2025,18.56,27818139,
0883.HK,2/4/2025,18.76,33270876,
0883.HK,2/5/2025,18.56,70790414,
0883.HK,2/6/2025,18.8,73746196,
0883.HK,2/7/2025,18.66,111744053,
0883.HK,2/10/2025,18.56,107793673,
0883.HK,2/11/2025,18.74,73739502,
0883.HK,2/12/2025,18.9,77652944,
0883.HK,2/13/2025,18.64,121481430,
0883.HK,2/14/2025,18.62,126389253,
0883.HK,2/17/2025,18.44,165356969,
0883.HK,2/18/2025,18.48,88483763,
0883.HK,2/19/2025,18.48,76936830,
0883.HK,2/20/2025,18.62,93867091,
0883.HK,2/21/2025,18.5,122278269,
0883.HK,2/24/2025,18.08,158103873,
0883.HK,2/25/2025,17.98,101477060,
0883.HK,2/26/2025,17.76,122660738,
0883.HK,2/27/2025,17.84,110472885,
0883.HK,2/28/2025,17.88,87973137,
0883.HK,3/3/2025,17.86,63132996,
0883.HK,3/4/2025,17.44,138997406,
0883.HK,3/5/2025,17.46,70726120,
0883.HK,3/6/2025,17.42,158053767,
0883.HK,3/7/2025,17.54,123466387,
0883.HK,3/10/2025,17.7,83104008,
0883.HK,3/11/2025,17.7,67050516,
0883.HK,3/12/2025,17.76,80660764,
0883.HK,3/13/2025,18.06,89532064,
0883.HK,3/14/2025,18.08,72622694,
0883.HK,3/17/2025,18.2,81797653,
0883.HK,3/18/2025,18.32,79521528,
0883.HK,3/19/2025,18.4,70096372,
0883.HK,3/20/2025,18.52,69206642,
0883.HK,3/21/2025,18.5,66952222,
0883.HK,3/24/2025,18.54,56395707,
0883.HK,3/25/2025,18.58,56576456,
0883.HK,3/26/2025,18.4,83385113,
0883.HK,3/27/2025,18.68,76264267,
0883.HK,3/28/2025,18.46,107032910,
0883.HK,3/31/2025,18.52,62729131,
0883.HK,4/1/2025,19.02,124444771,
0883.HK,4/2/2025,18.84,65525297,
0883.HK,4/3/2025,18.44,105721889,
0883.HK,4/7/2025,15.62,517353983,
0883.HK,4/8/2025,16.14,244183236,
0883.HK,4/9/2025,15.94,223842507,
0883.HK,4/10/2025,16.2,155208805,
0883.HK,4/11/2025,16.2,120792636,
0883.HK,4/14/2025,16.64,118507486,
0883.HK,4/15/2025,16.62,93089536,
0883.HK,4/16/2025,16.46,82651835,
0883.HK,4/17/2025,16.82,77676543,
0883.HK,4/22/2025,17,96929159,
0883.HK,4/23/2025,17.16,99197727,
0883.HK,4/24/2025,16.86,111138106,
0883.HK,4/25/2025,16.86,84890716,
0883.HK,4/28/2025,17,69391421,
0883.HK,4/29/2025,16.74,100877967,
0883.HK,4/30/2025,16.76,89901753,
0883.HK,5/2/2025,16.78,24925470,
0883.HK,5/6/2025,16.58,135007536,
0883.HK,5/7/2025,16.72,98523503,
0883.HK,5/8/2025,16.7,54142602,
0883.HK,5/9/2025,16.92,47299976,
0883.HK,5/12/2025,17.38,135577157,
0883.HK,5/13/2025,17.3,91480564,
0883.HK,5/14/2025,17.64,103941240,
0883.HK,5/15/2025,17.42,75121446,
0883.HK,5/16/2025,17.24,54216818,
0883.HK,5/19/2025,17.42,60641901,
0883.HK,5/20/2025,17.6,73104827,
0883.HK,5/21/2025,17.86,120352455,
0883.HK,5/22/2025,17.7,101831010,
0883.HK,5/23/2025,17.8,70323414,
0883.HK,5/26/2025,17.88,93728484,
0883.HK,5/27/2025,17.88,75071777,
0883.HK,5/28/2025,18.02,77802971,
0883.HK,5/29/2025,18.1,77180808,
0883.HK,5/30/2025,18.08,73604780,
0883.HK,6/2/2025,17.88,29791407,
0883.HK,6/3/2025,18.12,71592886,
0883.HK,6/4/2025,18.26,79310229,
0883.HK,6/5/2025,18.3,65214501,
0883.HK,6/6/2025,18.28,113958444,
0883.HK,6/9/2025,18.52,60896687,
0883.HK,6/10/2025,18.64,76647980,
0883.HK,6/11/2025,18.88,122903980,
0883.HK,6/12/2025,18.32,119442578,
0883.HK,6/13/2025,18.7,273240018,
0883.HK,6/16/2025,18.66,134340220,
0883.HK,6/17/2025,18.28,134113109,
0883.HK,6/18/2025,18.14,104184781,
0883.HK,6/19/2025,18.02,128947133,
0883.HK,6/20/2025,17.9,97479170,
0883.HK,6/23/2025,18.1,115374981,
0883.HK,6/24/2025,17.9,165344935,
0883.HK,6/25/2025,17.96,85334902,
0883.HK,6/26/2025,17.9,58591078,
0883.HK,6/27/2025,17.92,67834749,
0883.HK,6/30/2025,17.72,85887788,
0883.HK,7/1/2025,17.72,0,0.078442
0883.HK,7/2/2025,17.88,50511406,
0883.HK,7/3/2025,18.24,77515363,
0883.HK,7/4/2025,18.22,49493822,
0883.HK,7/7/2025,18.08,55821585,
0883.HK,7/8/2025,18.2,49725502,
0883.HK,7/9/2025,18.16,62003886,
0883.HK,7/10/2025,18.34,52730396,
0883.HK,7/11/2025,18.32,76015581,
0883.HK,7/14/2025,18.64,69972095,
0883.HK,7/15/2025,18.54,72130436,
0883.HK,7/16/2025,18.52,38871056,
0883.HK,7/17/2025,18.24,62909224,
0883.HK,7/18/2025,18.52,51506931,
0883.HK,7/21/2025,18.76,92002352,
0883.HK,7/22/2025,18.86,121502998,
0883.HK,7/23/2025,18.98,120499613,
0883.HK,7/24/2025,19.06,76144697,
0883.HK,7/25/2025,19.08,77047643,
0883.HK,7/28/2025,18.8,89454105,
0883.HK,7/29/2025,18.9,61350760,
0883.HK,7/30/2025,19.18,93008496,
0883.HK,7/31/2025,18.92,70827268,
0883.HK,8/1/2025,18.66,73070521,
0883.HK,8/4/2025,18.56,77524948,
0883.HK,8/5/2025,18.65,53315612,
0883.HK,8/6/2025,18.76,52923565,
0883.HK,8/7/2025,18.8,46569437,
0883.HK,8/8/2025,18.7,43210598,
0883.HK,8/11/2025,18.56,64541041,
0883.HK,8/12/2025,18.79,49843651,
0883.HK,8/13/2025,19.01,83614514,
0883.HK,8/14/2025,18.99,66275992,
0883.HK,8/15/2025,18.9,51787093,
0883.HK,8/18/2025,18.59,113830333,
0883.HK,8/19/2025,18.56,63903682,
0883.HK,8/20/2025,18.65,56036343,
0883.HK,8/21/2025,18.76,57233911,
0883.HK,8/22/2025,18.73,66361643,
0883.HK,8/25/2025,18.83,123240695,
0883.HK,8/26/2025,18.99,82030432,
0883.HK,8/27/2025,18.64,80844502,
0883.HK,8/28/2025,19.4,203818376,
0883.HK,8/29/2025,19.51,117594860,
0883.HK,9/1/2025,19.95,136470262,
0883.HK,9/2/2025,20.06,111700422,
0883.HK,9/3/2025,19.87,52940601,
0883.HK,9/4/2025,19.79,90696779,
0883.HK,9/5/2025,20,48532813,
0883.HK,9/8/2025,20.08,76666299,
0883.HK,9/9/2025,20.14,63554071,
0883.HK,9/10/2025,20.18,90129950,
0883.HK,9/11/2025,19.53,96763262,
0883.HK,9/12/2025,19.42,71576210,
0883.HK,9/15/2025,19.48,59543995,
0883.HK,9/16/2025,19.31,57008918,
0883.HK,9/17/2025,19.39,56725312,
0883.HK,9/18/2025,19.05,60771901,
0883.HK,9/19/2025,19.28,48669864,
0883.HK,9/22/2025,19.04,53016159,
0883.HK,9/23/2025,18.91,50924255,
0883.HK,9/24/2025,19.07,48655138,
0883.HK,9/25/2025,19,46623254,
0883.HK,9/26/2025,19.12,45886833,
0883.HK,9/29/2025,19.28,55799995,
0883.HK,9/30/2025,19.04,76198886,
0883.HK,10/2/2025,18.93,37953297,
0883.HK,10/3/2025,18.85,23192135,
0883.HK,10/6/2025,18.76,17452907,
0883.HK,10/8/2025,18.5,43314002,
0883.HK,10/9/2025,18.8,136709127,
0883.HK,10/10/2025,18.86,84059942,
0883.HK,10/13/2025,18.84,100552343,
0883.HK,10/14/2025,18.63,101465116,
0883.HK,10/15/2025,18.8,63052800,
0883.HK,10/16/2025,18.96,78016720,
0883.HK,10/17/2025,18.61,99747247,
0883.HK,10/20/2025,19.04,132156396,
0883.HK,10/21/2025,19.32,99407577,
0883.HK,10/22/2025,19.5,157545911,
0883.HK,10/23/2025,19.92,171232155,
0883.HK,10/24/2025,20.02,91599061,
0883.HK,10/27/2025,20.06,100171568,
0883.HK,10/28/2025,19.95,71260225,
0883.HK,10/29/2025,19.95,0,0.069674
0883.HK,10/30/2025,20.02,118660843,
0883.HK,10/31/2025,19.77,85230537,
0883.HK,11/3/2025,20.46,176823885,
0883.HK,11/4/2025,20.4,127851220,
0883.HK,11/5/2025,20.34,74097866,
0883.HK,11/6/2025,20.88,81539655,
0883.HK,11/7/2025,21.18,102323152,
0883.HK,11/10/2025,22.44,185602960,
0883.HK,11/11/2025,22.38,85585363,
0883.HK,11/12/2025,22.94,135487712,
0883.HK,11/13/2025,22.48,91265992,
0883.HK,11/14/2025,22.4,54241020,
0883.HK,11/17/2025,22.5,57034049,
0883.HK,11/18/2025,21.8,113152164,
0883.HK,11/19/2025,22.06,56569163,
0883.HK,11/20/2025,21.96,34452171,
0883.HK,11/21/2025,21.54,77247371,
0883.HK,11/24/2025,21.22,112299190,
0883.HK,11/25/2025,21.24,69971678,
0883.HK,11/26/2025,21.06,50436893,
0883.HK,11/27/2025,21.34,45461194,
0883.HK,11/28/2025,21.18,28275797,
0883.HK,12/1/2025,21.44,64238964,
0883.HK,12/2/2025,21.84,59144467,
0883.HK,12/3/2025,21.7,29214615,
0883.HK,12/4/2025,21.9,36696875,
0883.HK,12/5/2025,22.08,44802686,
0883.HK,12/8/2025,21.58,51238897,
0883.HK,12/9/2025,21.06,74162041,
0883.HK,12/10/2025,21.02,72788526,
0883.HK,12/11/2025,20.9,56702896,
0883.HK,12/12/2025,20.88,62146771,
0883.HK,12/15/2025,20.68,68991743,
0883.HK,12/16/2025,20.2,86139772,
0883.HK,12/17/2025,20.16,94180175,
0883.HK,12/18/2025,20.36,68163406,
0883.HK,12/19/2025,20.38,45906018,
0883.HK,12/22/2025,20.8,84016400,
0883.HK,12/23/2025,20.56,60932145,
0883.HK,12/24/2025,20.6,24740407,
0883.HK,12/25/2025,20.6,0,0.067476
0883.HK,12/26/2025,20.6,0,0.067476
0883.HK,12/29/2025,20.64,73903225,
0883.HK,12/30/2025,21.46,113278941,
0883.HK,12/31/2025,21.3,36812274,
0883.HK,1/2/2026,21.86,25115214,
0883.HK,1/5/2026,21.14,195564660,
0883.HK,1/6/2026,21.3,84628348,
0883.HK,1/7/2026,20.66,115386041,
0883.HK,1/8/2026,20.68,51386447,
0883.HK,1/9/2026,20.94,75558950,
0883.HK,1/12/2026,20.94,62847741,
0883.HK,1/13/2026,21.48,94691043,
0883.HK,1/14/2026,21.66,94114154,
0883.HK,1/15/2026,22.2,141110749,
0883.HK,1/16/2026,21.8,100481270,
0883.HK,1/19/2026,21.9,56876139,
0883.HK,1/20/2026,21.52,65794797,
0883.HK,1/21/2026,22.18,81575202,
0883.HK,1/22/2026,22.74,118343287,
0883.HK,1/23/2026,22.44,77490762,
0883.HK,1/26/2026,23.34,156481447,
0883.HK,1/27/2026,23.52,95688842,
0883.HK,1/28/2026,24.66,238851458,
0883.HK,1/29/2026,24.98,203806344,
0883.HK,1/30/2026,24.38,176766138,
0883.HK,2/2/2026,23.22,165500833,
0883.HK,2/3/2026,23.36,70798156,
0883.HK,2/4/2026,23.68,85241027,
0883.HK,2/5/2026,23.58,62143315,
0883.HK,2/6/2026,24.02,89685986,
0883.HK,2/9/2026,24,63273650,
0883.HK,2/10/2026,24.64,78129369,
0883.HK,2/11/2026,24.8,53342908,
0883.HK,2/12/2026,25.12,85011300,
0883.HK,2/13/2026,24.24,70494670,
0883.HK,2/16/2026,25.14,39791110,
0883.HK,2/20/2026,25.7,52117951,
0883.HK,2/23/2026,25.84,22749224,
0883.HK,2/24/2026,25.58,80946824,
0883.HK,2/25/2026,25.48,68302560,
0883.HK,2/26/2026,24.66,108450477,
0883.HK,2/27/2026,25.32,71881030,
0883.HK,3/2/2026,26.74,435928564,
0883.HK,3/3/2026,27.6,440535736,
0883.HK,3/4/2026,27.08,259573182,
0883.HK,3/5/2026,26.86,218901181,
0883.HK,3/6/2026,26.62,134709441,
0883.HK,3/9/2026,27.5,455872203,
0883.HK,3/10/2026,27.06,188168976,
0883.HK,3/11/2026,28.06,272616125,
0883.HK,3/12/2026,29.1,259943534,
0883.HK,3/13/2026,29.76,189076083,
0883.HK,3/16/2026,29.44,193662844,
0883.HK,3/17/2026,28.8,222580435,
0883.HK,3/18/2026,28.3,185444877,
0883.HK,3/19/2026,29.58,223646829,
0883.HK,3/20/2026,30.38,256680801,
0883.HK,3/23/2026,30.5,250405146,
0883.HK,3/24/2026,29.44,249877481,
0883.HK,3/25/2026,28.5,291014529,
0883.HK,3/26/2026,29.22,155365883,
0883.HK,3/27/2026,29.06,113686050,
0883.HK,3/30/2026,28.9,145669040,
0883.HK,3/31/2026,28,221374233,
0883.HK,4/1/2026,26.96,309772255,
0883.HK,4/2/2026,27.02,182899200,
0883.HK,4/3/2026,27.02,0,0.047372
0883.HK,4/7/2026,27.02,0,0.047372
0883.HK,4/8/2026,26.12,244354420,
0883.HK,4/9/2026,26.66,120504436,
0883.HK,4/10/2026,26.52,81811627,
0883.HK,4/13/2026,26.64,91339538,
0883.HK,4/14/2026,26.6,82923166,
0883.HK,4/15/2026,26.22,151248037,
0883.HK,4/16/2026,26.7,78128787,
0883.HK,4/17/2026,26.98,79908308,
0883.HK,4/20/2026,26.32,173991991,
0883.HK,4/21/2026,26.6,75901738,
0883.HK,4/22/2026,26.88,66284987,
0883.HK,4/23/2026,27.66,110717209,
0883.HK,4/24/2026,27.9,88350394,
0883.HK,4/27/2026,28.44,85692084,
0883.HK,4/28/2026,28.98,107252832,
0883.HK,4/29/2026,29.38,130512559,
0883.HK,4/30/2026,29.38,97951658,
0883.HK,5/4/2026,28.62,29362424,
0883.HK,5/5/2026,28.56,11021863,
0883.HK,5/6/2026,28.04,120976147,
0883.HK,5/7/2026,26.42,187829060,
0883.HK,5/8/2026,26.44,88169104,
0883.HK,5/11/2026,26.6,62998805,
0883.HK,5/12/2026,26.92,64783218,
0883.HK,5/13/2026,26.62,72558965,
0883.HK,5/14/2026,26.36,65055796,
0883.HK,5/15/2026,26.42,60215861,
0883.HK,5/18/2026,26.76,104347672,
0883.HK,5/19/2026,27.56,108035077,
0883.HK,5/20/2026,27.8,108804530,
0883.HK,5/21/2026,27.3,128944544,
0883.HK,5/22/2026,27.44,63188742,
0883.HK,5/25/2026,27.44,0,0.046647
0883.HK,5/26/2026,26.92,176480205,
0883.HK,5/27/2026,26.32,150368903,
0883.HK,5/28/2026,26.16,83248483,
0883.HK,5/29/2026,26.4,85073696,
0883.HK,6/1/2026,26.7,85992482,
0883.HK,6/2/2026,27.36,95119288,
0883.HK,6/3/2026,27.26,77362920,
0883.HK,6/4/2026,27.02,58134257,0.047372
0883.HK,6/5/2026,26.54,74271346,0.048229
0883.HK,6/8/2026,27.06,81041375,0.047302
0883.HK,6/9/2026,26.7,80163810,0.04794
0883.HK,6/10/2026,25.56,149937593,0.050078
0883.HK,6/11/2026,24.72,138730610,0.05178
0939.HK,6/3/2024,5.62,401285313,
0939.HK,6/4/2024,5.61,399492020,
0939.HK,6/5/2024,5.6,465109859,
0939.HK,6/6/2024,5.59,326196844,
0939.HK,6/7/2024,5.66,371712008,
0939.HK,6/11/2024,5.54,488810768,
0939.HK,6/12/2024,5.49,452192082,
0939.HK,6/13/2024,5.51,266813746,
0939.HK,6/14/2024,5.5,246297684,
0939.HK,6/17/2024,5.53,246286755,
0939.HK,6/18/2024,5.61,287717640,
0939.HK,6/19/2024,5.81,555737809,
0939.HK,6/20/2024,5.79,291157311,
0939.HK,6/21/2024,5.71,518397176,
0939.HK,6/24/2024,5.78,393903098,
0939.HK,6/25/2024,5.8,313192601,
0939.HK,6/26/2024,5.79,323771283,
0939.HK,6/27/2024,5.72,338667886,
0939.HK,6/28/2024,5.77,467543421,
0939.HK,7/2/2024,5.86,690742407,
0939.HK,7/3/2024,5.8,684365870,
0939.HK,7/4/2024,5.54,780650023,
0939.HK,7/5/2024,5.36,633420297,
0939.HK,7/8/2024,5.37,328949302,
0939.HK,7/9/2024,5.38,371610655,
0939.HK,7/10/2024,5.43,387235842,
0939.HK,7/11/2024,5.53,344774002,
0939.HK,7/12/2024,5.66,525380166,
0939.HK,7/15/2024,5.62,366459386,
0939.HK,7/16/2024,5.47,372031744,
0939.HK,7/17/2024,5.46,266156776,
0939.HK,7/18/2024,5.48,304300717,
0939.HK,7/19/2024,5.34,412134584,
0939.HK,7/22/2024,5.42,282311811,
0939.HK,7/23/2024,5.48,349494781,
0939.HK,7/24/2024,5.5,274655123,
0939.HK,7/25/2024,5.42,378252789,
0939.HK,7/26/2024,5.39,452586763,
0939.HK,7/29/2024,5.46,391770058,
0939.HK,7/30/2024,5.43,271636605,
0939.HK,7/31/2024,5.47,243123211,
0939.HK,8/1/2024,5.46,206891136,
0939.HK,8/2/2024,5.4,355766409,
0939.HK,8/5/2024,5.31,412321504,
0939.HK,8/6/2024,5.34,345457619,
0939.HK,8/7/2024,5.42,373556342,
0939.HK,8/8/2024,5.46,318320587,
0939.HK,8/9/2024,5.47,321233405,
0939.HK,8/12/2024,5.55,264943115,
0939.HK,8/13/2024,5.53,348547735,
0939.HK,8/14/2024,5.51,173730111,
0939.HK,8/15/2024,5.58,278238817,
0939.HK,8/16/2024,5.64,337742716,
0939.HK,8/19/2024,5.68,287679380,
0939.HK,8/20/2024,5.7,268641419,
0939.HK,8/21/2024,5.65,198553206,
0939.HK,8/22/2024,5.71,209417509,
0939.HK,8/23/2024,5.73,191112441,
0939.HK,8/26/2024,5.74,183822475,
0939.HK,8/27/2024,5.84,331384026,
0939.HK,8/28/2024,5.82,260186362,
0939.HK,8/29/2024,5.63,498954122,
0939.HK,8/30/2024,5.52,765428579,
0939.HK,9/2/2024,5.43,619273721,
0939.HK,9/3/2024,5.38,450720295,
0939.HK,9/4/2024,5.41,348558769,
0939.HK,9/5/2024,5.36,315540539,
0939.HK,9/9/2024,5.34,421788785,
0939.HK,9/10/2024,5.41,344156036,
0939.HK,9/11/2024,5.33,337411087,
0939.HK,9/12/2024,5.36,225015186,
0939.HK,9/13/2024,5.45,242478420,
0939.HK,9/16/2024,5.45,83125132,
0939.HK,9/17/2024,5.57,226482042,
0939.HK,9/19/2024,5.56,381600507,
0939.HK,9/20/2024,5.58,381051072,
0939.HK,9/23/2024,5.66,278803667,
0939.HK,9/24/2024,5.93,1068271519,
0939.HK,9/25/2024,6.05,1022092300,
0939.HK,9/26/2024,6.2,1034700728,
0939.HK,9/27/2024,5.99,1153119316,
0939.HK,9/30/2024,5.88,1388623982,
0939.HK,10/2/2024,6.12,934522324,
0939.HK,10/3/2024,6.06,513575898,
0939.HK,10/4/2024,6.11,506470575,
0939.HK,10/7/2024,6.18,463907456,
0939.HK,10/8/2024,5.82,1282667989,
0939.HK,10/9/2024,5.73,706690876,
0939.HK,10/10/2024,6.01,689607725,
0939.HK,10/14/2024,6.15,845213022,
0939.HK,10/15/2024,6.03,497133897,
0939.HK,10/16/2024,6.07,456557836,
0939.HK,10/17/2024,5.99,357971897,
0939.HK,10/18/2024,6.15,467113533,
0939.HK,10/21/2024,6.06,420586465,
0939.HK,10/22/2024,6.09,258404281,
0939.HK,10/23/2024,6.13,321132765,
0939.HK,10/24/2024,6.15,296804753,
0939.HK,10/25/2024,6.09,237582750,
0939.HK,10/28/2024,6.08,275733882,
0939.HK,10/29/2024,6.05,259688886,
0939.HK,10/30/2024,5.97,412912654,
0939.HK,10/31/2024,6.03,346275672,
0939.HK,11/1/2024,6.16,572315808,
0939.HK,11/4/2024,6.1,337252567,
0939.HK,11/5/2024,6.18,362747987,
0939.HK,11/6/2024,6.08,462410135,
0939.HK,11/7/2024,6.22,581857885,
0939.HK,11/8/2024,6.2,535776234,
0939.HK,11/11/2024,6.05,366774617,
0939.HK,11/12/2024,5.95,499169231,
0939.HK,11/13/2024,5.93,246327827,
0939.HK,11/14/2024,5.84,361090198,
0939.HK,11/15/2024,5.86,280302732,
0939.HK,11/18/2024,6.03,361766115,
0939.HK,11/19/2024,6.02,208029506,
0939.HK,11/20/2024,5.99,137922079,
0939.HK,11/21/2024,5.95,219109669,
0939.HK,11/22/2024,5.87,277231961,
0939.HK,11/25/2024,5.84,402347470,
0939.HK,11/26/2024,5.84,222137477,
0939.HK,11/27/2024,5.9,237232069,
0939.HK,11/28/2024,5.85,279500636,
0939.HK,11/29/2024,5.85,251932911,
0939.HK,12/2/2024,5.91,219424593,
0939.HK,12/3/2024,6.03,268031671,
0939.HK,12/4/2024,6.09,378537762,
0939.HK,12/5/2024,6.07,256444089,
0939.HK,12/6/2024,6.16,529428163,
0939.HK,12/9/2024,6.26,433226185,
0939.HK,12/10/2024,6.25,546258724,
0939.HK,12/11/2024,6.23,213226669,
0939.HK,12/12/2024,6.31,352484140,
0939.HK,12/13/2024,6.24,422218580,
0939.HK,12/16/2024,6.28,331325750,
0939.HK,12/17/2024,6.26,355017765,
0939.HK,12/18/2024,6.28,284027133,
0939.HK,12/19/2024,6.26,235504104,
0939.HK,12/20/2024,6.22,348329085,
0939.HK,12/23/2024,6.4,574890888,
0939.HK,12/24/2024,6.49,269903843,
0939.HK,12/27/2024,6.47,266566345,
0939.HK,12/30/2024,6.44,322289433,
0939.HK,12/31/2024,6.48,161457076,
0939.HK,1/2/2025,6.04,683522552,
0939.HK,1/3/2025,6.03,556535690,
0939.HK,1/6/2025,6.03,326873884,
0939.HK,1/7/2025,6.02,410936920,
0939.HK,1/8/2025,6.03,360420843,
0939.HK,1/9/2025,5.95,287976707,
0939.HK,1/10/2025,5.91,225432703,
0939.HK,1/13/2025,5.88,258799595,
0939.HK,1/14/2025,5.97,290796726,
0939.HK,1/15/2025,6.03,211368285,
0939.HK,1/16/2025,6.11,234621698,
0939.HK,1/17/2025,6.02,332660432,
0939.HK,1/20/2025,6.1,293541757,
0939.HK,1/21/2025,6.17,201422263,
0939.HK,1/22/2025,6.08,233897784,
0939.HK,1/23/2025,6.24,490231066,
0939.HK,1/24/2025,6.34,417671069,
0939.HK,1/27/2025,6.42,277274115,
0939.HK,1/28/2025,6.33,107896320,
0939.HK,2/3/2025,6.31,179286314,
0939.HK,2/4/2025,6.41,322575451,
0939.HK,2/5/2025,6.32,257349511,
0939.HK,2/6/2025,6.34,295425501,
0939.HK,2/7/2025,6.3,381022393,
0939.HK,2/10/2025,6.38,283813281,
0939.HK,2/11/2025,6.4,237733179,
0939.HK,2/12/2025,6.58,534866458,
0939.HK,2/13/2025,6.53,474179288,
0939.HK,2/14/2025,6.62,406995029,
0939.HK,2/17/2025,6.68,425311937,
0939.HK,2/18/2025,6.74,458795648,
0939.HK,2/19/2025,6.73,315695214,
0939.HK,2/20/2025,6.72,327191472,
0939.HK,2/21/2025,6.73,393542017,
0939.HK,2/24/2025,6.72,366335245,
0939.HK,2/25/2025,6.62,308066693,
0939.HK,2/26/2025,6.72,336587733,
0939.HK,2/27/2025,6.7,512626820,
0939.HK,2/28/2025,6.59,464707749,
0939.HK,3/3/2025,6.61,253609277,
0939.HK,3/4/2025,6.63,299088107,
0939.HK,3/5/2025,6.78,357604647,
0939.HK,3/6/2025,6.83,370944507,
0939.HK,3/7/2025,6.76,283013815,
0939.HK,3/10/2025,6.69,247597505,
0939.HK,3/11/2025,6.65,241580262,
0939.HK,3/12/2025,6.65,287829028,
0939.HK,3/13/2025,6.69,222765720,
0939.HK,3/14/2025,6.83,466141682,
0939.HK,3/17/2025,6.85,223803475,
0939.HK,3/18/2025,6.96,357713127,
0939.HK,3/19/2025,6.98,262194274,
0939.HK,3/20/2025,6.9,222879829,
0939.HK,3/21/2025,6.87,391188121,
0939.HK,3/24/2025,6.98,212980780,
0939.HK,3/25/2025,6.87,216503044,
0939.HK,3/26/2025,6.82,257475563,
0939.HK,3/27/2025,6.75,293721894,
0939.HK,3/28/2025,6.7,257263248,
0939.HK,3/31/2025,6.88,654865451,
0939.HK,4/1/2025,6.91,300802309,
0939.HK,4/2/2025,6.93,270395725,
0939.HK,4/3/2025,6.91,388565233,
0939.HK,4/7/2025,6.28,1148539190,
0939.HK,4/8/2025,6.22,883706062,
0939.HK,4/9/2025,6.13,915956898,
0939.HK,4/10/2025,6.21,677858016,
0939.HK,4/11/2025,6.47,631351795,
0939.HK,4/14/2025,6.6,352428282,
0939.HK,4/15/2025,6.63,232004925,
0939.HK,4/16/2025,6.55,321094076,
0939.HK,4/17/2025,6.67,286138710,
0939.HK,4/22/2025,6.74,380936345,
0939.HK,4/23/2025,6.81,290182087,
0939.HK,4/24/2025,6.84,242630582,
0939.HK,4/25/2025,6.82,274759218,
0939.HK,4/28/2025,6.87,299967961,
0939.HK,4/29/2025,6.79,468569944,
0939.HK,4/30/2025,6.38,740738845,
0939.HK,5/2/2025,6.38,212185635,
0939.HK,5/6/2025,6.42,346399356,
0939.HK,5/7/2025,6.55,434355748,
0939.HK,5/8/2025,6.61,365743201,
0939.HK,5/9/2025,6.65,273003709,
0939.HK,5/12/2025,6.75,553753109,
0939.HK,5/13/2025,6.76,346640020,
0939.HK,5/14/2025,6.9,578744270,
0939.HK,5/15/2025,6.93,388661630,
0939.HK,5/16/2025,6.92,365779463,
0939.HK,5/19/2025,6.85,318828829,
0939.HK,5/20/2025,6.93,349816506,
0939.HK,5/21/2025,6.97,366396021,
0939.HK,5/22/2025,6.97,390996638,
0939.HK,5/23/2025,7.03,425261725,
0939.HK,5/26/2025,7.02,292289015,
0939.HK,5/27/2025,7.01,250600943,
0939.HK,5/28/2025,7,221469021,
0939.HK,5/29/2025,7.02,284342686,
0939.HK,5/30/2025,7.04,400402645,
0939.HK,6/2/2025,6.92,282105204,
0939.HK,6/3/2025,7.16,535713860,
0939.HK,6/4/2025,7.22,336622961,
0939.HK,6/5/2025,7.3,290165907,
0939.HK,6/6/2025,7.28,363536537,
0939.HK,6/9/2025,7.44,378271430,
0939.HK,6/10/2025,7.49,370048897,
0939.HK,6/11/2025,7.65,361967249,
0939.HK,6/12/2025,7.64,387811012,
0939.HK,6/13/2025,7.63,357337192,
0939.HK,6/16/2025,7.78,449199372,
0939.HK,6/17/2025,7.65,416954593,
0939.HK,6/18/2025,7.65,376199741,
0939.HK,6/19/2025,7.48,474217200,
0939.HK,6/20/2025,7.73,594572678,
0939.HK,6/23/2025,7.8,330663427,
0939.HK,6/24/2025,8,460536297,
0939.HK,6/25/2025,8.11,420465431,
0939.HK,6/26/2025,8.12,386024272,
0939.HK,6/27/2025,8.03,504445996,
0939.HK,6/30/2025,7.92,522059442,
0939.HK,7/1/2025,7.92,0,0.053842
0939.HK,7/2/2025,8.15,478988477,
0939.HK,7/3/2025,8.15,390897409,
0939.HK,7/4/2025,8.21,450404575,
0939.HK,7/7/2025,8.2,247606347,
0939.HK,7/8/2025,8.24,349557317,
0939.HK,7/9/2025,8.22,302543620,
0939.HK,7/10/2025,8.48,569921756,
0939.HK,7/11/2025,8.35,418900172,
0939.HK,7/14/2025,8.41,265844984,
0939.HK,7/15/2025,8.42,282960765,
0939.HK,7/16/2025,8.39,365288433,
0939.HK,7/17/2025,8.31,320083314,
0939.HK,7/18/2025,8.47,338418736,
0939.HK,7/21/2025,8.37,351785854,
0939.HK,7/22/2025,8.27,435405447,
0939.HK,7/23/2025,8.38,390459466,
0939.HK,7/24/2025,8.42,331374507,
0939.HK,7/25/2025,8.3,329507438,
0939.HK,7/28/2025,8.34,307134894,
0939.HK,7/29/2025,8.19,361536602,
0939.HK,7/30/2025,8.19,351015162,
0939.HK,7/31/2025,8.05,329275670,
0939.HK,8/1/2025,7.89,289432836,
0939.HK,8/4/2025,7.92,277272454,
0939.HK,8/5/2025,8,268646902,
0939.HK,8/6/2025,7.93,147168820,
0939.HK,8/7/2025,8.03,142757534,
0939.HK,8/8/2025,7.94,137530561,
0939.HK,8/11/2025,7.93,132580826,
0939.HK,8/12/2025,7.95,112710242,
0939.HK,8/13/2025,8.02,239748245,
0939.HK,8/14/2025,7.98,165804831,
0939.HK,8/15/2025,7.8,382012189,
0939.HK,8/18/2025,7.71,242257473,
0939.HK,8/19/2025,7.71,207650295,
0939.HK,8/20/2025,7.75,163553942,
0939.HK,8/21/2025,7.74,147679361,
0939.HK,8/22/2025,7.75,136754327,
0939.HK,8/25/2025,7.73,304061354,
0939.HK,8/26/2025,7.55,316813111,
0939.HK,8/27/2025,7.49,258261986,
0939.HK,8/28/2025,7.53,266872449,
0939.HK,8/29/2025,7.51,266305855,
0939.HK,9/1/2025,7.55,262715494,
0939.HK,9/2/2025,7.7,281581401,
0939.HK,9/3/2025,7.63,154465987,
0939.HK,9/4/2025,7.59,154566195,
0939.HK,9/5/2025,7.67,136728369,
0939.HK,9/8/2025,7.63,119839264,
0939.HK,9/9/2025,7.75,185069807,
0939.HK,9/10/2025,7.97,315370304,
0939.HK,9/11/2025,7.88,213126763,
0939.HK,9/12/2025,7.88,150867038,
0939.HK,9/15/2025,7.75,226837170,
0939.HK,9/16/2025,7.77,167592177,
0939.HK,9/17/2025,7.84,155094773,
0939.HK,9/18/2025,7.65,280196541,
0939.HK,9/19/2025,7.61,370536176,
0939.HK,9/22/2025,7.45,239058698,
0939.HK,9/23/2025,7.5,209026344,
0939.HK,9/24/2025,7.47,144724730,
0939.HK,9/25/2025,7.3,335038631,
0939.HK,9/26/2025,7.38,249995407,
0939.HK,9/29/2025,7.48,275337757,
0939.HK,9/30/2025,7.48,241913238,
0939.HK,10/2/2025,7.4,244839565,
0939.HK,10/3/2025,7.37,131942924,
0939.HK,10/6/2025,7.29,132618911,
0939.HK,10/8/2025,7.28,225144953,
0939.HK,10/9/2025,7.29,205898302,
0939.HK,10/10/2025,7.34,175442480,
0939.HK,10/13/2025,7.32,375625111,
0939.HK,10/14/2025,7.49,471098938,
0939.HK,10/15/2025,7.49,313940094,
0939.HK,10/16/2025,7.62,338217343,
0939.HK,10/17/2025,7.62,380304042,
0939.HK,10/20/2025,7.75,211259274,
0939.HK,10/21/2025,7.82,221604049,
0939.HK,10/22/2025,7.81,247512174,
0939.HK,10/23/2025,7.88,213162590,
0939.HK,10/24/2025,7.89,215698486,
0939.HK,10/27/2025,7.88,219898505,
0939.HK,10/28/2025,7.9,225912075,
0939.HK,10/29/2025,7.9,0,0.053979
0939.HK,10/30/2025,7.86,299849276,
0939.HK,10/31/2025,7.7,405939201,
0939.HK,11/3/2025,7.94,283757075,
0939.HK,11/4/2025,8.05,358514928,
0939.HK,11/5/2025,8.02,239875370,
0939.HK,11/6/2025,8.14,257458423,
0939.HK,11/7/2025,8.13,181158195,
0939.HK,11/10/2025,8.29,204703137,
0939.HK,11/11/2025,8.33,170594850,
0939.HK,11/12/2025,8.4,276959855,
0939.HK,11/13/2025,8.42,262268603,
0939.HK,11/14/2025,8.35,180989604,
0939.HK,11/17/2025,8.24,179821146,
0939.HK,11/18/2025,8.15,181571626,
0939.HK,11/19/2025,8.13,158680458,
0939.HK,11/20/2025,8.22,245589350,
0939.HK,11/21/2025,8.09,290893260,
0939.HK,11/24/2025,8.21,394294937,
0939.HK,11/25/2025,8.22,217612312,
0939.HK,11/26/2025,8.21,178027853,
0939.HK,11/27/2025,8.23,219600513,
0939.HK,11/28/2025,8.17,165198161,
0939.HK,12/1/2025,8.15,231800284,
0939.HK,12/2/2025,8.16,204396965,
0939.HK,12/3/2025,7.84,241290667,
0939.HK,12/4/2025,7.92,187100245,
0939.HK,12/5/2025,7.98,407345984,
0939.HK,12/8/2025,7.66,458291984,
0939.HK,12/9/2025,7.61,265462556,
0939.HK,12/10/2025,7.57,300448445,
0939.HK,12/11/2025,7.58,221124311,
0939.HK,12/12/2025,7.64,266723704,
0939.HK,12/15/2025,7.55,230201765,
0939.HK,12/16/2025,7.39,321860924,
0939.HK,12/17/2025,7.43,220968959,
0939.HK,12/18/2025,7.52,243119413,
0939.HK,12/19/2025,7.49,623766081,
0939.HK,12/22/2025,7.54,191344179,
0939.HK,12/23/2025,7.61,181008090,
0939.HK,12/24/2025,7.56,73476467,
0939.HK,12/25/2025,7.56,0,0.056406
0939.HK,12/26/2025,7.56,0,0.056406
0939.HK,12/29/2025,7.62,220040116,
0939.HK,12/30/2025,7.72,316867120,
0939.HK,12/31/2025,7.69,200967550,
0939.HK,1/2/2026,7.8,131152850,
0939.HK,1/5/2026,7.67,183520774,
0939.HK,1/6/2026,7.73,284406995,
0939.HK,1/7/2026,7.62,253893301,
0939.HK,1/8/2026,7.61,224164921,
0939.HK,1/9/2026,7.59,206567831,
0939.HK,1/12/2026,7.72,225905621,
0939.HK,1/13/2026,7.81,288520443,
0939.HK,1/14/2026,7.77,283371395,
0939.HK,1/15/2026,7.85,243540139,
0939.HK,1/16/2026,7.83,235998173,
0939.HK,1/19/2026,7.8,147075730,
0939.HK,1/20/2026,7.76,176482495,
0939.HK,1/21/2026,7.67,178712915,
0939.HK,1/22/2026,7.61,199691699,
0939.HK,1/23/2026,7.61,168752227,
0939.HK,1/26/2026,7.66,154964771,
0939.HK,1/27/2026,7.77,231513037,
0939.HK,1/28/2026,8.03,415467941,
0939.HK,1/29/2026,8.16,453785185,
0939.HK,1/30/2026,7.91,337710885,
0939.HK,2/2/2026,7.83,280584652,
0939.HK,2/3/2026,7.81,192653761,
0939.HK,2/4/2026,7.88,221214028,
0939.HK,2/5/2026,7.92,218756809,
0939.HK,2/6/2026,7.97,264274016,
0939.HK,2/9/2026,8.08,215461804,
0939.HK,2/10/2026,8.12,173428692,
0939.HK,2/11/2026,8.15,157373539,
0939.HK,2/12/2026,8.08,127045403,
0939.HK,2/13/2026,7.96,132123383,
0939.HK,2/16/2026,8.01,42185583,
0939.HK,2/20/2026,8.04,138825822,
0939.HK,2/23/2026,8.21,213458608,
0939.HK,2/24/2026,8.06,178774740,
0939.HK,2/25/2026,8.13,208900569,
0939.HK,2/26/2026,8,218839644,
0939.HK,2/27/2026,7.99,288324734,
0939.HK,3/2/2026,7.78,296783047,
0939.HK,3/3/2026,7.95,283188912,
0939.HK,3/4/2026,7.79,365404516,
0939.HK,3/5/2026,7.85,197075530,
0939.HK,3/6/2026,7.91,179718978,
0939.HK,3/9/2026,7.92,318596238,
0939.HK,3/10/2026,7.91,307695865,
0939.HK,3/11/2026,7.78,294080455,
0939.HK,3/12/2026,7.92,231049023,
0939.HK,3/13/2026,7.91,199435400,
0939.HK,3/16/2026,8.05,212046864,
0939.HK,3/17/2026,8.11,200344295,
0939.HK,3/18/2026,8.14,161281410,
0939.HK,3/19/2026,8.09,257739779,
0939.HK,3/20/2026,8.08,352319085,
0939.HK,3/23/2026,7.79,371308356,
0939.HK,3/24/2026,7.97,301518274,
0939.HK,3/25/2026,8.08,291465105,
0939.HK,3/26/2026,8.01,234123645,
0939.HK,3/27/2026,8.09,252471333,
0939.HK,3/30/2026,8.24,480436687,
0939.HK,3/31/2026,8.39,356073108,
0939.HK,4/1/2026,8.41,274475215,
0939.HK,4/2/2026,8.45,180305376,
0939.HK,4/3/2026,8.45,0,0.051827
0939.HK,4/7/2026,8.45,0,0.051827
0939.HK,4/8/2026,8.51,430895444,
0939.HK,4/9/2026,8.45,213683688,
0939.HK,4/10/2026,8.45,165178975,
0939.HK,4/13/2026,8.42,152521485,
0939.HK,4/14/2026,8.48,220155679,
0939.HK,4/15/2026,8.48,243675448,
0939.HK,4/16/2026,8.55,200894614,
0939.HK,4/17/2026,8.68,317088611,
0939.HK,4/20/2026,8.88,326004576,
0939.HK,4/21/2026,8.96,255311965,
0939.HK,4/22/2026,8.77,211599726,
0939.HK,4/23/2026,8.83,192534854,
0939.HK,4/24/2026,8.95,247086931,
0939.HK,4/27/2026,8.9,209520660,
0939.HK,4/28/2026,8.89,223718982,
0939.HK,4/29/2026,8.99,383145111,
0939.HK,4/30/2026,8.78,424520904,
0939.HK,5/4/2026,8.84,106888115,
0939.HK,5/5/2026,8.78,181960522,
0939.HK,5/6/2026,8.93,302006776,
0939.HK,5/7/2026,8.88,260063280,
0939.HK,5/8/2026,8.76,261821806,
0939.HK,5/11/2026,8.84,181786090,
0939.HK,5/12/2026,8.9,165602156,
0939.HK,5/13/2026,8.87,156649991,
0939.HK,5/14/2026,8.87,179236191,
0939.HK,5/15/2026,8.78,185720056,
0939.HK,5/18/2026,8.76,107296258,
0939.HK,5/19/2026,8.85,192339775,
0939.HK,5/20/2026,8.73,176292806,
0939.HK,5/21/2026,8.69,187929592,
0939.HK,5/22/2026,8.77,196195555,
0939.HK,5/25/2026,8.77,0,0.049936
0939.HK,5/26/2026,8.73,253253893,
0939.HK,5/27/2026,8.58,246730455,
0939.HK,5/28/2026,8.48,319921929,
0939.HK,5/29/2026,8.49,1230798186,
0939.HK,6/1/2026,8.53,350866907,
0939.HK,6/2/2026,8.66,202874745,
0939.HK,6/3/2026,8.57,173013060,
0939.HK,6/4/2026,8.55,172993390,0.051221
0939.HK,6/5/2026,8.72,219022562,0.050223
0939.HK,6/8/2026,8.76,249094895,0.049993
0939.HK,6/9/2026,8.69,246093414,0.050396
0939.HK,6/10/2026,8.75,239320135,0.05005
0939.HK,6/11/2026,8.69,205357360,0.050396
0941.HK,6/3/2024,76.2,41381779,
0941.HK,6/4/2024,76.25,28416906,
0941.HK,6/5/2024,75.7,43175227,
0941.HK,6/6/2024,74.6,24090715,
0941.HK,6/7/2024,74.95,28449305,
0941.HK,6/11/2024,73.9,24063565,
0941.HK,6/12/2024,73.55,27456656,
0941.HK,6/13/2024,74.35,20559196,
0941.HK,6/14/2024,73.5,24282343,
0941.HK,6/17/2024,72.6,29090011,
0941.HK,6/18/2024,73.1,22048724,
0941.HK,6/19/2024,73.75,26095491,
0941.HK,6/20/2024,74.3,21206256,
0941.HK,6/21/2024,74.3,15851699,
0941.HK,6/24/2024,73.95,14950773,
0941.HK,6/25/2024,74.45,19280352,
0941.HK,6/26/2024,74.55,17489619,
0941.HK,6/27/2024,75,28884300,
0941.HK,6/28/2024,77,36249563,
0941.HK,7/2/2024,77.4,23467432,
0941.HK,7/3/2024,78.3,22854512,
0941.HK,7/4/2024,77.8,20769414,
0941.HK,7/5/2024,76.85,16013586,
0941.HK,7/8/2024,76.9,12708657,
0941.HK,7/9/2024,76.5,16510392,
0941.HK,7/10/2024,75.85,25170447,
0941.HK,7/11/2024,76.6,15093221,
0941.HK,7/12/2024,77.2,10695551,
0941.HK,7/15/2024,77,18676688,
0941.HK,7/16/2024,76.8,18670958,
0941.HK,7/17/2024,75,31348856,
0941.HK,7/18/2024,75.85,20332350,
0941.HK,7/19/2024,75,26554321,
0941.HK,7/22/2024,75.55,20700593,
0941.HK,7/23/2024,75.55,15241511,
0941.HK,7/24/2024,75.5,15715438,
0941.HK,7/25/2024,74.75,22211834,
0941.HK,7/26/2024,72.75,41447683,
0941.HK,7/29/2024,73.2,16209268,
0941.HK,7/30/2024,72.55,19826405,
0941.HK,7/31/2024,72.6,15468761,
0941.HK,8/1/2024,73.65,14913014,
0941.HK,8/2/2024,73.75,17556874,
0941.HK,8/5/2024,71.5,33029763,
0941.HK,8/6/2024,70.6,32647791,
0941.HK,8/7/2024,71.5,22434328,
0941.HK,8/8/2024,72.25,22153560,
0941.HK,8/9/2024,71.3,46648823,
0941.HK,8/12/2024,70.9,21891430,
0941.HK,8/13/2024,71.95,18452522,
0941.HK,8/14/2024,72.95,22375525,
0941.HK,8/15/2024,73.95,22633465,
0941.HK,8/16/2024,74.2,14514247,
0941.HK,8/19/2024,74.4,12029414,
0941.HK,8/20/2024,74.1,7902941,
0941.HK,8/21/2024,74.3,10127151,
0941.HK,8/22/2024,74.75,13685985,
0941.HK,8/23/2024,75,8935779,
0941.HK,8/26/2024,75.5,10856424,
0941.HK,8/27/2024,76.35,16614378,
0941.HK,8/28/2024,75.7,14124212,
0941.HK,8/29/2024,75.5,19900987,
0941.HK,8/30/2024,76.2,20748426,
0941.HK,9/2/2024,73.35,18626184,
0941.HK,9/3/2024,73.55,13556138,
0941.HK,9/4/2024,72.6,19696868,
0941.HK,9/5/2024,72,18466838,
0941.HK,9/9/2024,71.25,26540772,
0941.HK,9/10/2024,71.2,18764552,
0941.HK,9/11/2024,70.25,24484568,
0941.HK,9/12/2024,70.25,17770956,
0941.HK,9/13/2024,71.1,15176917,
0941.HK,9/16/2024,71.25,4040441,
0941.HK,9/17/2024,71.9,9085793,
0941.HK,9/19/2024,72.1,18274349,
0941.HK,9/20/2024,72.1,21611817,
0941.HK,9/23/2024,72.05,21276416,
0941.HK,9/24/2024,73.5,42609557,
0941.HK,9/25/2024,73.7,36021817,
0941.HK,9/26/2024,72.5,51711907,
0941.HK,9/27/2024,73.05,86453142,
0941.HK,9/30/2024,73.45,108889530,
0941.HK,10/2/2024,77,65543856,
0941.HK,10/3/2024,75.2,29542228,
0941.HK,10/4/2024,75.5,25926409,
0941.HK,10/7/2024,77.35,38880339,
0941.HK,10/8/2024,73,95274966,
0941.HK,10/9/2024,72.2,61546068,
0941.HK,10/10/2024,74.55,60656893,
0941.HK,10/14/2024,75.1,38323302,
0941.HK,10/15/2024,73.65,28154989,
0941.HK,10/16/2024,73.5,16719332,
0941.HK,10/17/2024,73,15415622,
0941.HK,10/18/2024,73.75,17980671,
0941.HK,10/21/2024,73.25,22355115,
0941.HK,10/22/2024,72.75,32712855,
0941.HK,10/23/2024,72.7,26196016,
0941.HK,10/24/2024,72.45,22587725,
0941.HK,10/25/2024,72.1,25082582,
0941.HK,10/28/2024,71.65,29510496,
0941.HK,10/29/2024,71.35,23231310,
0941.HK,10/30/2024,70.95,22666162,
0941.HK,10/31/2024,71.45,11862751,
0941.HK,11/1/2024,71.6,11937990,
0941.HK,11/4/2024,71.45,15184006,
0941.HK,11/5/2024,71.85,17353000,
0941.HK,11/6/2024,71,30572363,
0941.HK,11/7/2024,71.45,17126948,
0941.HK,11/8/2024,70.8,27026598,
0941.HK,11/11/2024,70.3,27934587,
0941.HK,11/12/2024,69.1,41064632,
0941.HK,11/13/2024,70,33320178,
0941.HK,11/14/2024,69.65,19202058,
0941.HK,11/15/2024,70.55,24660887,
0941.HK,11/18/2024,70.85,14878412,
0941.HK,11/19/2024,70.95,12392416,
0941.HK,11/20/2024,71.3,9661718,
0941.HK,11/21/2024,71,10001245,
0941.HK,11/22/2024,70.45,17074407,
0941.HK,11/25/2024,70.9,20004915,
0941.HK,11/26/2024,71.2,16281009,
0941.HK,11/27/2024,72,15719928,
0941.HK,11/28/2024,71.65,14354597,
0941.HK,11/29/2024,72.3,16965739,
0941.HK,12/2/2024,72.3,12966653,
0941.HK,12/3/2024,72.25,14467293,
0941.HK,12/4/2024,72.5,21657446,
0941.HK,12/5/2024,72.5,13134528,
0941.HK,12/6/2024,72.75,28513363,
0941.HK,12/9/2024,74,24990093,
0941.HK,12/10/2024,73.8,26684799,
0941.HK,12/11/2024,74.1,19222178,
0941.HK,12/12/2024,74.55,15627760,
0941.HK,12/13/2024,74.05,22042690,
0941.HK,12/16/2024,74.85,34739564,
0941.HK,12/17/2024,75.1,28864759,
0941.HK,12/18/2024,75.65,21980134,
0941.HK,12/19/2024,75.5,28546590,
0941.HK,12/20/2024,75.35,19188904,
0941.HK,12/23/2024,75.75,26855829,
0941.HK,12/24/2024,76.05,15777082,
0941.HK,12/27/2024,76,19945041,
0941.HK,12/30/2024,76.15,24341770,
0941.HK,12/31/2024,76.6,13235783,
0941.HK,1/2/2025,75.6,34880883,
0941.HK,1/3/2025,75.85,20415268,
0941.HK,1/6/2025,75.9,20766839,
0941.HK,1/7/2025,75.6,27731046,
0941.HK,1/8/2025,75.3,25635626,
0941.HK,1/9/2025,75.25,18502446,
0941.HK,1/10/2025,74.8,19925225,
0941.HK,1/13/2025,74.15,21740820,
0941.HK,1/14/2025,74.3,25072759,
0941.HK,1/15/2025,74.5,19930574,
0941.HK,1/16/2025,75.35,16343531,
0941.HK,1/17/2025,75.1,13480917,
0941.HK,1/20/2025,75.4,12108712,
0941.HK,1/21/2025,75.4,11171039,
0941.HK,1/22/2025,75,14400166,
0941.HK,1/23/2025,74.85,17653955,
0941.HK,1/24/2025,75.3,15834394,
0941.HK,1/27/2025,75.9,20487006,
0941.HK,1/28/2025,75.7,4209153,
0941.HK,2/3/2025,75.95,8795614,
0941.HK,2/4/2025,76.5,17482654,
0941.HK,2/5/2025,75.7,22428492,
0941.HK,2/6/2025,75.55,25296336,
0941.HK,2/7/2025,75.5,36811778,
0941.HK,2/10/2025,77.15,56686933,
0941.HK,2/11/2025,77.05,37694437,
0941.HK,2/12/2025,77.9,41999623,
0941.HK,2/13/2025,78,47099716,
0941.HK,2/14/2025,79.9,57302080,
0941.HK,2/17/2025,80.25,62459360,
0941.HK,2/18/2025,80.5,33039789,
0941.HK,2/19/2025,80.75,33825705,
0941.HK,2/20/2025,80.1,49461039,
0941.HK,2/21/2025,82.5,59907014,
0941.HK,2/24/2025,81.1,46270985,
0941.HK,2/25/2025,80.15,54027549,
0941.HK,2/26/2025,79,68201601,
0941.HK,2/27/2025,78.75,50419214,
0941.HK,2/28/2025,79,33574269,
0941.HK,3/3/2025,78.8,27462618,
0941.HK,3/4/2025,79.5,20586646,
0941.HK,3/5/2025,81.25,26184093,
0941.HK,3/6/2025,82.2,30577379,
0941.HK,3/7/2025,83.55,40299232,
0941.HK,3/10/2025,83.1,22224339,
0941.HK,3/11/2025,82.6,20202919,
0941.HK,3/12/2025,81.9,32769339,
0941.HK,3/13/2025,82.7,23486373,
0941.HK,3/14/2025,83.5,21128699,
0941.HK,3/17/2025,83.7,20426165,
0941.HK,3/18/2025,85,26594653,
0941.HK,3/19/2025,84.7,35018716,
0941.HK,3/20/2025,83.5,23346571,
0941.HK,3/21/2025,83.55,31872704,
0941.HK,3/24/2025,82.65,26173942,
0941.HK,3/25/2025,81.8,27226870,
0941.HK,3/26/2025,82.3,14175787,
0941.HK,3/27/2025,82.55,13763458,
0941.HK,3/28/2025,82.75,14683327,
0941.HK,3/31/2025,83.8,24059383,
0941.HK,4/1/2025,84,9853352,
0941.HK,4/2/2025,83.85,8299426,
0941.HK,4/3/2025,83.6,18032223,
0941.HK,4/7/2025,78.75,79533276,
0941.HK,4/8/2025,78.65,40427738,
0941.HK,4/9/2025,79,46438397,
0941.HK,4/10/2025,80.45,28694715,
0941.HK,4/11/2025,81,20305905,
0941.HK,4/14/2025,81.65,18337939,
0941.HK,4/15/2025,82.85,16907194,
0941.HK,4/16/2025,83.25,25578842,
0941.HK,4/17/2025,83.55,15564180,
0941.HK,4/22/2025,82.9,19325617,
0941.HK,4/23/2025,81.05,42163403,
0941.HK,4/24/2025,81,25620070,
0941.HK,4/25/2025,80.85,24005143,
0941.HK,4/28/2025,81.6,16717817,
0941.HK,4/29/2025,81.45,16414695,
0941.HK,4/30/2025,81.05,21964817,
0941.HK,5/2/2025,81.75,5451656,
0941.HK,5/6/2025,82.7,20737700,
0941.HK,5/7/2025,83,17499151,
0941.HK,5/8/2025,83.5,13146199,
0941.HK,5/9/2025,83.55,17787602,
0941.HK,5/12/2025,84.25,29231693,
0941.HK,5/13/2025,83.4,16964958,
0941.HK,5/14/2025,85,24937430,
0941.HK,5/15/2025,85.2,19532476,
0941.HK,5/16/2025,85.8,21376341,
0941.HK,5/19/2025,86.6,19129296,
0941.HK,5/20/2025,88.1,21944109,
0941.HK,5/21/2025,88.1,16174217,
0941.HK,5/22/2025,86.9,18281855,
0941.HK,5/23/2025,86.7,13321292,
0941.HK,5/26/2025,88.2,25902250,
0941.HK,5/27/2025,88.75,18107597,
0941.HK,5/28/2025,88.85,15071065,
0941.HK,5/29/2025,88.95,18420077,
0941.HK,5/30/2025,88,14222617,
0941.HK,6/2/2025,88.05,7820451,
0941.HK,6/3/2025,89.1,17474104,
0941.HK,6/4/2025,88.85,19432768,
0941.HK,6/5/2025,89.2,22950746,
0941.HK,6/6/2025,87.9,29252751,
0941.HK,6/9/2025,87.6,15797839,
0941.HK,6/10/2025,87.5,10516097,
0941.HK,6/11/2025,88.3,13294053,
0941.HK,6/12/2025,87.35,11618898,
0941.HK,6/13/2025,87.9,16912716,
0941.HK,6/16/2025,87.4,13919134,
0941.HK,6/17/2025,87.05,9760935,
0941.HK,6/18/2025,86.75,9869558,
0941.HK,6/19/2025,85.8,12019471,
0941.HK,6/20/2025,86.4,14142001,
0941.HK,6/23/2025,86.1,12377718,
0941.HK,6/24/2025,87,15207246,
0941.HK,6/25/2025,87.4,16212623,
0941.HK,6/26/2025,86.9,10927167,
0941.HK,6/27/2025,86.35,15156847,
0941.HK,6/30/2025,87.1,14716440,
0941.HK,7/1/2025,87.1,0,0.060161
0941.HK,7/2/2025,86.9,13281052,
0941.HK,7/3/2025,86.35,11157493,
0941.HK,7/4/2025,85.9,17216393,
0941.HK,7/7/2025,85.95,12811864,
0941.HK,7/8/2025,86,11593217,
0941.HK,7/9/2025,86.05,12289321,
0941.HK,7/10/2025,86.15,9946442,
0941.HK,7/11/2025,87,17423768,
0941.HK,7/14/2025,86.6,13669500,
0941.HK,7/15/2025,87.25,10686637,
0941.HK,7/16/2025,87.65,11372140,
0941.HK,7/17/2025,87.35,14426719,
0941.HK,7/18/2025,87.35,13910970,
0941.HK,7/21/2025,86.85,17357125,
0941.HK,7/22/2025,86.8,20641680,
0941.HK,7/23/2025,87.35,26977703,
0941.HK,7/24/2025,87.3,21329408,
0941.HK,7/25/2025,86.55,20926067,
0941.HK,7/28/2025,86.8,15705495,
0941.HK,7/29/2025,86.5,15248122,
0941.HK,7/30/2025,87,21117396,
0941.HK,7/31/2025,86.1,15460685,
0941.HK,8/1/2025,85.9,12095658,
0941.HK,8/4/2025,85.5,21165849,
0941.HK,8/5/2025,85.6,20114028,
0941.HK,8/6/2025,85.55,15530299,
0941.HK,8/7/2025,85.95,21766443,
0941.HK,8/8/2025,86.9,24912441,
0941.HK,8/11/2025,87.5,16350373,
0941.HK,8/12/2025,88.3,18202016,
0941.HK,8/13/2025,88.8,19521152,
0941.HK,8/14/2025,88.4,21236484,
0941.HK,8/15/2025,88.25,20647091,
0941.HK,8/18/2025,88.45,17615360,
0941.HK,8/19/2025,88.1,16607073,
0941.HK,8/20/2025,88.4,12210646,
0941.HK,8/21/2025,89.4,22795296,
0941.HK,8/22/2025,89.8,20323138,
0941.HK,8/25/2025,90.35,24580945,
0941.HK,8/26/2025,90.05,16228886,
0941.HK,8/27/2025,89.15,16556664,
0941.HK,8/28/2025,89.5,21963738,
0941.HK,8/29/2025,89.45,21251069,
0941.HK,9/1/2025,86.55,24992006,
0941.HK,9/2/2025,85.6,20354349,
0941.HK,9/3/2025,85.7,18640814,
0941.HK,9/4/2025,85.4,15674451,
0941.HK,9/5/2025,85.85,17092788,
0941.HK,9/8/2025,85.6,17108488,
0941.HK,9/9/2025,86.75,18440625,
0941.HK,9/10/2025,87.05,13703311,
0941.HK,9/11/2025,87.3,17791293,
0941.HK,9/12/2025,87.85,11962347,
0941.HK,9/15/2025,87.65,12272342,
0941.HK,9/16/2025,87.1,15757053,
0941.HK,9/17/2025,86.6,23343918,
0941.HK,9/18/2025,86.2,21646744,
0941.HK,9/19/2025,85.95,16940957,
0941.HK,9/22/2025,85.4,18665998,
0941.HK,9/23/2025,85.15,17107492,
0941.HK,9/24/2025,85.7,16188806,
0941.HK,9/25/2025,85.1,20296928,
0941.HK,9/26/2025,85,12151396,
0941.HK,9/29/2025,84.9,21907283,
0941.HK,9/30/2025,84.5,19756744,
0941.HK,10/2/2025,84.95,6467642,
0941.HK,10/3/2025,84.55,5617728,
0941.HK,10/6/2025,83.85,10826959,
0941.HK,10/8/2025,83.2,12555224,
0941.HK,10/9/2025,84.35,23162330,
0941.HK,10/10/2025,84.8,22301198,
0941.HK,10/13/2025,84.9,22068218,
0941.HK,10/14/2025,84.7,21713956,
0941.HK,10/15/2025,84.9,13534194,
0941.HK,10/16/2025,85.7,16506919,
0941.HK,10/17/2025,85.3,17802183,
0941.HK,10/20/2025,86.4,21326061,
0941.HK,10/21/2025,85.2,31454153,
0941.HK,10/22/2025,84.45,22876623,
0941.HK,10/23/2025,85.1,31381209,
0941.HK,10/24/2025,85.4,13169060,
0941.HK,10/27/2025,85.2,17959228,
0941.HK,10/28/2025,85.55,17465496,
0941.HK,10/29/2025,85.55,0,0.061251
0941.HK,10/30/2025,85.9,21734825,
0941.HK,10/31/2025,85.25,13303861,
0941.HK,11/3/2025,86.2,19203234,
0941.HK,11/4/2025,86.7,22122073,
0941.HK,11/5/2025,86.65,16865881,
0941.HK,11/6/2025,87.15,18766488,
0941.HK,11/7/2025,87.15,19033168,
0941.HK,11/10/2025,87.8,19276181,
0941.HK,11/11/2025,88.5,22304363,
0941.HK,11/12/2025,88.85,22984031,
0941.HK,11/13/2025,87.85,23474226,
0941.HK,11/14/2025,87.5,14294890,
0941.HK,11/17/2025,86.75,15518851,
0941.HK,11/18/2025,86.8,13656501,
0941.HK,11/19/2025,86.35,14578374,
0941.HK,11/20/2025,86.5,13929467,
0941.HK,11/21/2025,86,18020369,
0941.HK,11/24/2025,87.6,17025806,
0941.HK,11/25/2025,87.25,16145679,
0941.HK,11/26/2025,87.35,13153847,
0941.HK,11/27/2025,87.25,15433105,
0941.HK,11/28/2025,87.3,10578710,
0941.HK,12/1/2025,87.75,10513559,
0941.HK,12/2/2025,87.8,10421387,
0941.HK,12/3/2025,86.85,11391800,
0941.HK,12/4/2025,87,6271768,
0941.HK,12/5/2025,87.15,12066843,
0941.HK,12/8/2025,86.15,12006233,
0941.HK,12/9/2025,86,14330459,
0941.HK,12/10/2025,85.65,16254582,
0941.HK,12/11/2025,85.65,13091794,
0941.HK,12/12/2025,86.5,16616585,
0941.HK,12/15/2025,85.1,25479494,
0941.HK,12/16/2025,84.3,21296107,
0941.HK,12/17/2025,84.45,19569015,
0941.HK,12/18/2025,84.05,31424240,
0941.HK,12/19/2025,83.9,29711522,
0941.HK,12/22/2025,83.7,23194860,
0941.HK,12/23/2025,82.85,43756664,
0941.HK,12/24/2025,82.8,20126062,
0941.HK,12/25/2025,82.8,0,0.063285
0941.HK,12/26/2025,82.8,0,0.063285
0941.HK,12/29/2025,81.8,37497948,
0941.HK,12/30/2025,82.1,31891793,
0941.HK,12/31/2025,81.7,13198633,
0941.HK,1/2/2026,83.45,12099293,
0941.HK,1/5/2026,82.3,25619085,
0941.HK,1/6/2026,82.2,28378790,
0941.HK,1/7/2026,81.4,33232052,
0941.HK,1/8/2026,80.95,28684082,
0941.HK,1/9/2026,80.95,20208076,
0941.HK,1/12/2026,81.15,30960030,
0941.HK,1/13/2026,80.95,28337382,
0941.HK,1/14/2026,80.8,29654156,
0941.HK,1/15/2026,80.6,30045044,
0941.HK,1/16/2026,80.1,36448893,
0941.HK,1/19/2026,79.3,33017992,
0941.HK,1/20/2026,79.3,30312508,
0941.HK,1/21/2026,79.2,43502967,
0941.HK,1/22/2026,79,27628663,
0941.HK,1/23/2026,79.5,30422796,
0941.HK,1/26/2026,78.8,31825796,
0941.HK,1/27/2026,78.5,45016622,
0941.HK,1/28/2026,80.9,62936865,
0941.HK,1/29/2026,80.9,35401273,
0941.HK,1/30/2026,79.8,37668381,
0941.HK,2/2/2026,78,90641807,
0941.HK,2/3/2026,78.3,32396888,
0941.HK,2/4/2026,79.35,27453347,
0941.HK,2/5/2026,80.4,24531084,
0941.HK,2/6/2026,80.2,20535109,
0941.HK,2/9/2026,78.5,44726876,
0941.HK,2/10/2026,78.4,22568054,
0941.HK,2/11/2026,78.45,18729447,
0941.HK,2/12/2026,78.2,19808886,
0941.HK,2/13/2026,78.2,22210375,
0941.HK,2/16/2026,78.4,4964712,
0941.HK,2/20/2026,78.5,8058562,
0941.HK,2/23/2026,79.45,8608883,
0941.HK,2/24/2026,79.05,14548017,
0941.HK,2/25/2026,79.3,13267964,
0941.HK,2/26/2026,78.6,17159457,
0941.HK,2/27/2026,79.3,12106008,
0941.HK,3/2/2026,78.65,23148973,
0941.HK,3/3/2026,78.7,17606802,
0941.HK,3/4/2026,78.3,26273790,
0941.HK,3/5/2026,78.3,18404585,
0941.HK,3/6/2026,78.95,21789340,
0941.HK,3/9/2026,78.35,29388381,
0941.HK,3/10/2026,78.8,14965124,
0941.HK,3/11/2026,79,13768128,
0941.HK,3/12/2026,79,16192140,
0941.HK,3/13/2026,79.95,24956184,
0941.HK,3/16/2026,80.1,21680048,
0941.HK,3/17/2026,80,17605917,
0941.HK,3/18/2026,79.95,15708837,
0941.HK,3/19/2026,79.8,17035689,
0941.HK,3/20/2026,78.8,30115279,
0941.HK,3/23/2026,77.85,32302543,
0941.HK,3/24/2026,78,34656186,
0941.HK,3/25/2026,77.5,33902233,
0941.HK,3/26/2026,77.5,31266950,
0941.HK,3/27/2026,78.05,25590929,
0941.HK,3/30/2026,78.35,22877225,
0941.HK,3/31/2026,79.15,23721706,
0941.HK,4/1/2026,79.8,21941581,
0941.HK,4/2/2026,80.05,11569319,
0941.HK,4/3/2026,80.05,0,0.065834
0941.HK,4/7/2026,80.05,0,0.065834
0941.HK,4/8/2026,80.95,23354604,
0941.HK,4/9/2026,80.7,8721702,
0941.HK,4/10/2026,81.1,12183647,
0941.HK,4/13/2026,81.1,11913953,
0941.HK,4/14/2026,81.5,26776345,
0941.HK,4/15/2026,81.35,17277952,
0941.HK,4/16/2026,81.6,18754345,
0941.HK,4/17/2026,81.45,20237777,
0941.HK,4/20/2026,81.8,17884088,
0941.HK,4/21/2026,83.7,36198690,
0941.HK,4/22/2026,83.4,13911981,
0941.HK,4/23/2026,84,22802645,
0941.HK,4/24/2026,83.9,22723224,
0941.HK,4/27/2026,84.4,31929996,
0941.HK,4/28/2026,84.65,21785807,
0941.HK,4/29/2026,85.45,30995348,
0941.HK,4/30/2026,84.6,22743622,
0941.HK,5/4/2026,83.95,8884855,
0941.HK,5/5/2026,83.85,6094221,
0941.HK,5/6/2026,84.7,16220123,
0941.HK,5/7/2026,85.3,16967097,
0941.HK,5/8/2026,85.45,15395657,
0941.HK,5/11/2026,86.2,20766896,
0941.HK,5/12/2026,86.5,16964814,
0941.HK,5/13/2026,86.55,21109099,
0941.HK,5/14/2026,86.7,28709776,
0941.HK,5/15/2026,86.2,22084153,
0941.HK,5/18/2026,86.4,19082959,
0941.HK,5/19/2026,86.8,48614084,
0941.HK,5/20/2026,86.55,29203423,
0941.HK,5/21/2026,86.05,17640074,
0941.HK,5/22/2026,85.5,19092231,
0941.HK,5/25/2026,85.5,0,0.061637
0941.HK,5/26/2026,85.6,14906088,
0941.HK,5/27/2026,85.2,13405849,
0941.HK,5/28/2026,84.85,29153541,
0941.HK,5/29/2026,85.15,21442428,
0941.HK,6/1/2026,85.15,10941368,
0941.HK,6/2/2026,85.9,20886962,
0941.HK,6/3/2026,85.55,17036535,
0941.HK,6/4/2026,84.75,21112114,0.062183
0941.HK,6/5/2026,82.4,19111451,0.063956
0941.HK,6/8/2026,82.4,14727905,0.063956
0941.HK,6/9/2026,82.3,10405308,0.064034
0941.HK,6/10/2026,82.45,24953534,0.063918
0941.HK,6/11/2026,81.85,13751836,0.064386
0995.HK,6/3/2024,9.95,2164000,
0995.HK,6/4/2024,9.92,2052000,
0995.HK,6/5/2024,9.55,4022000,
0995.HK,6/6/2024,9.57,5882096,
0995.HK,6/7/2024,9.51,4672833,
0995.HK,6/11/2024,8.83,3541290,
0995.HK,6/12/2024,9.18,1688000,
0995.HK,6/13/2024,9.3,1126000,
0995.HK,6/14/2024,9.81,3800000,
0995.HK,6/17/2024,9.6,3220000,
0995.HK,6/18/2024,9.7,882000,
0995.HK,6/19/2024,9.72,1244000,
0995.HK,6/20/2024,9.85,1192000,
0995.HK,6/21/2024,9.84,2024000,
0995.HK,6/24/2024,9.65,2102687,
0995.HK,6/25/2024,9.49,1614000,
0995.HK,6/26/2024,9.38,1096414,
0995.HK,6/27/2024,9.28,1100000,
0995.HK,6/28/2024,9.35,2798000,
0995.HK,7/2/2024,9.68,2384716,
0995.HK,7/3/2024,9.98,2380354,
0995.HK,7/4/2024,9.9,1883000,
0995.HK,7/5/2024,9.76,1514000,
0995.HK,7/8/2024,9.82,2166000,
0995.HK,7/9/2024,10.06,3154000,
0995.HK,7/10/2024,9.84,1282000,
0995.HK,7/11/2024,9.74,1314000,
0995.HK,7/12/2024,9.52,926000,
0995.HK,7/15/2024,9.55,1130700,
0995.HK,7/16/2024,9.26,1484000,
0995.HK,7/17/2024,8.98,5448631,
0995.HK,7/18/2024,8.93,1414000,
0995.HK,7/19/2024,8.64,4322000,
0995.HK,7/22/2024,8.85,1554433,
0995.HK,7/23/2024,8.93,2176000,
0995.HK,7/24/2024,9.41,5444000,
0995.HK,7/25/2024,9.13,3632000,
0995.HK,7/26/2024,9.24,3640334,
0995.HK,7/29/2024,9.51,2074000,
0995.HK,7/30/2024,9.45,2788000,
0995.HK,7/31/2024,9.45,2628000,
0995.HK,8/1/2024,9.82,4566000,
0995.HK,8/2/2024,9.76,3379058,
0995.HK,8/5/2024,9.54,3989308,
0995.HK,8/6/2024,9.51,4846000,
0995.HK,8/7/2024,9.7,3634000,
0995.HK,8/8/2024,9.74,2738858,
0995.HK,8/9/2024,9.65,1402000,
0995.HK,8/12/2024,9.77,2420000,
0995.HK,8/13/2024,9.8,1328000,
0995.HK,8/14/2024,9.79,560000,
0995.HK,8/15/2024,9.82,844000,
0995.HK,8/16/2024,9.86,1036000,
0995.HK,8/19/2024,9.78,1542000,
0995.HK,8/20/2024,9.63,1644000,
0995.HK,8/21/2024,9.5,1662795,
0995.HK,8/22/2024,9.54,678000,
0995.HK,8/23/2024,9.57,530000,
0995.HK,8/26/2024,9.5,1957000,
0995.HK,8/27/2024,9.49,1182000,
0995.HK,8/28/2024,9.4,1701686,
0995.HK,8/29/2024,9.42,908000,
0995.HK,8/30/2024,9.22,2086000,
0995.HK,9/2/2024,9.3,2298000,
0995.HK,9/3/2024,8.81,3508000,
0995.HK,9/4/2024,8.96,2782030,
0995.HK,9/5/2024,8.99,1932000,
0995.HK,9/9/2024,8.6,4302876,
0995.HK,9/10/2024,8.55,3262000,
0995.HK,9/11/2024,8.33,3124000,
0995.HK,9/12/2024,8.42,3464000,
0995.HK,9/13/2024,8.44,1970600,
0995.HK,9/16/2024,8.37,222000,
0995.HK,9/17/2024,8.35,512000,
0995.HK,9/19/2024,8.66,3684400,
0995.HK,9/20/2024,8.8,4416522,
0995.HK,9/23/2024,8.93,2129508,
0995.HK,9/24/2024,9.28,2922000,
0995.HK,9/25/2024,9.31,4092000,
0995.HK,9/26/2024,9.25,4074457,
0995.HK,9/27/2024,9.23,3522000,
0995.HK,9/30/2024,9.44,9076000,
0995.HK,10/2/2024,9.35,1427999,
0995.HK,10/3/2024,9.2,1319000,
0995.HK,10/4/2024,9.21,2190000,
0995.HK,10/7/2024,9.9,2211541,
0995.HK,10/8/2024,9.58,7017906,
0995.HK,10/9/2024,9.55,5192000,
0995.HK,10/10/2024,9.88,4193433,
0995.HK,10/14/2024,9.8,3780000,
0995.HK,10/15/2024,9.77,3283367,
0995.HK,10/16/2024,9.95,4342521,
0995.HK,10/17/2024,9.88,4456521,
0995.HK,10/18/2024,10,2601200,
0995.HK,10/21/2024,9.95,2012000,
0995.HK,10/22/2024,9.92,1076545,
0995.HK,10/23/2024,9.88,2312382,
0995.HK,10/24/2024,9.5,1566000,
0995.HK,10/25/2024,9.21,2526000,
0995.HK,10/28/2024,9.17,1300000,
0995.HK,10/29/2024,8.78,5024000,
0995.HK,10/30/2024,8.64,1108800,
0995.HK,10/31/2024,8.66,1220000,
0995.HK,11/1/2024,8.75,1442000,
0995.HK,11/4/2024,8.8,1014000,
0995.HK,11/5/2024,8.81,1224000,
0995.HK,11/6/2024,9.1,2097087,
0995.HK,11/7/2024,9.1,1784001,
0995.HK,11/8/2024,9.08,1156000,
0995.HK,11/11/2024,8.86,2894000,
0995.HK,11/12/2024,8.74,984380,
0995.HK,11/13/2024,8.81,916000,
0995.HK,11/14/2024,8.75,2868000,
0995.HK,11/15/2024,8.96,1532000,
0995.HK,11/18/2024,9.04,474339,
0995.HK,11/19/2024,9.01,1208000,
0995.HK,11/20/2024,8.95,966000,
0995.HK,11/21/2024,8.97,1296642,
0995.HK,11/22/2024,8.97,848133,
0995.HK,11/25/2024,8.86,2232000,
0995.HK,11/26/2024,8.99,1462000,
0995.HK,11/27/2024,9.05,560162,
0995.HK,11/28/2024,9,334000,
0995.HK,11/29/2024,9.08,1115888,
0995.HK,12/2/2024,9.03,3168000,
0995.HK,12/3/2024,9.07,898000,
0995.HK,12/4/2024,9.23,2024000,
0995.HK,12/5/2024,9.13,1369000,
0995.HK,12/6/2024,9.28,1529318,
0995.HK,12/9/2024,9.51,1712000,
0995.HK,12/10/2024,9.4,1568060,
0995.HK,12/11/2024,9.4,945000,
0995.HK,12/12/2024,9.51,1474000,
0995.HK,12/13/2024,9.62,969473,
0995.HK,12/16/2024,9.72,3202262,
0995.HK,12/17/2024,9.55,650000,
0995.HK,12/18/2024,9.82,876000,
0995.HK,12/19/2024,9.8,1045626,
0995.HK,12/20/2024,9.81,1339448,
0995.HK,12/23/2024,10.18,2757222,
0995.HK,12/24/2024,10.22,884000,
0995.HK,12/27/2024,10.76,3472014,
0995.HK,12/30/2024,10.64,2528000,
0995.HK,12/31/2024,10.72,4525066,
0995.HK,1/2/2025,10.52,4086000,
0995.HK,1/3/2025,10.54,2046006,
0995.HK,1/6/2025,10.54,1884000,
0995.HK,1/7/2025,10.34,2416000,
0995.HK,1/8/2025,10.56,1544287,
0995.HK,1/9/2025,10.5,716000,
0995.HK,1/10/2025,10.22,5170000,
0995.HK,1/13/2025,10.14,1594000,
0995.HK,1/14/2025,10.4,966000,
0995.HK,1/15/2025,10.32,2188000,
0995.HK,1/16/2025,10.28,894000,
0995.HK,1/17/2025,10.16,2882000,
0995.HK,1/20/2025,10.36,2022000,
0995.HK,1/21/2025,10.34,1428000,
0995.HK,1/22/2025,10.38,1214255,
0995.HK,1/23/2025,10.52,816000,
0995.HK,1/24/2025,10.56,1166000,
0995.HK,1/27/2025,10.54,1450000,
0995.HK,1/28/2025,10.52,200000,
0995.HK,2/3/2025,10.5,536000,
0995.HK,2/4/2025,10.24,194000,
0995.HK,2/5/2025,10.16,1255162,
0995.HK,2/6/2025,10.1,1220000,
0995.HK,2/7/2025,9.95,3276295,
0995.HK,2/10/2025,10,3059454,
0995.HK,2/11/2025,10.18,816000,
0995.HK,2/12/2025,10.28,1156000,
0995.HK,2/13/2025,10.08,1542000,
0995.HK,2/14/2025,10.26,4318000,
0995.HK,2/17/2025,10.76,2308000,
0995.HK,2/18/2025,10.8,652000,
0995.HK,2/19/2025,10.76,2212000,
0995.HK,2/20/2025,10.58,3634000,
0995.HK,2/21/2025,10.46,1748190,
0995.HK,2/24/2025,10.3,3330000,
0995.HK,2/25/2025,10.3,1506000,
0995.HK,2/26/2025,10.22,2136000,
0995.HK,2/27/2025,10.5,2758500,
0995.HK,2/28/2025,10.44,3168000,
0995.HK,3/3/2025,10.42,3330431,
0995.HK,3/4/2025,10.54,4008000,
0995.HK,3/5/2025,10.6,2166000,
0995.HK,3/6/2025,10.16,7118000,
0995.HK,3/7/2025,9.95,4533797,
0995.HK,3/10/2025,9.99,806000,
0995.HK,3/11/2025,9.98,1104000,
0995.HK,3/12/2025,10,834000,
0995.HK,3/13/2025,10.06,3670000,
0995.HK,3/14/2025,9.97,3070000,
0995.HK,3/17/2025,9.97,3648000,
0995.HK,3/18/2025,9.97,5178000,
0995.HK,3/19/2025,10,7724724,
0995.HK,3/20/2025,9.99,4168000,
0995.HK,3/21/2025,9.84,3089198,
0995.HK,3/24/2025,9.77,2944161,
0995.HK,3/25/2025,10.4,5226828,
0995.HK,3/26/2025,10.48,2042968,
0995.HK,3/27/2025,10.78,4674000,
0995.HK,3/28/2025,10.7,1596030,
0995.HK,3/31/2025,10.94,4522000,
0995.HK,4/1/2025,11.18,2416400,
0995.HK,4/2/2025,11.16,2756252,
0995.HK,4/3/2025,11.24,2212000,
0995.HK,4/7/2025,10.48,5066000,
0995.HK,4/8/2025,10.8,2532147,
0995.HK,4/9/2025,10.88,1364000,
0995.HK,4/10/2025,10.96,1488000,
0995.HK,4/11/2025,11,3581666,
0995.HK,4/14/2025,11.42,2614000,
0995.HK,4/15/2025,11.52,1906000,
0995.HK,4/16/2025,11.42,709595,
0995.HK,4/17/2025,11.5,1379334,
0995.HK,4/22/2025,11.52,780226,
0995.HK,4/23/2025,11.5,996000,
0995.HK,4/24/2025,11.58,2230175,
0995.HK,4/25/2025,11.54,1090000,
0995.HK,4/28/2025,11.64,768000,
0995.HK,4/29/2025,11.76,1054000,
0995.HK,4/30/2025,11.72,1246000,
0995.HK,5/2/2025,11.3,478500,
0995.HK,5/6/2025,11.46,1514000,
0995.HK,5/7/2025,11.38,1108000,
0995.HK,5/8/2025,11.1,2918000,
0995.HK,5/9/2025,11.4,1460329,
0995.HK,5/12/2025,11.52,1278000,
0995.HK,5/13/2025,11.58,940868,
0995.HK,5/14/2025,11.66,950000,
0995.HK,5/15/2025,11.64,708652,
0995.HK,5/16/2025,11.64,526000,
0995.HK,5/19/2025,11.76,1742000,
0995.HK,5/20/2025,11.94,1146000,
0995.HK,5/21/2025,11.86,590000,
0995.HK,5/22/2025,11.96,650600,
0995.HK,5/23/2025,11.82,1603166,
0995.HK,5/26/2025,11.64,681504,
0995.HK,5/27/2025,11.72,1408000,
0995.HK,5/28/2025,11.86,1031743,
0995.HK,5/29/2025,11.88,1300000,
0995.HK,5/30/2025,12.22,1837068,
0995.HK,6/2/2025,12.12,778000,
0995.HK,6/3/2025,12.6,2006000,
0995.HK,6/4/2025,12.36,1024000,
0995.HK,6/5/2025,12.3,1754000,
0995.HK,6/6/2025,12.52,938296,
0995.HK,6/9/2025,12.28,1294000,
0995.HK,6/10/2025,12.62,1176000,
0995.HK,6/11/2025,13.18,3056572,
0995.HK,6/12/2025,13.02,1888000,
0995.HK,6/13/2025,13.48,2120900,
0995.HK,6/16/2025,13.82,2738000,
0995.HK,6/17/2025,13.86,5744000,
0995.HK,6/18/2025,14.02,1911500,
0995.HK,6/19/2025,13.8,2162000,
0995.HK,6/20/2025,14.5,5659971,
0995.HK,6/23/2025,14.38,4270891,
0995.HK,6/24/2025,13.86,4659670,
0995.HK,6/25/2025,13.7,3928077,
0995.HK,6/26/2025,12.96,2464000,
0995.HK,6/27/2025,12.86,1586000,
0995.HK,6/30/2025,12.6,2441042,
0995.HK,7/1/2025,12.6,0,0.05246
0995.HK,7/2/2025,12.76,6673286,
0995.HK,7/3/2025,12.46,1898000,
0995.HK,7/4/2025,12.34,1560000,
0995.HK,7/7/2025,12.56,2346000,
0995.HK,7/8/2025,12.36,1430000,
0995.HK,7/9/2025,12.36,2850000,
0995.HK,7/10/2025,12.34,1218000,
0995.HK,7/11/2025,12.32,1660000,
0995.HK,7/14/2025,12.34,1226000,
0995.HK,7/15/2025,12.16,1542000,
0995.HK,7/16/2025,12.24,1826000,
0995.HK,7/17/2025,12.22,963000,
0995.HK,7/18/2025,12.2,1330000,
0995.HK,7/21/2025,12.34,1684000,
0995.HK,7/22/2025,12.56,925118,
0995.HK,7/23/2025,12.3,2550000,
0995.HK,7/24/2025,12.46,1589000,
0995.HK,7/25/2025,12.68,1264000,
0995.HK,7/28/2025,12.4,2418000,
0995.HK,7/29/2025,12.2,3058000,
0995.HK,7/30/2025,12.28,1468755,
0995.HK,7/31/2025,12.26,3314000,
0995.HK,8/1/2025,12.22,774000,
0995.HK,8/4/2025,12.27,732000,
0995.HK,8/5/2025,12.67,1608000,
0995.HK,8/6/2025,12.95,3028000,
0995.HK,8/7/2025,12.91,1096247,
0995.HK,8/8/2025,12.83,654000,
0995.HK,8/11/2025,12.56,782000,
0995.HK,8/12/2025,12.57,1604000,
0995.HK,8/13/2025,12.54,1552000,
0995.HK,8/14/2025,12.32,1202000,
0995.HK,8/15/2025,12.2,1635000,
0995.HK,8/18/2025,12.2,2486000,
0995.HK,8/19/2025,12.2,720000,
0995.HK,8/20/2025,12.04,3106000,
0995.HK,8/21/2025,12.35,2178161,
0995.HK,8/22/2025,12.2,944462,
0995.HK,8/25/2025,12.28,1005000,
0995.HK,8/26/2025,12.34,590000,
0995.HK,8/27/2025,12.19,994000,
0995.HK,8/28/2025,12.14,1742000,
0995.HK,8/29/2025,11.74,5326220,
0995.HK,9/1/2025,11.63,1010000,
0995.HK,9/2/2025,11.33,2170000,
0995.HK,9/3/2025,11.42,1486000,
0995.HK,9/4/2025,11.62,3700000,
0995.HK,9/5/2025,11.46,1194000,
0995.HK,9/8/2025,11.46,1146000,
0995.HK,9/9/2025,11.26,1494500,
0995.HK,9/10/2025,11.43,1607200,
0995.HK,9/11/2025,11.44,762000,
0995.HK,9/12/2025,11.29,1344000,
0995.HK,9/15/2025,11.48,1535869,
0995.HK,9/16/2025,11.48,3229648,
0995.HK,9/17/2025,11.5,2266000,
0995.HK,9/18/2025,11.4,1508000,
0995.HK,9/19/2025,11.22,2130760,
0995.HK,9/22/2025,11.26,1321520,
0995.HK,9/23/2025,11.35,1590000,
0995.HK,9/24/2025,11.45,1315357,
0995.HK,9/25/2025,11.41,828000,
0995.HK,9/26/2025,11.58,702000,
0995.HK,9/29/2025,11.54,752000,
0995.HK,9/30/2025,11.44,2024000,
0995.HK,10/2/2025,11.36,852000,
0995.HK,10/3/2025,11.24,283401,
0995.HK,10/6/2025,11.06,403000,
0995.HK,10/8/2025,10.91,247367,
0995.HK,10/9/2025,11.38,1914000,
0995.HK,10/10/2025,11.32,1562108,
0995.HK,10/13/2025,11.75,2756350,
0995.HK,10/14/2025,12.22,3172000,
0995.HK,10/15/2025,12.01,2583705,
0995.HK,10/16/2025,12.17,2103705,
0995.HK,10/17/2025,12.62,3254169,
0995.HK,10/20/2025,12.36,1588114,
0995.HK,10/21/2025,11.95,2216000,
0995.HK,10/22/2025,12.14,1156000,
0995.HK,10/23/2025,12.21,1236163,
0995.HK,10/24/2025,11.99,1296244,
0995.HK,10/27/2025,12.09,856000,
0995.HK,10/28/2025,12.3,2771728,
0995.HK,10/29/2025,12.3,0,0.05374
0995.HK,10/30/2025,12.31,2984000,
0995.HK,10/31/2025,12.32,2322000,
0995.HK,11/3/2025,12.97,5498959,
0995.HK,11/4/2025,13.01,1540000,
0995.HK,11/5/2025,13.06,2117265,
0995.HK,11/6/2025,12.96,2804000,
0995.HK,11/7/2025,12.95,596000,
0995.HK,11/10/2025,13.05,1644000,
0995.HK,11/11/2025,13.64,2334000,
0995.HK,11/12/2025,13.55,1388000,
0995.HK,11/13/2025,13.13,2234000,
0995.HK,11/14/2025,13.32,1438861,
0995.HK,11/17/2025,13.43,1674000,
0995.HK,11/18/2025,13.19,1278000,
0995.HK,11/19/2025,13.26,912596,
0995.HK,11/20/2025,13.46,1209186,
0995.HK,11/21/2025,13.33,1484148,
0995.HK,11/24/2025,14.11,3098000,
0995.HK,11/25/2025,13.99,5824302,
0995.HK,11/26/2025,14,3568000,
0995.HK,11/27/2025,13.97,1130000,
0995.HK,11/28/2025,13.82,1822000,
0995.HK,12/1/2025,13.97,1566000,
0995.HK,12/2/2025,14.15,2142000,
0995.HK,12/3/2025,14.2,926000,
0995.HK,12/4/2025,14.12,1510000,
0995.HK,12/5/2025,14.04,972945,
0995.HK,12/8/2025,13.96,803364,
0995.HK,12/9/2025,13.73,2003410,
0995.HK,12/10/2025,13.83,1790758,
0995.HK,12/11/2025,13.69,1130448,
0995.HK,12/12/2025,13.33,396000,
0995.HK,12/15/2025,13.28,642000,
0995.HK,12/16/2025,13.22,688000,
0995.HK,12/17/2025,12.98,740000,
0995.HK,12/18/2025,12.97,1761574,
0995.HK,12/19/2025,12.8,1488324,
0995.HK,12/22/2025,12.95,1220000,
0995.HK,12/23/2025,12.9,792000,
0995.HK,12/24/2025,13,274000,
0995.HK,12/25/2025,13,0,0.050846
0995.HK,12/26/2025,13,0,0.050846
0995.HK,12/29/2025,13.19,769432,
0995.HK,12/30/2025,12.96,3245586,
0995.HK,12/31/2025,13.08,384000,
0995.HK,1/2/2026,12.77,250000,
0995.HK,1/5/2026,12.92,528000,
0995.HK,1/6/2026,12.85,526106,
0995.HK,1/7/2026,12.87,219946,
0995.HK,1/8/2026,12.81,1328000,
0995.HK,1/9/2026,13,310000,
0995.HK,1/12/2026,12.94,1476000,
0995.HK,1/13/2026,12.97,1132000,
0995.HK,1/14/2026,12.8,1245000,
0995.HK,1/15/2026,12.72,3430000,
0995.HK,1/16/2026,12.86,862000,
0995.HK,1/19/2026,12.74,1078000,
0995.HK,1/20/2026,12.96,1026000,
0995.HK,1/21/2026,12.99,1649021,
0995.HK,1/22/2026,12.83,1832155,
0995.HK,1/23/2026,12.92,774000,
0995.HK,1/26/2026,12.86,5172148,
0995.HK,1/27/2026,13.03,2470630,
0995.HK,1/28/2026,13.08,3688822,
0995.HK,1/29/2026,13.45,3120000,
0995.HK,1/30/2026,13.91,5385708,
0995.HK,2/2/2026,13.4,3178000,
0995.HK,2/3/2026,13.58,1332000,
0995.HK,2/4/2026,13.3,1942000,
0995.HK,2/5/2026,12.99,2852452,
0995.HK,2/6/2026,13.35,1307000,
0995.HK,2/9/2026,13.34,624000,
0995.HK,2/10/2026,13.34,450000,
0995.HK,2/11/2026,13.58,634000,
0995.HK,2/12/2026,13.8,2064229,
0995.HK,2/13/2026,13.68,1164000,
0995.HK,2/16/2026,13.51,76000,
0995.HK,2/20/2026,13.28,384000,
0995.HK,2/23/2026,13.23,293000,
0995.HK,2/24/2026,13.43,1916227,
0995.HK,2/25/2026,13.5,1951329,
0995.HK,2/26/2026,13.52,1406000,
0995.HK,2/27/2026,13.85,1108000,
0995.HK,3/2/2026,13.9,1014000,
0995.HK,3/3/2026,13.82,800000,
0995.HK,3/4/2026,13.29,776000,
0995.HK,3/5/2026,13.62,1220388,
0995.HK,3/6/2026,13.88,540000,
0995.HK,3/9/2026,13.88,716000,
0995.HK,3/10/2026,13.35,1190000,
0995.HK,3/11/2026,13.75,1150000,
0995.HK,3/12/2026,13.82,596000,
0995.HK,3/13/2026,13.89,836000,
0995.HK,3/16/2026,14.15,1515166,
0995.HK,3/17/2026,14.63,2704000,
0995.HK,3/18/2026,14.66,1800000,
0995.HK,3/19/2026,14.26,1192000,
0995.HK,3/20/2026,14.29,1730139,
0995.HK,3/23/2026,14.39,1598000,
0995.HK,3/24/2026,14.6,1664000,
0995.HK,3/25/2026,14.88,1798024,
0995.HK,3/26/2026,14.59,3028000,
0995.HK,3/27/2026,14.34,1202000,
0995.HK,3/30/2026,14.52,1340000,
0995.HK,3/31/2026,14.85,2240124,
0995.HK,4/1/2026,14.45,1942000,
0995.HK,4/2/2026,14.54,882000,
0995.HK,4/3/2026,14.54,0,0.05219
0995.HK,4/7/2026,14.54,0,0.05219
0995.HK,4/8/2026,14.23,1606000,
0995.HK,4/9/2026,14.39,1028000,
0995.HK,4/10/2026,14.71,2388000,
0995.HK,4/13/2026,14.96,1650000,
0995.HK,4/14/2026,14.97,1440000,
0995.HK,4/15/2026,15.38,2187906,
0995.HK,4/16/2026,15.39,1716000,
0995.HK,4/17/2026,15.43,1706000,
0995.HK,4/20/2026,16.28,5488800,
0995.HK,4/21/2026,16.25,1956000,
0995.HK,4/22/2026,16.37,1452500,
0995.HK,4/23/2026,16.6,2136000,
0995.HK,4/24/2026,16.75,4117714,
0995.HK,4/27/2026,16.06,3068000,
0995.HK,4/28/2026,16.36,1952000,
0995.HK,4/29/2026,15.51,2176000,
0995.HK,4/30/2026,15.79,2900000,
0995.HK,5/4/2026,15.01,168000,
0995.HK,5/5/2026,15.03,1046000,
0995.HK,5/6/2026,15.57,1568000,
0995.HK,5/7/2026,15.49,1768000,
0995.HK,5/8/2026,15.74,456000,
0995.HK,5/11/2026,15.65,2140000,
0995.HK,5/12/2026,15.9,1920000,
0995.HK,5/13/2026,15.91,3066000,
0995.HK,5/14/2026,15.66,2544274,
0995.HK,5/15/2026,15.71,1343840,
0995.HK,5/18/2026,15.41,3154000,
0995.HK,5/19/2026,15.44,1056000,
0995.HK,5/20/2026,15.43,1260000,
0995.HK,5/21/2026,15.39,1843408,
0995.HK,5/22/2026,15.45,1005714,
0995.HK,5/25/2026,15.45,0,0.049116
0995.HK,5/26/2026,15.76,1664545,
0995.HK,5/27/2026,16,1716000,
0995.HK,5/28/2026,16.07,2376000,
0995.HK,5/29/2026,16.21,2996000,
0995.HK,6/1/2026,16.82,1808000,
0995.HK,6/2/2026,17.49,1964000,
0995.HK,6/3/2026,16.41,1452588,
0995.HK,6/4/2026,16.14,2512006,0.047016
0995.HK,6/5/2026,15.87,1514450,0.047816
0995.HK,6/8/2026,16.23,1799678,0.046755
0995.HK,6/9/2026,16.99,2826000,0.044664
0995.HK,6/10/2026,17.1,1856500,0.044377
0995.HK,6/11/2026,16.79,1452000,0.045196
0998.HK,6/3/2024,4.82,33432645,
0998.HK,6/4/2024,4.81,17045292,
0998.HK,6/5/2024,4.77,20403716,
0998.HK,6/6/2024,4.77,15747316,
0998.HK,6/7/2024,4.82,18803412,
0998.HK,6/11/2024,4.71,47894257,
0998.HK,6/12/2024,4.67,31975766,
0998.HK,6/13/2024,4.67,33523145,
0998.HK,6/14/2024,4.71,27757934,
0998.HK,6/17/2024,4.72,22304586,
0998.HK,6/18/2024,4.87,50107565,
0998.HK,6/19/2024,4.98,56781380,
0998.HK,6/20/2024,5.04,56452604,
0998.HK,6/21/2024,4.99,51694615,
0998.HK,6/24/2024,4.98,25372076,
0998.HK,6/25/2024,4.98,23499110,
0998.HK,6/26/2024,4.97,23035617,
0998.HK,6/27/2024,4.98,25885237,
0998.HK,6/28/2024,5.01,23104529,
0998.HK,7/2/2024,5.19,73733823,
0998.HK,7/3/2024,5.14,31550182,
0998.HK,7/4/2024,4.84,34346944,
0998.HK,7/5/2024,4.7,25775953,
0998.HK,7/8/2024,4.68,20243297,
0998.HK,7/9/2024,4.65,16760982,
0998.HK,7/10/2024,4.68,23638538,
0998.HK,7/11/2024,4.65,29216402,
0998.HK,7/12/2024,4.78,21804446,
0998.HK,7/15/2024,4.77,27090473,
0998.HK,7/16/2024,4.69,24405815,
0998.HK,7/17/2024,4.65,17629930,
0998.HK,7/18/2024,4.64,16558008,
0998.HK,7/19/2024,4.54,24508601,
0998.HK,7/22/2024,4.55,15614133,
0998.HK,7/23/2024,4.6,41608521,
0998.HK,7/24/2024,4.66,26678719,
0998.HK,7/25/2024,4.53,37855410,
0998.HK,7/26/2024,4.54,21898442,
0998.HK,7/29/2024,4.64,30947082,
0998.HK,7/30/2024,4.64,28324199,
0998.HK,7/31/2024,4.68,24917846,
0998.HK,8/1/2024,4.7,22290292,
0998.HK,8/2/2024,4.7,31757725,
0998.HK,8/5/2024,4.54,37610207,
0998.HK,8/6/2024,4.48,23289885,
0998.HK,8/7/2024,4.54,14424921,
0998.HK,8/8/2024,4.52,22552648,
0998.HK,8/9/2024,4.56,14721426,
0998.HK,8/12/2024,4.6,18412334,
0998.HK,8/13/2024,4.6,12877853,
0998.HK,8/14/2024,4.63,14941294,
0998.HK,8/15/2024,4.69,23276961,
0998.HK,8/16/2024,4.77,21772316,
0998.HK,8/19/2024,4.87,25484600,
0998.HK,8/20/2024,4.89,18985836,
0998.HK,8/21/2024,4.85,20065520,
0998.HK,8/22/2024,4.91,36680421,
0998.HK,8/23/2024,4.91,20041078,
0998.HK,8/26/2024,4.92,19460574,
0998.HK,8/27/2024,4.95,28847600,
0998.HK,8/28/2024,4.9,19365940,
0998.HK,8/29/2024,4.57,84530914,
0998.HK,8/30/2024,4.51,62926100,
0998.HK,9/2/2024,4.54,25756007,
0998.HK,9/3/2024,4.49,26551460,
0998.HK,9/4/2024,4.52,28037435,
0998.HK,9/5/2024,4.47,26872219,
0998.HK,9/9/2024,4.41,23064744,
0998.HK,9/10/2024,4.4,18436394,
0998.HK,9/11/2024,4.32,36943645,
0998.HK,9/12/2024,4.38,18345200,
0998.HK,9/13/2024,4.44,23285202,
0998.HK,9/16/2024,4.46,3429209,
0998.HK,9/17/2024,4.51,7333399,
0998.HK,9/19/2024,4.51,27294670,
0998.HK,9/20/2024,4.58,33683883,
0998.HK,9/23/2024,4.65,31317023,
0998.HK,9/24/2024,4.85,53977185,
0998.HK,9/25/2024,4.87,56308521,
0998.HK,9/26/2024,5.02,61434137,
0998.HK,9/27/2024,4.95,87431305,
0998.HK,9/30/2024,4.96,103289158,
0998.HK,10/2/2024,5.19,47172483,
0998.HK,10/3/2024,5.13,43572386,
0998.HK,10/4/2024,5.3,55021066,
0998.HK,10/7/2024,5.46,51049790,
0998.HK,10/8/2024,5.13,103395319,
0998.HK,10/9/2024,4.98,59799156,
0998.HK,10/10/2024,5.12,50569263,
0998.HK,10/14/2024,5.19,56537891,
0998.HK,10/15/2024,5.03,47468938,
0998.HK,10/16/2024,5.13,48788860,
0998.HK,10/17/2024,5.04,29793539,
0998.HK,10/18/2024,5.13,29130264,
0998.HK,10/21/2024,5.03,22023404,
0998.HK,10/22/2024,5.03,20184492,
0998.HK,10/23/2024,5.04,26968744,
0998.HK,10/24/2024,5.09,25728819,
0998.HK,10/25/2024,5.05,22230920,
0998.HK,10/28/2024,5.02,22447200,
0998.HK,10/29/2024,4.98,19516000,
0998.HK,10/30/2024,4.88,25672494,
0998.HK,10/31/2024,4.85,33936079,
0998.HK,11/1/2024,4.93,22893919,
0998.HK,11/4/2024,4.95,26661263,
0998.HK,11/5/2024,5.05,22522794,
0998.HK,11/6/2024,5.01,18517205,
0998.HK,11/7/2024,5.13,31532900,
0998.HK,11/8/2024,5.06,21935000,
0998.HK,11/11/2024,4.93,33778800,
0998.HK,11/12/2024,4.88,35102606,
0998.HK,11/13/2024,4.9,19845839,
0998.HK,11/14/2024,4.88,21430760,
0998.HK,11/15/2024,4.9,18015859,
0998.HK,11/18/2024,5.04,41757313,
0998.HK,11/19/2024,5.07,29386004,
0998.HK,11/20/2024,5.05,7756136,
0998.HK,11/21/2024,5.01,13764913,
0998.HK,11/22/2024,4.96,20913186,
0998.HK,11/25/2024,4.95,31044045,
0998.HK,11/26/2024,4.97,23908166,
0998.HK,11/27/2024,5.04,19546115,
0998.HK,11/28/2024,4.95,22069859,
0998.HK,11/29/2024,4.96,19918199,
0998.HK,12/2/2024,4.97,21890900,
0998.HK,12/3/2024,5.05,27635412,
0998.HK,12/4/2024,5.11,36340346,
0998.HK,12/5/2024,5.14,25336774,
0998.HK,12/6/2024,5.19,40173547,
0998.HK,12/9/2024,5.3,47709417,
0998.HK,12/10/2024,5.24,41357853,
0998.HK,12/11/2024,4.99,55035561,
0998.HK,12/12/2024,5.02,46839212,
0998.HK,12/13/2024,4.94,24068708,
0998.HK,12/16/2024,4.94,39068578,
0998.HK,12/17/2024,4.92,21245060,
0998.HK,12/18/2024,5,29129138,
0998.HK,12/19/2024,4.97,17523835,
0998.HK,12/20/2024,4.99,34543387,
0998.HK,12/23/2024,5.11,43394561,
0998.HK,12/24/2024,5.26,36383876,
0998.HK,12/27/2024,5.33,53224500,
0998.HK,12/30/2024,5.37,42054239,
0998.HK,12/31/2024,5.37,16324226,
0998.HK,1/2/2025,5.25,38260800,
0998.HK,1/3/2025,5.26,32562150,
0998.HK,1/6/2025,5.26,18784031,
0998.HK,1/7/2025,5.25,27126434,
0998.HK,1/8/2025,5.28,34329528,
0998.HK,1/9/2025,5.28,26279063,
0998.HK,1/10/2025,5.21,28214940,
0998.HK,1/13/2025,5.17,30381383,
0998.HK,1/14/2025,5.17,28763249,
0998.HK,1/15/2025,5.26,47570293,
0998.HK,1/16/2025,5.34,31195425,
0998.HK,1/17/2025,5.25,32679066,
0998.HK,1/20/2025,5.37,34716134,
0998.HK,1/21/2025,5.43,23873479,
0998.HK,1/22/2025,5.37,40522445,
0998.HK,1/23/2025,5.47,40516047,
0998.HK,1/24/2025,5.48,46751230,
0998.HK,1/27/2025,5.54,48896523,
0998.HK,1/28/2025,5.56,8799550,
0998.HK,2/3/2025,5.47,21498351,
0998.HK,2/4/2025,5.47,12290968,
0998.HK,2/5/2025,5.54,61017270,
0998.HK,2/6/2025,5.54,32440027,
0998.HK,2/7/2025,5.55,35728220,
0998.HK,2/10/2025,5.47,60263183,
0998.HK,2/11/2025,5.48,27998148,
0998.HK,2/12/2025,5.58,37318229,
0998.HK,2/13/2025,5.54,40044286,
0998.HK,2/14/2025,5.51,41002846,
0998.HK,2/17/2025,5.7,65933595,
0998.HK,2/18/2025,5.73,42336470,
0998.HK,2/19/2025,5.7,29127790,
0998.HK,2/20/2025,5.73,22638640,
0998.HK,2/21/2025,5.72,26690022,
0998.HK,2/24/2025,5.75,28575338,
0998.HK,2/25/2025,5.6,39712480,
0998.HK,2/26/2025,5.76,43956677,
0998.HK,2/27/2025,5.78,33191436,
0998.HK,2/28/2025,5.72,60288668,
0998.HK,3/3/2025,5.81,44728072,
0998.HK,3/4/2025,5.82,31487369,
0998.HK,3/5/2025,5.94,50221908,
0998.HK,3/6/2025,5.88,29647941,
0998.HK,3/7/2025,5.9,27030128,
0998.HK,3/10/2025,5.84,35955402,
0998.HK,3/11/2025,5.87,25815137,
0998.HK,3/12/2025,6,41659702,
0998.HK,3/13/2025,6.01,50843110,
0998.HK,3/14/2025,6.21,56412217,
0998.HK,3/17/2025,6.22,40296219,
0998.HK,3/18/2025,6.33,41094045,
0998.HK,3/19/2025,6.33,29157925,
0998.HK,3/20/2025,6.25,34517509,
0998.HK,3/21/2025,6.18,43813723,
0998.HK,3/24/2025,6.24,37513823,
0998.HK,3/25/2025,6.2,28522081,
0998.HK,3/26/2025,6.13,46591944,
0998.HK,3/27/2025,6.11,39469325,
0998.HK,3/28/2025,6.04,28700546,
0998.HK,3/31/2025,6.09,40231193,
0998.HK,4/1/2025,6.19,28293320,
0998.HK,4/2/2025,6.19,33682052,
0998.HK,4/3/2025,6.15,45381176,
0998.HK,4/7/2025,5.56,110868392,
0998.HK,4/8/2025,5.67,82573117,
0998.HK,4/9/2025,5.62,67466380,
0998.HK,4/10/2025,5.7,50332369,
0998.HK,4/11/2025,5.92,58092720,
0998.HK,4/14/2025,6.01,28854889,
0998.HK,4/15/2025,6.06,30559408,
0998.HK,4/16/2025,6.04,25511616,
0998.HK,4/17/2025,6.07,34164058,
0998.HK,4/22/2025,6.14,28694781,
0998.HK,4/23/2025,6.09,19136502,
0998.HK,4/24/2025,6.1,20002064,
0998.HK,4/25/2025,6.08,33213894,
0998.HK,4/28/2025,6.13,31759009,
0998.HK,4/29/2025,6.08,21031602,
0998.HK,4/30/2025,6.13,57564973,
0998.HK,5/2/2025,6.08,17104333,
0998.HK,5/6/2025,6.13,32595912,
0998.HK,5/7/2025,6.17,40369505,
0998.HK,5/8/2025,6.17,35054450,
0998.HK,5/9/2025,6.26,37965822,
0998.HK,5/12/2025,6.33,39998282,
0998.HK,5/13/2025,6.46,67931335,
0998.HK,5/14/2025,6.59,85380089,
0998.HK,5/15/2025,6.57,33620881,
0998.HK,5/16/2025,6.48,23948409,
0998.HK,5/19/2025,6.46,24123434,
0998.HK,5/20/2025,6.53,27703003,
0998.HK,5/21/2025,6.61,29603355,
0998.HK,5/22/2025,6.74,41713552,
0998.HK,5/23/2025,6.75,41295626,
0998.HK,5/26/2025,6.65,23916456,
0998.HK,5/27/2025,6.64,43062419,
0998.HK,5/28/2025,6.69,55015044,
0998.HK,5/29/2025,6.79,37674447,
0998.HK,5/30/2025,6.91,138120188,
0998.HK,6/2/2025,6.76,25731364,
0998.HK,6/3/2025,7.13,85145757,
0998.HK,6/4/2025,7.1,71391763,
0998.HK,6/5/2025,7.17,49633352,
0998.HK,6/6/2025,7.21,64599916,
0998.HK,6/9/2025,7.22,66188311,
0998.HK,6/10/2025,7.27,64641169,
0998.HK,6/11/2025,7.41,57907398,
0998.HK,6/12/2025,7.38,42001119,
0998.HK,6/13/2025,7.49,69140169,
0998.HK,6/16/2025,7.55,58848546,
0998.HK,6/17/2025,7.61,60519659,
0998.HK,6/18/2025,7.76,68338534,
0998.HK,6/19/2025,7.75,112747874,
0998.HK,6/20/2025,7.82,94724936,
0998.HK,6/23/2025,7.82,54148440,
0998.HK,6/24/2025,7.87,76716349,
0998.HK,6/25/2025,7.81,72911701,
0998.HK,6/26/2025,7.76,62619818,
0998.HK,6/27/2025,7.66,105121482,
0998.HK,6/30/2025,7.48,88034829,
0998.HK,7/1/2025,7.48,0,0.052733
0998.HK,7/2/2025,7.69,70491705,
0998.HK,7/3/2025,7.71,44729374,
0998.HK,7/4/2025,7.76,42041651,
0998.HK,7/7/2025,7.84,34564712,
0998.HK,7/8/2025,7.78,48984951,
0998.HK,7/9/2025,7.72,37906408,
0998.HK,7/10/2025,8,66379943,
0998.HK,7/11/2025,7.83,46292105,
0998.HK,7/14/2025,7.96,53340876,
0998.HK,7/15/2025,7.65,60801924,
0998.HK,7/16/2025,7.57,60772554,
0998.HK,7/17/2025,7.51,40610684,
0998.HK,7/18/2025,7.58,50591348,
0998.HK,7/21/2025,7.62,43928386,
0998.HK,7/22/2025,7.5,81473399,
0998.HK,7/23/2025,7.66,66216900,
0998.HK,7/24/2025,7.63,78235683,
0998.HK,7/25/2025,7.5,46648803,
0998.HK,7/28/2025,7.51,43124726,
0998.HK,7/29/2025,7.35,34464444,
0998.HK,7/30/2025,7.34,42621713,
0998.HK,7/31/2025,7.31,52670339,
0998.HK,8/1/2025,7.29,32792524,
0998.HK,8/4/2025,7.36,14861523,
0998.HK,8/5/2025,7.59,36174404,
0998.HK,8/6/2025,7.44,28928477,
0998.HK,8/7/2025,7.52,21104493,
0998.HK,8/8/2025,7.52,13115214,
0998.HK,8/11/2025,7.49,23758564,
0998.HK,8/12/2025,7.63,23253851,
0998.HK,8/13/2025,7.56,27439914,
0998.HK,8/14/2025,7.4,30795287,
0998.HK,8/15/2025,7.27,69079250,
0998.HK,8/18/2025,7.27,40216335,
0998.HK,8/19/2025,7.26,25502707,
0998.HK,8/20/2025,7.35,31241173,
0998.HK,8/21/2025,7.32,31853335,
0998.HK,8/22/2025,7.22,40321722,
0998.HK,8/25/2025,7.1,78823634,
0998.HK,8/26/2025,6.98,53213696,
0998.HK,8/27/2025,6.86,45084423,
0998.HK,8/28/2025,7.08,55510218,
0998.HK,8/29/2025,6.96,39239090,
0998.HK,9/1/2025,6.87,39930745,
0998.HK,9/2/2025,7,45197753,
0998.HK,9/3/2025,6.94,21133176,
0998.HK,9/4/2025,6.97,30626251,
0998.HK,9/5/2025,7.04,21733323,
0998.HK,9/8/2025,7.07,24469511,
0998.HK,9/9/2025,7.19,33250098,
0998.HK,9/10/2025,7.35,29269101,
0998.HK,9/11/2025,7.32,44364248,
0998.HK,9/12/2025,7.27,32016691,
0998.HK,9/15/2025,7.17,33515818,
0998.HK,9/16/2025,7.07,34973016,
0998.HK,9/17/2025,7.02,35060301,
0998.HK,9/18/2025,6.89,29095879,
0998.HK,9/19/2025,6.93,47211002,
0998.HK,9/22/2025,6.87,30656638,
0998.HK,9/23/2025,6.83,24818137,
0998.HK,9/24/2025,6.8,31083195,
0998.HK,9/25/2025,6.61,38071373,
0998.HK,9/26/2025,6.73,36258994,
0998.HK,9/29/2025,6.76,25147422,
0998.HK,9/30/2025,6.69,32415148,
0998.HK,10/2/2025,6.69,6806971,
0998.HK,10/3/2025,6.65,6290091,
0998.HK,10/6/2025,6.64,4076336,
0998.HK,10/8/2025,6.6,13042401,
0998.HK,10/9/2025,6.7,22648778,
0998.HK,10/10/2025,6.77,25103934,
0998.HK,10/13/2025,6.82,42648218,
0998.HK,10/14/2025,7.02,48029003,
0998.HK,10/15/2025,7.08,51412911,
0998.HK,10/16/2025,7.29,34149793,
0998.HK,10/17/2025,7.16,33297715,
0998.HK,10/20/2025,7.17,33649939,
0998.HK,10/21/2025,7.34,25706228,
0998.HK,10/22/2025,7.43,21811486,
0998.HK,10/23/2025,7.5,31132023,
0998.HK,10/24/2025,7.52,20225534,
0998.HK,10/27/2025,7.58,27098818,
0998.HK,10/28/2025,7.53,23318999,
0998.HK,10/29/2025,7.53,0,0.052383
0998.HK,10/30/2025,7.5,42012425,
0998.HK,10/31/2025,7.41,59221757,
0998.HK,11/3/2025,7.32,55040946,
0998.HK,11/4/2025,7.4,80126422,
0998.HK,11/5/2025,7.33,20592038,
0998.HK,11/6/2025,7.29,20006831,
0998.HK,11/7/2025,7.38,17772556,
0998.HK,11/10/2025,7.55,30334155,
0998.HK,11/11/2025,7.55,18208743,
0998.HK,11/12/2025,7.58,23016799,
0998.HK,11/13/2025,7.62,18820258,
0998.HK,11/14/2025,7.53,20623725,
0998.HK,11/17/2025,7.49,12128594,
0998.HK,11/18/2025,7.31,20816216,
0998.HK,11/19/2025,7.32,35607820,
0998.HK,11/20/2025,7.35,20852453,
0998.HK,11/21/2025,7.27,31905408,
0998.HK,11/24/2025,7.28,57856555,
0998.HK,11/25/2025,7.44,24219711,
0998.HK,11/26/2025,7.39,16791811,
0998.HK,11/27/2025,7.3,23087737,
0998.HK,11/28/2025,7.17,25714094,
0998.HK,12/1/2025,7.17,29757026,
0998.HK,12/2/2025,7.24,30361139,
0998.HK,12/3/2025,7.16,24257193,
0998.HK,12/4/2025,7.18,41636609,
0998.HK,12/5/2025,7.15,26619132,
0998.HK,12/8/2025,7.06,22849393,
0998.HK,12/9/2025,6.99,21452507,
0998.HK,12/10/2025,6.98,32794257,
0998.HK,12/11/2025,6.99,36895100,
0998.HK,12/12/2025,7,20729105,
0998.HK,12/15/2025,7.01,18294903,
0998.HK,12/16/2025,6.86,18536452,
0998.HK,12/17/2025,6.89,16623563,
0998.HK,12/18/2025,6.97,21435320,
0998.HK,12/19/2025,6.91,26589867,
0998.HK,12/22/2025,6.91,23550472,
0998.HK,12/23/2025,6.91,25118120,
0998.HK,12/24/2025,6.85,13883689,
0998.HK,12/25/2025,6.85,0,0.057583
0998.HK,12/26/2025,6.85,0,0.057583
0998.HK,12/29/2025,6.91,26442850,
0998.HK,12/30/2025,6.94,32631238,
0998.HK,12/31/2025,6.94,10900508,
0998.HK,1/2/2026,7.05,5738028,
0998.HK,1/5/2026,6.96,25636747,
0998.HK,1/6/2026,6.97,27047918,
0998.HK,1/7/2026,6.99,30382495,
0998.HK,1/8/2026,6.88,12462894,
0998.HK,1/9/2026,6.87,18446588,
0998.HK,1/12/2026,6.89,26815077,
0998.HK,1/13/2026,7.14,37389259,
0998.HK,1/14/2026,7.08,41245391,
0998.HK,1/15/2026,7.17,19871636,
0998.HK,1/16/2026,7.1,18297210,
0998.HK,1/19/2026,7.1,20388500,
0998.HK,1/20/2026,7.17,15201952,
0998.HK,1/21/2026,7,17143204,
0998.HK,1/22/2026,7.09,26460256,
0998.HK,1/23/2026,6.93,22650383,
0998.HK,1/26/2026,6.99,16890125,
0998.HK,1/27/2026,7.22,34702826,
0998.HK,1/28/2026,7.3,35448635,
0998.HK,1/29/2026,7.4,30308883,
0998.HK,1/30/2026,7.28,26377045,
0998.HK,2/2/2026,7.26,15972904,
0998.HK,2/3/2026,7.18,14708428,
0998.HK,2/4/2026,7.18,19873800,
0998.HK,2/5/2026,7.29,19920423,
0998.HK,2/6/2026,7.35,22617813,
0998.HK,2/9/2026,7.35,22122506,
0998.HK,2/10/2026,7.58,22368925,
0998.HK,2/11/2026,7.57,22634531,
0998.HK,2/12/2026,7.4,11717666,
0998.HK,2/13/2026,7.34,16990467,
0998.HK,2/16/2026,7.28,3866289,
0998.HK,2/20/2026,7.34,11457950,
0998.HK,2/23/2026,7.48,7853500,
0998.HK,2/24/2026,7.39,20986207,
0998.HK,2/25/2026,7.32,23500918,
0998.HK,2/26/2026,7.24,15439237,
0998.HK,2/27/2026,7.21,20228293,
0998.HK,3/2/2026,7.12,28124074,
0998.HK,3/3/2026,7.13,16922280,
0998.HK,3/4/2026,6.93,48743681,
0998.HK,3/5/2026,7.05,15110702,
0998.HK,3/6/2026,7.15,16491827,
0998.HK,3/9/2026,7.04,19768577,
0998.HK,3/10/2026,6.98,43317283,
0998.HK,3/11/2026,6.98,38538629,
0998.HK,3/12/2026,7.03,43205800,
0998.HK,3/13/2026,7.13,24065000,
0998.HK,3/16/2026,7.14,22696240,
0998.HK,3/17/2026,7.38,33112636,
0998.HK,3/18/2026,7.52,37745015,
0998.HK,3/19/2026,7.4,41191318,
0998.HK,3/20/2026,7.37,54074950,
0998.HK,3/23/2026,7.25,44363239,
0998.HK,3/24/2026,7.63,59778339,
0998.HK,3/25/2026,7.92,62503330,
0998.HK,3/26/2026,7.87,34912672,
0998.HK,3/27/2026,7.85,26316249,
0998.HK,3/30/2026,7.86,22458508,
0998.HK,3/31/2026,7.9,25345289,
0998.HK,4/1/2026,7.87,23466688,
0998.HK,4/2/2026,7.92,16038560,
0998.HK,4/3/2026,7.92,0,0.053893
0998.HK,4/7/2026,7.92,0,0.053893
0998.HK,4/8/2026,7.91,29598463,
0998.HK,4/9/2026,7.9,19117808,
0998.HK,4/10/2026,7.91,15248818,
0998.HK,4/13/2026,7.99,14124533,
0998.HK,4/14/2026,8.08,34351503,
0998.HK,4/15/2026,8.18,23369625,
0998.HK,4/16/2026,8.09,16005151,
0998.HK,4/17/2026,8.06,16763247,
0998.HK,4/20/2026,8.22,25684376,
0998.HK,4/21/2026,8.37,23755837,
0998.HK,4/22/2026,8.24,30700904,
0998.HK,4/23/2026,8.28,21871827,
0998.HK,4/24/2026,8.34,26172284,
0998.HK,4/27/2026,8.27,18615404,
0998.HK,4/28/2026,8.23,59933209,
0998.HK,4/29/2026,8.26,51722799,
0998.HK,4/30/2026,8.2,60773208,
0998.HK,5/4/2026,8.15,10489681,
0998.HK,5/5/2026,8.07,9871399,
0998.HK,5/6/2026,8.33,36784672,
0998.HK,5/7/2026,8.36,40075656,
0998.HK,5/8/2026,8.34,34606401,
0998.HK,5/11/2026,8.55,63695701,
0998.HK,5/12/2026,8.48,29975331,
0998.HK,5/13/2026,8.45,34741183,
0998.HK,5/14/2026,8.27,27286296,
0998.HK,5/15/2026,8.21,23166000,
0998.HK,5/18/2026,7.92,14422500,
0998.HK,5/19/2026,7.9,23226227,
0998.HK,5/20/2026,7.77,35157230,
0998.HK,5/21/2026,7.7,56735383,
0998.HK,5/22/2026,7.61,21635890,
0998.HK,5/25/2026,7.61,0,0.056088
0998.HK,5/26/2026,7.45,28414121,
0998.HK,5/27/2026,7.35,22637414,
0998.HK,5/28/2026,7.21,45170466,
0998.HK,5/29/2026,7.29,78364065,
0998.HK,6/1/2026,7.31,33269624,
0998.HK,6/2/2026,7.42,42936298,
0998.HK,6/3/2026,7.38,19452534,
0998.HK,6/4/2026,7.33,35111904,0.05823
0998.HK,6/5/2026,7.46,33475896,0.057216
0998.HK,6/8/2026,7.63,29052563,0.055941
0998.HK,6/9/2026,7.64,45524558,0.055868
0998.HK,6/10/2026,7.69,53419068,0.055504
0998.HK,6/11/2026,7.54,38764096,0.056609
1071.HK,6/3/2024,4.58,6417960,
1071.HK,6/4/2024,4.79,12628000,
1071.HK,6/5/2024,4.69,6320448,
1071.HK,6/6/2024,4.94,22998000,
1071.HK,6/7/2024,5.13,22622660,
1071.HK,6/11/2024,4.96,12088000,
1071.HK,6/12/2024,5.09,7902000,
1071.HK,6/13/2024,5.29,20350816,
1071.HK,6/14/2024,5.27,37244064,
1071.HK,6/17/2024,4.93,51582703,
1071.HK,6/18/2024,4.97,14134000,
1071.HK,6/19/2024,4.95,17141000,
1071.HK,6/20/2024,4.83,9918000,
1071.HK,6/21/2024,4.69,12717679,
1071.HK,6/24/2024,4.72,18230000,
1071.HK,6/25/2024,4.71,15644000,
1071.HK,6/26/2024,4.68,18306000,
1071.HK,6/27/2024,4.53,14852000,
1071.HK,6/28/2024,4.73,18680515,
1071.HK,7/2/2024,4.92,28486000,
1071.HK,7/3/2024,4.91,13321102,
1071.HK,7/4/2024,4.82,10550000,
1071.HK,7/5/2024,4.77,7736000,
1071.HK,7/8/2024,4.82,14141864,
1071.HK,7/9/2024,4.7,13682000,
1071.HK,7/10/2024,4.43,36205638,
1071.HK,7/11/2024,4.18,59551433,
1071.HK,7/12/2024,4.07,49873896,
1071.HK,7/15/2024,4.07,27007273,
1071.HK,7/16/2024,3.98,20882000,
1071.HK,7/17/2024,3.79,46600125,
1071.HK,7/18/2024,3.83,21762000,
1071.HK,7/19/2024,3.83,55857756,
1071.HK,7/22/2024,4.04,31962000,
1071.HK,7/23/2024,3.96,25206000,
1071.HK,7/24/2024,4.05,19802000,
1071.HK,7/25/2024,4.02,11306000,
1071.HK,7/26/2024,4.18,19959581,
1071.HK,7/29/2024,4.15,11226000,
1071.HK,7/30/2024,4.03,12080000,
1071.HK,7/31/2024,4.02,26940000,
1071.HK,8/1/2024,4,8622191,
1071.HK,8/2/2024,3.9,29615116,
1071.HK,8/5/2024,3.82,22264000,
1071.HK,8/6/2024,3.97,20530000,
1071.HK,8/7/2024,4.02,14958000,
1071.HK,8/8/2024,4.02,9680000,
1071.HK,8/9/2024,4.05,10182000,
1071.HK,8/12/2024,4.01,7782923,
1071.HK,8/13/2024,4.04,9839955,
1071.HK,8/14/2024,4.11,16028000,
1071.HK,8/15/2024,4.19,18769800,
1071.HK,8/16/2024,4.15,10174000,
1071.HK,8/19/2024,4.12,12086000,
1071.HK,8/20/2024,4.04,5908147,
1071.HK,8/21/2024,3.97,20456000,
1071.HK,8/22/2024,4.14,22530000,
1071.HK,8/23/2024,4.11,15944000,
1071.HK,8/26/2024,4.04,14564000,
1071.HK,8/27/2024,4.14,13568000,
1071.HK,8/28/2024,4.29,28254880,
1071.HK,8/29/2024,4.17,17552000,
1071.HK,8/30/2024,4.12,13311974,
1071.HK,9/2/2024,4.19,10736200,
1071.HK,9/3/2024,4.14,10978258,
1071.HK,9/4/2024,4.04,12590213,
1071.HK,9/5/2024,4.04,8592770,
1071.HK,9/9/2024,3.84,31271952,
1071.HK,9/10/2024,3.76,10848000,
1071.HK,9/11/2024,3.66,17450170,
1071.HK,9/12/2024,3.67,11806518,
1071.HK,9/13/2024,3.78,10084000,
1071.HK,9/16/2024,3.8,1572000,
1071.HK,9/17/2024,3.81,1361305,
1071.HK,9/19/2024,3.89,7791952,
1071.HK,9/20/2024,3.9,17586566,
1071.HK,9/23/2024,4.08,12370000,
1071.HK,9/24/2024,4.24,15672000,
1071.HK,9/25/2024,4.24,34095271,
1071.HK,9/26/2024,4.39,28507994,
1071.HK,9/27/2024,4.37,32051781,
1071.HK,9/30/2024,4.42,36878831,
1071.HK,10/2/2024,4.4,11560658,
1071.HK,10/3/2024,4.36,5732000,
1071.HK,10/4/2024,4.61,10487280,
1071.HK,10/7/2024,4.76,9484004,
1071.HK,10/8/2024,4.38,35541601,
1071.HK,10/9/2024,4.26,44891288,
1071.HK,10/10/2024,4.45,19594613,
1071.HK,10/14/2024,4.29,20054312,
1071.HK,10/15/2024,4.12,14046956,
1071.HK,10/16/2024,4.22,19590000,
1071.HK,10/17/2024,4.05,8946610,
1071.HK,10/18/2024,4.12,20402365,
1071.HK,10/21/2024,4.05,21305780,
1071.HK,10/22/2024,4.23,29952000,
1071.HK,10/23/2024,4.1,22150000,
1071.HK,10/24/2024,4.03,30269720,
1071.HK,10/25/2024,3.93,35442040,
1071.HK,10/28/2024,3.89,24352000,
1071.HK,10/29/2024,3.79,28624000,
1071.HK,10/30/2024,3.72,24841039,
1071.HK,10/31/2024,3.87,26066000,
1071.HK,11/1/2024,3.77,29622000,
1071.HK,11/4/2024,3.85,10594000,
1071.HK,11/5/2024,3.86,18354000,
1071.HK,11/6/2024,3.81,11620000,
1071.HK,11/7/2024,3.94,18652525,
1071.HK,11/8/2024,3.9,25082000,
1071.HK,11/11/2024,3.8,21044806,
1071.HK,11/12/2024,3.68,37354452,
1071.HK,11/13/2024,3.69,32788000,
1071.HK,11/14/2024,3.6,16348820,
1071.HK,11/15/2024,3.6,21317266,
1071.HK,11/18/2024,3.64,16724036,
1071.HK,11/19/2024,3.56,24238734,
1071.HK,11/20/2024,3.61,14430000,
1071.HK,11/21/2024,3.6,4994000,
1071.HK,11/22/2024,3.52,7998000,
1071.HK,11/25/2024,3.49,9118324,
1071.HK,11/26/2024,3.47,4581253,
1071.HK,11/27/2024,3.51,5938000,
1071.HK,11/28/2024,3.45,10258630,
1071.HK,11/29/2024,3.46,8062000,
1071.HK,12/2/2024,3.45,13390200,
1071.HK,12/3/2024,3.65,37610000,
1071.HK,12/4/2024,3.7,14682434,
1071.HK,12/5/2024,3.73,18060000,
1071.HK,12/6/2024,3.8,17431272,
1071.HK,12/9/2024,3.86,14317689,
1071.HK,12/10/2024,3.75,11180000,
1071.HK,12/11/2024,3.87,16327089,
1071.HK,12/12/2024,3.86,9226000,
1071.HK,12/13/2024,3.79,19182000,
1071.HK,12/16/2024,3.85,18814000,
1071.HK,12/17/2024,3.75,13093724,
1071.HK,12/18/2024,3.89,18757000,
1071.HK,12/19/2024,3.91,11307313,
1071.HK,12/20/2024,3.87,9775964,
1071.HK,12/23/2024,4.02,26107000,
1071.HK,12/24/2024,3.98,10822000,
1071.HK,12/27/2024,3.91,30682000,
1071.HK,12/30/2024,3.94,16760603,
1071.HK,12/31/2024,4,9038000,
1071.HK,1/2/2025,3.89,13838000,
1071.HK,1/3/2025,3.75,27754000,
1071.HK,1/6/2025,3.78,11604000,
1071.HK,1/7/2025,3.69,14234000,
1071.HK,1/8/2025,3.69,14501053,
1071.HK,1/9/2025,3.73,13406274,
1071.HK,1/10/2025,3.58,14669149,
1071.HK,1/13/2025,3.71,23634505,
1071.HK,1/14/2025,3.78,13720692,
1071.HK,1/15/2025,3.77,8572000,
1071.HK,1/16/2025,3.78,11032000,
1071.HK,1/17/2025,3.84,11192000,
1071.HK,1/20/2025,3.74,19986000,
1071.HK,1/21/2025,3.77,5939555,
1071.HK,1/22/2025,3.79,6732000,
1071.HK,1/23/2025,3.84,6112000,
1071.HK,1/24/2025,3.85,6606000,
1071.HK,1/27/2025,3.88,5185672,
1071.HK,1/28/2025,3.81,412000,
1071.HK,2/3/2025,3.84,1296000,
1071.HK,2/4/2025,3.81,1306000,
1071.HK,2/5/2025,3.84,3110000,
1071.HK,2/6/2025,3.85,3548100,
1071.HK,2/7/2025,3.8,8492111,
1071.HK,2/10/2025,3.74,11187441,
1071.HK,2/11/2025,3.64,25028000,
1071.HK,2/12/2025,3.65,17174246,
1071.HK,2/13/2025,3.68,16160240,
1071.HK,2/14/2025,3.7,7793000,
1071.HK,2/17/2025,3.86,17762000,
1071.HK,2/18/2025,3.95,17682000,
1071.HK,2/19/2025,3.92,8350000,
1071.HK,2/20/2025,4.08,50250695,
1071.HK,2/21/2025,4.11,22674000,
1071.HK,2/24/2025,4.1,11657600,
1071.HK,2/25/2025,4.23,26148000,
1071.HK,2/26/2025,4.29,15512846,
1071.HK,2/27/2025,4.29,15232000,
1071.HK,2/28/2025,4.26,13116000,
1071.HK,3/3/2025,4.29,10372000,
1071.HK,3/4/2025,4.25,9904000,
1071.HK,3/5/2025,4.21,9030000,
1071.HK,3/6/2025,4.1,19230786,
1071.HK,3/7/2025,4.16,12344000,
1071.HK,3/10/2025,4.19,10387620,
1071.HK,3/11/2025,4.32,17564050,
1071.HK,3/12/2025,4.35,11342028,
1071.HK,3/13/2025,4.31,7230000,
1071.HK,3/14/2025,4.32,9647691,
1071.HK,3/17/2025,4.36,10537418,
1071.HK,3/18/2025,4.33,6429810,
1071.HK,3/19/2025,4.4,9681000,
1071.HK,3/20/2025,4.54,20569864,
1071.HK,3/21/2025,4.39,14180071,
1071.HK,3/24/2025,4.48,5095290,
1071.HK,3/25/2025,4.54,8797930,
1071.HK,3/26/2025,4.44,9812917,
1071.HK,3/27/2025,4.39,9720755,
1071.HK,3/28/2025,4.43,8906000,
1071.HK,3/31/2025,4.52,14322000,
1071.HK,4/1/2025,4.47,9394000,
1071.HK,4/2/2025,4.47,6438504,
1071.HK,4/3/2025,4.44,16245256,
1071.HK,4/7/2025,3.98,20580000,
1071.HK,4/8/2025,4.09,14880000,
1071.HK,4/9/2025,4.18,15904000,
1071.HK,4/10/2025,4.17,7308233,
1071.HK,4/11/2025,4.13,6378000,
1071.HK,4/14/2025,4.24,5222000,
1071.HK,4/15/2025,4.33,13036000,
1071.HK,4/16/2025,4.28,5687840,
1071.HK,4/17/2025,4.29,6064000,
1071.HK,4/22/2025,4.36,5263083,
1071.HK,4/23/2025,4.38,5378433,
1071.HK,4/24/2025,4.48,10168000,
1071.HK,4/25/2025,4.56,13494000,
1071.HK,4/28/2025,4.59,22200000,
1071.HK,4/29/2025,4.5,10748000,
1071.HK,4/30/2025,4.34,12872866,
1071.HK,5/2/2025,4.47,2446000,
1071.HK,5/6/2025,4.5,10942000,
1071.HK,5/7/2025,4.38,13151500,
1071.HK,5/8/2025,4.41,4236000,
1071.HK,5/9/2025,4.52,14527240,
1071.HK,5/12/2025,4.54,5752066,
1071.HK,5/13/2025,4.49,3024433,
1071.HK,5/14/2025,4.48,4394000,
1071.HK,5/15/2025,4.5,8754000,
1071.HK,5/16/2025,4.45,6164000,
1071.HK,5/19/2025,4.41,8686729,
1071.HK,5/20/2025,4.53,12988000,
1071.HK,5/21/2025,4.55,13158000,
1071.HK,5/22/2025,4.39,20953030,
1071.HK,5/23/2025,4.35,10292151,
1071.HK,5/26/2025,4.49,12874000,
1071.HK,5/27/2025,4.61,15520000,
1071.HK,5/28/2025,4.59,9433326,
1071.HK,5/29/2025,4.55,10314000,
1071.HK,5/30/2025,4.55,5778000,
1071.HK,6/2/2025,4.41,4638000,
1071.HK,6/3/2025,4.51,9472000,
1071.HK,6/4/2025,4.57,8480000,
1071.HK,6/5/2025,4.45,31872000,
1071.HK,6/6/2025,4.56,12462000,
1071.HK,6/9/2025,4.59,6722000,
1071.HK,6/10/2025,4.73,14576000,
1071.HK,6/11/2025,4.79,9361561,
1071.HK,6/12/2025,4.75,10894000,
1071.HK,6/13/2025,4.78,9286000,
1071.HK,6/16/2025,4.71,8839000,
1071.HK,6/17/2025,4.79,13342000,
1071.HK,6/18/2025,4.76,6122000,
1071.HK,6/19/2025,4.37,19104232,
1071.HK,6/20/2025,4.38,10495720,
1071.HK,6/23/2025,4.32,8594998,
1071.HK,6/24/2025,4.33,7436000,
1071.HK,6/25/2025,4.4,11140206,
1071.HK,6/26/2025,4.3,20298000,
1071.HK,6/27/2025,4.12,51506000,
1071.HK,6/30/2025,4.16,29418000,
1071.HK,7/1/2025,4.16,0,0.057825
1071.HK,7/2/2025,4.26,21878000,
1071.HK,7/3/2025,4.29,6026000,
1071.HK,7/4/2025,4.25,12810000,
1071.HK,7/7/2025,4.41,33956000,
1071.HK,7/8/2025,4.34,22778000,
1071.HK,7/9/2025,4.29,15208000,
1071.HK,7/10/2025,4.27,12342214,
1071.HK,7/11/2025,4.22,29670000,
1071.HK,7/14/2025,4.28,14039500,
1071.HK,7/15/2025,4.31,16384000,
1071.HK,7/16/2025,4.32,15978236,
1071.HK,7/17/2025,4.25,12555500,
1071.HK,7/18/2025,4.25,8303500,
1071.HK,7/21/2025,4.28,23712806,
1071.HK,7/22/2025,4.34,25521126,
1071.HK,7/23/2025,4.3,16142602,
1071.HK,7/24/2025,4.26,24274000,
1071.HK,7/25/2025,4.21,16930000,
1071.HK,7/28/2025,4.2,6929920,
1071.HK,7/29/2025,4.17,16329960,
1071.HK,7/30/2025,4.29,37895960,
1071.HK,7/31/2025,4.22,27508000,
1071.HK,8/1/2025,4.2,8800220,
1071.HK,8/4/2025,4.2,6577466,
1071.HK,8/5/2025,4.29,11487921,
1071.HK,8/6/2025,4.26,8182000,
1071.HK,8/7/2025,4.3,5454000,
1071.HK,8/8/2025,4.42,39080761,
1071.HK,8/11/2025,4.35,12584000,
1071.HK,8/12/2025,4.36,3504096,
1071.HK,8/13/2025,4.36,17902000,
1071.HK,8/14/2025,4.36,18480000,
1071.HK,8/15/2025,4.4,8650000,
1071.HK,8/18/2025,4.35,20985109,
1071.HK,8/19/2025,4.37,11733000,
1071.HK,8/20/2025,4.41,10937000,
1071.HK,8/21/2025,4.45,16083412,
1071.HK,8/22/2025,4.43,7868052,
1071.HK,8/25/2025,4.49,14024000,
1071.HK,8/26/2025,4.47,8765105,
1071.HK,8/27/2025,4.43,13408146,
1071.HK,8/28/2025,4.39,12476547,
1071.HK,8/29/2025,4.28,25869000,
1071.HK,9/1/2025,4.35,13612000,
1071.HK,9/2/2025,4.46,28616000,
1071.HK,9/3/2025,4.45,6933726,
1071.HK,9/4/2025,4.46,8418000,
1071.HK,9/5/2025,4.5,10974000,
1071.HK,9/8/2025,4.55,12058000,
1071.HK,9/9/2025,4.54,15592632,
1071.HK,9/10/2025,4.55,10309980,
1071.HK,9/11/2025,4.63,28072000,
1071.HK,9/12/2025,4.57,5849118,
1071.HK,9/15/2025,4.55,5192000,
1071.HK,9/16/2025,4.49,5666000,
1071.HK,9/17/2025,4.48,5757000,
1071.HK,9/18/2025,4.34,17466000,
1071.HK,9/19/2025,4.32,12124000,
1071.HK,9/22/2025,4.25,23796000,
1071.HK,9/23/2025,4.23,11636000,
1071.HK,9/24/2025,4.22,12658000,
1071.HK,9/25/2025,4.17,15676159,
1071.HK,9/26/2025,4.17,12452500,
1071.HK,9/29/2025,4.21,8326134,
1071.HK,9/30/2025,4.19,10881033,
1071.HK,10/2/2025,4.09,5496000,
1071.HK,10/3/2025,4.12,4866999,
1071.HK,10/6/2025,4.11,1618000,
1071.HK,10/8/2025,4.14,2170033,
1071.HK,10/9/2025,4.21,10030000,
1071.HK,10/10/2025,4.23,10758464,
1071.HK,10/13/2025,4.24,8950820,
1071.HK,10/14/2025,4.27,15874000,
1071.HK,10/15/2025,4.32,7225587,
1071.HK,10/16/2025,4.37,15584410,
1071.HK,10/17/2025,4.36,13000530,
1071.HK,10/20/2025,4.34,6720200,
1071.HK,10/21/2025,4.4,21956000,
1071.HK,10/22/2025,4.4,7124057,
1071.HK,10/23/2025,4.42,16583098,
1071.HK,10/24/2025,4.34,14757300,
1071.HK,10/27/2025,4.42,10538420,
1071.HK,10/28/2025,4.42,13217936,
1071.HK,10/29/2025,4.42,0,0.054423
1071.HK,10/30/2025,4.6,45023943,
1071.HK,10/31/2025,4.58,18817000,
1071.HK,11/3/2025,4.66,14266586,
1071.HK,11/4/2025,4.73,24390000,
1071.HK,11/5/2025,4.79,9740869,
1071.HK,11/6/2025,4.84,11049283,
1071.HK,11/7/2025,4.75,12053342,
1071.HK,11/10/2025,4.65,16663760,
1071.HK,11/11/2025,4.64,16819412,
1071.HK,11/12/2025,4.72,12845645,
1071.HK,11/13/2025,4.66,8206000,
1071.HK,11/14/2025,4.55,5579968,
1071.HK,11/17/2025,4.51,11744880,
1071.HK,11/18/2025,4.53,13182960,
1071.HK,11/19/2025,4.53,8234000,
1071.HK,11/20/2025,4.54,5785100,
1071.HK,11/21/2025,4.38,12909000,
1071.HK,11/24/2025,4.42,4896000,
1071.HK,11/25/2025,4.42,7875025,
1071.HK,11/26/2025,4.44,4056000,
1071.HK,11/27/2025,4.51,6927000,
1071.HK,11/28/2025,4.45,5982000,
1071.HK,12/1/2025,4.46,3448000,
1071.HK,12/2/2025,4.52,5390000,
1071.HK,12/3/2025,4.5,3933468,
1071.HK,12/4/2025,4.47,5690000,
1071.HK,12/5/2025,4.47,3798000,
1071.HK,12/8/2025,4.38,4824000,
1071.HK,12/9/2025,4.31,6398000,
1071.HK,12/10/2025,4.32,4288865,
1071.HK,12/11/2025,4.27,4362000,
1071.HK,12/12/2025,4.35,3230000,
1071.HK,12/15/2025,4.35,3114000,
1071.HK,12/16/2025,4.27,4949000,
1071.HK,12/17/2025,4.28,4166000,
1071.HK,12/18/2025,4.24,9328000,
1071.HK,12/19/2025,4.21,14217988,
1071.HK,12/22/2025,4.22,6715222,
1071.HK,12/23/2025,4.2,13470000,
1071.HK,12/24/2025,4.17,3714130,
1071.HK,12/25/2025,4.17,0,0.057686
1071.HK,12/26/2025,4.17,0,0.057686
1071.HK,12/29/2025,4.08,25170749,
1071.HK,12/30/2025,4.06,16349741,
1071.HK,12/31/2025,4.07,6320000,
1071.HK,1/2/2026,4.04,4008000,
1071.HK,1/5/2026,4.14,8772000,
1071.HK,1/6/2026,4.14,11246000,
1071.HK,1/7/2026,4.07,23129706,
1071.HK,1/8/2026,4.19,17884000,
1071.HK,1/9/2026,4.13,6040726,
1071.HK,1/12/2026,4.13,7748306,
1071.HK,1/13/2026,4.2,10508000,
1071.HK,1/14/2026,4.16,7819000,
1071.HK,1/15/2026,4.14,4838000,
1071.HK,1/16/2026,4.11,14417120,
1071.HK,1/19/2026,4.13,8760000,
1071.HK,1/20/2026,4.16,10169976,
1071.HK,1/21/2026,4.14,13069240,
1071.HK,1/22/2026,4.13,9212000,
1071.HK,1/23/2026,4.11,19874000,
1071.HK,1/26/2026,4.11,8757937,
1071.HK,1/27/2026,4.12,8424000,
1071.HK,1/28/2026,4.16,13280000,
1071.HK,1/29/2026,4.16,6823568,
1071.HK,1/30/2026,4.13,9073784,
1071.HK,2/2/2026,4,28511784,
1071.HK,2/3/2026,3.97,11853244,
1071.HK,2/4/2026,3.99,8770000,
1071.HK,2/5/2026,4,6359648,
1071.HK,2/6/2026,4.03,6061784,
1071.HK,2/9/2026,4.07,7257518,
1071.HK,2/10/2026,4.06,4107118,
1071.HK,2/11/2026,4.14,7369429,
1071.HK,2/12/2026,4.2,19619122,
1071.HK,2/13/2026,4.18,9218875,
1071.HK,2/16/2026,4.2,1762000,
1071.HK,2/20/2026,4.18,1486397,
1071.HK,2/23/2026,4.28,5430000,
1071.HK,2/24/2026,4.23,9624893,
1071.HK,2/25/2026,4.22,8074000,
1071.HK,2/26/2026,4.26,8592000,
1071.HK,2/27/2026,4.47,26483352,
1071.HK,3/2/2026,4.6,32540369,
1071.HK,3/3/2026,4.5,13820000,
1071.HK,3/4/2026,4.48,15231500,
1071.HK,3/5/2026,4.59,19151627,
1071.HK,3/6/2026,4.55,42838000,
1071.HK,3/9/2026,4.48,17722000,
1071.HK,3/10/2026,4.44,9194000,
1071.HK,3/11/2026,4.63,16095317,
1071.HK,3/12/2026,4.71,13790000,
1071.HK,3/13/2026,4.65,16150000,
1071.HK,3/16/2026,4.57,10240480,
1071.HK,3/17/2026,4.52,3508000,
1071.HK,3/18/2026,4.59,7528000,
1071.HK,3/19/2026,4.55,5596000,
1071.HK,3/20/2026,4.54,29970000,
1071.HK,3/23/2026,4.4,20362000,
1071.HK,3/24/2026,4.53,8926000,
1071.HK,3/25/2026,4.78,27022000,
1071.HK,3/26/2026,4.75,15168000,
1071.HK,3/27/2026,4.44,34854000,
1071.HK,3/30/2026,4.19,25744200,
1071.HK,3/31/2026,4.03,26849406,
1071.HK,4/1/2026,4.03,16820056,
1071.HK,4/2/2026,4.04,9494200,
1071.HK,4/3/2026,4.04,0,0.064097
1071.HK,4/7/2026,4.04,0,0.064097
1071.HK,4/8/2026,4.06,19649000,
1071.HK,4/9/2026,4.01,19449568,
1071.HK,4/10/2026,4,7449443,
1071.HK,4/13/2026,4.04,14410000,
1071.HK,4/14/2026,3.98,15334000,
1071.HK,4/15/2026,4.02,14223850,
1071.HK,4/16/2026,4.03,12134089,
1071.HK,4/17/2026,4.02,14264905,
1071.HK,4/20/2026,4.11,11576000,
1071.HK,4/21/2026,4.2,18282715,
1071.HK,4/22/2026,4.26,20600839,
1071.HK,4/23/2026,4.35,14402000,
1071.HK,4/24/2026,4.33,6304526,
1071.HK,4/27/2026,4.3,4010000,
1071.HK,4/28/2026,4.34,10618000,
1071.HK,4/29/2026,4.28,8772000,
1071.HK,4/30/2026,4.25,7837000,
1071.HK,5/4/2026,4.3,2636216,
1071.HK,5/5/2026,4.24,3064000,
1071.HK,5/6/2026,4.28,10764662,
1071.HK,5/7/2026,4.41,15278216,
1071.HK,5/8/2026,4.4,16834000,
1071.HK,5/11/2026,4.53,13623041,
1071.HK,5/12/2026,4.6,11396314,
1071.HK,5/13/2026,4.7,15977280,
1071.HK,5/14/2026,4.54,12179794,
1071.HK,5/15/2026,4.51,8657965,
1071.HK,5/18/2026,4.5,7710000,
1071.HK,5/19/2026,4.59,12096155,
1071.HK,5/20/2026,4.39,10998052,
1071.HK,5/21/2026,4.33,6994726,
1071.HK,5/22/2026,4.32,10769674,
1071.HK,5/25/2026,4.32,0,0.059942
1071.HK,5/26/2026,4.39,11059326,
1071.HK,5/27/2026,4.49,14285216,
1071.HK,5/28/2026,4.49,10883662,
1071.HK,5/29/2026,4.68,20640000,
1071.HK,6/1/2026,4.75,24856000,
1071.HK,6/2/2026,4.8,19352000,
1071.HK,6/3/2026,4.87,23266000,
1071.HK,6/4/2026,4.82,22688000,0.053724
1071.HK,6/5/2026,4.48,24114000,0.057801
1071.HK,6/8/2026,4.53,10844860,0.057163
1071.HK,6/9/2026,4.51,8484530,0.057417
1071.HK,6/10/2026,4.48,9790423,0.057801
1071.HK,6/11/2026,4.48,9156000,0.057801
1088.HK,6/3/2024,38.1,20924508,
1088.HK,6/4/2024,37.65,27077961,
1088.HK,6/5/2024,38.05,15939878,
1088.HK,6/6/2024,39.25,16214715,
1088.HK,6/7/2024,39.8,19518494,
1088.HK,6/11/2024,38.6,33431847,
1088.HK,6/12/2024,39.6,24266291,
1088.HK,6/13/2024,39.6,14015207,
1088.HK,6/14/2024,39.6,19515528,
1088.HK,6/17/2024,38.75,24305368,
1088.HK,6/18/2024,38.9,13356613,
1088.HK,6/19/2024,39.9,19858052,
1088.HK,6/20/2024,40.3,27681842,
1088.HK,6/21/2024,39.55,22274437,
1088.HK,6/24/2024,39.55,14006636,
1088.HK,6/25/2024,39.5,20439930,
1088.HK,6/26/2024,39.7,24697260,
1088.HK,6/27/2024,35.15,49463163,
1088.HK,6/28/2024,35.95,31106520,
1088.HK,7/2/2024,37.1,26882348,
1088.HK,7/3/2024,37.25,16585305,
1088.HK,7/4/2024,37.7,11725623,
1088.HK,7/5/2024,37.35,13902588,
1088.HK,7/8/2024,37.05,11242954,
1088.HK,7/9/2024,36.35,15029523,
1088.HK,7/10/2024,34.55,46607422,
1088.HK,7/11/2024,34.4,22325024,
1088.HK,7/12/2024,34.25,24807066,
1088.HK,7/15/2024,35.15,22616492,
1088.HK,7/16/2024,34.25,21886240,
1088.HK,7/17/2024,33.7,19349614,
1088.HK,7/18/2024,34,13570536,
1088.HK,7/19/2024,33.1,20001620,
1088.HK,7/22/2024,33.25,19812010,
1088.HK,7/23/2024,33.15,9640560,
1088.HK,7/24/2024,33.75,12489206,
1088.HK,7/25/2024,33,17501127,
1088.HK,7/26/2024,32.7,11224396,
1088.HK,7/29/2024,32.9,13463671,
1088.HK,7/30/2024,31.95,20410430,
1088.HK,7/31/2024,32.55,21079223,
1088.HK,8/1/2024,32.1,17637583,
1088.HK,8/2/2024,32.1,27828737,
1088.HK,8/5/2024,30.85,37094836,
1088.HK,8/6/2024,31,12062800,
1088.HK,8/7/2024,31.75,14715921,
1088.HK,8/8/2024,31.65,9122118,
1088.HK,8/9/2024,31.8,10587823,
1088.HK,8/12/2024,32.3,12374145,
1088.HK,8/13/2024,32.4,7359854,
1088.HK,8/14/2024,32.5,7799494,
1088.HK,8/15/2024,33.6,21851203,
1088.HK,8/16/2024,33.8,10587653,
1088.HK,8/19/2024,33.5,8882859,
1088.HK,8/20/2024,33.2,12703042,
1088.HK,8/21/2024,32.9,10934753,
1088.HK,8/22/2024,33.1,7559758,
1088.HK,8/23/2024,33.45,8557081,
1088.HK,8/26/2024,33.55,6689131,
1088.HK,8/27/2024,34.45,17167746,
1088.HK,8/28/2024,34.25,10230446,
1088.HK,8/29/2024,34.1,11216352,
1088.HK,8/30/2024,33.7,14137014,
1088.HK,9/2/2024,33.25,21472949,
1088.HK,9/3/2024,32.5,12910057,
1088.HK,9/4/2024,31.9,10141136,
1088.HK,9/5/2024,31.55,12997865,
1088.HK,9/9/2024,30.1,24692833,
1088.HK,9/10/2024,29.9,19580376,
1088.HK,9/11/2024,29.7,25634328,
1088.HK,9/12/2024,30.15,21465996,
1088.HK,9/13/2024,30.4,16923140,
1088.HK,9/16/2024,30.4,2559500,
1088.HK,9/17/2024,30.6,5094714,
1088.HK,9/19/2024,31.15,22808281,
1088.HK,9/20/2024,31.75,20425288,
1088.HK,9/23/2024,32.2,20117960,
1088.HK,9/24/2024,34.1,35557309,
1088.HK,9/25/2024,34.85,30611989,
1088.HK,9/26/2024,35.45,33159425,
1088.HK,9/27/2024,35.7,48187631,
1088.HK,9/30/2024,35.05,56214467,
1088.HK,10/2/2024,35.35,19760007,
1088.HK,10/3/2024,35.4,10725533,
1088.HK,10/4/2024,36.5,14972034,
1088.HK,10/7/2024,37,15143241,
1088.HK,10/8/2024,33.75,58279880,
1088.HK,10/9/2024,32.95,34462140,
1088.HK,10/10/2024,34.85,42338661,
1088.HK,10/14/2024,34.8,22556935,
1088.HK,10/15/2024,34.7,32968564,
1088.HK,10/16/2024,34.75,28337678,
1088.HK,10/17/2024,34.15,15476690,
1088.HK,10/18/2024,35,13286050,
1088.HK,10/21/2024,34.15,18473084,
1088.HK,10/22/2024,34.45,11450000,
1088.HK,10/23/2024,33.75,24136656,
1088.HK,10/24/2024,34,16435803,
1088.HK,10/25/2024,33.6,11736065,
1088.HK,10/28/2024,34.1,21558670,
1088.HK,10/29/2024,33.9,21561926,
1088.HK,10/30/2024,33.15,19938997,
1088.HK,10/31/2024,33.65,19161650,
1088.HK,11/1/2024,34.3,11959598,
1088.HK,11/4/2024,33.85,14907473,
1088.HK,11/5/2024,34.3,14349329,
1088.HK,11/6/2024,33.7,23051093,
1088.HK,11/7/2024,34.5,25229303,
1088.HK,11/8/2024,33.5,31812970,
1088.HK,11/11/2024,32.8,34861605,
1088.HK,11/12/2024,32.35,24265314,
1088.HK,11/13/2024,32.1,11493967,
1088.HK,11/14/2024,31.65,13154771,
1088.HK,11/15/2024,33.25,40038129,
1088.HK,11/18/2024,33.55,13706088,
1088.HK,11/19/2024,33.1,10012724,
1088.HK,11/20/2024,33.3,6293276,
1088.HK,11/21/2024,33.05,10575431,
1088.HK,11/22/2024,32.4,12665578,
1088.HK,11/25/2024,32.55,22356150,
1088.HK,11/26/2024,32.25,9017151,
1088.HK,11/27/2024,32.5,12484526,
1088.HK,11/28/2024,31.8,12417899,
1088.HK,11/29/2024,32.2,12253166,
1088.HK,12/2/2024,32.05,20989050,
1088.HK,12/3/2024,32.7,18663290,
1088.HK,12/4/2024,34.05,37237736,
1088.HK,12/5/2024,33.7,13094944,
1088.HK,12/6/2024,33.9,23640951,
1088.HK,12/9/2024,34.6,28246091,
1088.HK,12/10/2024,34.75,22297635,
1088.HK,12/11/2024,35.1,14643688,
1088.HK,12/12/2024,34.7,25276286,
1088.HK,12/13/2024,34.5,14581812,
1088.HK,12/16/2024,34,24806205,
1088.HK,12/17/2024,33.85,24278289,
1088.HK,12/18/2024,33.35,26508582,
1088.HK,12/19/2024,33.2,22912497,
1088.HK,12/20/2024,32.05,33125472,
1088.HK,12/23/2024,32.25,17568581,
1088.HK,12/24/2024,32.5,16072479,
1088.HK,12/27/2024,33,21191855,
1088.HK,12/30/2024,32.6,23725195,
1088.HK,12/31/2024,33.6,19253705,
1088.HK,1/2/2025,32.55,27871106,
1088.HK,1/3/2025,32.95,17019703,
1088.HK,1/6/2025,32.9,12782422,
1088.HK,1/7/2025,32.35,12602343,
1088.HK,1/8/2025,31.45,51010704,
1088.HK,1/9/2025,30.45,41025562,
1088.HK,1/10/2025,30.55,25055465,
1088.HK,1/13/2025,30.45,15467209,
1088.HK,1/14/2025,30.85,14690220,
1088.HK,1/15/2025,30.75,12902386,
1088.HK,1/16/2025,31.15,12840861,
1088.HK,1/17/2025,31.15,15679100,
1088.HK,1/20/2025,30.55,22000978,
1088.HK,1/21/2025,30.65,18292490,
1088.HK,1/22/2025,30.65,15399143,
1088.HK,1/23/2025,30.65,13028343,
1088.HK,1/24/2025,31.75,15444916,
1088.HK,1/27/2025,31.85,15135432,
1088.HK,1/28/2025,31.35,4334800,
1088.HK,2/3/2025,31.05,6841893,
1088.HK,2/4/2025,31.7,8027478,
1088.HK,2/5/2025,31.4,13310634,
1088.HK,2/6/2025,31.8,8867237,
1088.HK,2/7/2025,31.1,24706780,
1088.HK,2/10/2025,30.9,16112706,
1088.HK,2/11/2025,30.8,15229827,
1088.HK,2/12/2025,31,15430246,
1088.HK,2/13/2025,30.9,20021756,
1088.HK,2/14/2025,31.3,19698108,
1088.HK,2/17/2025,31,38196540,
1088.HK,2/18/2025,30.9,25527795,
1088.HK,2/19/2025,29.75,47782151,
1088.HK,2/20/2025,29.3,41267135,
1088.HK,2/21/2025,28.5,54069580,
1088.HK,2/24/2025,29.25,39500146,
1088.HK,2/25/2025,29.55,30998520,
1088.HK,2/26/2025,29.55,22757933,
1088.HK,2/27/2025,29.3,23199707,
1088.HK,2/28/2025,29.65,41091683,
1088.HK,3/3/2025,30,21949275,
1088.HK,3/4/2025,29.95,23639408,
1088.HK,3/5/2025,30.45,21974073,
1088.HK,3/6/2025,30.45,19874161,
1088.HK,3/7/2025,30.7,24316779,
1088.HK,3/10/2025,30.9,12818490,
1088.HK,3/11/2025,31.2,14702271,
1088.HK,3/12/2025,31.15,19233315,
1088.HK,3/13/2025,31.75,21942732,
1088.HK,3/14/2025,31.65,17449390,
1088.HK,3/17/2025,31.35,17569587,
1088.HK,3/18/2025,31.65,16370908,
1088.HK,3/19/2025,31.7,19714493,
1088.HK,3/20/2025,31.65,19244074,
1088.HK,3/21/2025,31.35,25809165,
1088.HK,3/24/2025,32.3,43022670,
1088.HK,3/25/2025,32.1,25284798,
1088.HK,3/26/2025,32,21879689,
1088.HK,3/27/2025,31.9,15159686,
1088.HK,3/28/2025,31.45,14375233,
1088.HK,3/31/2025,31.55,16646787,
1088.HK,4/1/2025,32.35,14635200,
1088.HK,4/2/2025,32.2,14510133,
1088.HK,4/3/2025,32.6,20269510,
1088.HK,4/7/2025,29.9,71450090,
1088.HK,4/8/2025,30.9,36300276,
1088.HK,4/9/2025,30.9,50022588,
1088.HK,4/10/2025,30.35,44488415,
1088.HK,4/11/2025,30.75,31243814,
1088.HK,4/14/2025,31,27608671,
1088.HK,4/15/2025,31.1,21911110,
1088.HK,4/16/2025,30.85,24870813,
1088.HK,4/17/2025,31.05,23039052,
1088.HK,4/22/2025,31,28578913,
1088.HK,4/23/2025,31.2,26939485,
1088.HK,4/24/2025,31,18448000,
1088.HK,4/25/2025,30.8,26565902,
1088.HK,4/28/2025,29.5,66740339,
1088.HK,4/29/2025,29.4,24765906,
1088.HK,4/30/2025,29.2,29354750,
1088.HK,5/2/2025,29.3,11079282,
1088.HK,5/6/2025,29.45,49262839,
1088.HK,5/7/2025,29.9,21035343,
1088.HK,5/8/2025,30.2,18917191,
1088.HK,5/9/2025,30.5,16082350,
1088.HK,5/12/2025,31.55,28746783,
1088.HK,5/13/2025,31.45,19513547,
1088.HK,5/14/2025,32.3,19255764,
1088.HK,5/15/2025,32.15,22869517,
1088.HK,5/16/2025,32.05,22324018,
1088.HK,5/19/2025,32.2,20046922,
1088.HK,5/20/2025,32.75,19655423,
1088.HK,5/21/2025,33.25,33829427,
1088.HK,5/22/2025,32.6,26979914,
1088.HK,5/23/2025,33,20437894,
1088.HK,5/26/2025,33.4,25006881,
1088.HK,5/27/2025,33.25,28954437,
1088.HK,5/28/2025,33.65,18471695,
1088.HK,5/29/2025,33.25,13152200,
1088.HK,5/30/2025,33.15,20741054,
1088.HK,6/2/2025,32.35,9161638,
1088.HK,6/3/2025,32.75,12273718,
1088.HK,6/4/2025,33.35,10168417,
1088.HK,6/5/2025,33.25,12264006,
1088.HK,6/6/2025,33.8,26149644,
1088.HK,6/9/2025,33.6,19766564,
1088.HK,6/10/2025,34.05,14377927,
1088.HK,6/11/2025,34.6,20350266,
1088.HK,6/12/2025,34.15,20376208,
1088.HK,6/13/2025,34.6,19596453,
1088.HK,6/16/2025,35.2,21956121,
1088.HK,6/17/2025,35.1,20522955,
1088.HK,6/18/2025,34.9,18990587,
1088.HK,6/19/2025,33.8,22107100,
1088.HK,6/20/2025,34.35,23402444,
1088.HK,6/23/2025,34.7,30184524,
1088.HK,6/24/2025,34.2,23225839,
1088.HK,6/25/2025,34.2,36550102,
1088.HK,6/26/2025,30.4,52536404,
1088.HK,6/27/2025,30.55,16909391,
1088.HK,6/30/2025,30.45,16462907,
1088.HK,7/1/2025,30.45,0,0.115685
1088.HK,7/2/2025,31.1,19362547,
1088.HK,7/3/2025,31,15014263,
1088.HK,7/4/2025,31.05,7713693,
1088.HK,7/7/2025,30.75,11347541,
1088.HK,7/8/2025,30.85,8295834,
1088.HK,7/9/2025,30.7,6893101,
1088.HK,7/10/2025,30.8,6497642,
1088.HK,7/11/2025,31,10723079,
1088.HK,7/14/2025,32.6,49514528,
1088.HK,7/15/2025,32.45,12754910,
1088.HK,7/16/2025,32.15,12666885,
1088.HK,7/17/2025,31.9,11085709,
1088.HK,7/18/2025,32.35,11776622,
1088.HK,7/21/2025,33.3,17903127,
1088.HK,7/22/2025,34.9,56397465,
1088.HK,7/23/2025,34.9,28798382,
1088.HK,7/24/2025,35.3,19717698,
1088.HK,7/25/2025,35.15,17368882,
1088.HK,7/28/2025,34.75,10967538,
1088.HK,7/29/2025,34.45,13839199,
1088.HK,7/30/2025,34.75,16009965,
1088.HK,7/31/2025,34.05,14446823,
1088.HK,8/1/2025,33.5,10584496,
1088.HK,8/4/2025,34.96,49257701,
1088.HK,8/5/2025,35.48,30044686,
1088.HK,8/6/2025,36.54,31539383,
1088.HK,8/7/2025,36.76,20988778,
1088.HK,8/8/2025,36.76,11546861,
1088.HK,8/11/2025,36.64,12669233,
1088.HK,8/12/2025,37.74,18150568,
1088.HK,8/13/2025,38.04,12760803,
1088.HK,8/14/2025,37.46,9321463,
1088.HK,8/15/2025,36.92,23084871,
1088.HK,8/18/2025,35.94,37006001,
1088.HK,8/19/2025,36,18417650,
1088.HK,8/20/2025,35.86,11683083,
1088.HK,8/21/2025,35.72,8129858,
1088.HK,8/22/2025,35.46,11407619,
1088.HK,8/25/2025,35.92,10708442,
1088.HK,8/26/2025,35.34,10234786,
1088.HK,8/27/2025,34.88,13923488,
1088.HK,8/28/2025,34.52,14317880,
1088.HK,8/29/2025,34.88,19553707,
1088.HK,9/1/2025,35.7,17907688,
1088.HK,9/2/2025,35.24,11726872,
1088.HK,9/3/2025,35.18,8628075,
1088.HK,9/4/2025,35.46,10635764,
1088.HK,9/5/2025,36.24,19712123,
1088.HK,9/8/2025,36.84,20461346,
1088.HK,9/9/2025,37,10310506,
1088.HK,9/10/2025,37.56,15118477,
1088.HK,9/11/2025,37.76,18148420,
1088.HK,9/12/2025,37.12,13202355,
1088.HK,9/15/2025,38,12120913,
1088.HK,9/16/2025,38.16,9850572,
1088.HK,9/17/2025,38.66,13886074,
1088.HK,9/18/2025,37.92,12268637,
1088.HK,9/19/2025,38.46,13749171,
1088.HK,9/22/2025,37.44,13284062,
1088.HK,9/23/2025,37.38,13507089,
1088.HK,9/24/2025,37.22,12109910,
1088.HK,9/25/2025,36.88,12946140,
1088.HK,9/26/2025,36.94,14301956,
1088.HK,9/29/2025,37.2,13881644,
1088.HK,9/30/2025,37.2,16595697,
1088.HK,10/2/2025,37.74,5069944,
1088.HK,10/3/2025,38.02,5429284,
1088.HK,10/6/2025,37.88,4279125,
1088.HK,10/8/2025,37.82,6574371,
1088.HK,10/9/2025,38.84,21647319,
1088.HK,10/10/2025,39.56,18924941,
1088.HK,10/13/2025,39.4,17795142,
1088.HK,10/14/2025,39.34,20078566,
1088.HK,10/15/2025,39.82,11768158,
1088.HK,10/16/2025,40.98,19818693,
1088.HK,10/17/2025,40.16,13149762,
1088.HK,10/20/2025,41.22,14454655,
1088.HK,10/21/2025,41.12,12840477,
1088.HK,10/22/2025,40.74,30692176,
1088.HK,10/23/2025,41.18,8652217,
1088.HK,10/24/2025,41.2,6225201,
1088.HK,10/27/2025,41.9,18526401,
1088.HK,10/28/2025,41.88,13280353,
1088.HK,10/29/2025,41.88,0,0.084112
1088.HK,10/30/2025,41.74,24487243,
1088.HK,10/31/2025,40.46,12569429,
1088.HK,11/3/2025,41.44,7922937,
1088.HK,11/4/2025,41.26,10733101,
1088.HK,11/5/2025,41.5,8516605,
1088.HK,11/6/2025,42.6,12703896,
1088.HK,11/7/2025,42.8,10307925,
1088.HK,11/10/2025,43.46,16136521,
1088.HK,11/11/2025,42.8,13676976,
1088.HK,11/12/2025,43.74,14320979,
1088.HK,11/13/2025,42.58,14649147,
1088.HK,11/14/2025,41.64,13362092,
1088.HK,11/17/2025,41.74,11014706,
1088.HK,11/18/2025,40.44,18576791,
1088.HK,11/19/2025,41,8159600,
1088.HK,11/20/2025,40.42,9694118,
1088.HK,11/21/2025,39.56,15787947,
1088.HK,11/24/2025,40.12,15241647,
1088.HK,11/25/2025,40.08,9496419,
1088.HK,11/26/2025,39.74,12154502,
1088.HK,11/27/2025,40.2,10751993,
1088.HK,11/28/2025,39.82,5225887,
1088.HK,12/1/2025,40.06,7541647,
1088.HK,12/2/2025,40.58,16115657,
1088.HK,12/3/2025,40.64,9272971,
1088.HK,12/4/2025,40.64,7119322,
1088.HK,12/5/2025,40.7,7711848,
1088.HK,12/8/2025,39.52,12830553,
1088.HK,12/9/2025,39.02,18336120,
1088.HK,12/10/2025,38.86,16611208,
1088.HK,12/11/2025,38.88,9327267,
1088.HK,12/12/2025,38.82,14750915,
1088.HK,12/15/2025,38.54,13885337,
1088.HK,12/16/2025,38.44,10858706,
1088.HK,12/17/2025,38.46,10656532,
1088.HK,12/18/2025,39.34,13923463,
1088.HK,12/19/2025,39.68,11765069,
1088.HK,12/22/2025,39.44,14393861,
1088.HK,12/23/2025,39.26,8029044,
1088.HK,12/24/2025,38.86,8935280,
1088.HK,12/25/2025,38.86,0,0.090648
1088.HK,12/26/2025,38.86,0,0.090648
1088.HK,12/29/2025,38.74,12125270,
1088.HK,12/30/2025,39.1,9969096,
1088.HK,12/31/2025,38.8,4328735,
1088.HK,1/2/2026,39.66,4653607,
1088.HK,1/5/2026,38.9,11012930,
1088.HK,1/6/2026,39.74,12679946,
1088.HK,1/7/2026,39.9,19903941,
1088.HK,1/8/2026,40.92,17457333,
1088.HK,1/9/2026,41.06,11594025,
1088.HK,1/12/2026,41.06,6006446,
1088.HK,1/13/2026,41.46,10499147,
1088.HK,1/14/2026,41.58,14539584,
1088.HK,1/15/2026,41.24,11849616,
1088.HK,1/16/2026,40.78,8691681,
1088.HK,1/19/2026,40.58,8104668,
1088.HK,1/20/2026,40.86,7414979,
1088.HK,1/21/2026,40.66,6367630,
1088.HK,1/22/2026,41.38,9266838,
1088.HK,1/23/2026,40.7,8321686,
1088.HK,1/26/2026,42.5,12735016,
1088.HK,1/27/2026,42.02,14489175,
1088.HK,1/28/2026,43.5,24294776,
1088.HK,1/29/2026,43.68,16004713,
1088.HK,1/30/2026,43.02,15285258,
1088.HK,2/2/2026,40.84,26488788,
1088.HK,2/3/2026,40.6,14674371,
1088.HK,2/4/2026,42.9,21741196,
1088.HK,2/5/2026,42.28,17732534,
1088.HK,2/6/2026,42.64,9460497,
1088.HK,2/9/2026,43.82,13145304,
1088.HK,2/10/2026,44.16,12375078,
1088.HK,2/11/2026,44.3,12046506,
1088.HK,2/12/2026,44.02,7937329,
1088.HK,2/13/2026,42.92,7155476,
1088.HK,2/16/2026,43.56,1681519,
1088.HK,2/20/2026,43.44,4315396,
1088.HK,2/23/2026,44.04,3917705,
1088.HK,2/24/2026,43.9,7047701,
1088.HK,2/25/2026,44.14,7146491,
1088.HK,2/26/2026,43.22,8615547,
1088.HK,2/27/2026,44.96,18277195,
1088.HK,3/2/2026,45.12,23295511,
1088.HK,3/3/2026,44.66,20123902,
1088.HK,3/4/2026,45.28,19235856,
1088.HK,3/5/2026,45.2,12815823,
1088.HK,3/6/2026,45.14,9602460,
1088.HK,3/9/2026,46.62,49913287,
1088.HK,3/10/2026,45.6,22218879,
1088.HK,3/11/2026,47.7,11572911,
1088.HK,3/12/2026,48.46,28369965,
1088.HK,3/13/2026,48.44,18257979,
1088.HK,3/16/2026,47.94,10517064,
1088.HK,3/17/2026,47.18,14784450,
1088.HK,3/18/2026,47.46,17278752,
1088.HK,3/19/2026,48.78,21073443,
1088.HK,3/20/2026,48.82,20600751,
1088.HK,3/23/2026,48.66,30145551,
1088.HK,3/24/2026,47.5,24540626,
1088.HK,3/25/2026,47.26,34345195,
1088.HK,3/26/2026,47.6,15954005,
1088.HK,3/27/2026,47.8,14360171,
1088.HK,3/30/2026,47.78,19832067,
1088.HK,3/31/2026,46.12,28146220,
1088.HK,4/1/2026,46.3,14244441,
1088.HK,4/2/2026,46.58,10069238,
1088.HK,4/3/2026,46.58,0,0.048481
1088.HK,4/7/2026,46.58,0,0.048481
1088.HK,4/8/2026,45.62,31672926,
1088.HK,4/9/2026,45.52,12929835,
1088.HK,4/10/2026,45,19300214,
1088.HK,4/13/2026,45.4,18073797,
1088.HK,4/14/2026,45.54,10754657,
1088.HK,4/15/2026,45.6,14583560,
1088.HK,4/16/2026,46.08,13812691,
1088.HK,4/17/2026,45.98,10073426,
1088.HK,4/20/2026,45.18,16283804,
1088.HK,4/21/2026,46.58,11773509,
1088.HK,4/22/2026,46.52,10666957,
1088.HK,4/23/2026,47.42,11556465,
1088.HK,4/24/2026,47.84,13587834,
1088.HK,4/27/2026,47.26,14452048,
1088.HK,4/28/2026,48.2,14370177,
1088.HK,4/29/2026,49.3,15654653,
1088.HK,4/30/2026,48.32,16189086,
1088.HK,5/4/2026,48.06,4706269,
1088.HK,5/5/2026,47.84,3909076,
1088.HK,5/6/2026,47.74,13999763,
1088.HK,5/7/2026,45.76,29500050,
1088.HK,5/8/2026,45.08,16478206,
1088.HK,5/11/2026,44.72,10780298,
1088.HK,5/12/2026,44.9,20849371,
1088.HK,5/13/2026,44.3,8611066,
1088.HK,5/14/2026,44.36,11309861,
1088.HK,5/15/2026,44.46,9623171,
1088.HK,5/18/2026,44.92,11036340,
1088.HK,5/19/2026,44.76,9720568,
1088.HK,5/20/2026,44.52,10605570,
1088.HK,5/21/2026,43.18,17572172,
1088.HK,5/22/2026,43.6,8345948,
1088.HK,5/25/2026,43.6,0,0.051795
1088.HK,5/26/2026,44.5,13770400,
1088.HK,5/27/2026,44.12,14096234,
1088.HK,5/28/2026,43.8,14771392,
1088.HK,5/29/2026,45.08,21256575,
1088.HK,6/1/2026,47.24,21515703,
1088.HK,6/2/2026,46.2,15301834,
1088.HK,6/3/2026,46.8,12008449,
1088.HK,6/4/2026,46.58,10171611,0.048481
1088.HK,6/5/2026,46.1,14719268,0.048986
1088.HK,6/8/2026,46.52,27017706,0.048544
1088.HK,6/9/2026,46.16,13300923,0.048922
1088.HK,6/10/2026,45.26,14186832,0.049895
1088.HK,6/11/2026,45.22,10116897,0.049939
1368.HK,6/3/2024,5.42,6620819,
1368.HK,6/4/2024,5.44,6685220,
1368.HK,6/5/2024,5.39,3847925,
1368.HK,6/6/2024,5.32,12141404,
1368.HK,6/7/2024,5.31,2937500,
1368.HK,6/11/2024,5.13,7199285,
1368.HK,6/12/2024,4.98,14612500,
1368.HK,6/13/2024,5.04,6181000,
1368.HK,6/14/2024,4.93,8607000,
1368.HK,6/17/2024,4.94,4842000,
1368.HK,6/18/2024,4.91,4510000,
1368.HK,6/19/2024,4.96,1634000,
1368.HK,6/20/2024,4.86,6165500,
1368.HK,6/21/2024,4.85,4862500,
1368.HK,6/24/2024,4.77,8373500,
1368.HK,6/25/2024,4.88,13988500,
1368.HK,6/26/2024,4.89,3983061,
1368.HK,6/27/2024,4.84,3042342,
1368.HK,6/28/2024,4.81,4805895,
1368.HK,7/2/2024,4.49,11729757,
1368.HK,7/3/2024,4.69,9229802,
1368.HK,7/4/2024,4.69,5053500,
1368.HK,7/5/2024,4.64,10283500,
1368.HK,7/8/2024,4.6,7285500,
1368.HK,7/9/2024,4.67,6015257,
1368.HK,7/10/2024,4.7,4428577,
1368.HK,7/11/2024,5,11547133,
1368.HK,7/12/2024,5.21,17612279,
1368.HK,7/15/2024,4.93,9777737,
1368.HK,7/16/2024,4.75,8482500,
1368.HK,7/17/2024,4.87,5910500,
1368.HK,7/18/2024,4.93,4335695,
1368.HK,7/19/2024,4.85,3427782,
1368.HK,7/22/2024,4.85,5630500,
1368.HK,7/23/2024,4.72,4339111,
1368.HK,7/24/2024,4.62,4440842,
1368.HK,7/25/2024,4.62,4059000,
1368.HK,7/26/2024,4.71,3532510,
1368.HK,7/29/2024,4.62,3256000,
1368.HK,7/30/2024,4.54,2971322,
1368.HK,7/31/2024,4.7,5321674,
1368.HK,8/1/2024,4.59,5355500,
1368.HK,8/2/2024,4.71,5960593,
1368.HK,8/5/2024,4.61,6361500,
1368.HK,8/6/2024,4.7,4440906,
1368.HK,8/7/2024,4.73,2304021,
1368.HK,8/8/2024,4.77,3326907,
1368.HK,8/9/2024,4.83,2889000,
1368.HK,8/12/2024,4.83,2323519,
1368.HK,8/13/2024,4.69,3721500,
1368.HK,8/14/2024,4.7,3025000,
1368.HK,8/15/2024,4.62,5405000,
1368.HK,8/16/2024,4.75,4742000,
1368.HK,8/19/2024,4.86,7141000,
1368.HK,8/20/2024,5.08,20596860,
1368.HK,8/21/2024,5,16758068,
1368.HK,8/22/2024,5.05,12203929,
1368.HK,8/23/2024,5.06,3269000,
1368.HK,8/26/2024,5.17,7600802,
1368.HK,8/27/2024,5.14,4266000,
1368.HK,8/28/2024,5.15,8329500,
1368.HK,8/29/2024,5.12,8023000,
1368.HK,8/30/2024,5.19,9571000,
1368.HK,9/2/2024,5.1,5587379,
1368.HK,9/3/2024,4.53,10331902,
1368.HK,9/4/2024,4.53,6323025,
1368.HK,9/5/2024,4.45,4568879,
1368.HK,9/9/2024,4.39,8606000,
1368.HK,9/10/2024,4.38,7900500,
1368.HK,9/11/2024,4.41,6762000,
1368.HK,9/12/2024,4.45,6229956,
1368.HK,9/13/2024,4.37,2330000,
1368.HK,9/16/2024,4.34,2452500,
1368.HK,9/17/2024,4.42,1996000,
1368.HK,9/19/2024,4.59,10309350,
1368.HK,9/20/2024,4.73,8207487,
1368.HK,9/23/2024,4.5,11619534,
1368.HK,9/24/2024,4.77,23525500,
1368.HK,9/25/2024,4.81,15383765,
1368.HK,9/26/2024,5.39,31468618,
1368.HK,9/27/2024,5.8,33599490,
1368.HK,9/30/2024,6.04,39877450,
1368.HK,10/2/2024,6.32,14537809,
1368.HK,10/3/2024,6.1,11097501,
1368.HK,10/4/2024,6.44,11479442,
1368.HK,10/7/2024,6.98,12435309,
1368.HK,10/8/2024,6.3,36187533,
1368.HK,10/9/2024,5.87,33166475,
1368.HK,10/10/2024,6.21,22224269,
1368.HK,10/14/2024,6.12,28344918,
1368.HK,10/15/2024,5.76,16329552,
1368.HK,10/16/2024,5.73,13707557,
1368.HK,10/17/2024,5.59,9779061,
1368.HK,10/18/2024,5.74,13904923,
1368.HK,10/21/2024,5.62,6717500,
1368.HK,10/22/2024,5.71,6471761,
1368.HK,10/23/2024,5.7,5146000,
1368.HK,10/24/2024,5.48,11010395,
1368.HK,10/25/2024,5.53,7595000,
1368.HK,10/28/2024,5.79,12148888,
1368.HK,10/29/2024,5.76,7019500,
1368.HK,10/30/2024,5.79,8351804,
1368.HK,10/31/2024,5.76,13962975,
1368.HK,11/1/2024,5.81,5006374,
1368.HK,11/4/2024,5.66,11938293,
1368.HK,11/5/2024,5.72,17154486,
1368.HK,11/6/2024,5.68,8872265,
1368.HK,11/7/2024,5.88,13059276,
1368.HK,11/8/2024,5.83,8425241,
1368.HK,11/11/2024,5.59,23349837,
1368.HK,11/12/2024,5.4,14292060,
1368.HK,11/13/2024,5.37,8741500,
1368.HK,11/14/2024,5.21,9341650,
1368.HK,11/15/2024,5.22,10811666,
1368.HK,11/18/2024,5.18,14901000,
1368.HK,11/19/2024,5.25,10419463,
1368.HK,11/20/2024,5.37,7416718,
1368.HK,11/21/2024,5.32,5322500,
1368.HK,11/22/2024,5.08,8494795,
1368.HK,11/25/2024,5.06,12390650,
1368.HK,11/26/2024,5.15,3568775,
1368.HK,11/27/2024,5.28,4564756,
1368.HK,11/28/2024,5.17,3074347,
1368.HK,11/29/2024,5.26,4385035,
1368.HK,12/2/2024,5.32,6746516,
1368.HK,12/3/2024,5.36,4215207,
1368.HK,12/4/2024,5.35,5029611,
1368.HK,12/5/2024,5.29,3795500,
1368.HK,12/6/2024,5.36,7977589,
1368.HK,12/9/2024,5.59,11382283,
1368.HK,12/10/2024,5.64,11529763,
1368.HK,12/11/2024,5.68,8436906,
1368.HK,12/12/2024,5.87,11563031,
1368.HK,12/13/2024,5.82,11608671,
1368.HK,12/16/2024,5.83,8347317,
1368.HK,12/17/2024,5.89,11358174,
1368.HK,12/18/2024,5.96,7746917,
1368.HK,12/19/2024,5.79,8009746,
1368.HK,12/20/2024,5.74,9555546,
1368.HK,12/23/2024,5.69,3427500,
1368.HK,12/24/2024,5.75,1622931,
1368.HK,12/27/2024,5.71,9118353,
1368.HK,12/30/2024,5.76,12035494,
1368.HK,12/31/2024,5.64,2787304,
1368.HK,1/2/2025,5.49,6459500,
1368.HK,1/3/2025,5.4,3762000,
1368.HK,1/6/2025,5.49,3918607,
1368.HK,1/7/2025,5.52,5278213,
1368.HK,1/8/2025,5.55,7878824,
1368.HK,1/9/2025,5.6,12870837,
1368.HK,1/10/2025,5.44,11480497,
1368.HK,1/13/2025,5.51,7172923,
1368.HK,1/14/2025,5.67,7575917,
1368.HK,1/15/2025,5.55,5165900,
1368.HK,1/16/2025,5.68,6871500,
1368.HK,1/17/2025,5.7,3016087,
1368.HK,1/20/2025,5.74,3679747,
1368.HK,1/21/2025,5.79,5862093,
1368.HK,1/22/2025,5.84,6128892,
1368.HK,1/23/2025,5.87,11550735,
1368.HK,1/24/2025,6.02,7998122,
1368.HK,1/27/2025,5.96,4567532,
1368.HK,1/28/2025,6,672564,
1368.HK,2/3/2025,5.95,5407700,
1368.HK,2/4/2025,6.08,5703672,
1368.HK,2/5/2025,5.93,5646140,
1368.HK,2/6/2025,5.98,5354667,
1368.HK,2/7/2025,6.07,11753586,
1368.HK,2/10/2025,5.54,156104911,
1368.HK,2/11/2025,5.34,22063568,
1368.HK,2/12/2025,5.37,16443049,
1368.HK,2/13/2025,5.31,19369552,
1368.HK,2/14/2025,5.5,16729595,
1368.HK,2/17/2025,5.45,15233606,
1368.HK,2/18/2025,5.36,15338172,
1368.HK,2/19/2025,5.34,12225111,
1368.HK,2/20/2025,5.31,5661750,
1368.HK,2/21/2025,5.28,9076615,
1368.HK,2/24/2025,5.29,12935707,
1368.HK,2/25/2025,5.14,13177698,
1368.HK,2/26/2025,5.18,19466524,
1368.HK,2/27/2025,5.37,28323500,
1368.HK,2/28/2025,5.15,10736325,
1368.HK,3/3/2025,5.21,10504056,
1368.HK,3/4/2025,5.17,13510000,
1368.HK,3/5/2025,5.28,12768500,
1368.HK,3/6/2025,5.35,15227691,
1368.HK,3/7/2025,5.49,24427089,
1368.HK,3/10/2025,5.41,8690000,
1368.HK,3/11/2025,5.48,6683034,
1368.HK,3/12/2025,5.48,15584000,
1368.HK,3/13/2025,5.31,10710640,
1368.HK,3/14/2025,5.55,17732637,
1368.HK,3/17/2025,5.69,13138115,
1368.HK,3/18/2025,5.69,33359000,
1368.HK,3/19/2025,5.55,28803500,
1368.HK,3/20/2025,5.28,24953500,
1368.HK,3/21/2025,5.19,17479260,
1368.HK,3/24/2025,5.27,14086482,
1368.HK,3/25/2025,5.12,11573991,
1368.HK,3/26/2025,5.13,15318716,
1368.HK,3/27/2025,5.25,11383800,
1368.HK,3/28/2025,5.31,10208000,
1368.HK,3/31/2025,5.07,13280500,
1368.HK,4/1/2025,5.08,9551750,
1368.HK,4/2/2025,5.18,10185000,
1368.HK,4/3/2025,5.11,12280500,
1368.HK,4/7/2025,4.49,23301500,
1368.HK,4/8/2025,4.66,18460689,
1368.HK,4/9/2025,4.95,28520328,
1368.HK,4/10/2025,4.94,11372521,
1368.HK,4/11/2025,4.91,7050524,
1368.HK,4/14/2025,4.87,14931414,
1368.HK,4/15/2025,4.84,8632305,
1368.HK,4/16/2025,4.71,9603675,
1368.HK,4/17/2025,4.9,14466500,
1368.HK,4/22/2025,4.91,8653500,
1368.HK,4/23/2025,4.95,6104041,
1368.HK,4/24/2025,5.01,6356326,
1368.HK,4/25/2025,4.9,13967904,
1368.HK,4/28/2025,5.24,21542941,
1368.HK,4/29/2025,5.2,9301115,
1368.HK,4/30/2025,5.31,10746500,
1368.HK,5/2/2025,5.25,3841000,
1368.HK,5/6/2025,5.59,34764581,
1368.HK,5/7/2025,5.47,13388460,
1368.HK,5/8/2025,5.48,9082500,
1368.HK,5/9/2025,5.53,19462378,
1368.HK,5/12/2025,5.59,12953500,
1368.HK,5/13/2025,5.51,16116600,
1368.HK,5/14/2025,5.54,8173215,
1368.HK,5/15/2025,5.46,7387687,
1368.HK,5/16/2025,5.41,11891964,
1368.HK,5/19/2025,5.6,24233946,
1368.HK,5/20/2025,5.87,51463918,
1368.HK,5/21/2025,5.85,17084292,
1368.HK,5/22/2025,5.72,11956500,
1368.HK,5/23/2025,5.76,13363438,
1368.HK,5/26/2025,5.8,8114500,
1368.HK,5/27/2025,5.77,14218500,
1368.HK,5/28/2025,6.2,43226985,
1368.HK,5/29/2025,6.24,26107268,
1368.HK,5/30/2025,5.93,19380606,
1368.HK,6/2/2025,5.84,5741500,
1368.HK,6/3/2025,5.91,14550588,
1368.HK,6/4/2025,5.87,10283583,
1368.HK,6/5/2025,5.81,10850687,
1368.HK,6/6/2025,5.68,11249102,
1368.HK,6/9/2025,5.69,13748831,
1368.HK,6/10/2025,5.8,12166992,
1368.HK,6/11/2025,5.75,5968693,
1368.HK,6/12/2025,5.63,12151616,
1368.HK,6/13/2025,5.54,13309849,
1368.HK,6/16/2025,5.55,8461640,
1368.HK,6/17/2025,5.54,7613100,
1368.HK,6/18/2025,5.51,6013000,
1368.HK,6/19/2025,5.34,14864600,
1368.HK,6/20/2025,5.42,23519530,
1368.HK,6/23/2025,5.5,7643500,
1368.HK,6/24/2025,5.61,10181870,
1368.HK,6/25/2025,5.59,4587127,
1368.HK,6/26/2025,5.64,11674434,
1368.HK,6/27/2025,5.69,9994500,
1368.HK,6/30/2025,5.63,8102213,
1368.HK,7/1/2025,5.63,0,0.048845
1368.HK,7/2/2025,5.65,7594793,
1368.HK,7/3/2025,5.64,3354779,
1368.HK,7/4/2025,5.5,13197024,
1368.HK,7/7/2025,5.44,7956737,
1368.HK,7/8/2025,5.47,5953287,
1368.HK,7/9/2025,5.38,11381568,
1368.HK,7/10/2025,5.34,14834500,
1368.HK,7/11/2025,5.35,10476678,
1368.HK,7/14/2025,5.35,4814609,
1368.HK,7/15/2025,5.32,7083027,
1368.HK,7/16/2025,5.34,5073179,
1368.HK,7/17/2025,5.31,17655172,
1368.HK,7/18/2025,5.47,14380522,
1368.HK,7/21/2025,5.55,11543146,
1368.HK,7/22/2025,5.65,10307671,
1368.HK,7/23/2025,5.63,9137316,
1368.HK,7/24/2025,5.66,11620937,
1368.HK,7/25/2025,5.72,16156054,
1368.HK,7/28/2025,5.68,8561500,
1368.HK,7/29/2025,5.73,8304952,
1368.HK,7/30/2025,5.8,14406564,
1368.HK,7/31/2025,5.62,9822000,
1368.HK,8/1/2025,5.62,7001728,
1368.HK,8/4/2025,5.66,3573640,
1368.HK,8/5/2025,5.77,7254188,
1368.HK,8/6/2025,5.77,4516315,
1368.HK,8/7/2025,5.82,5897830,
1368.HK,8/8/2025,5.82,5650230,
1368.HK,8/11/2025,5.77,8306614,
1368.HK,8/12/2025,5.69,6204500,
1368.HK,8/13/2025,5.63,13752654,
1368.HK,8/14/2025,5.69,8612559,
1368.HK,8/15/2025,5.73,7033432,
1368.HK,8/18/2025,6.15,53968629,
1368.HK,8/19/2025,6.38,38017920,
1368.HK,8/20/2025,6.44,27380321,
1368.HK,8/21/2025,6.74,38679772,
1368.HK,8/22/2025,6.69,12221280,
1368.HK,8/25/2025,6.65,16053170,
1368.HK,8/26/2025,6.72,19203762,
1368.HK,8/27/2025,6.58,18498000,
1368.HK,8/28/2025,6.55,13102000,
1368.HK,8/29/2025,6.63,8898635,
1368.HK,9/1/2025,6.52,8565521,
1368.HK,9/2/2025,6.47,6331000,
1368.HK,9/3/2025,6.31,8119732,
1368.HK,9/4/2025,6.3,11411990,
1368.HK,9/5/2025,6.37,14787275,
1368.HK,9/8/2025,6.44,8787765,
1368.HK,9/9/2025,6.41,7630500,
1368.HK,9/10/2025,6.52,6856087,
1368.HK,9/11/2025,6.55,7469369,
1368.HK,9/12/2025,6.3,14322605,
1368.HK,9/15/2025,6.29,9583870,
1368.HK,9/16/2025,6.24,11984523,
1368.HK,9/17/2025,6.2,11668056,
1368.HK,9/18/2025,6.16,8470681,
1368.HK,9/19/2025,6.05,12024138,
1368.HK,9/22/2025,5.98,7268017,
1368.HK,9/23/2025,5.89,14123750,
1368.HK,9/24/2025,5.95,7732239,
1368.HK,9/25/2025,5.87,8987500,
1368.HK,9/26/2025,5.75,10488084,
1368.HK,9/29/2025,5.77,9122000,
1368.HK,9/30/2025,5.84,11365282,
1368.HK,10/2/2025,5.85,7878547,
1368.HK,10/3/2025,5.8,3797122,
1368.HK,10/6/2025,5.77,3900194,
1368.HK,10/8/2025,5.84,6681092,
1368.HK,10/9/2025,5.83,10981000,
1368.HK,10/10/2025,5.84,8398123,
1368.HK,10/13/2025,5.83,7685894,
1368.HK,10/14/2025,5.71,11581842,
1368.HK,10/15/2025,5.85,14365537,
1368.HK,10/16/2025,6.01,8297749,
1368.HK,10/17/2025,5.8,6752671,
1368.HK,10/20/2025,5.72,8531282,
1368.HK,10/21/2025,5.74,8695514,
1368.HK,10/22/2025,5.74,7868117,
1368.HK,10/23/2025,5.73,8097943,
1368.HK,10/24/2025,5.76,4276859,
1368.HK,10/27/2025,5.66,6150520,
1368.HK,10/28/2025,5.57,6792816,
1368.HK,10/29/2025,5.57,0,0.049372
1368.HK,10/30/2025,5.57,9070741,
1368.HK,10/31/2025,5.63,6965622,
1368.HK,11/3/2025,5.62,5635673,
1368.HK,11/4/2025,5.57,4655501,
1368.HK,11/5/2025,5.6,4022223,
1368.HK,11/6/2025,5.6,6750507,
1368.HK,11/7/2025,5.58,4050500,
1368.HK,11/10/2025,5.77,4430806,
1368.HK,11/11/2025,5.82,10745184,
1368.HK,11/12/2025,5.87,14224126,
1368.HK,11/13/2025,5.98,11644453,
1368.HK,11/14/2025,5.93,5070262,
1368.HK,11/17/2025,5.95,6033000,
1368.HK,11/18/2025,5.82,5577500,
1368.HK,11/19/2025,5.69,9477000,
1368.HK,11/20/2025,5.71,4452293,
1368.HK,11/21/2025,5.62,6613500,
1368.HK,11/24/2025,5.59,4638650,
1368.HK,11/25/2025,5.54,7456550,
1368.HK,11/26/2025,5.62,4036000,
1368.HK,11/27/2025,5.69,3762263,
1368.HK,11/28/2025,5.62,3899000,
1368.HK,12/1/2025,5.6,2610500,
1368.HK,12/2/2025,5.66,4210500,
1368.HK,12/3/2025,5.59,2635812,
1368.HK,12/4/2025,5.55,5487055,
1368.HK,12/5/2025,5.54,3073000,
1368.HK,12/8/2025,5.5,5044000,
1368.HK,12/9/2025,5.32,12060099,
1368.HK,12/10/2025,5.37,8150612,
1368.HK,12/11/2025,5.31,5017699,
1368.HK,12/12/2025,5.37,5014500,
1368.HK,12/15/2025,5.49,7070000,
1368.HK,12/16/2025,5.51,6309579,
1368.HK,12/17/2025,5.58,11221127,
1368.HK,12/18/2025,5.64,7870000,
1368.HK,12/19/2025,5.69,5811563,
1368.HK,12/22/2025,5.61,4510028,
1368.HK,12/23/2025,5.57,3325995,
1368.HK,12/24/2025,5.61,1460500,
1368.HK,12/25/2025,5.61,0,0.04902
1368.HK,12/26/2025,5.61,0,0.04902
1368.HK,12/29/2025,5.36,11901281,
1368.HK,12/30/2025,5.34,3394500,
1368.HK,12/31/2025,5.31,4182488,
1368.HK,1/2/2026,5.35,1879500,
1368.HK,1/5/2026,5.37,4641500,
1368.HK,1/6/2026,5.53,7954883,
1368.HK,1/7/2026,5.46,3106894,
1368.HK,1/8/2026,5.32,10710500,
1368.HK,1/9/2026,5.32,9488307,
1368.HK,1/12/2026,5.31,11029250,
1368.HK,1/13/2026,5.26,9994880,
1368.HK,1/14/2026,5.28,25132500,
1368.HK,1/15/2026,5.31,12233500,
1368.HK,1/16/2026,5.26,8821212,
1368.HK,1/19/2026,5.21,6420000,
1368.HK,1/20/2026,5.23,11676088,
1368.HK,1/21/2026,5.16,18307000,
1368.HK,1/22/2026,5.23,10261329,
1368.HK,1/23/2026,5.08,15317588,
1368.HK,1/26/2026,5,11861781,
1368.HK,1/27/2026,5.01,19441500,
1368.HK,1/28/2026,5.04,7564086,
1368.HK,1/29/2026,5.31,17321008,
1368.HK,1/30/2026,5.14,13471000,
1368.HK,2/2/2026,5.05,12528500,
1368.HK,2/3/2026,5.18,10121602,
1368.HK,2/4/2026,5.16,10772590,
1368.HK,2/5/2026,5.24,6483989,
1368.HK,2/6/2026,5.2,8233500,
1368.HK,2/9/2026,5.21,7714033,
1368.HK,2/10/2026,5.25,7294128,
1368.HK,2/11/2026,5.26,2901651,
1368.HK,2/12/2026,5.24,6225036,
1368.HK,2/13/2026,5.33,8689041,
1368.HK,2/16/2026,5.37,1043126,
1368.HK,2/20/2026,5.39,3146500,
1368.HK,2/23/2026,5.47,5799216,
1368.HK,2/24/2026,5.34,6461084,
1368.HK,2/25/2026,5.42,10556500,
1368.HK,2/26/2026,5.3,10038500,
1368.HK,2/27/2026,5.33,5094230,
1368.HK,3/2/2026,5.24,6224085,
1368.HK,3/3/2026,5.17,7883849,
1368.HK,3/4/2026,5.08,9494014,
1368.HK,3/5/2026,5.08,6533500,
1368.HK,3/6/2026,5.16,5731063,
1368.HK,3/9/2026,5.09,7444500,
1368.HK,3/10/2026,5.09,2147508,
1368.HK,3/11/2026,5.12,1801791,
1368.HK,3/12/2026,5.02,3980500,
1368.HK,3/13/2026,4.97,3775010,
1368.HK,3/16/2026,4.96,4732528,
1368.HK,3/17/2026,5.06,4176342,
1368.HK,3/18/2026,5.04,2238247,
1368.HK,3/19/2026,4.87,6208571,
1368.HK,3/20/2026,5.06,7491192,
1368.HK,3/23/2026,4.93,5247466,
1368.HK,3/24/2026,5.15,13763332,
1368.HK,3/25/2026,5.14,6022000,
1368.HK,3/26/2026,4.78,28407000,
1368.HK,3/27/2026,4.51,48761530,
1368.HK,3/30/2026,4.51,19569467,
1368.HK,3/31/2026,4.47,21323386,
1368.HK,4/1/2026,4.55,17673500,
1368.HK,4/2/2026,4.52,15695000,
1368.HK,4/3/2026,4.52,0,0.060841
1368.HK,4/7/2026,4.52,0,0.060841
1368.HK,4/8/2026,4.58,14639511,
1368.HK,4/9/2026,4.49,14549270,
1368.HK,4/10/2026,4.63,15417214,
1368.HK,4/13/2026,4.5,14965577,
1368.HK,4/14/2026,4.54,20346424,
1368.HK,4/15/2026,4.55,9438855,
1368.HK,4/16/2026,4.56,17028040,
1368.HK,4/17/2026,4.53,12440000,
1368.HK,4/20/2026,4.65,14553000,
1368.HK,4/21/2026,4.57,20591000,
1368.HK,4/22/2026,4.49,9637000,
1368.HK,4/23/2026,4.37,17904189,
1368.HK,4/24/2026,4.35,17707161,
1368.HK,4/27/2026,4.41,11345000,
1368.HK,4/28/2026,4.33,24069800,
1368.HK,4/29/2026,4.41,13801792,
1368.HK,4/30/2026,4.28,15612056,
1368.HK,5/4/2026,4.33,3497500,
1368.HK,5/5/2026,4.24,5541500,
1368.HK,5/6/2026,4.3,10422056,
1368.HK,5/7/2026,4.4,10854934,
1368.HK,5/8/2026,4.4,7982500,
1368.HK,5/11/2026,4.35,10116500,
1368.HK,5/12/2026,4.18,17153892,
1368.HK,5/13/2026,4.18,14130500,
1368.HK,5/14/2026,4.24,14488853,
1368.HK,5/15/2026,4.17,11466000,
1368.HK,5/18/2026,4.19,39297000,
1368.HK,5/19/2026,4.12,14211941,
1368.HK,5/20/2026,4.13,15154500,
1368.HK,5/21/2026,4.2,15972323,
1368.HK,5/22/2026,4.14,8643828,
1368.HK,5/25/2026,4.14,0,0.066425
1368.HK,5/26/2026,4.24,13614500,
1368.HK,5/27/2026,4.17,10143000,
1368.HK,5/28/2026,4.13,7391895,
1368.HK,5/29/2026,4.24,13440500,
1368.HK,6/1/2026,4.46,19309068,
1368.HK,6/2/2026,4.48,11748990,
1368.HK,6/3/2026,4.48,20566771,
1368.HK,6/4/2026,4.49,22185580,0.061247
1368.HK,6/5/2026,4.53,83134270,0.060706
1368.HK,6/8/2026,4.39,47369193,0.062642
1368.HK,6/9/2026,4.43,10795728,0.062077
1368.HK,6/10/2026,4.34,13307817,0.063364
1368.HK,6/11/2026,4.34,6553865,0.063364
1398.HK,6/3/2024,4.47,460608096,
1398.HK,6/4/2024,4.43,398708024,
1398.HK,6/5/2024,4.41,504170169,
1398.HK,6/6/2024,4.37,400927719,
1398.HK,6/7/2024,4.42,276405344,
1398.HK,6/11/2024,4.36,320454982,
1398.HK,6/12/2024,4.32,299327041,
1398.HK,6/13/2024,4.32,195542304,
1398.HK,6/14/2024,4.34,278091252,
1398.HK,6/17/2024,4.33,202054396,
1398.HK,6/18/2024,4.39,320851397,
1398.HK,6/19/2024,4.55,546463978,
1398.HK,6/20/2024,4.58,459230417,
1398.HK,6/21/2024,4.52,573138315,
1398.HK,6/24/2024,4.56,552052233,
1398.HK,6/25/2024,4.58,370930685,
1398.HK,6/26/2024,4.62,396165556,
1398.HK,6/27/2024,4.57,323653049,
1398.HK,6/28/2024,4.64,373867647,
1398.HK,7/2/2024,4.75,564994075,
1398.HK,7/3/2024,4.73,430603748,
1398.HK,7/4/2024,4.83,536031698,
1398.HK,7/5/2024,4.7,598034995,
1398.HK,7/8/2024,4.33,377778431,
1398.HK,7/9/2024,4.31,446053587,
1398.HK,7/10/2024,4.32,323856587,
1398.HK,7/11/2024,4.36,277693020,
1398.HK,7/12/2024,4.48,484396739,
1398.HK,7/15/2024,4.45,338346642,
1398.HK,7/16/2024,4.37,247840382,
1398.HK,7/17/2024,4.36,185961672,
1398.HK,7/18/2024,4.36,200311769,
1398.HK,7/19/2024,4.25,275780913,
1398.HK,7/22/2024,4.28,180171957,
1398.HK,7/23/2024,4.34,356233630,
1398.HK,7/24/2024,4.39,300661695,
1398.HK,7/25/2024,4.34,301688549,
1398.HK,7/26/2024,4.31,317705901,
1398.HK,7/29/2024,4.38,232237150,
1398.HK,7/30/2024,4.32,231452490,
1398.HK,7/31/2024,4.34,219363065,
1398.HK,8/1/2024,4.35,166222644,
1398.HK,8/2/2024,4.32,268284840,
1398.HK,8/5/2024,4.22,335879325,
1398.HK,8/6/2024,4.19,236996663,
1398.HK,8/7/2024,4.27,331294641,
1398.HK,8/8/2024,4.31,374284208,
1398.HK,8/9/2024,4.39,318738845,
1398.HK,8/12/2024,4.48,312446492,
1398.HK,8/13/2024,4.49,294220219,
1398.HK,8/14/2024,4.49,150927522,
1398.HK,8/15/2024,4.58,479363904,
1398.HK,8/16/2024,4.62,268591885,
1398.HK,8/19/2024,4.7,332636848,
1398.HK,8/20/2024,4.7,216094821,
1398.HK,8/21/2024,4.64,261827271,
1398.HK,8/22/2024,4.68,269736483,
1398.HK,8/23/2024,4.72,234177442,
1398.HK,8/26/2024,4.72,181644004,
1398.HK,8/27/2024,4.78,339481508,
1398.HK,8/28/2024,4.74,226104052,
1398.HK,8/29/2024,4.62,406781187,
1398.HK,8/30/2024,4.49,873825662,
1398.HK,9/2/2024,4.37,676112054,
1398.HK,9/3/2024,4.28,494413471,
1398.HK,9/4/2024,4.25,334478187,
1398.HK,9/5/2024,4.21,396284351,
1398.HK,9/9/2024,4.16,441296929,
1398.HK,9/10/2024,4.2,349087246,
1398.HK,9/11/2024,4.11,466034966,
1398.HK,9/12/2024,4.15,328959459,
1398.HK,9/13/2024,4.22,305145926,
1398.HK,9/16/2024,4.26,229238191,
1398.HK,9/17/2024,4.34,260801210,
1398.HK,9/19/2024,4.35,345382574,
1398.HK,9/20/2024,4.39,334035744,
1398.HK,9/23/2024,4.44,233564448,
1398.HK,9/24/2024,4.7,828596768,
1398.HK,9/25/2024,4.78,983114426,
1398.HK,9/26/2024,4.83,778011891,
1398.HK,9/27/2024,4.71,885089356,
1398.HK,9/30/2024,4.64,1071244801,
1398.HK,10/2/2024,4.84,897864336,
1398.HK,10/3/2024,4.81,431132406,
1398.HK,10/4/2024,4.83,400692229,
1398.HK,10/7/2024,4.83,434443236,
1398.HK,10/8/2024,4.62,927676701,
1398.HK,10/9/2024,4.53,780406027,
1398.HK,10/10/2024,4.67,554828572,
1398.HK,10/14/2024,4.83,723130102,
1398.HK,10/15/2024,4.72,490972311,
1398.HK,10/16/2024,4.77,485346531,
1398.HK,10/17/2024,4.7,350930588,
1398.HK,10/18/2024,4.79,361073041,
1398.HK,10/21/2024,4.69,363928960,
1398.HK,10/22/2024,4.7,176972747,
1398.HK,10/23/2024,4.75,310350837,
1398.HK,10/24/2024,4.77,274906699,
1398.HK,10/25/2024,4.74,194384169,
1398.HK,10/28/2024,4.7,314772183,
1398.HK,10/29/2024,4.7,216615983,
1398.HK,10/30/2024,4.62,457435644,
1398.HK,10/31/2024,4.66,403149588,
1398.HK,11/1/2024,4.75,324351465,
1398.HK,11/4/2024,4.79,371129522,
1398.HK,11/5/2024,4.86,380039771,
1398.HK,11/6/2024,4.75,416026350,
1398.HK,11/7/2024,4.9,559907086,
1398.HK,11/8/2024,4.87,538550726,
1398.HK,11/11/2024,4.77,263763819,
1398.HK,11/12/2024,4.66,488230181,
1398.HK,11/13/2024,4.64,305543258,
1398.HK,11/14/2024,4.61,358148944,
1398.HK,11/15/2024,4.6,227069804,
1398.HK,11/18/2024,4.74,284766329,
1398.HK,11/19/2024,4.74,253043813,
1398.HK,11/20/2024,4.71,153637354,
1398.HK,11/21/2024,4.67,198231207,
1398.HK,11/22/2024,4.58,331182522,
1398.HK,11/25/2024,4.58,496002186,
1398.HK,11/26/2024,4.57,195912391,
1398.HK,11/27/2024,4.62,217599076,
1398.HK,11/28/2024,4.55,290714534,
1398.HK,11/29/2024,4.56,306946648,
1398.HK,12/2/2024,4.61,252357215,
1398.HK,12/3/2024,4.72,321229219,
1398.HK,12/4/2024,4.73,174243325,
1398.HK,12/5/2024,4.68,208232805,
1398.HK,12/6/2024,4.75,419234215,
1398.HK,12/9/2024,4.82,325811590,
1398.HK,12/10/2024,4.82,344197912,
1398.HK,12/11/2024,4.79,164284563,
1398.HK,12/12/2024,4.84,188294947,
1398.HK,12/13/2024,4.78,197236819,
1398.HK,12/16/2024,4.86,310957879,
1398.HK,12/17/2024,4.85,377025753,
1398.HK,12/18/2024,4.86,298163184,
1398.HK,12/19/2024,4.82,284275221,
1398.HK,12/20/2024,4.84,400763653,
1398.HK,12/23/2024,5.08,873259229,
1398.HK,12/24/2024,5.15,423790658,
1398.HK,12/27/2024,5.16,333083324,
1398.HK,12/30/2024,5.17,344501702,
1398.HK,12/31/2024,5.21,312522826,
1398.HK,1/2/2025,4.85,774929300,
1398.HK,1/3/2025,4.89,601250620,
1398.HK,1/6/2025,4.89,305520227,
1398.HK,1/7/2025,4.91,468886095,
1398.HK,1/8/2025,4.94,398425139,
1398.HK,1/9/2025,4.88,281961026,
1398.HK,1/10/2025,4.87,202781568,
1398.HK,1/13/2025,4.85,241776144,
1398.HK,1/14/2025,4.88,258474174,
1398.HK,1/15/2025,4.93,211070324,
1398.HK,1/16/2025,5,236741633,
1398.HK,1/17/2025,4.92,236558283,
1398.HK,1/20/2025,5,234679485,
1398.HK,1/21/2025,5.03,170963949,
1398.HK,1/22/2025,4.98,204724907,
1398.HK,1/23/2025,5.11,470288239,
1398.HK,1/24/2025,5.25,529927786,
1398.HK,1/27/2025,5.34,359171628,
1398.HK,1/28/2025,5.29,79441598,
1398.HK,2/3/2025,5.28,209611678,
1398.HK,2/4/2025,5.39,286265154,
1398.HK,2/5/2025,5.36,294957148,
1398.HK,2/6/2025,5.39,265785504,
1398.HK,2/7/2025,5.38,347410280,
1398.HK,2/10/2025,5.43,294979890,
1398.HK,2/11/2025,5.46,276227130,
1398.HK,2/12/2025,5.6,527755161,
1398.HK,2/13/2025,5.63,569473142,
1398.HK,2/14/2025,5.7,431917469,
1398.HK,2/17/2025,5.74,438124456,
1398.HK,2/18/2025,5.69,399466428,
1398.HK,2/19/2025,5.6,315672571,
1398.HK,2/20/2025,5.6,263485746,
1398.HK,2/21/2025,5.59,384545642,
1398.HK,2/24/2025,5.57,292008654,
1398.HK,2/25/2025,5.52,212517048,
1398.HK,2/26/2025,5.59,292417420,
1398.HK,2/27/2025,5.59,342965758,
1398.HK,2/28/2025,5.5,393314116,
1398.HK,3/3/2025,5.52,230467328,
1398.HK,3/4/2025,5.48,317988746,
1398.HK,3/5/2025,5.62,372499633,
1398.HK,3/6/2025,5.66,230645923,
1398.HK,3/7/2025,5.61,279873141,
1398.HK,3/10/2025,5.56,224010871,
1398.HK,3/11/2025,5.56,204343493,
1398.HK,3/12/2025,5.53,268323575,
1398.HK,3/13/2025,5.55,231689550,
1398.HK,3/14/2025,5.65,275444556,
1398.HK,3/17/2025,5.65,205953287,
1398.HK,3/18/2025,5.69,239803531,
1398.HK,3/19/2025,5.67,282723243,
1398.HK,3/20/2025,5.61,257558656,
1398.HK,3/21/2025,5.57,330926781,
1398.HK,3/24/2025,5.67,208300179,
1398.HK,3/25/2025,5.59,159389392,
1398.HK,3/26/2025,5.57,197080215,
1398.HK,3/27/2025,5.54,172486578,
1398.HK,3/28/2025,5.49,210630667,
1398.HK,3/31/2025,5.54,421962890,
1398.HK,4/1/2025,5.51,191628379,
1398.HK,4/2/2025,5.53,200535447,
1398.HK,4/3/2025,5.46,212790188,
1398.HK,4/7/2025,5.04,938611169,
1398.HK,4/8/2025,5.01,689416517,
1398.HK,4/9/2025,5,674956544,
1398.HK,4/10/2025,5.09,490433999,
1398.HK,4/11/2025,5.23,327787736,
1398.HK,4/14/2025,5.32,206543155,
1398.HK,4/15/2025,5.32,234087564,
1398.HK,4/16/2025,5.27,247051158,
1398.HK,4/17/2025,5.35,185380413,
1398.HK,4/22/2025,5.37,282730382,
1398.HK,4/23/2025,5.4,197363976,
1398.HK,4/24/2025,5.44,158157697,
1398.HK,4/25/2025,5.47,184032287,
1398.HK,4/28/2025,5.52,210768862,
1398.HK,4/29/2025,5.48,254350581,
1398.HK,4/30/2025,5.32,735205781,
1398.HK,5/2/2025,5.33,163976879,
1398.HK,5/6/2025,5.35,181092526,
1398.HK,5/7/2025,5.4,249457607,
1398.HK,5/8/2025,5.42,156270836,
1398.HK,5/9/2025,5.46,160923623,
1398.HK,5/12/2025,5.5,483445640,
1398.HK,5/13/2025,5.57,366535169,
1398.HK,5/14/2025,5.63,258548042,
1398.HK,5/15/2025,5.64,235130976,
1398.HK,5/16/2025,5.59,201837035,
1398.HK,5/19/2025,5.55,196253495,
1398.HK,5/20/2025,5.62,151039200,
1398.HK,5/21/2025,5.62,212929821,
1398.HK,5/22/2025,5.63,181555274,
1398.HK,5/23/2025,5.69,265914223,
1398.HK,5/26/2025,5.7,265219845,
1398.HK,5/27/2025,5.7,198564227,
1398.HK,5/28/2025,5.72,184529375,
1398.HK,5/29/2025,5.71,186004943,
1398.HK,5/30/2025,5.71,669519842,
1398.HK,6/2/2025,5.63,241005211,
1398.HK,6/3/2025,5.8,450870061,
1398.HK,6/4/2025,5.82,234118984,
1398.HK,6/5/2025,5.9,255955185,
1398.HK,6/6/2025,5.88,387183674,
1398.HK,6/9/2025,5.95,300582185,
1398.HK,6/10/2025,6.02,312591411,
1398.HK,6/11/2025,6.17,316228579,
1398.HK,6/12/2025,6.15,319876550,
1398.HK,6/13/2025,6.1,205305777,
1398.HK,6/16/2025,6.15,176937647,
1398.HK,6/17/2025,6.09,164039117,
1398.HK,6/18/2025,6.07,296132785,
1398.HK,6/19/2025,6.03,261224402,
1398.HK,6/20/2025,6.2,384029428,
1398.HK,6/23/2025,6.28,220168216,
1398.HK,6/24/2025,6.4,297286180,
1398.HK,6/25/2025,6.45,264639878,
1398.HK,6/26/2025,6.45,170991278,
1398.HK,6/27/2025,6.32,311874526,
1398.HK,6/30/2025,6.22,264127766,
1398.HK,7/1/2025,6.22,0,0.054041
1398.HK,7/2/2025,6.34,286549339,
1398.HK,7/3/2025,6.09,377299354,
1398.HK,7/4/2025,6.13,266188842,
1398.HK,7/7/2025,6.13,162833915,
1398.HK,7/8/2025,6.15,160885627,
1398.HK,7/9/2025,6.1,185432309,
1398.HK,7/10/2025,6.27,280802724,
1398.HK,7/11/2025,6.21,382329318,
1398.HK,7/14/2025,6.18,194930425,
1398.HK,7/15/2025,6.15,238262185,
1398.HK,7/16/2025,6.22,299397054,
1398.HK,7/17/2025,6.14,205055469,
1398.HK,7/18/2025,6.19,171087408,
1398.HK,7/21/2025,6.14,264682674,
1398.HK,7/22/2025,6.08,372157198,
1398.HK,7/23/2025,6.15,262011566,
1398.HK,7/24/2025,6.15,202298746,
1398.HK,7/25/2025,6.09,146983177,
1398.HK,7/28/2025,6.12,135822818,
1398.HK,7/29/2025,6.07,258873081,
1398.HK,7/30/2025,6.05,243003102,
1398.HK,7/31/2025,6.02,193979961,
1398.HK,8/1/2025,5.98,219797965,
1398.HK,8/4/2025,6.06,204203128,
1398.HK,8/5/2025,6.16,258231688,
1398.HK,8/6/2025,6.11,164646604,
1398.HK,8/7/2025,6.2,208524605,
1398.HK,8/8/2025,6.16,127284744,
1398.HK,8/11/2025,6.08,133240188,
1398.HK,8/12/2025,6.1,101032065,
1398.HK,8/13/2025,6.16,169105356,
1398.HK,8/14/2025,6.15,133410972,
1398.HK,8/15/2025,5.96,390346697,
1398.HK,8/18/2025,5.88,332973138,
1398.HK,8/19/2025,5.88,182893023,
1398.HK,8/20/2025,5.93,171731778,
1398.HK,8/21/2025,5.94,149198787,
1398.HK,8/22/2025,5.96,122444657,
1398.HK,8/25/2025,5.94,272458916,
1398.HK,8/26/2025,5.85,209994082,
1398.HK,8/27/2025,5.77,294117321,
1398.HK,8/28/2025,5.79,212580830,
1398.HK,8/29/2025,5.77,204917538,
1398.HK,9/1/2025,5.73,255793290,
1398.HK,9/2/2025,5.81,274925677,
1398.HK,9/3/2025,5.74,204025392,
1398.HK,9/4/2025,5.73,192562923,
1398.HK,9/5/2025,5.77,192225261,
1398.HK,9/8/2025,5.79,209789427,
1398.HK,9/9/2025,5.89,223724100,
1398.HK,9/10/2025,6,296505545,
1398.HK,9/11/2025,6,225623280,
1398.HK,9/12/2025,6,175454453,
1398.HK,9/15/2025,5.97,177417942,
1398.HK,9/16/2025,5.95,166128149,
1398.HK,9/17/2025,5.98,161477951,
1398.HK,9/18/2025,5.91,177095577,
1398.HK,9/19/2025,5.88,299092118,
1398.HK,9/22/2025,5.74,237772043,
1398.HK,9/23/2025,5.78,227726706,
1398.HK,9/24/2025,5.81,208483356,
1398.HK,9/25/2025,5.67,252296493,
1398.HK,9/26/2025,5.7,289491118,
1398.HK,9/29/2025,5.73,272241045,
1398.HK,9/30/2025,5.74,183412754,
1398.HK,10/2/2025,5.73,111932042,
1398.HK,10/3/2025,5.7,85263721,
1398.HK,10/6/2025,5.66,48178162,
1398.HK,10/8/2025,5.6,172522111,
1398.HK,10/9/2025,5.65,189678675,
1398.HK,10/10/2025,5.66,161636215,
1398.HK,10/13/2025,5.66,314504683,
1398.HK,10/14/2025,5.76,414496937,
1398.HK,10/15/2025,5.76,213648799,
1398.HK,10/16/2025,5.88,254353032,
1398.HK,10/17/2025,5.81,286079678,
1398.HK,10/20/2025,5.91,256491396,
1398.HK,10/21/2025,5.95,199750884,
1398.HK,10/22/2025,5.96,214182516,
1398.HK,10/23/2025,6.06,258835549,
1398.HK,10/24/2025,6.07,176096467,
1398.HK,10/27/2025,6.08,205602530,
1398.HK,10/28/2025,6.06,199529931,
1398.HK,10/29/2025,6.06,0,0.055468
1398.HK,10/30/2025,6.05,306345358,
1398.HK,10/31/2025,6.02,303567316,
1398.HK,11/3/2025,6.17,267564791,
1398.HK,11/4/2025,6.24,359947485,
1398.HK,11/5/2025,6.25,197867161,
1398.HK,11/6/2025,6.31,213393388,
1398.HK,11/7/2025,6.33,174481185,
1398.HK,11/10/2025,6.45,303890974,
1398.HK,11/11/2025,6.49,172471295,
1398.HK,11/12/2025,6.58,273007794,
1398.HK,11/13/2025,6.57,253430402,
1398.HK,11/14/2025,6.57,236621922,
1398.HK,11/17/2025,6.51,175141954,
1398.HK,11/18/2025,6.43,199877810,
1398.HK,11/19/2025,6.45,125231008,
1398.HK,11/20/2025,6.53,179626605,
1398.HK,11/21/2025,6.4,237623820,
1398.HK,11/24/2025,6.49,277876348,
1398.HK,11/25/2025,6.5,155792387,
1398.HK,11/26/2025,6.5,114134937,
1398.HK,11/27/2025,6.49,158303760,
1398.HK,11/28/2025,6.44,133067037,
1398.HK,12/1/2025,6.46,111739210,
1398.HK,12/2/2025,6.43,169708455,
1398.HK,12/3/2025,6.32,196449431,
1398.HK,12/4/2025,6.22,170630275,
1398.HK,12/5/2025,6.33,244853903,
1398.HK,12/8/2025,6.11,193161767,
1398.HK,12/9/2025,6.12,188894815,
1398.HK,12/10/2025,6.08,221504175,
1398.HK,12/11/2025,6.11,192147954,
1398.HK,12/12/2025,6.14,179480602,
1398.HK,12/15/2025,6.09,126088499,
1398.HK,12/16/2025,5.98,219697025,
1398.HK,12/17/2025,6.03,220410561,
1398.HK,12/18/2025,6.12,146001294,
1398.HK,12/19/2025,6.12,207470531,
1398.HK,12/22/2025,6.13,198623221,
1398.HK,12/23/2025,6.16,140655713,
1398.HK,12/24/2025,6.13,86604288,
1398.HK,12/25/2025,6.13,0,0.054834
1398.HK,12/26/2025,6.13,0,0.054834
1398.HK,12/29/2025,6.23,241620370,
1398.HK,12/30/2025,6.27,396162513,
1398.HK,12/31/2025,6.29,191951559,
1398.HK,1/2/2026,6.34,128700044,
1398.HK,1/5/2026,6.21,212117247,
1398.HK,1/6/2026,6.21,283013217,
1398.HK,1/7/2026,6.14,290474848,
1398.HK,1/8/2026,6.1,218002915,
1398.HK,1/9/2026,6.13,192400840,
1398.HK,1/12/2026,6.24,146528604,
1398.HK,1/13/2026,6.3,195855789,
1398.HK,1/14/2026,6.24,144613826,
1398.HK,1/15/2026,6.34,198931699,
1398.HK,1/16/2026,6.35,212418447,
1398.HK,1/19/2026,6.34,169389002,
1398.HK,1/20/2026,6.31,163881380,
1398.HK,1/21/2026,6.21,160928534,
1398.HK,1/22/2026,6.17,148826987,
1398.HK,1/23/2026,6.15,118994555,
1398.HK,1/26/2026,6.24,139601271,
1398.HK,1/27/2026,6.36,216323342,
1398.HK,1/28/2026,6.59,423178986,
1398.HK,1/29/2026,6.64,336359637,
1398.HK,1/30/2026,6.49,293258055,
1398.HK,2/2/2026,6.41,259048336,
1398.HK,2/3/2026,6.38,195652771,
1398.HK,2/4/2026,6.43,139293342,
1398.HK,2/5/2026,6.46,169613086,
1398.HK,2/6/2026,6.49,177582865,
1398.HK,2/9/2026,6.52,116168989,
1398.HK,2/10/2026,6.57,114597145,
1398.HK,2/11/2026,6.56,99263907,
1398.HK,2/12/2026,6.5,144545290,
1398.HK,2/13/2026,6.41,100228977,
1398.HK,2/16/2026,6.4,53371360,
1398.HK,2/20/2026,6.41,102102959,
1398.HK,2/23/2026,6.56,96488319,
1398.HK,2/24/2026,6.45,123784098,
1398.HK,2/25/2026,6.46,143643677,
1398.HK,2/26/2026,6.42,166806893,
1398.HK,2/27/2026,6.45,284474719,
1398.HK,3/2/2026,6.35,294182386,
1398.HK,3/3/2026,6.45,278776065,
1398.HK,3/4/2026,6.34,310420363,
1398.HK,3/5/2026,6.36,223727023,
1398.HK,3/6/2026,6.41,158562902,
1398.HK,3/9/2026,6.32,258223067,
1398.HK,3/10/2026,6.28,399953706,
1398.HK,3/11/2026,6.22,302080514,
1398.HK,3/12/2026,6.31,235355064,
1398.HK,3/13/2026,6.33,173084157,
1398.HK,3/16/2026,6.48,242038695,
1398.HK,3/17/2026,6.54,153107817,
1398.HK,3/18/2026,6.57,170792399,
1398.HK,3/19/2026,6.58,189956894,
1398.HK,3/20/2026,6.6,303266690,
1398.HK,3/23/2026,6.37,326218725,
1398.HK,3/24/2026,6.51,255297497,
1398.HK,3/25/2026,6.57,203251147,
1398.HK,3/26/2026,6.56,216003794,
1398.HK,3/27/2026,6.62,249064917,
1398.HK,3/30/2026,6.74,342408426,
1398.HK,3/31/2026,6.86,319361070,
1398.HK,4/1/2026,6.88,277117681,
1398.HK,4/2/2026,6.96,135548225,
1398.HK,4/3/2026,6.96,0,0.05031
1398.HK,4/7/2026,6.96,0,0.05031
1398.HK,4/8/2026,6.85,339070159,
1398.HK,4/9/2026,6.93,177783390,
1398.HK,4/10/2026,6.97,140216132,
1398.HK,4/13/2026,6.98,106474179,
1398.HK,4/14/2026,7.03,187768096,
1398.HK,4/15/2026,6.99,199667134,
1398.HK,4/16/2026,6.99,175746606,
1398.HK,4/17/2026,7.03,244622858,
1398.HK,4/20/2026,7.19,214115043,
1398.HK,4/21/2026,7.26,281314831,
1398.HK,4/22/2026,7.13,212647554,
1398.HK,4/23/2026,7.18,146103416,
1398.HK,4/24/2026,7.26,251507876,
1398.HK,4/27/2026,7.22,212671666,
1398.HK,4/28/2026,7.18,339457439,
1398.HK,4/29/2026,7.22,389176773,
1398.HK,4/30/2026,7.03,473345025,
1398.HK,5/4/2026,6.92,102313434,
1398.HK,5/5/2026,6.9,130568801,
1398.HK,5/6/2026,6.95,156320157,
1398.HK,5/7/2026,6.99,232568463,
1398.HK,5/8/2026,6.92,154065070,
1398.HK,5/11/2026,6.98,161468219,
1398.HK,5/12/2026,7.05,165756299,
1398.HK,5/13/2026,7,155518973,
1398.HK,5/14/2026,7.04,153863529,
1398.HK,5/15/2026,6.89,158695678,
1398.HK,5/18/2026,6.85,151888405,
1398.HK,5/19/2026,6.93,184138935,
1398.HK,5/20/2026,6.88,122385452,
1398.HK,5/21/2026,6.8,113972628,
1398.HK,5/22/2026,6.85,175972850,
1398.HK,5/25/2026,6.85,0,0.051118
1398.HK,5/26/2026,6.78,162391271,
1398.HK,5/27/2026,6.72,128487416,
1398.HK,5/28/2026,6.59,218882732,
1398.HK,5/29/2026,6.64,346424884,
1398.HK,6/1/2026,6.65,174592527,
1398.HK,6/2/2026,6.8,180882126,
1398.HK,6/3/2026,6.72,114520126,
1398.HK,6/4/2026,6.72,113514935,0.052107
1398.HK,6/5/2026,6.83,181264958,0.051268
1398.HK,6/8/2026,6.93,189200252,0.050528
1398.HK,6/9/2026,6.93,223215332,0.050528
1398.HK,6/10/2026,7,227653253,0.050023
1398.HK,6/11/2026,6.98,236826660,0.050166
2016.HK,6/3/2024,2.27,8846334,
2016.HK,6/4/2024,2.26,5822010,
2016.HK,6/5/2024,2.23,7344000,
2016.HK,6/6/2024,2.21,8264010,
2016.HK,6/7/2024,2.24,7878000,
2016.HK,6/11/2024,2.25,17810000,
2016.HK,6/12/2024,2.22,13075000,
2016.HK,6/13/2024,2.23,10681000,
2016.HK,6/14/2024,2.07,6441000,
2016.HK,6/17/2024,2.04,6648000,
2016.HK,6/18/2024,2.05,3964537,
2016.HK,6/19/2024,2.07,3445000,
2016.HK,6/20/2024,2.08,9567000,
2016.HK,6/21/2024,2.07,4138000,
2016.HK,6/24/2024,2.07,5920000,
2016.HK,6/25/2024,2.08,4599537,
2016.HK,6/26/2024,2.08,6746828,
2016.HK,6/27/2024,2.07,5908000,
2016.HK,6/28/2024,2.09,11580000,
2016.HK,7/2/2024,2.14,27773365,
2016.HK,7/3/2024,2.15,19640541,
2016.HK,7/4/2024,2.14,7699000,
2016.HK,7/5/2024,2.11,12704717,
2016.HK,7/8/2024,2.09,8338000,
2016.HK,7/9/2024,2.08,8472000,
2016.HK,7/10/2024,2.08,4704000,
2016.HK,7/11/2024,2.09,4884000,
2016.HK,7/12/2024,2.13,13000000,
2016.HK,7/15/2024,2.15,11151000,
2016.HK,7/16/2024,2.14,10330000,
2016.HK,7/17/2024,2.12,8862000,
2016.HK,7/18/2024,2.14,10100080,
2016.HK,7/19/2024,2.12,13961000,
2016.HK,7/22/2024,2.1,5319000,
2016.HK,7/23/2024,2.12,15436000,
2016.HK,7/24/2024,2.13,3599000,
2016.HK,7/25/2024,2.09,11785000,
2016.HK,7/26/2024,2.11,3390000,
2016.HK,7/29/2024,2.09,12218000,
2016.HK,7/30/2024,2.09,3297200,
2016.HK,7/31/2024,2.12,8642000,
2016.HK,8/1/2024,2.14,10866296,
2016.HK,8/2/2024,2.12,4172000,
2016.HK,8/5/2024,2.07,12019000,
2016.HK,8/6/2024,2.07,5041000,
2016.HK,8/7/2024,2.09,8622000,
2016.HK,8/8/2024,2.08,4114000,
2016.HK,8/9/2024,2.09,3502000,
2016.HK,8/12/2024,2.1,12540000,
2016.HK,8/13/2024,2.12,8135000,
2016.HK,8/14/2024,2.12,3988000,
2016.HK,8/15/2024,2.12,10880000,
2016.HK,8/16/2024,2.14,9815000,
2016.HK,8/19/2024,2.1,34333000,
2016.HK,8/20/2024,2.08,11936000,
2016.HK,8/21/2024,2.09,6472000,
2016.HK,8/22/2024,2.09,7251000,
2016.HK,8/23/2024,2.07,7951794,
2016.HK,8/26/2024,2.09,12474000,
2016.HK,8/27/2024,2.1,14880000,
2016.HK,8/28/2024,2.09,7183000,
2016.HK,8/29/2024,2.05,13377000,
2016.HK,8/30/2024,2.06,10779007,
2016.HK,9/2/2024,2.05,18932000,
2016.HK,9/3/2024,2.01,10783000,
2016.HK,9/4/2024,1.99,5564000,
2016.HK,9/5/2024,1.98,4090000,
2016.HK,9/9/2024,1.95,12470000,
2016.HK,9/10/2024,1.96,6666000,
2016.HK,9/11/2024,1.92,9525000,
2016.HK,9/12/2024,1.91,6166000,
2016.HK,9/13/2024,1.92,3886000,
2016.HK,9/16/2024,1.96,5643000,
2016.HK,9/17/2024,1.96,1084000,
2016.HK,9/19/2024,1.95,14504300,
2016.HK,9/20/2024,1.9,110220000,
2016.HK,9/23/2024,1.96,12434000,
2016.HK,9/24/2024,2.03,16910000,
2016.HK,9/25/2024,2.04,15629000,
2016.HK,9/26/2024,2.11,17131798,
2016.HK,9/27/2024,2.13,25788000,
2016.HK,9/30/2024,2.2,52377463,
2016.HK,10/2/2024,2.26,27995463,
2016.HK,10/3/2024,2.23,23233000,
2016.HK,10/4/2024,2.24,29596610,
2016.HK,10/7/2024,2.34,40967611,
2016.HK,10/8/2024,2.2,108474700,
2016.HK,10/9/2024,2.1,62864700,
2016.HK,10/10/2024,2.17,38296000,
2016.HK,10/14/2024,2.21,51036000,
2016.HK,10/15/2024,2.18,31697000,
2016.HK,10/16/2024,2.22,29520600,
2016.HK,10/17/2024,2.19,24225500,
2016.HK,10/18/2024,2.25,21822000,
2016.HK,10/21/2024,2.22,13132000,
2016.HK,10/22/2024,2.22,8718667,
2016.HK,10/23/2024,2.22,8766000,
2016.HK,10/24/2024,2.22,8057000,
2016.HK,10/25/2024,2.21,11349600,
2016.HK,10/28/2024,2.22,10610000,
2016.HK,10/29/2024,2.2,7840000,
2016.HK,10/30/2024,2.16,13839853,
2016.HK,10/31/2024,2.16,9005853,
2016.HK,11/1/2024,2.18,8322000,
2016.HK,11/4/2024,2.17,5605000,
2016.HK,11/5/2024,2.2,8642000,
2016.HK,11/6/2024,2.2,9540000,
2016.HK,11/7/2024,2.23,38438000,
2016.HK,11/8/2024,2.21,13791000,
2016.HK,11/11/2024,2.18,11045000,
2016.HK,11/12/2024,2.16,12593650,
2016.HK,11/13/2024,2.15,7252000,
2016.HK,11/14/2024,2.14,6340000,
2016.HK,11/15/2024,2.14,7940000,
2016.HK,11/18/2024,2.19,22464255,
2016.HK,11/19/2024,2.19,13058000,
2016.HK,11/20/2024,2.19,4734000,
2016.HK,11/21/2024,2.17,4329000,
2016.HK,11/22/2024,2.13,14106000,
2016.HK,11/25/2024,2.13,5440000,
2016.HK,11/26/2024,2.13,4079400,
2016.HK,11/27/2024,2.14,3978000,
2016.HK,11/28/2024,2.14,4150000,
2016.HK,11/29/2024,2.15,9294000,
2016.HK,12/2/2024,2.16,9556000,
2016.HK,12/3/2024,2.18,7605000,
2016.HK,12/4/2024,2.17,7214000,
2016.HK,12/5/2024,2.18,15025000,
2016.HK,12/6/2024,2.19,18823000,
2016.HK,12/9/2024,2.22,28242000,
2016.HK,12/10/2024,2.18,27814000,
2016.HK,12/11/2024,2.18,12148000,
2016.HK,12/12/2024,2.2,26682000,
2016.HK,12/13/2024,2.15,31121000,
2016.HK,12/16/2024,2.14,17836000,
2016.HK,12/17/2024,2.13,11496000,
2016.HK,12/18/2024,2.16,15842000,
2016.HK,12/19/2024,2.15,9000000,
2016.HK,12/20/2024,2.14,19644633,
2016.HK,12/23/2024,2.17,20628000,
2016.HK,12/24/2024,2.19,14387000,
2016.HK,12/27/2024,2.19,18468000,
2016.HK,12/30/2024,2.21,33596000,
2016.HK,12/31/2024,2.22,15096000,
2016.HK,1/2/2025,2.16,25362880,
2016.HK,1/3/2025,2.15,17933000,
2016.HK,1/6/2025,2.15,12685880,
2016.HK,1/7/2025,2.15,7645000,
2016.HK,1/8/2025,2.14,15991000,
2016.HK,1/9/2025,2.15,8429000,
2016.HK,1/10/2025,2.13,15039000,
2016.HK,1/13/2025,2.11,15207561,
2016.HK,1/14/2025,2.13,10961561,
2016.HK,1/15/2025,2.15,12434000,
2016.HK,1/16/2025,2.16,15436000,
2016.HK,1/17/2025,2.15,10064000,
2016.HK,1/20/2025,2.17,14089500,
2016.HK,1/21/2025,2.19,10158000,
2016.HK,1/22/2025,2.16,12982720,
2016.HK,1/23/2025,2.19,22238000,
2016.HK,1/24/2025,2.2,6699000,
2016.HK,1/27/2025,2.25,28249000,
2016.HK,1/28/2025,2.25,767000,
2016.HK,2/3/2025,2.24,6949000,
2016.HK,2/4/2025,2.23,1953000,
2016.HK,2/5/2025,2.24,14450000,
2016.HK,2/6/2025,2.24,7537000,
2016.HK,2/7/2025,2.21,14233000,
2016.HK,2/10/2025,2.21,10676000,
2016.HK,2/11/2025,2.22,8947400,
2016.HK,2/12/2025,2.26,18073000,
2016.HK,2/13/2025,2.26,20570000,
2016.HK,2/14/2025,2.27,17845000,
2016.HK,2/17/2025,2.29,18735000,
2016.HK,2/18/2025,2.33,20302000,
2016.HK,2/19/2025,2.33,12239000,
2016.HK,2/20/2025,2.34,19848100,
2016.HK,2/21/2025,2.32,16167000,
2016.HK,2/24/2025,2.34,23261000,
2016.HK,2/25/2025,2.34,15606000,
2016.HK,2/26/2025,2.38,20425500,
2016.HK,2/27/2025,2.39,6590000,
2016.HK,2/28/2025,2.38,27648000,
2016.HK,3/3/2025,2.35,9389000,
2016.HK,3/4/2025,2.37,6736000,
2016.HK,3/5/2025,2.38,10046000,
2016.HK,3/6/2025,2.38,6613000,
2016.HK,3/7/2025,2.37,10308000,
2016.HK,3/10/2025,2.36,7761000,
2016.HK,3/11/2025,2.36,7301000,
2016.HK,3/12/2025,2.38,13086000,
2016.HK,3/13/2025,2.38,6846000,
2016.HK,3/14/2025,2.42,10086300,
2016.HK,3/17/2025,2.46,13491351,
2016.HK,3/18/2025,2.53,21036000,
2016.HK,3/19/2025,2.56,18624200,
2016.HK,3/20/2025,2.57,27899465,
2016.HK,3/21/2025,2.57,27120036,
2016.HK,3/24/2025,2.58,14817000,
2016.HK,3/25/2025,2.57,14948465,
2016.HK,3/26/2025,2.56,12412000,
2016.HK,3/27/2025,2.56,12787000,
2016.HK,3/28/2025,2.56,8874000,
2016.HK,3/31/2025,2.57,22790000,
2016.HK,4/1/2025,2.56,11696000,
2016.HK,4/2/2025,2.63,13814000,
2016.HK,4/3/2025,2.63,9195000,
2016.HK,4/7/2025,2.37,31993000,
2016.HK,4/8/2025,2.42,22918000,
2016.HK,4/9/2025,2.43,17280300,
2016.HK,4/10/2025,2.43,19842000,
2016.HK,4/11/2025,2.48,12012000,
2016.HK,4/14/2025,2.5,6907700,
2016.HK,4/15/2025,2.52,5980268,
2016.HK,4/16/2025,2.51,6405000,
2016.HK,4/17/2025,2.51,4335000,
2016.HK,4/22/2025,2.53,8186368,
2016.HK,4/23/2025,2.57,10877000,
2016.HK,4/24/2025,2.58,5983800,
2016.HK,4/25/2025,2.61,13642818,
2016.HK,4/28/2025,2.63,9276000,
2016.HK,4/29/2025,2.61,7109000,
2016.HK,4/30/2025,2.62,12997000,
2016.HK,5/2/2025,2.58,1088000,
2016.HK,5/6/2025,2.59,4371000,
2016.HK,5/7/2025,2.62,6512400,
2016.HK,5/8/2025,2.61,4510000,
2016.HK,5/9/2025,2.66,6847000,
2016.HK,5/12/2025,2.66,6376000,
2016.HK,5/13/2025,2.68,7450000,
2016.HK,5/14/2025,2.76,16132116,
2016.HK,5/15/2025,2.74,7190492,
2016.HK,5/16/2025,2.75,7985000,
2016.HK,5/19/2025,2.78,8858927,
2016.HK,5/20/2025,2.79,5496000,
2016.HK,5/21/2025,2.83,9259538,
2016.HK,5/22/2025,2.84,10627600,
2016.HK,5/23/2025,2.84,10516500,
2016.HK,5/26/2025,2.82,8159000,
2016.HK,5/27/2025,2.84,6582000,
2016.HK,5/28/2025,2.83,6350000,
2016.HK,5/29/2025,2.86,8716000,
2016.HK,5/30/2025,2.87,11574862,
2016.HK,6/2/2025,2.77,3020000,
2016.HK,6/3/2025,2.87,10942000,
2016.HK,6/4/2025,2.87,5018062,
2016.HK,6/5/2025,2.88,8601000,
2016.HK,6/6/2025,2.89,4679000,
2016.HK,6/9/2025,2.94,11558000,
2016.HK,6/10/2025,2.99,16385900,
2016.HK,6/11/2025,3.02,7703000,
2016.HK,6/12/2025,3.06,11319600,
2016.HK,6/13/2025,3.1,14654000,
2016.HK,6/16/2025,3.09,16753000,
2016.HK,6/17/2025,2.95,11947240,
2016.HK,6/18/2025,3,11044205,
2016.HK,6/19/2025,2.89,16741000,
2016.HK,6/20/2025,2.98,21484000,
2016.HK,6/23/2025,3.03,23785000,
2016.HK,6/24/2025,3.03,23616000,
2016.HK,6/25/2025,3,25474000,
2016.HK,6/26/2025,2.98,13116000,
2016.HK,6/27/2025,2.95,19399000,
2016.HK,6/30/2025,2.95,15752000,
2016.HK,7/1/2025,2.95,0,0.057758
2016.HK,7/2/2025,3.03,36024400,
2016.HK,7/3/2025,2.99,13030000,
2016.HK,7/4/2025,3.02,30300000,
2016.HK,7/7/2025,3.03,31093000,
2016.HK,7/8/2025,3.08,17659000,
2016.HK,7/9/2025,3.07,16746000,
2016.HK,7/10/2025,3.1,16019800,
2016.HK,7/11/2025,2.97,52103600,
2016.HK,7/14/2025,2.97,32165000,
2016.HK,7/15/2025,2.92,26616000,
2016.HK,7/16/2025,2.92,17141250,
2016.HK,7/17/2025,2.92,10718000,
2016.HK,7/18/2025,2.94,11704010,
2016.HK,7/21/2025,2.95,17406000,
2016.HK,7/22/2025,2.92,21650000,
2016.HK,7/23/2025,2.96,19834248,
2016.HK,7/24/2025,2.94,12296000,
2016.HK,7/25/2025,2.85,43561000,
2016.HK,7/28/2025,2.89,32039000,
2016.HK,7/29/2025,2.84,21783000,
2016.HK,7/30/2025,2.8,23714000,
2016.HK,7/31/2025,2.76,26752250,
2016.HK,8/1/2025,2.7,18753000,
2016.HK,8/4/2025,2.73,15157015,
2016.HK,8/5/2025,2.78,15533000,
2016.HK,8/6/2025,2.76,15806265,
2016.HK,8/7/2025,2.78,8331000,
2016.HK,8/8/2025,2.78,10209120,
2016.HK,8/11/2025,2.77,9409000,
2016.HK,8/12/2025,2.79,6065200,
2016.HK,8/13/2025,2.8,13082000,
2016.HK,8/14/2025,2.79,14895700,
2016.HK,8/15/2025,2.78,20412000,
2016.HK,8/18/2025,2.77,15513000,
2016.HK,8/19/2025,2.79,11443000,
2016.HK,8/20/2025,2.82,10104000,
2016.HK,8/21/2025,2.83,14561000,
2016.HK,8/22/2025,2.83,12314100,
2016.HK,8/25/2025,2.88,25392000,
2016.HK,8/26/2025,2.84,14241000,
2016.HK,8/27/2025,2.77,16182000,
2016.HK,8/28/2025,2.78,13373000,
2016.HK,8/29/2025,2.67,48641000,
2016.HK,9/1/2025,2.68,26167000,
2016.HK,9/2/2025,2.72,26250000,
2016.HK,9/3/2025,2.75,23553863,
2016.HK,9/4/2025,2.76,22116000,
2016.HK,9/5/2025,2.74,63704000,
2016.HK,9/8/2025,2.74,14173000,
2016.HK,9/9/2025,2.73,22652000,
2016.HK,9/10/2025,2.78,10076000,
2016.HK,9/11/2025,2.8,9276000,
2016.HK,9/12/2025,2.78,8620000,
2016.HK,9/15/2025,2.77,10482000,
2016.HK,9/16/2025,2.72,11533000,
2016.HK,9/17/2025,2.7,9251800,
2016.HK,9/18/2025,2.65,8891000,
2016.HK,9/19/2025,2.66,20046294,
2016.HK,9/22/2025,2.63,10182300,
2016.HK,9/23/2025,2.64,5866874,
2016.HK,9/24/2025,2.61,3939001,
2016.HK,9/25/2025,2.58,5751000,
2016.HK,9/26/2025,2.6,8930000,
2016.HK,9/29/2025,2.61,5250000,
2016.HK,9/30/2025,2.58,4647938,
2016.HK,10/2/2025,2.58,3288000,
2016.HK,10/3/2025,2.55,1441000,
2016.HK,10/6/2025,2.55,915000,
2016.HK,10/8/2025,2.52,4456000,
2016.HK,10/9/2025,2.55,11405600,
2016.HK,10/10/2025,2.58,15449233,
2016.HK,10/13/2025,2.56,13839601,
2016.HK,10/14/2025,2.6,20216137,
2016.HK,10/15/2025,2.6,10909429,
2016.HK,10/16/2025,2.63,10264000,
2016.HK,10/17/2025,2.59,8085776,
2016.HK,10/20/2025,2.61,10140000,
2016.HK,10/21/2025,2.61,9728000,
2016.HK,10/22/2025,2.65,7602417,
2016.HK,10/23/2025,2.67,10538943,
2016.HK,10/24/2025,2.66,7999000,
2016.HK,10/27/2025,2.66,6352220,
2016.HK,10/28/2025,2.65,5015216,
2016.HK,10/29/2025,2.65,0,0.064297
2016.HK,10/30/2025,2.63,9473583,
2016.HK,10/31/2025,2.53,9486000,
2016.HK,11/3/2025,2.56,7526367,
2016.HK,11/4/2025,2.59,6575534,
2016.HK,11/5/2025,2.6,7258720,
2016.HK,11/6/2025,2.6,4325000,
2016.HK,11/7/2025,2.61,5124010,
2016.HK,11/10/2025,2.64,7875000,
2016.HK,11/11/2025,2.63,6869000,
2016.HK,11/12/2025,2.66,11171844,
2016.HK,11/13/2025,2.66,7299000,
2016.HK,11/14/2025,2.65,6929112,
2016.HK,11/17/2025,2.63,6477000,
2016.HK,11/18/2025,2.57,17286000,
2016.HK,11/19/2025,2.58,4474000,
2016.HK,11/20/2025,2.65,14087335,
2016.HK,11/21/2025,2.58,10184335,
2016.HK,11/24/2025,2.58,7198000,
2016.HK,11/25/2025,2.61,7907025,
2016.HK,11/26/2025,2.61,6468102,
2016.HK,11/27/2025,2.64,8767000,
2016.HK,11/28/2025,2.62,2998000,
2016.HK,12/1/2025,2.65,11436000,
2016.HK,12/2/2025,2.63,6054229,
2016.HK,12/3/2025,2.61,12606000,
2016.HK,12/4/2025,2.6,5941000,
2016.HK,12/5/2025,2.59,5698000,
2016.HK,12/8/2025,2.58,5070000,
2016.HK,12/9/2025,2.55,12791000,
2016.HK,12/10/2025,2.55,9363000,
2016.HK,12/11/2025,2.54,4224000,
2016.HK,12/12/2025,2.57,7504000,
2016.HK,12/15/2025,2.56,6309000,
2016.HK,12/16/2025,2.52,7877000,
2016.HK,12/17/2025,2.51,5219010,
2016.HK,12/18/2025,2.53,8014000,
2016.HK,12/19/2025,2.55,9813025,
2016.HK,12/22/2025,2.54,4543050,
2016.HK,12/23/2025,2.54,3786000,
2016.HK,12/24/2025,2.54,3155262,
2016.HK,12/25/2025,2.54,0,0.067081
2016.HK,12/26/2025,2.54,0,0.067081
2016.HK,12/29/2025,2.53,6288100,
2016.HK,12/30/2025,2.51,6460000,
2016.HK,12/31/2025,2.52,2529000,
2016.HK,1/2/2026,2.53,2186000,
2016.HK,1/5/2026,2.53,7402000,
2016.HK,1/6/2026,2.53,5955000,
2016.HK,1/7/2026,2.52,7196000,
2016.HK,1/8/2026,2.51,6199966,
2016.HK,1/9/2026,2.5,3176000,
2016.HK,1/12/2026,2.52,8259000,
2016.HK,1/13/2026,2.55,10984000,
2016.HK,1/14/2026,2.56,11112000,
2016.HK,1/15/2026,2.52,6759000,
2016.HK,1/16/2026,2.48,12449682,
2016.HK,1/19/2026,2.45,8843000,
2016.HK,1/20/2026,2.49,7841528,
2016.HK,1/21/2026,2.45,10201000,
2016.HK,1/22/2026,2.45,5808000,
2016.HK,1/23/2026,2.46,5247000,
2016.HK,1/26/2026,2.48,4805341,
2016.HK,1/27/2026,2.48,3549000,
2016.HK,1/28/2026,2.52,5426000,
2016.HK,1/29/2026,2.54,6578000,
2016.HK,1/30/2026,2.5,5620000,
2016.HK,2/2/2026,2.49,6550601,
2016.HK,2/3/2026,2.48,4081000,
2016.HK,2/4/2026,2.5,8256000,
2016.HK,2/5/2026,2.54,7330887,
2016.HK,2/6/2026,2.55,5215000,
2016.HK,2/9/2026,2.56,6044800,
2016.HK,2/10/2026,2.58,5782000,
2016.HK,2/11/2026,2.6,4668341,
2016.HK,2/12/2026,2.58,4112871,
2016.HK,2/13/2026,2.6,4961033,
2016.HK,2/16/2026,2.61,1740000,
2016.HK,2/20/2026,2.63,2655341,
2016.HK,2/23/2026,2.69,2864000,
2016.HK,2/24/2026,2.64,9123782,
2016.HK,2/25/2026,2.65,10378000,
2016.HK,2/26/2026,2.66,8352200,
2016.HK,2/27/2026,2.69,9618869,
2016.HK,3/2/2026,2.65,10592341,
2016.HK,3/3/2026,2.64,18352869,
2016.HK,3/4/2026,2.61,11556000,
2016.HK,3/5/2026,2.62,12729623,
2016.HK,3/6/2026,2.63,18052000,
2016.HK,3/9/2026,2.66,14388000,
2016.HK,3/10/2026,2.64,10009000,
2016.HK,3/11/2026,2.63,5412000,
2016.HK,3/12/2026,2.65,8546500,
2016.HK,3/13/2026,2.62,4248000,
2016.HK,3/16/2026,2.62,4241176,
2016.HK,3/17/2026,2.64,7238000,
2016.HK,3/18/2026,2.66,4535000,
2016.HK,3/19/2026,2.62,13548000,
2016.HK,3/20/2026,2.6,15770000,
2016.HK,3/23/2026,2.52,12902893,
2016.HK,3/24/2026,2.58,9011000,
2016.HK,3/25/2026,2.61,3641000,
2016.HK,3/26/2026,2.59,10107000,
2016.HK,3/27/2026,2.6,6868000,
2016.HK,3/30/2026,2.61,3761000,
2016.HK,3/31/2026,2.48,20072976,
2016.HK,4/1/2026,2.48,8943000,
2016.HK,4/2/2026,2.45,9863000,
2016.HK,4/3/2026,2.45,0,0.061442
2016.HK,4/7/2026,2.45,0,0.061442
2016.HK,4/8/2026,2.47,13016005,
2016.HK,4/9/2026,2.47,9136000,
2016.HK,4/10/2026,2.46,14917002,
2016.HK,4/13/2026,2.42,10447000,
2016.HK,4/14/2026,2.42,7565000,
2016.HK,4/15/2026,2.43,4973237,
2016.HK,4/16/2026,2.43,3317700,
2016.HK,4/17/2026,2.42,3001000,
2016.HK,4/20/2026,2.47,8912001,
2016.HK,4/21/2026,2.48,4786000,
2016.HK,4/22/2026,2.46,4877300,
2016.HK,4/23/2026,2.46,6086000,
2016.HK,4/24/2026,2.47,9258000,
2016.HK,4/27/2026,2.45,4745000,
2016.HK,4/28/2026,2.45,2423000,
2016.HK,4/29/2026,2.46,5915000,
2016.HK,4/30/2026,2.44,23693368,
2016.HK,5/4/2026,2.5,4347000,
2016.HK,5/5/2026,2.5,3115000,
2016.HK,5/6/2026,2.48,10954000,
2016.HK,5/7/2026,2.49,10477000,
2016.HK,5/8/2026,2.48,4217000,
2016.HK,5/11/2026,2.5,17985327,
2016.HK,5/12/2026,2.5,5317120,
2016.HK,5/13/2026,2.47,8149000,
2016.HK,5/14/2026,2.45,5873376,
2016.HK,5/15/2026,2.46,8515013,
2016.HK,5/18/2026,2.43,6971000,
2016.HK,5/19/2026,2.45,2613787,
2016.HK,5/20/2026,2.42,5615000,
2016.HK,5/21/2026,2.4,6474945,
2016.HK,5/22/2026,2.4,6339000,
2016.HK,5/25/2026,2.4,0,0.062722
2016.HK,5/26/2026,2.41,5749382,
2016.HK,5/27/2026,2.4,6692000,
2016.HK,5/28/2026,2.38,8922700,
2016.HK,5/29/2026,2.42,6137000,
2016.HK,6/1/2026,2.45,5700878,
2016.HK,6/2/2026,2.5,10861000,
2016.HK,6/3/2026,2.52,10793300,
2016.HK,6/4/2026,2.5,7088000,0.060213
2016.HK,6/5/2026,2.54,8639000,0.059265
2016.HK,6/8/2026,2.54,7800212,0.059265
2016.HK,6/9/2026,2.51,13463020,0.059973
2016.HK,6/10/2026,2.55,6412000,0.059033
2016.HK,6/11/2026,2.54,6139000,0.059265
2020.HK,6/3/2024,85.25,3959779,
2020.HK,6/4/2024,87.2,5517977,
2020.HK,6/5/2024,87.75,4733321,
2020.HK,6/6/2024,87.1,3281680,
2020.HK,6/7/2024,87.25,4084717,
2020.HK,6/11/2024,84.95,5906366,
2020.HK,6/12/2024,82.15,5768260,
2020.HK,6/13/2024,82.05,5067878,
2020.HK,6/14/2024,81.05,6672373,
2020.HK,6/17/2024,81.05,6669160,
2020.HK,6/18/2024,80.4,4230631,
2020.HK,6/19/2024,82.35,6122594,
2020.HK,6/20/2024,79.75,7268991,
2020.HK,6/21/2024,78.1,7785815,
2020.HK,6/24/2024,78.95,4925778,
2020.HK,6/25/2024,78.9,5218575,
2020.HK,6/26/2024,77.9,3795466,
2020.HK,6/27/2024,76.2,5635011,
2020.HK,6/28/2024,75,7184321,
2020.HK,7/2/2024,72.95,9510748,
2020.HK,7/3/2024,73.2,7935896,
2020.HK,7/4/2024,72.3,7657358,
2020.HK,7/5/2024,71.05,7097465,
2020.HK,7/8/2024,71.35,5966304,
2020.HK,7/9/2024,69.7,13970524,
2020.HK,7/10/2024,69,6638092,
2020.HK,7/11/2024,71.8,9921702,
2020.HK,7/12/2024,76.15,15255217,
2020.HK,7/15/2024,74.3,7753653,
2020.HK,7/16/2024,73.6,7522349,
2020.HK,7/17/2024,74.65,5459515,
2020.HK,7/18/2024,74.65,4365185,
2020.HK,7/19/2024,72.6,7306916,
2020.HK,7/22/2024,72.55,4136370,
2020.HK,7/23/2024,70.5,8460479,
2020.HK,7/24/2024,69.95,3962614,
2020.HK,7/25/2024,69.4,3988653,
2020.HK,7/26/2024,69.7,5767248,
2020.HK,7/29/2024,69.75,3228021,
2020.HK,7/30/2024,67.7,10634279,
2020.HK,7/31/2024,70.1,8322932,
2020.HK,8/1/2024,67.95,5613490,
2020.HK,8/2/2024,68.05,4939474,
2020.HK,8/5/2024,68,6993408,
2020.HK,8/6/2024,68.3,5575307,
2020.HK,8/7/2024,68.9,6495821,
2020.HK,8/8/2024,68.8,7233496,
2020.HK,8/9/2024,70.25,7449378,
2020.HK,8/12/2024,68.3,6336332,
2020.HK,8/13/2024,68.15,3615548,
2020.HK,8/14/2024,67.45,4369824,
2020.HK,8/15/2024,65.9,7621912,
2020.HK,8/16/2024,68.1,6739320,
2020.HK,8/19/2024,67.95,5082039,
2020.HK,8/20/2024,67.25,7993164,
2020.HK,8/21/2024,67.45,8158362,
2020.HK,8/22/2024,69.1,6764179,
2020.HK,8/23/2024,69.05,2980339,
2020.HK,8/26/2024,71.45,6972079,
2020.HK,8/27/2024,71.65,6173237,
2020.HK,8/28/2024,74.85,27457259,
2020.HK,8/29/2024,76.3,13865861,
2020.HK,8/30/2024,76.8,17585021,
2020.HK,9/2/2024,75.45,5725436,
2020.HK,9/3/2024,76,4419097,
2020.HK,9/4/2024,75,7024019,
2020.HK,9/5/2024,75.5,6706304,
2020.HK,9/9/2024,73.9,5426993,
2020.HK,9/10/2024,72.8,3963523,
2020.HK,9/11/2024,70.4,11411158,
2020.HK,9/12/2024,69.05,6719644,
2020.HK,9/13/2024,70.1,4485875,
2020.HK,9/16/2024,69.4,2528149,
2020.HK,9/17/2024,70.4,3764843,
2020.HK,9/19/2024,72.25,12234217,
2020.HK,9/20/2024,74.6,12185487,
2020.HK,9/23/2024,73.5,6763998,
2020.HK,9/24/2024,77.55,18112361,
2020.HK,9/25/2024,76.2,17885980,
2020.HK,9/26/2024,86.85,43151388,
2020.HK,9/27/2024,91.3,48048969,
2020.HK,9/30/2024,94.45,40609828,
2020.HK,10/2/2024,101.9,36650474,
2020.HK,10/3/2024,98.8,22542978,
2020.HK,10/4/2024,102.3,18334080,
2020.HK,10/7/2024,106.3,17175936,
2020.HK,10/8/2024,96.55,30607603,
2020.HK,10/9/2024,95,32882102,
2020.HK,10/10/2024,100.1,29056218,
2020.HK,10/14/2024,91.4,41692792,
2020.HK,10/15/2024,88.7,21120655,
2020.HK,10/16/2024,86.45,16192897,
2020.HK,10/17/2024,84,11079799,
2020.HK,10/18/2024,87.15,13412540,
2020.HK,10/21/2024,85.6,6339503,
2020.HK,10/22/2024,87.1,7222705,
2020.HK,10/23/2024,87.25,9621880,
2020.HK,10/24/2024,85.5,9174633,
2020.HK,10/25/2024,86.65,5968105,
2020.HK,10/28/2024,87.2,5690976,
2020.HK,10/29/2024,86.65,6138616,
2020.HK,10/30/2024,83.75,10611369,
2020.HK,10/31/2024,82.95,6085186,
2020.HK,11/1/2024,84.2,5936132,
2020.HK,11/4/2024,84.35,3224357,
2020.HK,11/5/2024,87.65,9982524,
2020.HK,11/6/2024,85.8,9908149,
2020.HK,11/7/2024,89.15,14740188,
2020.HK,11/8/2024,89.45,15256706,
2020.HK,11/11/2024,88.2,10865720,
2020.HK,11/12/2024,84.35,18147182,
2020.HK,11/13/2024,83.2,12424723,
2020.HK,11/14/2024,81.2,6649370,
2020.HK,11/15/2024,80.25,9662000,
2020.HK,11/18/2024,80,7294062,
2020.HK,11/19/2024,80.85,4742965,
2020.HK,11/20/2024,81,4482759,
2020.HK,11/21/2024,79.6,6271805,
2020.HK,11/22/2024,78.45,8710120,
2020.HK,11/25/2024,76.9,14212171,
2020.HK,11/26/2024,77.05,10320609,
2020.HK,11/27/2024,78.25,27783083,
2020.HK,11/28/2024,75.55,17189475,
2020.HK,11/29/2024,76.9,11849151,
2020.HK,12/2/2024,78.2,7840910,
2020.HK,12/3/2024,77.75,9570602,
2020.HK,12/4/2024,77.8,8296048,
2020.HK,12/5/2024,77.05,6037701,
2020.HK,12/6/2024,79.45,16453906,
2020.HK,12/9/2024,83.75,14734805,
2020.HK,12/10/2024,83,18232475,
2020.HK,12/11/2024,82.45,6452192,
2020.HK,12/12/2024,84.5,9859947,
2020.HK,12/13/2024,81.45,8199669,
2020.HK,12/16/2024,81.35,4372226,
2020.HK,12/17/2024,80.7,6561917,
2020.HK,12/18/2024,78.95,13495593,
2020.HK,12/19/2024,79,11001964,
2020.HK,12/20/2024,80.4,8610936,
2020.HK,12/23/2024,80,4357279,
2020.HK,12/24/2024,80.5,2102824,
2020.HK,12/27/2024,80,5206081,
2020.HK,12/30/2024,78,11958418,
2020.HK,12/31/2024,77.85,3324130,
2020.HK,1/2/2025,76.15,7474610,
2020.HK,1/3/2025,75.95,5813404,
2020.HK,1/6/2025,75.15,7471876,
2020.HK,1/7/2025,76.6,8698214,
2020.HK,1/8/2025,75.25,9683738,
2020.HK,1/9/2025,78.6,16611370,
2020.HK,1/10/2025,78.1,14707331,
2020.HK,1/13/2025,78,8066709,
2020.HK,1/14/2025,78.5,7188063,
2020.HK,1/15/2025,78.25,6907964,
2020.HK,1/16/2025,79.2,8500062,
2020.HK,1/17/2025,78.1,5017120,
2020.HK,1/20/2025,81.05,9123863,
2020.HK,1/21/2025,81.75,6063201,
2020.HK,1/22/2025,80.8,5077556,
2020.HK,1/23/2025,78.5,9930998,
2020.HK,1/24/2025,81.5,8300157,
2020.HK,1/27/2025,82.15,4873557,
2020.HK,1/28/2025,82.55,920927,
2020.HK,2/3/2025,82.35,5704799,
2020.HK,2/4/2025,85.15,6319525,
2020.HK,2/5/2025,82.25,7464552,
2020.HK,2/6/2025,83.85,4998770,
2020.HK,2/7/2025,86,15439586,
2020.HK,2/10/2025,86.7,9632781,
2020.HK,2/11/2025,85.3,12933469,
2020.HK,2/12/2025,83.95,15181835,
2020.HK,2/13/2025,84.65,12980701,
2020.HK,2/14/2025,88.15,11714013,
2020.HK,2/17/2025,85.15,13768074,
2020.HK,2/18/2025,84.95,10438374,
2020.HK,2/19/2025,84.25,8441045,
2020.HK,2/20/2025,82.75,8733904,
2020.HK,2/21/2025,83.4,8329101,
2020.HK,2/24/2025,86.6,16834037,
2020.HK,2/25/2025,85.3,7667469,
2020.HK,2/26/2025,86.15,17498146,
2020.HK,2/27/2025,88.65,20304449,
2020.HK,2/28/2025,87.3,22803152,
2020.HK,3/3/2025,90.1,25926572,
2020.HK,3/4/2025,90.3,10022041,
2020.HK,3/5/2025,92.25,10789359,
2020.HK,3/6/2025,95.1,17015050,
2020.HK,3/7/2025,98.2,33899118,
2020.HK,3/10/2025,96.15,15856986,
2020.HK,3/11/2025,97.8,11068035,
2020.HK,3/12/2025,98.15,20449024,
2020.HK,3/13/2025,94.85,13003735,
2020.HK,3/14/2025,99.9,18897144,
2020.HK,3/17/2025,99.15,12554058,
2020.HK,3/18/2025,101.9,11738880,
2020.HK,3/19/2025,97.9,28503855,
2020.HK,3/20/2025,93.15,26096448,
2020.HK,3/21/2025,89.15,24788303,
2020.HK,3/24/2025,89.2,17686645,
2020.HK,3/25/2025,87.2,12787362,
2020.HK,3/26/2025,88.05,8745716,
2020.HK,3/27/2025,89.5,9871134,
2020.HK,3/28/2025,88.3,6817294,
2020.HK,3/31/2025,85.4,14939999,
2020.HK,4/1/2025,86.3,11056186,
2020.HK,4/2/2025,86.2,5937144,
2020.HK,4/3/2025,85.3,6402901,
2020.HK,4/7/2025,75.5,26795099,
2020.HK,4/8/2025,77.05,18367017,
2020.HK,4/9/2025,80.25,21930858,
2020.HK,4/10/2025,81.55,17135628,
2020.HK,4/11/2025,83.85,15549238,
2020.HK,4/14/2025,85.6,13265013,
2020.HK,4/15/2025,87.65,12139148,
2020.HK,4/16/2025,87.4,10787439,
2020.HK,4/17/2025,89.9,14981681,
2020.HK,4/22/2025,89.85,12946292,
2020.HK,4/23/2025,92.05,10621795,
2020.HK,4/24/2025,91.2,8704193,
2020.HK,4/25/2025,92.4,12101875,
2020.HK,4/28/2025,91.45,5304550,
2020.HK,4/29/2025,91.05,6380615,
2020.HK,4/30/2025,91.95,5661752,
2020.HK,5/2/2025,92.9,2832627,
2020.HK,5/6/2025,91.6,6035380,
2020.HK,5/7/2025,93.3,8647509,
2020.HK,5/8/2025,93.6,5727393,
2020.HK,5/9/2025,94.05,6024929,
2020.HK,5/12/2025,94.7,9563597,
2020.HK,5/13/2025,91.3,8713326,
2020.HK,5/14/2025,94.65,6827130,
2020.HK,5/15/2025,92.65,5484867,
2020.HK,5/16/2025,91.8,3427590,
2020.HK,5/19/2025,90.25,6596386,
2020.HK,5/20/2025,90.15,8270740,
2020.HK,5/21/2025,95.35,18631329,
2020.HK,5/22/2025,93.05,9595080,
2020.HK,5/23/2025,93.35,4820910,
2020.HK,5/26/2025,92.25,5532944,
2020.HK,5/27/2025,94.6,8117901,
2020.HK,5/28/2025,95.6,6817019,
2020.HK,5/29/2025,99.6,16085394,
2020.HK,5/30/2025,95.45,14834246,
2020.HK,6/2/2025,94.25,6999606,
2020.HK,6/3/2025,93.95,4909998,
2020.HK,6/4/2025,95.6,9516049,
2020.HK,6/5/2025,96.35,6196065,
2020.HK,6/6/2025,96.85,7003971,
2020.HK,6/9/2025,96.7,9647774,
2020.HK,6/10/2025,98.05,8219596,
2020.HK,6/11/2025,97.25,6750417,
2020.HK,6/12/2025,94.95,8207463,
2020.HK,6/13/2025,93.25,7424388,
2020.HK,6/16/2025,94.35,4777764,
2020.HK,6/17/2025,94.6,4214477,
2020.HK,6/18/2025,93.5,4064937,
2020.HK,6/19/2025,90.95,7077067,
2020.HK,6/20/2025,91,9361078,
2020.HK,6/23/2025,90.95,5313524,
2020.HK,6/24/2025,93.3,6516061,
2020.HK,6/25/2025,94.7,5229709,
2020.HK,6/26/2025,93.8,8135000,
2020.HK,6/27/2025,94.25,8377807,
2020.HK,6/30/2025,94.5,8562299,
2020.HK,7/1/2025,94.5,0,0.026984
2020.HK,7/2/2025,93,10466227,
2020.HK,7/3/2025,93,6703544,
2020.HK,7/4/2025,92.25,7023379,
2020.HK,7/7/2025,91,9308358,
2020.HK,7/8/2025,90.7,7858267,
2020.HK,7/9/2025,90.1,7223732,
2020.HK,7/10/2025,90.7,11800396,
2020.HK,7/11/2025,88.6,15569557,
2020.HK,7/14/2025,88.7,9890979,
2020.HK,7/15/2025,89.8,8620183,
2020.HK,7/16/2025,91.85,14294655,
2020.HK,7/17/2025,92.45,7421973,
2020.HK,7/18/2025,93.65,7827322,
2020.HK,7/21/2025,92.8,6545710,
2020.HK,7/22/2025,93.1,6001401,
2020.HK,7/23/2025,94.65,6722932,
2020.HK,7/24/2025,91.1,21319059,
2020.HK,7/25/2025,90.8,9367506,
2020.HK,7/28/2025,91.2,7680311,
2020.HK,7/29/2025,92.15,6746357,
2020.HK,7/30/2025,93.2,11239741,
2020.HK,7/31/2025,90,9400916,
2020.HK,8/1/2025,89.6,6093174,
2020.HK,8/4/2025,91,5767991,
2020.HK,8/5/2025,92.15,8379193,
2020.HK,8/6/2025,89.15,12563146,
2020.HK,8/7/2025,89.15,8576906,
2020.HK,8/8/2025,88.9,4521744,
2020.HK,8/11/2025,89.05,4477563,
2020.HK,8/12/2025,89.8,6785956,
2020.HK,8/13/2025,90,17319135,
2020.HK,8/14/2025,92.45,18670668,
2020.HK,8/15/2025,91.9,6780601,
2020.HK,8/18/2025,93.2,10502372,
2020.HK,8/19/2025,97.5,19561484,
2020.HK,8/20/2025,98.35,12635854,
2020.HK,8/21/2025,99.4,11204366,
2020.HK,8/22/2025,102.5,15535592,
2020.HK,8/25/2025,104.4,13427861,
2020.HK,8/26/2025,103.4,9103312,
2020.HK,8/27/2025,101.6,19081004,
2020.HK,8/28/2025,95.6,31630983,
2020.HK,8/29/2025,96,8656590,
2020.HK,9/1/2025,94.85,9165100,
2020.HK,9/2/2025,93.3,8409596,
2020.HK,9/3/2025,93.1,5181541,
2020.HK,9/4/2025,93.7,5677741,
2020.HK,9/5/2025,94.55,9033118,
2020.HK,9/8/2025,95.35,7422997,
2020.HK,9/9/2025,95.5,9097725,
2020.HK,9/10/2025,94.85,5138507,
2020.HK,9/11/2025,93.95,7072508,
2020.HK,9/12/2025,93.2,9143753,
2020.HK,9/15/2025,93.9,6637452,
2020.HK,9/16/2025,96.3,9793096,
2020.HK,9/17/2025,96.75,5997407,
2020.HK,9/18/2025,94.3,7772975,
2020.HK,9/19/2025,96.8,14746589,
2020.HK,9/22/2025,94.65,32252242,
2020.HK,9/23/2025,93.75,14545291,
2020.HK,9/24/2025,94.05,10239866,
2020.HK,9/25/2025,92.85,14997305,
2020.HK,9/26/2025,90.9,16972059,
2020.HK,9/29/2025,91.65,12568984,
2020.HK,9/30/2025,93.5,10966995,
2020.HK,10/2/2025,93.05,6222457,
2020.HK,10/3/2025,92.65,3893614,
2020.HK,10/6/2025,91.45,3037684,
2020.HK,10/8/2025,89.4,11132149,
2020.HK,10/9/2025,89.2,18047327,
2020.HK,10/10/2025,87.5,18532028,
2020.HK,10/13/2025,86.7,20819801,
2020.HK,10/14/2025,84.55,13940367,
2020.HK,10/15/2025,86.2,14660304,
2020.HK,10/16/2025,85.7,11422696,
2020.HK,10/17/2025,84.7,11818445,
2020.HK,10/20/2025,85.7,6137299,
2020.HK,10/21/2025,87.5,13338182,
2020.HK,10/22/2025,87.5,6593377,
2020.HK,10/23/2025,88.1,7908817,
2020.HK,10/24/2025,88.3,6170497,
2020.HK,10/27/2025,87.8,6492916,
2020.HK,10/28/2025,84.05,21261168,
2020.HK,10/29/2025,84.05,0,0.030339
2020.HK,10/30/2025,81.7,23961636,
2020.HK,10/31/2025,81,8509616,
2020.HK,11/3/2025,81.35,6827730,
2020.HK,11/4/2025,79.6,11516466,
2020.HK,11/5/2025,79.85,6790508,
2020.HK,11/6/2025,80.75,7979535,
2020.HK,11/7/2025,80.5,6982403,
2020.HK,11/10/2025,82.85,15839591,
2020.HK,11/11/2025,82.25,6951060,
2020.HK,11/12/2025,82.9,7436282,
2020.HK,11/13/2025,83.9,7944924,
2020.HK,11/14/2025,82.1,6043568,
2020.HK,11/17/2025,80.8,6616066,
2020.HK,11/18/2025,80.1,6309770,
2020.HK,11/19/2025,81.4,8510837,
2020.HK,11/20/2025,83.15,11493848,
2020.HK,11/21/2025,82,7542364,
2020.HK,11/24/2025,83.6,12684748,
2020.HK,11/25/2025,82.9,4001612,
2020.HK,11/26/2025,84.25,6656918,
2020.HK,11/27/2025,85.65,9713484,
2020.HK,11/28/2025,84.85,4226487,
2020.HK,12/1/2025,84.1,6130246,
2020.HK,12/2/2025,86,7292442,
2020.HK,12/3/2025,84.5,5485785,
2020.HK,12/4/2025,83.7,4701569,
2020.HK,12/5/2025,83.5,6686500,
2020.HK,12/8/2025,81.25,9713751,
2020.HK,12/9/2025,80.2,6934332,
2020.HK,12/10/2025,81.45,7083889,
2020.HK,12/11/2025,80.4,7217036,
2020.HK,12/12/2025,81.8,6399588,
2020.HK,12/15/2025,82.1,9432052,
2020.HK,12/16/2025,81.65,9917977,
2020.HK,12/17/2025,83,5753571,
2020.HK,12/18/2025,82,4512170,
2020.HK,12/19/2025,81.5,5298265,
2020.HK,12/22/2025,82.25,6952873,
2020.HK,12/23/2025,82.25,3662888,
2020.HK,12/24/2025,81.7,2596410,
2020.HK,12/25/2025,81.7,0,0.031212
2020.HK,12/26/2025,81.7,0,0.031212
2020.HK,12/29/2025,80.3,9389513,
2020.HK,12/30/2025,80.8,7781999,
2020.HK,12/31/2025,80.55,4100290,
2020.HK,1/2/2026,81.9,3171916,
2020.HK,1/5/2026,80.35,8653368,
2020.HK,1/6/2026,82.65,11751990,
2020.HK,1/7/2026,81.5,7068332,
2020.HK,1/8/2026,81.5,8208700,
2020.HK,1/9/2026,80.3,13162999,
2020.HK,1/12/2026,79.4,18818044,
2020.HK,1/13/2026,80.2,10222368,
2020.HK,1/14/2026,81.15,7067106,
2020.HK,1/15/2026,81.75,10399054,
2020.HK,1/16/2026,82.05,5416443,
2020.HK,1/19/2026,81.8,7035524,
2020.HK,1/20/2026,82.55,10661030,
2020.HK,1/21/2026,79.1,35911531,
2020.HK,1/22/2026,77.5,12603608,
2020.HK,1/23/2026,77.05,12699428,
2020.HK,1/26/2026,76.35,14685524,
2020.HK,1/27/2026,77.9,16986283,
2020.HK,1/28/2026,77,21375151,
2020.HK,1/29/2026,80.7,20866012,
2020.HK,1/30/2026,78.25,10758494,
2020.HK,2/2/2026,77.9,10041281,
2020.HK,2/3/2026,77.8,9982017,
2020.HK,2/4/2026,79.3,8593763,
2020.HK,2/5/2026,80.4,10597526,
2020.HK,2/6/2026,80.55,11265394,
2020.HK,2/9/2026,82.6,13046716,
2020.HK,2/10/2026,83.2,8389642,
2020.HK,2/11/2026,84.2,9253086,
2020.HK,2/12/2026,83.5,16119414,
2020.HK,2/13/2026,84.25,6218097,
2020.HK,2/16/2026,84.1,1409569,
2020.HK,2/20/2026,84,5649099,
2020.HK,2/23/2026,86.05,5092322,
2020.HK,2/24/2026,84.55,6947803,
2020.HK,2/25/2026,86.65,20143259,
2020.HK,2/26/2026,84.45,10861036,
2020.HK,2/27/2026,85.05,8512333,
2020.HK,3/2/2026,82.95,9300782,
2020.HK,3/3/2026,80.55,10453037,
2020.HK,3/4/2026,80.1,7811106,
2020.HK,3/5/2026,78.7,7483149,
2020.HK,3/6/2026,80.4,7827187,
2020.HK,3/9/2026,79,11892856,
2020.HK,3/10/2026,79.95,7249865,
2020.HK,3/11/2026,79.45,5422422,
2020.HK,3/12/2026,79.55,6471068,
2020.HK,3/13/2026,77.7,7047905,
2020.HK,3/16/2026,78.4,5544945,
2020.HK,3/17/2026,79.65,5820929,
2020.HK,3/18/2026,78.65,3465076,
2020.HK,3/19/2026,77.3,8546459,
2020.HK,3/20/2026,76.65,10431628,
2020.HK,3/23/2026,75.45,8899781,
2020.HK,3/24/2026,76.55,6289113,
2020.HK,3/25/2026,75.75,14643134,
2020.HK,3/26/2026,75.5,14166999,
2020.HK,3/27/2026,75.6,13705972,
2020.HK,3/30/2026,74.85,14508159,
2020.HK,3/31/2026,75.7,12963547,
2020.HK,4/1/2026,78.05,20342335,
2020.HK,4/2/2026,80.55,14982077,
2020.HK,4/3/2026,80.55,0,0.030416
2020.HK,4/7/2026,80.55,0,0.030416
2020.HK,4/8/2026,81.15,14333248,
2020.HK,4/9/2026,82.55,8977163,
2020.HK,4/10/2026,83.9,8531610,
2020.HK,4/13/2026,82.65,7310771,
2020.HK,4/14/2026,84.95,14550737,
2020.HK,4/15/2026,83.75,11275611,
2020.HK,4/16/2026,84.15,6898349,
2020.HK,4/17/2026,85.1,9406532,
2020.HK,4/20/2026,85.65,8593386,
2020.HK,4/21/2026,86.1,7102194,
2020.HK,4/22/2026,84.8,6087437,
2020.HK,4/23/2026,84.15,7384336,
2020.HK,4/24/2026,83.45,2747703,
2020.HK,4/27/2026,83.25,3936786,
2020.HK,4/28/2026,81.5,4204698,
2020.HK,4/29/2026,83.2,5732358,
2020.HK,4/30/2026,81.15,8725796,
2020.HK,5/4/2026,81.4,3939931,
2020.HK,5/5/2026,78.2,9999589,
2020.HK,5/6/2026,78.8,7883754,
2020.HK,5/7/2026,78.95,9067182,
2020.HK,5/8/2026,78.25,8628967,
2020.HK,5/11/2026,78.5,6305410,
2020.HK,5/12/2026,77.9,8143631,
2020.HK,5/13/2026,77.5,7470181,
2020.HK,5/14/2026,77.35,6285429,
2020.HK,5/15/2026,76.25,8955886,
2020.HK,5/18/2026,75.8,8042580,
2020.HK,5/19/2026,75.7,5528535,
2020.HK,5/20/2026,76.95,6289715,
2020.HK,5/21/2026,76,5038340,
2020.HK,5/22/2026,75.15,5178830,
2020.HK,5/25/2026,75.15,0,0.032601
2020.HK,5/26/2026,75.25,5245976,
2020.HK,5/27/2026,75.45,7375688,
2020.HK,5/28/2026,74.5,6809547,
2020.HK,5/29/2026,75.8,13434827,
2020.HK,6/1/2026,76.4,7195973,
2020.HK,6/2/2026,76.6,7871737,
2020.HK,6/3/2026,75.15,5253443,
2020.HK,6/4/2026,74.3,5665366,0.032974
2020.HK,6/5/2026,74.2,5018199,0.033019
2020.HK,6/8/2026,73.75,5554902,0.03322
2020.HK,6/9/2026,75.3,6647267,0.032537
2020.HK,6/10/2026,75.35,6021651,0.032515
2020.HK,6/11/2026,74.6,4133858,0.032842
2318.HK,6/3/2024,40.35,32346933,
2318.HK,6/4/2024,40.8,32715742,
2318.HK,6/5/2024,40.95,31760790,
2318.HK,6/6/2024,40.55,39029597,
2318.HK,6/7/2024,38.1,54187643,
2318.HK,6/11/2024,37.45,47060702,
2318.HK,6/12/2024,36.65,49582064,
2318.HK,6/13/2024,36.5,39947774,
2318.HK,6/14/2024,36.45,35870576,
2318.HK,6/17/2024,36.3,19130227,
2318.HK,6/18/2024,36.1,28534323,
2318.HK,6/19/2024,37.5,48998087,
2318.HK,6/20/2024,37.4,20522424,
2318.HK,6/21/2024,36.8,31588468,
2318.HK,6/24/2024,36.7,30081290,
2318.HK,6/25/2024,37.1,36317945,
2318.HK,6/26/2024,36.8,20384880,
2318.HK,6/27/2024,35.95,50917977,
2318.HK,6/28/2024,35.4,43508999,
2318.HK,7/2/2024,36.35,48252075,
2318.HK,7/3/2024,36.85,33932595,
2318.HK,7/4/2024,36.65,32558644,
2318.HK,7/5/2024,36.1,21564603,
2318.HK,7/8/2024,35.25,51468866,
2318.HK,7/9/2024,34.95,45888168,
2318.HK,7/10/2024,35.2,43664280,
2318.HK,7/11/2024,35.7,29623610,
2318.HK,7/12/2024,36.85,48765592,
2318.HK,7/15/2024,36.05,37148518,
2318.HK,7/16/2024,34.1,126158836,
2318.HK,7/17/2024,34.3,66142424,
2318.HK,7/18/2024,34.5,39693320,
2318.HK,7/19/2024,34.35,39864055,
2318.HK,7/22/2024,34.65,28550710,
2318.HK,7/23/2024,34.25,29332874,
2318.HK,7/24/2024,33.95,32539895,
2318.HK,7/25/2024,33.4,38023107,
2318.HK,7/26/2024,33.4,33129511,
2318.HK,7/29/2024,33.7,32959024,
2318.HK,7/30/2024,33.3,32086094,
2318.HK,7/31/2024,34.15,50376587,
2318.HK,8/1/2024,34.1,21862384,
2318.HK,8/2/2024,33.45,35497479,
2318.HK,8/5/2024,33.3,54788446,
2318.HK,8/6/2024,32.85,47859394,
2318.HK,8/7/2024,33.2,24524645,
2318.HK,8/8/2024,33.1,30727700,
2318.HK,8/9/2024,33.5,24440304,
2318.HK,8/12/2024,33.65,15785617,
2318.HK,8/13/2024,33.8,22162650,
2318.HK,8/14/2024,33.65,19599092,
2318.HK,8/15/2024,33.8,26255542,
2318.HK,8/16/2024,34.35,24968707,
2318.HK,8/19/2024,34.55,25312260,
2318.HK,8/20/2024,34.4,20537202,
2318.HK,8/21/2024,34,28058026,
2318.HK,8/22/2024,34.3,36582038,
2318.HK,8/23/2024,35.55,80512450,
2318.HK,8/26/2024,36.2,51396725,
2318.HK,8/27/2024,36.5,42231923,
2318.HK,8/28/2024,36.2,35339323,
2318.HK,8/29/2024,36.1,40488751,
2318.HK,8/30/2024,37.4,116547086,
2318.HK,9/2/2024,37,46487939,
2318.HK,9/3/2024,36.65,43014293,
2318.HK,9/4/2024,35.1,52947376,
2318.HK,9/5/2024,35.6,32480022,
2318.HK,9/9/2024,34.75,64151394,
2318.HK,9/10/2024,34.6,32635983,
2318.HK,9/11/2024,34.4,35112029,
2318.HK,9/12/2024,34.85,47427407,
2318.HK,9/13/2024,35.35,35972451,
2318.HK,9/16/2024,35.1,14396880,
2318.HK,9/17/2024,35.75,25035910,
2318.HK,9/19/2024,37.2,86711676,
2318.HK,9/20/2024,37.65,67762929,
2318.HK,9/23/2024,37.65,37197236,
2318.HK,9/24/2024,40.35,151959706,
2318.HK,9/25/2024,41.9,186610111,
2318.HK,9/26/2024,45.55,217857044,
2318.HK,9/27/2024,48.6,247911915,
2318.HK,9/30/2024,50.15,248000033,
2318.HK,10/2/2024,56.6,230013911,
2318.HK,10/3/2024,54.9,159860008,
2318.HK,10/4/2024,57.3,98751085,
2318.HK,10/7/2024,59.7,114440525,
2318.HK,10/8/2024,50.25,269734028,
2318.HK,10/9/2024,48.15,189095890,
2318.HK,10/10/2024,51,123241362,
2318.HK,10/14/2024,51.15,88480393,
2318.HK,10/15/2024,48.45,91748500,
2318.HK,10/16/2024,48.95,64925053,
2318.HK,10/17/2024,47.9,63874700,
2318.HK,10/18/2024,49.95,74868002,
2318.HK,10/21/2024,49.05,58236111,
2318.HK,10/22/2024,48.15,66700496,
2318.HK,10/23/2024,49.4,50416992,
2318.HK,10/24/2024,48.8,28520320,
2318.HK,10/25/2024,48.95,27573760,
2318.HK,10/28/2024,48.85,32727898,
2318.HK,10/29/2024,49,42517769,
2318.HK,10/30/2024,47.9,52031629,
2318.HK,10/31/2024,48.15,34158718,
2318.HK,11/1/2024,48.05,32278231,
2318.HK,11/4/2024,48.05,29738800,
2318.HK,11/5/2024,50.2,64653297,
2318.HK,11/6/2024,48.65,72091048,
2318.HK,11/7/2024,51.75,105312750,
2318.HK,11/8/2024,49.9,68984081,
2318.HK,11/11/2024,48.2,87395694,
2318.HK,11/12/2024,45.9,116640521,
2318.HK,11/13/2024,46.45,59767117,
2318.HK,11/14/2024,45.85,45820929,
2318.HK,11/15/2024,45.6,39345709,
2318.HK,11/18/2024,46,38360604,
2318.HK,11/19/2024,46.15,25582705,
2318.HK,11/20/2024,46.6,26483539,
2318.HK,11/21/2024,46.15,26545766,
2318.HK,11/22/2024,44.7,59694375,
2318.HK,11/25/2024,44.3,44740195,
2318.HK,11/26/2024,44.45,27523935,
2318.HK,11/27/2024,45.85,35277531,
2318.HK,11/28/2024,44.8,29215473,
2318.HK,11/29/2024,44.8,41188309,
2318.HK,12/2/2024,45.3,23409671,
2318.HK,12/3/2024,46.15,25769049,
2318.HK,12/4/2024,46.15,23265737,
2318.HK,12/5/2024,45.7,28160015,
2318.HK,12/6/2024,46.75,38247440,
2318.HK,12/9/2024,48.55,49559849,
2318.HK,12/10/2024,48.05,81561553,
2318.HK,12/11/2024,47,30009855,
2318.HK,12/12/2024,47.75,35207456,
2318.HK,12/13/2024,46.35,47171065,
2318.HK,12/16/2024,45.8,34790102,
2318.HK,12/17/2024,45.5,37019848,
2318.HK,12/18/2024,45.95,30870182,
2318.HK,12/19/2024,45.7,23647109,
2318.HK,12/20/2024,45.45,29149636,
2318.HK,12/23/2024,46.35,32321807,
2318.HK,12/24/2024,46.6,18540520,
2318.HK,12/27/2024,46.35,26444947,
2318.HK,12/30/2024,46.35,36983039,
2318.HK,12/31/2024,46.05,19625182,
2318.HK,1/2/2025,44.2,70177244,
2318.HK,1/3/2025,44.05,43444767,
2318.HK,1/6/2025,43.9,25992295,
2318.HK,1/7/2025,43.25,55717378,
2318.HK,1/8/2025,43.05,34385670,
2318.HK,1/9/2025,42.8,24461809,
2318.HK,1/10/2025,41,85571193,
2318.HK,1/13/2025,40.95,54215536,
2318.HK,1/14/2025,41.4,57298931,
2318.HK,1/15/2025,41.15,38441484,
2318.HK,1/16/2025,41.7,33678911,
2318.HK,1/17/2025,41.7,32742300,
2318.HK,1/20/2025,42.7,43053323,
2318.HK,1/21/2025,43.15,40604226,
2318.HK,1/22/2025,41.95,40253647,
2318.HK,1/23/2025,42.75,46257928,
2318.HK,1/24/2025,43.5,41162742,
2318.HK,1/27/2025,44,28072170,
2318.HK,1/28/2025,43.6,15574262,
2318.HK,2/3/2025,43.05,40062591,
2318.HK,2/4/2025,44,37122048,
2318.HK,2/5/2025,43.55,29189344,
2318.HK,2/6/2025,44,29505252,
2318.HK,2/7/2025,44.45,41511911,
2318.HK,2/10/2025,45,50429457,
2318.HK,2/11/2025,44.3,31705487,
2318.HK,2/12/2025,46,74978372,
2318.HK,2/13/2025,44.9,83787673,
2318.HK,2/14/2025,46.3,62429547,
2318.HK,2/17/2025,46.85,87419780,
2318.HK,2/18/2025,46.65,56921916,
2318.HK,2/19/2025,46.8,41514852,
2318.HK,2/20/2025,45.6,42078189,
2318.HK,2/21/2025,47.2,86250531,
2318.HK,2/24/2025,48,99060704,
2318.HK,2/25/2025,46.5,56548128,
2318.HK,2/26/2025,48.35,77379768,
2318.HK,2/27/2025,48.15,67453953,
2318.HK,2/28/2025,45.95,96265121,
2318.HK,3/3/2025,45.5,50221977,
2318.HK,3/4/2025,45.5,40717018,
2318.HK,3/5/2025,46.45,34685141,
2318.HK,3/6/2025,48.3,84651453,
2318.HK,3/7/2025,48.5,78257976,
2318.HK,3/10/2025,48.25,44287826,
2318.HK,3/11/2025,47.45,54402258,
2318.HK,3/12/2025,47.1,47982530,
2318.HK,3/13/2025,46.55,51148981,
2318.HK,3/14/2025,49.15,112466683,
2318.HK,3/17/2025,50.05,84827143,
2318.HK,3/18/2025,50.9,57930647,
2318.HK,3/19/2025,51.9,74379506,
2318.HK,3/20/2025,49.3,141416844,
2318.HK,3/21/2025,47.75,113786207,
2318.HK,3/24/2025,48.3,38515083,
2318.HK,3/25/2025,47.05,49051219,
2318.HK,3/26/2025,47.15,27187374,
2318.HK,3/27/2025,47.2,36369093,
2318.HK,3/28/2025,46.95,31178992,
2318.HK,3/31/2025,46.3,44343838,
2318.HK,4/1/2025,46.9,30127178,
2318.HK,4/2/2025,47.65,31195845,
2318.HK,4/3/2025,46.9,36442793,
2318.HK,4/7/2025,40.8,211621186,
2318.HK,4/8/2025,41.1,111679883,
2318.HK,4/9/2025,41.3,79388768,
2318.HK,4/10/2025,41.9,63885535,
2318.HK,4/11/2025,42.65,49627799,
2318.HK,4/14/2025,43.8,44337501,
2318.HK,4/15/2025,43.8,24494836,
2318.HK,4/16/2025,43.3,33358699,
2318.HK,4/17/2025,43.8,27912639,
2318.HK,4/22/2025,44.7,43944884,
2318.HK,4/23/2025,45.55,50961394,
2318.HK,4/24/2025,45.65,43434161,
2318.HK,4/25/2025,45.95,50031687,
2318.HK,4/28/2025,46,43898165,
2318.HK,4/29/2025,46.15,32187757,
2318.HK,4/30/2025,46.6,36382097,
2318.HK,5/2/2025,46.65,19553893,
2318.HK,5/6/2025,46.3,32179516,
2318.HK,5/7/2025,46.6,36816136,
2318.HK,5/8/2025,47,28176687,
2318.HK,5/9/2025,46.5,33251418,
2318.HK,5/12/2025,48.3,59478196,
2318.HK,5/13/2025,47.5,35438954,
2318.HK,5/14/2025,49.5,81576226,
2318.HK,5/15/2025,46.65,57051230,
2318.HK,5/16/2025,46.1,48140743,
2318.HK,5/19/2025,45.7,32320095,
2318.HK,5/20/2025,46.4,36643900,
2318.HK,5/21/2025,46.6,28945783,
2318.HK,5/22/2025,45.9,29031455,
2318.HK,5/23/2025,45.85,29241675,
2318.HK,5/26/2025,45.7,37064927,
2318.HK,5/27/2025,46.2,29064501,
2318.HK,5/28/2025,45.8,26054763,
2318.HK,5/29/2025,46.4,28921299,
2318.HK,5/30/2025,46.15,45688225,
2318.HK,6/2/2025,45.6,44122635,
2318.HK,6/3/2025,46.45,33640197,
2318.HK,6/4/2025,45.8,62190591,
2318.HK,6/5/2025,46,63174541,
2318.HK,6/6/2025,45.7,57499628,
2318.HK,6/9/2025,47.2,61759416,
2318.HK,6/10/2025,47.45,59743467,
2318.HK,6/11/2025,48.75,79172415,
2318.HK,6/12/2025,48.55,68158985,
2318.HK,6/13/2025,47.7,50139179,
2318.HK,6/16/2025,48.15,41126390,
2318.HK,6/17/2025,47.8,26221248,
2318.HK,6/18/2025,47.05,33877398,
2318.HK,6/19/2025,46,50856721,
2318.HK,6/20/2025,47.35,59997803,
2318.HK,6/23/2025,47.5,28376757,
2318.HK,6/24/2025,49.95,136077998,
2318.HK,6/25/2025,51.45,110921076,
2318.HK,6/26/2025,51.05,69891026,
2318.HK,6/27/2025,50.4,57839853,
2318.HK,6/30/2025,49.85,35626841,
2318.HK,7/1/2025,49.85,0,0.056231
2318.HK,7/2/2025,50.25,47102250,
2318.HK,7/3/2025,50.1,39479103,
2318.HK,7/4/2025,50.05,57325315,
2318.HK,7/7/2025,49.7,32597617,
2318.HK,7/8/2025,50.7,43363137,
2318.HK,7/9/2025,49.5,50272711,
2318.HK,7/10/2025,51.65,81724168,
2318.HK,7/11/2025,52.85,124532768,
2318.HK,7/14/2025,53.05,42228657,
2318.HK,7/15/2025,52.6,57199689,
2318.HK,7/16/2025,51.85,46194660,
2318.HK,7/17/2025,51.5,32274494,
2318.HK,7/18/2025,52.85,42282495,
2318.HK,7/21/2025,53.4,33878673,
2318.HK,7/22/2025,53.5,42447739,
2318.HK,7/23/2025,54.3,79912166,
2318.HK,7/24/2025,55.4,73852097,
2318.HK,7/25/2025,54.5,45995766,
2318.HK,7/28/2025,56.4,102731940,
2318.HK,7/29/2025,56.4,52075015,
2318.HK,7/30/2025,56.3,68830779,
2318.HK,7/31/2025,53.95,102427596,
2318.HK,8/1/2025,52.9,78618302,
2318.HK,8/4/2025,53.65,45024954,
2318.HK,8/5/2025,54.05,40166359,
2318.HK,8/6/2025,53.85,28025954,
2318.HK,8/7/2025,54.6,30613126,
2318.HK,8/8/2025,54.35,18130583,
2318.HK,8/11/2025,54.75,24847149,
2318.HK,8/12/2025,55.9,43998073,
2318.HK,8/13/2025,56.8,57362372,
2318.HK,8/14/2025,57.9,87441926,
2318.HK,8/15/2025,57.6,55233118,
2318.HK,8/18/2025,57.75,47162253,
2318.HK,8/19/2025,57.3,37572078,
2318.HK,8/20/2025,57.8,28245578,
2318.HK,8/21/2025,57.9,31299193,
2318.HK,8/22/2025,58.1,36747559,
2318.HK,8/25/2025,58.65,56101457,
2318.HK,8/26/2025,57.45,41174576,
2318.HK,8/27/2025,56.3,79986092,
2318.HK,8/28/2025,56.2,56007863,
2318.HK,8/29/2025,56.3,86491909,
2318.HK,9/1/2025,56.65,48059341,
2318.HK,9/2/2025,56.45,35399106,
2318.HK,9/3/2025,56.5,38854433,
2318.HK,9/4/2025,55.65,42888736,
2318.HK,9/5/2025,55.45,42138877,
2318.HK,9/8/2025,56,36337765,
2318.HK,9/9/2025,57.2,61462967,
2318.HK,9/10/2025,56.55,35524896,
2318.HK,9/11/2025,56.35,30295333,
2318.HK,9/12/2025,57.1,34154569,
2318.HK,9/15/2025,56.3,28729822,
2318.HK,9/16/2025,55.05,43469490,
2318.HK,9/17/2025,55.75,35358096,
2318.HK,9/18/2025,54.25,58807045,
2318.HK,9/19/2025,53.95,39732437,
2318.HK,9/22/2025,52.95,50212147,
2318.HK,9/23/2025,52.3,46905920,
2318.HK,9/24/2025,52.4,28802541,
2318.HK,9/25/2025,52.25,35177554,
2318.HK,9/26/2025,52.4,34126815,
2318.HK,9/29/2025,53.5,50511734,
2318.HK,9/30/2025,53.05,29920882,
2318.HK,10/2/2025,53.2,26767602,
2318.HK,10/3/2025,52.95,19387791,
2318.HK,10/6/2025,53.25,14464748,
2318.HK,10/8/2025,52.75,27968471,
2318.HK,10/9/2025,53.5,36402781,
2318.HK,10/10/2025,53.9,33330431,
2318.HK,10/13/2025,52.45,65054740,
2318.HK,10/14/2025,53,56144673,
2318.HK,10/15/2025,54.75,60370504,
2318.HK,10/16/2025,55.5,48720931,
2318.HK,10/17/2025,53.7,44339348,
2318.HK,10/20/2025,54.3,28526529,
2318.HK,10/21/2025,55.9,61339397,
2318.HK,10/22/2025,55.5,32372727,
2318.HK,10/23/2025,55.55,28510745,
2318.HK,10/24/2025,55.65,18922771,
2318.HK,10/27/2025,56,23869974,
2318.HK,10/28/2025,56.15,29382282,
2318.HK,10/29/2025,56.15,0,0.049922
2318.HK,10/30/2025,57.1,94615454,
2318.HK,10/31/2025,56.15,43995873,
2318.HK,11/3/2025,56.55,16258615,
2318.HK,11/4/2025,56.8,43556392,
2318.HK,11/5/2025,56.25,35765769,
2318.HK,11/6/2025,58,53954647,
2318.HK,11/7/2025,57.95,33572971,
2318.HK,11/10/2025,59.2,49103097,
2318.HK,11/11/2025,59.4,31886671,
2318.HK,11/12/2025,60.3,61188046,
2318.HK,11/13/2025,60.95,51994745,
2318.HK,11/14/2025,59.95,42148647,
2318.HK,11/17/2025,59.55,43022911,
2318.HK,11/18/2025,58.2,38553791,
2318.HK,11/19/2025,58.2,34183252,
2318.HK,11/20/2025,58.25,27793988,
2318.HK,11/21/2025,56.9,48302575,
2318.HK,11/24/2025,56.55,40543248,
2318.HK,11/25/2025,57.55,29985083,
2318.HK,11/26/2025,57.35,25099417,
2318.HK,11/27/2025,57.25,29077009,
2318.HK,11/28/2025,56.7,16572810,
2318.HK,12/1/2025,57,19899763,
2318.HK,12/2/2025,57.4,24092010,
2318.HK,12/3/2025,56.4,25189086,
2318.HK,12/4/2025,56.65,14415677,
2318.HK,12/5/2025,60.45,99426661,
2318.HK,12/8/2025,61.75,84928826,
2318.HK,12/9/2025,60.75,39273719,
2318.HK,12/10/2025,61.2,27046885,
2318.HK,12/11/2025,61.5,32498716,
2318.HK,12/12/2025,63.75,68145012,
2318.HK,12/15/2025,65.25,83851011,
2318.HK,12/16/2025,63.9,51765732,
2318.HK,12/17/2025,65.05,42149872,
2318.HK,12/18/2025,65.2,24691189,
2318.HK,12/19/2025,65.45,26653931,
2318.HK,12/22/2025,65.25,22063337,
2318.HK,12/23/2025,65.95,37530382,
2318.HK,12/24/2025,66.2,17994025,
2318.HK,12/25/2025,66.2,0,0.042344
2318.HK,12/26/2025,66.2,0,0.042344
2318.HK,12/29/2025,66.4,47266570,
2318.HK,12/30/2025,65.95,27332239,
2318.HK,12/31/2025,65.15,19756541,
2318.HK,1/2/2026,66.8,16318047,
2318.HK,1/5/2026,68.6,80427726,
2318.HK,1/6/2026,72,102792315,
2318.HK,1/7/2026,71.1,47198918,
2318.HK,1/8/2026,70.2,51880309,
2318.HK,1/9/2026,70,49033671,
2318.HK,1/12/2026,68.5,68701517,
2318.HK,1/13/2026,70,47939279,
2318.HK,1/14/2026,68.7,55251766,
2318.HK,1/15/2026,69.55,57350189,
2318.HK,1/16/2026,68.65,35154048,
2318.HK,1/19/2026,68.4,27059339,
2318.HK,1/20/2026,69,30771432,
2318.HK,1/21/2026,68.5,26193832,
2318.HK,1/22/2026,66.9,47734314,
2318.HK,1/23/2026,67,33546185,
2318.HK,1/26/2026,68.1,34625026,
2318.HK,1/27/2026,69.7,47392544,
2318.HK,1/28/2026,70.95,51767221,
2318.HK,1/29/2026,73.3,85254708,
2318.HK,1/30/2026,72.7,71403764,
2318.HK,2/2/2026,70.7,59792105,
2318.HK,2/3/2026,71.3,39508657,
2318.HK,2/4/2026,72.05,28128750,
2318.HK,2/5/2026,71.15,33898387,
2318.HK,2/6/2026,69.6,35471137,
2318.HK,2/9/2026,73,52358887,
2318.HK,2/10/2026,73.45,42851282,
2318.HK,2/11/2026,72.5,23288990,
2318.HK,2/12/2026,71.9,19236432,
2318.HK,2/13/2026,70.35,37025868,
2318.HK,2/16/2026,70.65,11223944,
2318.HK,2/20/2026,70.55,11845983,
2318.HK,2/23/2026,72.8,24679910,
2318.HK,2/24/2026,69.8,52120704,
2318.HK,2/25/2026,71.15,32042019,
2318.HK,2/26/2026,67.85,59998374,
2318.HK,2/27/2026,68,39693661,
2318.HK,3/2/2026,66.4,53850365,
2318.HK,3/3/2026,66,46664062,
2318.HK,3/4/2026,64.55,81461257,
2318.HK,3/5/2026,64.05,40342120,
2318.HK,3/6/2026,64.65,32310007,
2318.HK,3/9/2026,62.65,82352185,
2318.HK,3/10/2026,63.45,34415521,
2318.HK,3/11/2026,63.5,27017655,
2318.HK,3/12/2026,62.85,28682412,
2318.HK,3/13/2026,62.25,26661414,
2318.HK,3/16/2026,62.25,26397537,
2318.HK,3/17/2026,63.1,31330854,
2318.HK,3/18/2026,63.4,20229275,
2318.HK,3/19/2026,61.65,30959562,
2318.HK,3/20/2026,61.75,31221069,
2318.HK,3/23/2026,57.5,102616377,
2318.HK,3/24/2026,59.5,52588421,
2318.HK,3/25/2026,60.45,39545928,
2318.HK,3/26/2026,58.15,55954105,
2318.HK,3/27/2026,59.3,56867450,
2318.HK,3/30/2026,58.9,51258326,
2318.HK,3/31/2026,59.45,36323270,
2318.HK,4/1/2026,60.6,52208789,
2318.HK,4/2/2026,60.2,29869408,
2318.HK,4/3/2026,60.2,0,0.050698
2318.HK,4/7/2026,60.2,0,0.050698
2318.HK,4/8/2026,62.4,62953846,
2318.HK,4/9/2026,62.25,41175500,
2318.HK,4/10/2026,62.75,27509899,
2318.HK,4/13/2026,61.65,24784092,
2318.HK,4/14/2026,63.25,26938107,
2318.HK,4/15/2026,62.55,23752554,
2318.HK,4/16/2026,62.65,27004059,
2318.HK,4/17/2026,60.6,67025039,
2318.HK,4/20/2026,61.5,40990900,
2318.HK,4/21/2026,61.45,17633037,
2318.HK,4/22/2026,61.3,19089688,
2318.HK,4/23/2026,60.7,26135866,
2318.HK,4/24/2026,60.95,22303252,
2318.HK,4/27/2026,60.9,26406752,
2318.HK,4/28/2026,60.05,32341558,
2318.HK,4/29/2026,63.7,80577081,
2318.HK,4/30/2026,63,50065051,
2318.HK,5/4/2026,63.25,17882637,
2318.HK,5/5/2026,63.5,12569588,
2318.HK,5/6/2026,64.2,25663414,
2318.HK,5/7/2026,66,55187118,
2318.HK,5/8/2026,65.6,32889448,
2318.HK,5/11/2026,65.05,37767063,
2318.HK,5/12/2026,65,21057367,
2318.HK,5/13/2026,64.1,35862058,
2318.HK,5/14/2026,63.5,32557112,
2318.HK,5/15/2026,62.45,36937388,
2318.HK,5/18/2026,61.85,26082059,
2318.HK,5/19/2026,61.4,37059311,
2318.HK,5/20/2026,61.15,27948319,
2318.HK,5/21/2026,60.8,33506833,
2318.HK,5/22/2026,60.85,24636290,
2318.HK,5/25/2026,60.85,0,0.050156
2318.HK,5/26/2026,60.65,26378072,
2318.HK,5/27/2026,59.9,39859161,
2318.HK,5/28/2026,59.25,45877023,
2318.HK,5/29/2026,60.05,52826036,
2318.HK,6/1/2026,60.2,34250928,
2318.HK,6/2/2026,58.6,49676843,
2318.HK,6/3/2026,57.8,29412677,
2318.HK,6/4/2026,57.05,27743265,0.053497
2318.HK,6/5/2026,56.9,28784990,0.053638
2318.HK,6/8/2026,56.85,30000540,0.053685
2318.HK,6/9/2026,56.9,23506423,0.053638
2318.HK,6/10/2026,57.2,22479654,0.053357
2318.HK,6/11/2026,56.85,26633073,0.053685
2319.HK,6/3/2024,14.72,26711933,
2319.HK,6/4/2024,14.8,20795355,
2319.HK,6/5/2024,14.76,20877844,
2319.HK,6/6/2024,14.68,25154747,
2319.HK,6/7/2024,14.3,43462614,
2319.HK,6/11/2024,13.96,37215327,
2319.HK,6/12/2024,13.36,40672470,
2319.HK,6/13/2024,13.28,57627964,
2319.HK,6/14/2024,12.76,55189845,
2319.HK,6/17/2024,13.14,27010490,
2319.HK,6/18/2024,13.36,35684371,
2319.HK,6/19/2024,13.76,30035265,
2319.HK,6/20/2024,13.38,25796338,
2319.HK,6/21/2024,13.16,28215188,
2319.HK,6/24/2024,13.34,31738911,
2319.HK,6/25/2024,13.94,36370100,
2319.HK,6/26/2024,14.64,45592036,
2319.HK,6/27/2024,14.32,32645455,
2319.HK,6/28/2024,14,24872396,
2319.HK,7/2/2024,14,23230273,
2319.HK,7/3/2024,14.48,19137207,
2319.HK,7/4/2024,14.64,19608501,
2319.HK,7/5/2024,14.24,15931039,
2319.HK,7/8/2024,13.76,23385712,
2319.HK,7/9/2024,13.64,40267138,
2319.HK,7/10/2024,13.78,21331086,
2319.HK,7/11/2024,14.36,23323966,
2319.HK,7/12/2024,14.7,25060984,
2319.HK,7/15/2024,14.46,17336071,
2319.HK,7/16/2024,14.4,19712344,
2319.HK,7/17/2024,15.18,36743869,
2319.HK,7/18/2024,15.2,25089730,
2319.HK,7/19/2024,14.5,25652289,
2319.HK,7/22/2024,14.82,12101531,
2319.HK,7/23/2024,14.36,21182713,
2319.HK,7/24/2024,13.86,20347302,
2319.HK,7/25/2024,13.7,20233402,
2319.HK,7/26/2024,13.62,11841115,
2319.HK,7/29/2024,13.5,13774375,
2319.HK,7/30/2024,12.62,45585216,
2319.HK,7/31/2024,13.1,30871451,
2319.HK,8/1/2024,12.84,16590105,
2319.HK,8/2/2024,12.56,21543174,
2319.HK,8/5/2024,12.98,29106575,
2319.HK,8/6/2024,12.96,26671978,
2319.HK,8/7/2024,13.5,23385285,
2319.HK,8/8/2024,13.44,18699315,
2319.HK,8/9/2024,13.62,20169907,
2319.HK,8/12/2024,13.24,17231993,
2319.HK,8/13/2024,13.1,27268220,
2319.HK,8/14/2024,12.88,18087164,
2319.HK,8/15/2024,12.78,17176110,
2319.HK,8/16/2024,12.7,13121714,
2319.HK,8/19/2024,12.76,12576553,
2319.HK,8/20/2024,12.6,17572640,
2319.HK,8/21/2024,12.32,24094714,
2319.HK,8/22/2024,12.32,21261290,
2319.HK,8/23/2024,12.18,26111042,
2319.HK,8/26/2024,12.18,18821745,
2319.HK,8/27/2024,12.34,13484799,
2319.HK,8/28/2024,12.02,20673161,
2319.HK,8/29/2024,13.18,59683263,
2319.HK,8/30/2024,13.28,37282968,
2319.HK,9/2/2024,12.92,21417258,
2319.HK,9/3/2024,12.96,18828662,
2319.HK,9/4/2024,12.82,14037596,
2319.HK,9/5/2024,12.92,16254204,
2319.HK,9/9/2024,12.48,17898622,
2319.HK,9/10/2024,12.42,8934819,
2319.HK,9/11/2024,12.3,10188264,
2319.HK,9/12/2024,12.44,13007956,
2319.HK,9/13/2024,12.7,21063261,
2319.HK,9/16/2024,12.52,10102160,
2319.HK,9/17/2024,12.74,11224313,
2319.HK,9/19/2024,13.36,35043926,
2319.HK,9/20/2024,13.64,33814705,
2319.HK,9/23/2024,13.52,18316039,
2319.HK,9/24/2024,14.52,36749175,
2319.HK,9/25/2024,14.34,47898136,
2319.HK,9/26/2024,16.06,74581092,
2319.HK,9/27/2024,18.46,194000948,
2319.HK,9/30/2024,18.7,133315795,
2319.HK,10/2/2024,20.75,89456932,
2319.HK,10/3/2024,19.62,55187309,
2319.HK,10/4/2024,20.5,34242441,
2319.HK,10/7/2024,22.15,56981139,
2319.HK,10/8/2024,17.86,119854360,
2319.HK,10/9/2024,17.32,84948507,
2319.HK,10/10/2024,17.78,70955975,
2319.HK,10/14/2024,17.42,57948706,
2319.HK,10/15/2024,16.14,52061587,
2319.HK,10/16/2024,15.94,38128994,
2319.HK,10/17/2024,15.52,26546727,
2319.HK,10/18/2024,16.22,34212003,
2319.HK,10/21/2024,15.92,35919345,
2319.HK,10/22/2024,16.34,27799823,
2319.HK,10/23/2024,16.72,37057100,
2319.HK,10/24/2024,16.2,16682337,
2319.HK,10/25/2024,16.64,17616794,
2319.HK,10/28/2024,17.1,27176450,
2319.HK,10/29/2024,16.92,27058970,
2319.HK,10/30/2024,16.82,17964632,
2319.HK,10/31/2024,17.4,37462247,
2319.HK,11/1/2024,17.68,26839217,
2319.HK,11/4/2024,17.62,14084336,
2319.HK,11/5/2024,18.44,21346528,
2319.HK,11/6/2024,18.02,26077895,
2319.HK,11/7/2024,18.98,31742677,
2319.HK,11/8/2024,18.46,22765397,
2319.HK,11/11/2024,18.22,25062530,
2319.HK,11/12/2024,17.6,25934310,
2319.HK,11/13/2024,17.3,22095850,
2319.HK,11/14/2024,16.6,26110268,
2319.HK,11/15/2024,16.8,26022746,
2319.HK,11/18/2024,16.66,13778850,
2319.HK,11/19/2024,16.92,17634573,
2319.HK,11/20/2024,17.1,10795574,
2319.HK,11/21/2024,17.14,19405678,
2319.HK,11/22/2024,16.88,24138151,
2319.HK,11/25/2024,16.58,23484721,
2319.HK,11/26/2024,16.7,10841438,
2319.HK,11/27/2024,17.18,12344878,
2319.HK,11/28/2024,16.64,13826396,
2319.HK,11/29/2024,16.98,12787839,
2319.HK,12/2/2024,17.32,12278309,
2319.HK,12/3/2024,17.34,9769533,
2319.HK,12/4/2024,17.14,7213979,
2319.HK,12/5/2024,16.74,13821346,
2319.HK,12/6/2024,16.84,16558435,
2319.HK,12/9/2024,17.28,43540896,
2319.HK,12/10/2024,17.28,44991272,
2319.HK,12/11/2024,17.48,24018824,
2319.HK,12/12/2024,18.74,59474152,
2319.HK,12/13/2024,18.04,34668810,
2319.HK,12/16/2024,17.4,26680447,
2319.HK,12/17/2024,17.38,23224526,
2319.HK,12/18/2024,17.54,15289317,
2319.HK,12/19/2024,17.64,18411276,
2319.HK,12/20/2024,17.66,18154287,
2319.HK,12/23/2024,17.88,11183299,
2319.HK,12/24/2024,17.92,8049493,
2319.HK,12/27/2024,17.38,17507350,
2319.HK,12/30/2024,17.04,16568857,
2319.HK,12/31/2024,17.56,16496358,
2319.HK,1/2/2025,16.72,23106366,
2319.HK,1/3/2025,16.42,14002790,
2319.HK,1/6/2025,16.26,17156546,
2319.HK,1/7/2025,16.4,18944713,
2319.HK,1/8/2025,16.1,17740659,
2319.HK,1/9/2025,16.04,13836091,
2319.HK,1/10/2025,15.3,28110554,
2319.HK,1/13/2025,15.16,25069665,
2319.HK,1/14/2025,15.2,25600967,
2319.HK,1/15/2025,14.88,43830257,
2319.HK,1/16/2025,14.98,29034892,
2319.HK,1/17/2025,15.24,23433155,
2319.HK,1/20/2025,15.2,23672551,
2319.HK,1/21/2025,15.66,19296857,
2319.HK,1/22/2025,15.3,12758926,
2319.HK,1/23/2025,15.38,15616528,
2319.HK,1/24/2025,15.5,13793910,
2319.HK,1/27/2025,15.56,8120878,
2319.HK,1/28/2025,15.48,3555571,
2319.HK,2/3/2025,15.24,16810738,
2319.HK,2/4/2025,15.7,19910629,
2319.HK,2/5/2025,14.98,24058440,
2319.HK,2/6/2025,15.28,26895677,
2319.HK,2/7/2025,15.2,24098656,
2319.HK,2/10/2025,15.48,24856795,
2319.HK,2/11/2025,15.26,19089416,
2319.HK,2/12/2025,15.26,41747274,
2319.HK,2/13/2025,15.68,71804407,
2319.HK,2/14/2025,16.08,31217320,
2319.HK,2/17/2025,15.66,43818839,
2319.HK,2/18/2025,15.64,28057701,
2319.HK,2/19/2025,17.26,91492529,
2319.HK,2/20/2025,16.58,38657463,
2319.HK,2/21/2025,16.64,31764350,
2319.HK,2/24/2025,17.42,42691129,
2319.HK,2/25/2025,17.2,48120986,
2319.HK,2/26/2025,17.84,46262184,
2319.HK,2/27/2025,18.24,56688205,
2319.HK,2/28/2025,17.74,58063089,
2319.HK,3/3/2025,18.02,43285578,
2319.HK,3/4/2025,18,27445359,
2319.HK,3/5/2025,18.56,31985964,
2319.HK,3/6/2025,18.64,28679781,
2319.HK,3/7/2025,18.94,34437516,
2319.HK,3/10/2025,18.86,22666367,
2319.HK,3/11/2025,18.98,20916082,
2319.HK,3/12/2025,18.88,31519695,
2319.HK,3/13/2025,18.16,36103516,
2319.HK,3/14/2025,19.8,58165786,
2319.HK,3/17/2025,19.86,61385110,
2319.HK,3/18/2025,19.48,42377654,
2319.HK,3/19/2025,19.96,27639574,
2319.HK,3/20/2025,19.06,30200186,
2319.HK,3/21/2025,18.88,27901466,
2319.HK,3/24/2025,18.84,22088407,
2319.HK,3/25/2025,18.46,19237970,
2319.HK,3/26/2025,18.46,20383133,
2319.HK,3/27/2025,19.5,47818662,
2319.HK,3/28/2025,19.42,24982175,
2319.HK,3/31/2025,19.2,29021603,
2319.HK,4/1/2025,19.42,17660060,
2319.HK,4/2/2025,19.58,26032520,
2319.HK,4/3/2025,19.46,13415735,
2319.HK,4/7/2025,17.96,56748252,
2319.HK,4/8/2025,18.9,68597115,
2319.HK,4/9/2025,19.24,61755164,
2319.HK,4/10/2025,20,43453277,
2319.HK,4/11/2025,19.68,30631798,
2319.HK,4/14/2025,20.2,27280726,
2319.HK,4/15/2025,19.98,21683751,
2319.HK,4/16/2025,19.76,20276885,
2319.HK,4/17/2025,19.5,30587674,
2319.HK,4/22/2025,19.28,28949857,
2319.HK,4/23/2025,19.44,13452795,
2319.HK,4/24/2025,19.24,12330704,
2319.HK,4/25/2025,19.26,15744031,
2319.HK,4/28/2025,19.08,12112505,
2319.HK,4/29/2025,19.02,10141499,
2319.HK,4/30/2025,19.42,23151501,
2319.HK,5/2/2025,20.15,18379414,
2319.HK,5/6/2025,19.98,14165245,
2319.HK,5/7/2025,19.26,17657392,
2319.HK,5/8/2025,19.1,21887576,
2319.HK,5/9/2025,18.68,14411918,
2319.HK,5/12/2025,18.68,26351437,
2319.HK,5/13/2025,18.18,34557525,
2319.HK,5/14/2025,18.66,24429874,
2319.HK,5/15/2025,18.34,14143476,
2319.HK,5/16/2025,18.4,7782643,
2319.HK,5/19/2025,18.06,14720525,
2319.HK,5/20/2025,18.4,15239613,
2319.HK,5/21/2025,18.14,16559543,
2319.HK,5/22/2025,17.76,21621442,
2319.HK,5/23/2025,17.66,27191757,
2319.HK,5/26/2025,17.8,22255169,
2319.HK,5/27/2025,17.52,26504386,
2319.HK,5/28/2025,17.88,33838792,
2319.HK,5/29/2025,17.9,24108213,
2319.HK,5/30/2025,17.68,30904656,
2319.HK,6/2/2025,17.54,14905706,
2319.HK,6/3/2025,17.86,26262037,
2319.HK,6/4/2025,17.96,23379249,
2319.HK,6/5/2025,18.18,24899474,
2319.HK,6/6/2025,17.86,18867857,
2319.HK,6/9/2025,18.16,17214332,
2319.HK,6/10/2025,18.08,13194839,
2319.HK,6/11/2025,17.98,20835982,
2319.HK,6/12/2025,17.8,15892008,
2319.HK,6/13/2025,17.54,24213320,
2319.HK,6/16/2025,16.98,18735667,
2319.HK,6/17/2025,16.92,21255328,
2319.HK,6/18/2025,16.8,19040832,
2319.HK,6/19/2025,16.18,20310593,
2319.HK,6/20/2025,16.32,19134474,
2319.HK,6/23/2025,16.08,23034116,
2319.HK,6/24/2025,16.34,22512216,
2319.HK,6/25/2025,16.38,23659078,
2319.HK,6/26/2025,16.48,18978048,
2319.HK,6/27/2025,16.26,19423221,
2319.HK,6/30/2025,16.1,23707206,
2319.HK,7/1/2025,16.1,0,0.034559
2319.HK,7/2/2025,16.36,31742464,
2319.HK,7/3/2025,16.5,15419058,
2319.HK,7/4/2025,16.12,22466340,
2319.HK,7/7/2025,15.96,20900400,
2319.HK,7/8/2025,15.72,47890536,
2319.HK,7/9/2025,15.8,24052106,
2319.HK,7/10/2025,15.92,21146661,
2319.HK,7/11/2025,16.24,35476129,
2319.HK,7/14/2025,16.36,31743212,
2319.HK,7/15/2025,16.58,29952700,
2319.HK,7/16/2025,16.58,30729000,
2319.HK,7/17/2025,16.8,24742408,
2319.HK,7/18/2025,16.96,17426684,
2319.HK,7/21/2025,17.1,16913066,
2319.HK,7/22/2025,17.2,17892846,
2319.HK,7/23/2025,17.56,25160915,
2319.HK,7/24/2025,17.26,34454607,
2319.HK,7/25/2025,17.04,18765273,
2319.HK,7/28/2025,16.9,22972672,
2319.HK,7/29/2025,16.9,30004127,
2319.HK,7/30/2025,17.12,16246546,
2319.HK,7/31/2025,16.38,19051303,
2319.HK,8/1/2025,16.16,16180225,
2319.HK,8/4/2025,16.44,13830243,
2319.HK,8/5/2025,16.54,14165116,
2319.HK,8/6/2025,16.48,11223653,
2319.HK,8/7/2025,16.63,13540604,
2319.HK,8/8/2025,16.35,10099091,
2319.HK,8/11/2025,16.3,12236989,
2319.HK,8/12/2025,16.43,11117062,
2319.HK,8/13/2025,16.7,20494236,
2319.HK,8/14/2025,16.59,21086098,
2319.HK,8/15/2025,16.45,17579925,
2319.HK,8/18/2025,16.28,20584013,
2319.HK,8/19/2025,16.35,15863122,
2319.HK,8/20/2025,16.67,24311791,
2319.HK,8/21/2025,16.48,20848371,
2319.HK,8/22/2025,16.33,24427810,
2319.HK,8/25/2025,16.53,21222201,
2319.HK,8/26/2025,16.85,29322429,
2319.HK,8/27/2025,16.2,35930079,
2319.HK,8/28/2025,15.84,43212649,
2319.HK,8/29/2025,15.2,68994892,
2319.HK,9/1/2025,15.13,32738568,
2319.HK,9/2/2025,14.95,31208369,
2319.HK,9/3/2025,14.88,24855364,
2319.HK,9/4/2025,14.99,29172829,
2319.HK,9/5/2025,15.02,27731329,
2319.HK,9/8/2025,14.99,32515544,
2319.HK,9/9/2025,15.04,27449220,
2319.HK,9/10/2025,14.98,30381989,
2319.HK,9/11/2025,15.27,58766483,
2319.HK,9/12/2025,15.18,40854484,
2319.HK,9/15/2025,15.34,25684491,
2319.HK,9/16/2025,15.25,17707966,
2319.HK,9/17/2025,15.42,20217888,
2319.HK,9/18/2025,15.09,33144742,
2319.HK,9/19/2025,15.24,27856966,
2319.HK,9/22/2025,15.04,22054144,
2319.HK,9/23/2025,14.63,27375053,
2319.HK,9/24/2025,14.55,27816320,
2319.HK,9/25/2025,14.3,37935093,
2319.HK,9/26/2025,14.71,35418163,
2319.HK,9/29/2025,14.85,18777061,
2319.HK,9/30/2025,15,25326781,
2319.HK,10/2/2025,14.85,10466163,
2319.HK,10/3/2025,14.81,13017652,
2319.HK,10/6/2025,14.4,23206042,
2319.HK,10/8/2025,14.24,16031778,
2319.HK,10/9/2025,14.6,28979234,
2319.HK,10/10/2025,14.68,24248071,
2319.HK,10/13/2025,14.73,33561860,
2319.HK,10/14/2025,14.38,29260523,
2319.HK,10/15/2025,14.55,20759007,
2319.HK,10/16/2025,14.43,23962312,
2319.HK,10/17/2025,14.09,23940175,
2319.HK,10/20/2025,14.51,14917461,
2319.HK,10/21/2025,14.47,15437343,
2319.HK,10/22/2025,14.34,12254018,
2319.HK,10/23/2025,14.4,9641278,
2319.HK,10/24/2025,14.34,10777721,
2319.HK,10/27/2025,14.36,12945482,
2319.HK,10/28/2025,14.35,12215050,
2319.HK,10/29/2025,14.35,0,0.038774
2319.HK,10/30/2025,14.22,20536801,
2319.HK,10/31/2025,14.14,18433850,
2319.HK,11/3/2025,14.21,13972126,
2319.HK,11/4/2025,14.08,18269195,
2319.HK,11/5/2025,14.14,17262240,
2319.HK,11/6/2025,14.35,16156092,
2319.HK,11/7/2025,14.4,14978879,
2319.HK,11/10/2025,15,51082793,
2319.HK,11/11/2025,14.96,23584079,
2319.HK,11/12/2025,15.02,31425863,
2319.HK,11/13/2025,15.14,18832548,
2319.HK,11/14/2025,14.87,15771310,
2319.HK,11/17/2025,14.92,12689249,
2319.HK,11/18/2025,14.84,25603844,
2319.HK,11/19/2025,14.74,17624609,
2319.HK,11/20/2025,14.7,15511875,
2319.HK,11/21/2025,14.5,16991591,
2319.HK,11/24/2025,14.57,23651768,
2319.HK,11/25/2025,14.54,10880202,
2319.HK,11/26/2025,14.71,14801363,
2319.HK,11/27/2025,14.98,18866066,
2319.HK,11/28/2025,15.01,11104637,
2319.HK,12/1/2025,15.23,13482213,
2319.HK,12/2/2025,15.05,12950540,
2319.HK,12/3/2025,14.77,12887486,
2319.HK,12/4/2025,14.77,8579532,
2319.HK,12/5/2025,14.66,17851938,
2319.HK,12/8/2025,14.54,14639906,
2319.HK,12/9/2025,14.27,19519875,
2319.HK,12/10/2025,14.37,19184561,
2319.HK,12/11/2025,14.24,15260643,
2319.HK,12/12/2025,14.63,27429383,
2319.HK,12/15/2025,14.88,20493064,
2319.HK,12/16/2025,14.87,20565073,
2319.HK,12/17/2025,15.11,21215848,
2319.HK,12/18/2025,15.24,18358836,
2319.HK,12/19/2025,15.34,24093342,
2319.HK,12/22/2025,15.33,19026641,
2319.HK,12/23/2025,15.36,26450565,
2319.HK,12/24/2025,15.16,12448751,
2319.HK,12/25/2025,15.16,0,0.036702
2319.HK,12/26/2025,15.16,0,0.036702
2319.HK,12/29/2025,14.83,27455550,
2319.HK,12/30/2025,14.97,24300856,
2319.HK,12/31/2025,14.91,6758343,
2319.HK,1/2/2026,14.93,9290081,
2319.HK,1/5/2026,15.29,28953461,
2319.HK,1/6/2026,15.32,16659719,
2319.HK,1/7/2026,15.46,24542675,
2319.HK,1/8/2026,15.34,21567098,
2319.HK,1/9/2026,14.97,24583212,
2319.HK,1/12/2026,15.03,24001355,
2319.HK,1/13/2026,15.11,21616341,
2319.HK,1/14/2026,15.12,21789078,
2319.HK,1/15/2026,15.36,21246839,
2319.HK,1/16/2026,15.46,16696003,
2319.HK,1/19/2026,15.89,38315950,
2319.HK,1/20/2026,15.83,22609515,
2319.HK,1/21/2026,15.9,18253147,
2319.HK,1/22/2026,15.79,12711949,
2319.HK,1/23/2026,15.82,11169052,
2319.HK,1/26/2026,15.46,19786583,
2319.HK,1/27/2026,15.7,13071913,
2319.HK,1/28/2026,16.29,35140624,
2319.HK,1/29/2026,16.76,49364737,
2319.HK,1/30/2026,16.3,32118915,
2319.HK,2/2/2026,16.5,39197020,
2319.HK,2/3/2026,16.81,36494253,
2319.HK,2/4/2026,16.7,25689403,
2319.HK,2/5/2026,17.15,43611413,
2319.HK,2/6/2026,17.67,78370560,
2319.HK,2/9/2026,17.47,36756086,
2319.HK,2/10/2026,17.28,26628562,
2319.HK,2/11/2026,17.28,20552142,
2319.HK,2/12/2026,17.01,24943573,
2319.HK,2/13/2026,16.87,12346309,
2319.HK,2/16/2026,16.95,5370922,
2319.HK,2/20/2026,16.67,18072089,
2319.HK,2/23/2026,16.35,31757566,
2319.HK,2/24/2026,16.15,35356071,
2319.HK,2/25/2026,16.4,24713287,
2319.HK,2/26/2026,15.72,36367393,
2319.HK,2/27/2026,16.18,35108610,
2319.HK,3/2/2026,15.54,33764346,
2319.HK,3/3/2026,15.26,18624149,
2319.HK,3/4/2026,15.03,30086069,
2319.HK,3/5/2026,15.11,24166782,
2319.HK,3/6/2026,16.16,55228795,
2319.HK,3/9/2026,16.5,62177407,
2319.HK,3/10/2026,16.19,25823331,
2319.HK,3/11/2026,16.03,28119361,
2319.HK,3/12/2026,16.12,41301290,
2319.HK,3/13/2026,16.12,21707221,
2319.HK,3/16/2026,16.73,30968821,
2319.HK,3/17/2026,16.63,15441108,
2319.HK,3/18/2026,16.61,9830223,
2319.HK,3/19/2026,16.3,20170164,
2319.HK,3/20/2026,16.21,15343698,
2319.HK,3/23/2026,15.51,30449112,
2319.HK,3/24/2026,15.79,13304108,
2319.HK,3/25/2026,15.9,18835264,
2319.HK,3/26/2026,16.32,31787427,
2319.HK,3/27/2026,17.18,43530642,
2319.HK,3/30/2026,17.34,42329014,
2319.HK,3/31/2026,17.2,34574452,
2319.HK,4/1/2026,17.45,26180709,
2319.HK,4/2/2026,17.55,12024942,
2319.HK,4/3/2026,17.55,0,0.034051
2319.HK,4/7/2026,17.55,0,0.034051
2319.HK,4/8/2026,17.35,17914711,
2319.HK,4/9/2026,17.28,19760076,
2319.HK,4/10/2026,16.96,23027312,
2319.HK,4/13/2026,17.09,14160964,
2319.HK,4/14/2026,16.98,15377616,
2319.HK,4/15/2026,17.05,24678834,
2319.HK,4/16/2026,16.71,26961469,
2319.HK,4/17/2026,16.53,18677107,
2319.HK,4/20/2026,16.49,22409776,
2319.HK,4/21/2026,16.53,18026247,
2319.HK,4/22/2026,16.44,17359848,
2319.HK,4/23/2026,16.28,27011271,
2319.HK,4/24/2026,16.7,14742682,
2319.HK,4/27/2026,16.79,19004092,
2319.HK,4/28/2026,16.51,18949030,
2319.HK,4/29/2026,16.7,16010106,
2319.HK,4/30/2026,17.35,35319383,
2319.HK,5/4/2026,17.29,17296218,
2319.HK,5/5/2026,17.31,6669818,
2319.HK,5/6/2026,17.18,13742664,
2319.HK,5/7/2026,17.38,21151885,
2319.HK,5/8/2026,17.43,10922711,
2319.HK,5/11/2026,17.58,13427112,
2319.HK,5/12/2026,17.57,15406383,
2319.HK,5/13/2026,17.63,18078079,
2319.HK,5/14/2026,17.66,15113580,
2319.HK,5/15/2026,17.72,11517136,
2319.HK,5/18/2026,17.34,14301043,
2319.HK,5/19/2026,17.4,14437641,
2319.HK,5/20/2026,17.43,18406925,
2319.HK,5/21/2026,17.45,11856118,
2319.HK,5/22/2026,16.73,25118506,
2319.HK,5/25/2026,16.73,0,0.03572
2319.HK,5/26/2026,16.7,16075495,
2319.HK,5/27/2026,16.45,21760686,
2319.HK,5/28/2026,16.59,25945659,
2319.HK,5/29/2026,16.96,25011235,
2319.HK,6/1/2026,17.19,18989170,
2319.HK,6/2/2026,17.26,11006427,
2319.HK,6/3/2026,17.24,12521118,
2319.HK,6/4/2026,16.96,12683148,0.035236
2319.HK,6/5/2026,15.89,52662275,0.037609
2319.HK,6/8/2026,16.39,38062211,0.036461
2319.HK,6/9/2026,16.12,32759685,0.037072
2319.HK,6/10/2026,16.54,26547920,0.036131
2319.HK,6/11/2026,16.54,23755200,0.036131
2607.HK,6/3/2024,11.72,3430804,
2607.HK,6/4/2024,11.94,1607104,
2607.HK,6/5/2024,11.94,1741454,
2607.HK,6/6/2024,12.08,2047300,
2607.HK,6/7/2024,12.36,3266800,
2607.HK,6/11/2024,11.76,8480779,
2607.HK,6/12/2024,11.64,4070100,
2607.HK,6/13/2024,11.54,3322200,
2607.HK,6/14/2024,11.8,3077218,
2607.HK,6/17/2024,11.8,2642200,
2607.HK,6/18/2024,12.16,4069500,
2607.HK,6/19/2024,12.34,2960464,
2607.HK,6/20/2024,12.06,3168429,
2607.HK,6/21/2024,11.8,4119120,
2607.HK,6/24/2024,11.78,3068700,
2607.HK,6/25/2024,11.8,1856598,
2607.HK,6/26/2024,11.88,1982000,
2607.HK,6/27/2024,11.64,2026000,
2607.HK,6/28/2024,11.74,3456202,
2607.HK,7/2/2024,11.7,3561303,
2607.HK,7/3/2024,11.7,2227200,
2607.HK,7/4/2024,11.68,1394660,
2607.HK,7/5/2024,11.76,1800000,
2607.HK,7/8/2024,11.52,2068099,
2607.HK,7/9/2024,11.5,3098376,
2607.HK,7/10/2024,11.34,2519900,
2607.HK,7/11/2024,11.72,3632760,
2607.HK,7/12/2024,11.9,3693700,
2607.HK,7/15/2024,11.8,2358500,
2607.HK,7/16/2024,11.66,3085007,
2607.HK,7/17/2024,11.88,5446464,
2607.HK,7/18/2024,11.86,4481100,
2607.HK,7/19/2024,11.76,2522525,
2607.HK,7/22/2024,11.94,3515874,
2607.HK,7/23/2024,11.76,3489800,
2607.HK,7/24/2024,11.62,1954000,
2607.HK,7/25/2024,11.54,2894120,
2607.HK,7/26/2024,11.7,2017220,
2607.HK,7/29/2024,11.66,1166444,
2607.HK,7/30/2024,11.48,1577880,
2607.HK,7/31/2024,11.72,2282900,
2607.HK,8/1/2024,11.74,1281200,
2607.HK,8/2/2024,11.56,1382106,
2607.HK,8/5/2024,11.3,3553500,
2607.HK,8/6/2024,11.62,1817700,
2607.HK,8/7/2024,11.62,1556800,
2607.HK,8/8/2024,11.68,1226188,
2607.HK,8/9/2024,11.6,1211066,
2607.HK,8/12/2024,11.76,1215556,
2607.HK,8/13/2024,11.76,911100,
2607.HK,8/14/2024,11.68,997112,
2607.HK,8/15/2024,11.8,1268200,
2607.HK,8/16/2024,11.94,1698200,
2607.HK,8/19/2024,11.78,2078254,
2607.HK,8/20/2024,11.66,2057826,
2607.HK,8/21/2024,11.5,2075594,
2607.HK,8/22/2024,11.4,2136600,
2607.HK,8/23/2024,11.3,1925100,
2607.HK,8/26/2024,11.16,3394600,
2607.HK,8/27/2024,11.28,4865601,
2607.HK,8/28/2024,10.9,6545300,
2607.HK,8/29/2024,10.92,3178066,
2607.HK,8/30/2024,10.8,6935400,
2607.HK,9/2/2024,10.54,5616512,
2607.HK,9/3/2024,10.42,4886133,
2607.HK,9/4/2024,10.38,5485100,
2607.HK,9/5/2024,10.52,3210537,
2607.HK,9/9/2024,10.3,5066000,
2607.HK,9/10/2024,10.26,4996500,
2607.HK,9/11/2024,10.2,4027500,
2607.HK,9/12/2024,10.26,3752100,
2607.HK,9/13/2024,10.28,3683920,
2607.HK,9/16/2024,10.22,747400,
2607.HK,9/17/2024,10.16,718300,
2607.HK,9/19/2024,10.38,5044269,
2607.HK,9/20/2024,10.48,3900460,
2607.HK,9/23/2024,10.52,4864405,
2607.HK,9/24/2024,10.98,8229618,
2607.HK,9/25/2024,10.9,8443676,
2607.HK,9/26/2024,11.36,5699300,
2607.HK,9/27/2024,12.12,11145400,
2607.HK,9/30/2024,12.68,16076061,
2607.HK,10/2/2024,13.54,6421051,
2607.HK,10/3/2024,13.2,3282524,
2607.HK,10/4/2024,14.1,4059680,
2607.HK,10/7/2024,14.6,6887100,
2607.HK,10/8/2024,13,14194895,
2607.HK,10/9/2024,12.34,12111272,
2607.HK,10/10/2024,12.8,7790000,
2607.HK,10/14/2024,12.5,5992600,
2607.HK,10/15/2024,12.14,5367625,
2607.HK,10/16/2024,12.34,3723278,
2607.HK,10/17/2024,12.16,3326854,
2607.HK,10/18/2024,12.5,4947100,
2607.HK,10/21/2024,12.44,2627400,
2607.HK,10/22/2024,12.52,3954142,
2607.HK,10/23/2024,12.54,2493000,
2607.HK,10/24/2024,12.42,2363158,
2607.HK,10/25/2024,12.56,1459500,
2607.HK,10/28/2024,12.58,1501400,
2607.HK,10/29/2024,12.44,1759100,
2607.HK,10/30/2024,12.08,4382006,
2607.HK,10/31/2024,12,4599422,
2607.HK,11/1/2024,12.26,2944900,
2607.HK,11/4/2024,12.18,4337297,
2607.HK,11/5/2024,12.52,3867294,
2607.HK,11/6/2024,12.4,4425366,
2607.HK,11/7/2024,12.78,8974900,
2607.HK,11/8/2024,12.58,4874900,
2607.HK,11/11/2024,12.84,4492900,
2607.HK,11/12/2024,13.3,12186500,
2607.HK,11/13/2024,12.94,4207400,
2607.HK,11/14/2024,12.72,5654000,
2607.HK,11/15/2024,12.72,3025300,
2607.HK,11/18/2024,12.72,3500391,
2607.HK,11/19/2024,12.78,2818652,
2607.HK,11/20/2024,13.12,5165474,
2607.HK,11/21/2024,12.84,3546091,
2607.HK,11/22/2024,12.66,2692706,
2607.HK,11/25/2024,12.74,13594708,
2607.HK,11/26/2024,12.76,1958458,
2607.HK,11/27/2024,12.86,2796117,
2607.HK,11/28/2024,12.76,3124333,
2607.HK,11/29/2024,13,2417912,
2607.HK,12/2/2024,13.02,3497900,
2607.HK,12/3/2024,13.24,3351800,
2607.HK,12/4/2024,13.2,3216243,
2607.HK,12/5/2024,12.92,3020320,
2607.HK,12/6/2024,13.2,4609300,
2607.HK,12/9/2024,13.24,3096260,
2607.HK,12/10/2024,13.2,5519500,
2607.HK,12/11/2024,13.28,2939769,
2607.HK,12/12/2024,13.44,1953300,
2607.HK,12/13/2024,13.26,2379200,
2607.HK,12/16/2024,13.16,2732600,
2607.HK,12/17/2024,12.98,2906390,
2607.HK,12/18/2024,13.14,3340500,
2607.HK,12/19/2024,13.08,2331030,
2607.HK,12/20/2024,12.94,2496010,
2607.HK,12/23/2024,12.96,1741531,
2607.HK,12/24/2024,12.86,2090600,
2607.HK,12/27/2024,12.82,3671100,
2607.HK,12/30/2024,12.62,3705418,
2607.HK,12/31/2024,12.62,1973604,
2607.HK,1/2/2025,12.56,3056300,
2607.HK,1/3/2025,12.54,3220300,
2607.HK,1/6/2025,12.58,3602200,
2607.HK,1/7/2025,12.54,3253960,
2607.HK,1/8/2025,12.4,3100500,
2607.HK,1/9/2025,12.32,2052300,
2607.HK,1/10/2025,12.22,1845144,
2607.HK,1/13/2025,12.14,1235594,
2607.HK,1/14/2025,12.32,1696074,
2607.HK,1/15/2025,12.22,4231500,
2607.HK,1/16/2025,12.26,1682200,
2607.HK,1/17/2025,12.24,1505200,
2607.HK,1/20/2025,12.18,1996642,
2607.HK,1/21/2025,12.32,1886300,
2607.HK,1/22/2025,12.32,1939255,
2607.HK,1/23/2025,12.42,3171548,
2607.HK,1/24/2025,12.34,2837827,
2607.HK,1/27/2025,12.44,1573191,
2607.HK,1/28/2025,12.36,265847,
2607.HK,2/3/2025,12.22,1404700,
2607.HK,2/4/2025,12.22,1673830,
2607.HK,2/5/2025,12.28,4485073,
2607.HK,2/6/2025,12.38,2719556,
2607.HK,2/7/2025,12.24,6150597,
2607.HK,2/10/2025,12.3,3261191,
2607.HK,2/11/2025,12.1,2776137,
2607.HK,2/12/2025,12.1,3986730,
2607.HK,2/13/2025,11.94,4554104,
2607.HK,2/14/2025,12.18,6563065,
2607.HK,2/17/2025,12.24,6845600,
2607.HK,2/18/2025,12.34,4189282,
2607.HK,2/19/2025,12.18,4580365,
2607.HK,2/20/2025,12.26,4248595,
2607.HK,2/21/2025,12.24,4542680,
2607.HK,2/24/2025,12.36,4296054,
2607.HK,2/25/2025,12.12,4629322,
2607.HK,2/26/2025,12.3,4816915,
2607.HK,2/27/2025,12.34,6153500,
2607.HK,2/28/2025,11.78,9896441,
2607.HK,3/3/2025,11.82,3840801,
2607.HK,3/4/2025,11.7,4272450,
2607.HK,3/5/2025,11.86,4826100,
2607.HK,3/6/2025,12.02,4509224,
2607.HK,3/7/2025,11.92,5242186,
2607.HK,3/10/2025,11.84,5112300,
2607.HK,3/11/2025,11.9,3339300,
2607.HK,3/12/2025,11.84,5576725,
2607.HK,3/13/2025,11.74,6011287,
2607.HK,3/14/2025,11.96,6628086,
2607.HK,3/17/2025,11.98,4123757,
2607.HK,3/18/2025,12.08,4504530,
2607.HK,3/19/2025,12.08,2862901,
2607.HK,3/20/2025,11.96,3622824,
2607.HK,3/21/2025,11.7,5075096,
2607.HK,3/24/2025,11.58,3903000,
2607.HK,3/25/2025,11.48,2662854,
2607.HK,3/26/2025,11.44,4988800,
2607.HK,3/27/2025,11.66,7542768,
2607.HK,3/28/2025,11.26,12379305,
2607.HK,3/31/2025,11.2,5815280,
2607.HK,4/1/2025,11.32,6692434,
2607.HK,4/2/2025,11.3,4566700,
2607.HK,4/3/2025,11.26,5082176,
2607.HK,4/7/2025,10.12,14179700,
2607.HK,4/8/2025,10.44,7817800,
2607.HK,4/9/2025,10.54,5768400,
2607.HK,4/10/2025,10.64,5395400,
2607.HK,4/11/2025,10.8,4587173,
2607.HK,4/14/2025,10.88,3162400,
2607.HK,4/15/2025,10.92,3560700,
2607.HK,4/16/2025,10.8,3591900,
2607.HK,4/17/2025,10.82,2936300,
2607.HK,4/22/2025,10.86,4452993,
2607.HK,4/23/2025,10.84,4343967,
2607.HK,4/24/2025,10.78,5096629,
2607.HK,4/25/2025,10.78,5584200,
2607.HK,4/28/2025,10.66,2536200,
2607.HK,4/29/2025,10.6,4093893,
2607.HK,4/30/2025,10.62,5498400,
2607.HK,5/2/2025,10.64,2059200,
2607.HK,5/6/2025,10.74,4279800,
2607.HK,5/7/2025,10.98,7135400,
2607.HK,5/8/2025,10.92,2868091,
2607.HK,5/9/2025,10.8,4378330,
2607.HK,5/12/2025,11.22,8183200,
2607.HK,5/13/2025,11.02,4616800,
2607.HK,5/14/2025,11.02,10366371,
2607.HK,5/15/2025,11,4872900,
2607.HK,5/16/2025,11.12,5000200,
2607.HK,5/19/2025,11.38,8608150,
2607.HK,5/20/2025,11.24,5723655,
2607.HK,5/21/2025,11.32,7017988,
2607.HK,5/22/2025,11.28,7235000,
2607.HK,5/23/2025,11.4,6110500,
2607.HK,5/26/2025,11.3,5826054,
2607.HK,5/27/2025,11.22,4185064,
2607.HK,5/28/2025,11.34,4158169,
2607.HK,5/29/2025,11.46,8169613,
2607.HK,5/30/2025,11.4,74882189,
2607.HK,6/2/2025,11.5,12722663,
2607.HK,6/3/2025,11.82,12175671,
2607.HK,6/4/2025,11.84,6831203,
2607.HK,6/5/2025,11.78,5257300,
2607.HK,6/6/2025,11.66,3943900,
2607.HK,6/9/2025,11.86,4051932,
2607.HK,6/10/2025,11.92,9873900,
2607.HK,6/11/2025,11.96,4905286,
2607.HK,6/12/2025,12.2,7730338,
2607.HK,6/13/2025,12.08,17044000,
2607.HK,6/16/2025,11.84,10708600,
2607.HK,6/17/2025,11.88,4605735,
2607.HK,6/18/2025,11.62,5142475,
2607.HK,6/19/2025,11.38,4756300,
2607.HK,6/20/2025,11.46,7664020,
2607.HK,6/23/2025,11.58,2405300,
2607.HK,6/24/2025,11.76,2925300,
2607.HK,6/25/2025,11.92,2576634,
2607.HK,6/26/2025,11.78,2118800,
2607.HK,6/27/2025,11.74,2107400,
2607.HK,6/30/2025,11.7,1587800,
2607.HK,7/1/2025,11.7,0,0.038386
2607.HK,7/2/2025,11.84,4277200,
2607.HK,7/3/2025,11.82,2659600,
2607.HK,7/4/2025,11.86,2914300,
2607.HK,7/7/2025,11.88,1377800,
2607.HK,7/8/2025,11.84,2510500,
2607.HK,7/9/2025,11.84,2237500,
2607.HK,7/10/2025,12.26,11176962,
2607.HK,7/11/2025,12.32,4299625,
2607.HK,7/14/2025,12.36,4684500,
2607.HK,7/15/2025,12.26,4860800,
2607.HK,7/16/2025,12.2,7820100,
2607.HK,7/17/2025,12.58,10778000,
2607.HK,7/18/2025,12.5,3966100,
2607.HK,7/21/2025,12.5,4299900,
2607.HK,7/22/2025,12.66,6407500,
2607.HK,7/23/2025,12.66,4100900,
2607.HK,7/24/2025,12.76,4209100,
2607.HK,7/25/2025,12.7,5362600,
2607.HK,7/28/2025,12.72,3330357,
2607.HK,7/29/2025,12.84,4853300,
2607.HK,7/30/2025,12.84,6708892,
2607.HK,7/31/2025,12.54,6829892,
2607.HK,8/1/2025,12.5,3185800,
2607.HK,8/4/2025,12.39,2883282,
2607.HK,8/5/2025,12.53,2318500,
2607.HK,8/6/2025,12.54,2375333,
2607.HK,8/7/2025,12.58,3332600,
2607.HK,8/8/2025,12.5,2906460,
2607.HK,8/11/2025,12.57,3423000,
2607.HK,8/12/2025,12.58,2662681,
2607.HK,8/13/2025,12.65,3819300,
2607.HK,8/14/2025,12.62,6034300,
2607.HK,8/15/2025,12.72,3015103,
2607.HK,8/18/2025,12.67,4417969,
2607.HK,8/19/2025,12.66,3042100,
2607.HK,8/20/2025,12.61,2831400,
2607.HK,8/21/2025,12.6,2980700,
2607.HK,8/22/2025,12.59,2706000,
2607.HK,8/25/2025,12.79,5623030,
2607.HK,8/26/2025,12.72,2551308,
2607.HK,8/27/2025,12.42,3389470,
2607.HK,8/28/2025,12.32,3950071,
2607.HK,8/29/2025,12.35,7462743,
2607.HK,9/1/2025,12.28,4630200,
2607.HK,9/2/2025,12.15,3511700,
2607.HK,9/3/2025,12,3876900,
2607.HK,9/4/2025,11.91,2594571,
2607.HK,9/5/2025,12.07,5077770,
2607.HK,9/8/2025,12.19,2357034,
2607.HK,9/9/2025,12.14,2388100,
2607.HK,9/10/2025,12.13,1900827,
2607.HK,9/11/2025,12.29,5341700,
2607.HK,9/12/2025,12.2,2357933,
2607.HK,9/15/2025,12.23,3951500,
2607.HK,9/16/2025,12.36,5700100,
2607.HK,9/17/2025,12.45,3962700,
2607.HK,9/18/2025,12.48,6160300,
2607.HK,9/19/2025,12.33,7531300,
2607.HK,9/22/2025,12.2,3414071,
2607.HK,9/23/2025,12.16,2532005,
2607.HK,9/24/2025,12.26,2166100,
2607.HK,9/25/2025,12.13,2685200,
2607.HK,9/26/2025,12.01,2362200,
2607.HK,9/29/2025,12.13,1293792,
2607.HK,9/30/2025,12.28,2185300,
2607.HK,10/2/2025,12.17,1101100,
2607.HK,10/3/2025,12.25,838700,
2607.HK,10/6/2025,12.12,736800,
2607.HK,10/8/2025,12.09,1855300,
2607.HK,10/9/2025,12.45,6188000,
2607.HK,10/10/2025,12.22,2442800,
2607.HK,10/13/2025,12.09,4565800,
2607.HK,10/14/2025,11.97,2643100,
2607.HK,10/15/2025,12.11,3378277,
2607.HK,10/16/2025,12.21,2243000,
2607.HK,10/17/2025,11.96,2847778,
2607.HK,10/20/2025,12.13,1743700,
2607.HK,10/21/2025,12.19,1595000,
2607.HK,10/22/2025,12.31,1700499,
2607.HK,10/23/2025,12.27,1187821,
2607.HK,10/24/2025,12.22,1951371,
2607.HK,10/27/2025,12.3,3774940,
2607.HK,10/28/2025,12.25,1581952,
2607.HK,10/29/2025,12.25,0,0.036663
2607.HK,10/30/2025,12.34,3138801,
2607.HK,10/31/2025,11.71,14427700,
2607.HK,11/3/2025,11.82,4407689,
2607.HK,11/4/2025,11.88,4073200,
2607.HK,11/5/2025,11.92,3430635,
2607.HK,11/6/2025,11.95,2984400,
2607.HK,11/7/2025,11.97,2311100,
2607.HK,11/10/2025,12.19,3575100,
2607.HK,11/11/2025,12.19,2398500,
2607.HK,11/12/2025,12.24,2976868,
2607.HK,11/13/2025,12.36,3098200,
2607.HK,11/14/2025,12.24,2439600,
2607.HK,11/17/2025,12.23,1505500,
2607.HK,11/18/2025,11.95,2761400,
2607.HK,11/19/2025,11.92,1795900,
2607.HK,11/20/2025,11.92,2475200,
2607.HK,11/21/2025,11.7,4066533,
2607.HK,11/24/2025,11.69,3369649,
2607.HK,11/25/2025,11.79,3082550,
2607.HK,11/26/2025,11.85,1806000,
2607.HK,11/27/2025,11.86,1987800,
2607.HK,11/28/2025,11.81,931400,
2607.HK,12/1/2025,11.86,1013500,
2607.HK,12/2/2025,12,2863600,
2607.HK,12/3/2025,12.06,3121600,
2607.HK,12/4/2025,12.07,4013465,
2607.HK,12/5/2025,12.16,4514841,
2607.HK,12/8/2025,12.14,2269075,
2607.HK,12/9/2025,11.89,3172600,
2607.HK,12/10/2025,11.76,3694200,
2607.HK,12/11/2025,11.77,1767200,
2607.HK,12/12/2025,11.95,2552000,
2607.HK,12/15/2025,11.85,1099500,
2607.HK,12/16/2025,11.71,2102600,
2607.HK,12/17/2025,11.72,1768600,
2607.HK,12/18/2025,11.86,2165600,
2607.HK,12/19/2025,11.83,3372811,
2607.HK,12/22/2025,11.76,2569520,
2607.HK,12/23/2025,11.76,1449680,
2607.HK,12/24/2025,11.73,965668,
2607.HK,12/25/2025,11.73,0,0.038288
2607.HK,12/26/2025,11.73,0,0.038288
2607.HK,12/29/2025,11.52,2654200,
2607.HK,12/30/2025,11.5,2092800,
2607.HK,12/31/2025,11.38,2144400,
2607.HK,1/2/2026,11.57,410400,
2607.HK,1/5/2026,11.69,2170100,
2607.HK,1/6/2026,11.76,3478600,
2607.HK,1/7/2026,11.86,3449000,
2607.HK,1/8/2026,11.87,1564567,
2607.HK,1/9/2026,11.91,2481800,
2607.HK,1/12/2026,11.86,1765200,
2607.HK,1/13/2026,11.93,3504600,
2607.HK,1/14/2026,11.94,2997300,
2607.HK,1/15/2026,11.87,2403400,
2607.HK,1/16/2026,11.86,3121990,
2607.HK,1/19/2026,11.71,3135300,
2607.HK,1/20/2026,11.91,2713600,
2607.HK,1/21/2026,11.85,1318500,
2607.HK,1/22/2026,11.85,2158100,
2607.HK,1/23/2026,11.98,3332000,
2607.HK,1/26/2026,12.12,2259945,
2607.HK,1/27/2026,12.11,2324800,
2607.HK,1/28/2026,12.15,2535600,
2607.HK,1/29/2026,11.95,2994800,
2607.HK,1/30/2026,11.9,1189800,
2607.HK,2/2/2026,11.6,3257300,
2607.HK,2/3/2026,11.72,1743000,
2607.HK,2/4/2026,11.75,2195400,
2607.HK,2/5/2026,11.8,2037720,
2607.HK,2/6/2026,11.81,1568000,
2607.HK,2/9/2026,11.79,2357300,
2607.HK,2/10/2026,11.82,1896500,
2607.HK,2/11/2026,11.9,1317745,
2607.HK,2/12/2026,11.8,1264556,
2607.HK,2/13/2026,11.82,1276035,
2607.HK,2/16/2026,11.81,141800,
2607.HK,2/20/2026,11.73,552045,
2607.HK,2/23/2026,12.03,773400,
2607.HK,2/24/2026,11.87,1733798,
2607.HK,2/25/2026,11.86,2196300,
2607.HK,2/26/2026,11.66,3154100,
2607.HK,2/27/2026,11.65,2263674,
2607.HK,3/2/2026,11.57,2717245,
2607.HK,3/3/2026,11.44,2347832,
2607.HK,3/4/2026,11.3,3787400,
2607.HK,3/5/2026,11.29,1678235,
2607.HK,3/6/2026,11.46,1139180,
2607.HK,3/9/2026,11.32,5851100,
2607.HK,3/10/2026,11.45,1927400,
2607.HK,3/11/2026,11.43,1258200,
2607.HK,3/12/2026,11.43,1345900,
2607.HK,3/13/2026,11.4,2228200,
2607.HK,3/16/2026,11.5,1914700,
2607.HK,3/17/2026,11.59,2715000,
2607.HK,3/18/2026,11.59,2351900,
2607.HK,3/19/2026,11.42,1655400,
2607.HK,3/20/2026,11.36,2009200,
2607.HK,3/23/2026,11.07,4752700,
2607.HK,3/24/2026,11.15,1677100,
2607.HK,3/25/2026,11.3,1920410,
2607.HK,3/26/2026,11.23,1886800,
2607.HK,3/27/2026,11.46,2437200,
2607.HK,3/30/2026,11.57,2020200,
2607.HK,3/31/2026,11.55,1619314,
2607.HK,4/1/2026,11.67,3407700,
2607.HK,4/2/2026,11.94,4958908,
2607.HK,4/3/2026,11.94,0,0.011068
2607.HK,4/7/2026,11.94,0,0.011068
2607.HK,4/8/2026,12.07,5085800,
2607.HK,4/9/2026,11.96,2299200,
2607.HK,4/10/2026,11.99,1612696,
2607.HK,4/13/2026,11.82,3257200,
2607.HK,4/14/2026,11.73,2881400,
2607.HK,4/15/2026,11.78,3471400,
2607.HK,4/16/2026,11.77,3364300,
2607.HK,4/17/2026,11.64,4363265,
2607.HK,4/20/2026,11.8,2535000,
2607.HK,4/21/2026,11.78,2132900,
2607.HK,4/22/2026,11.8,2399300,
2607.HK,4/23/2026,11.86,2155900,
2607.HK,4/24/2026,11.82,1746947,
2607.HK,4/27/2026,11.7,1965500,
2607.HK,4/28/2026,11.6,2374200,
2607.HK,4/29/2026,11.7,1751600,
2607.HK,4/30/2026,11.76,7449842,
2607.HK,5/4/2026,12.01,2036924,
2607.HK,5/5/2026,12.19,2221200,
2607.HK,5/6/2026,12.12,4046743,
2607.HK,5/7/2026,12.17,7367624,
2607.HK,5/8/2026,12.09,3296248,
2607.HK,5/11/2026,12.15,4452133,
2607.HK,5/12/2026,12.15,4557444,
2607.HK,5/13/2026,11.96,3987100,
2607.HK,5/14/2026,11.98,4859159,
2607.HK,5/15/2026,11.91,4596400,
2607.HK,5/18/2026,11.74,3550200,
2607.HK,5/19/2026,11.79,4989348,
2607.HK,5/20/2026,11.68,3821100,
2607.HK,5/21/2026,11.67,3577391,
2607.HK,5/22/2026,11.73,3004078,
2607.HK,5/25/2026,11.73,0,0.011266
2607.HK,5/26/2026,11.55,4277400,
2607.HK,5/27/2026,11.54,2884453,
2607.HK,5/28/2026,11.34,2842743,
2607.HK,5/29/2026,11.35,4304930,
2607.HK,6/1/2026,11.62,3449800,
2607.HK,6/2/2026,11.68,2569500,
2607.HK,6/3/2026,11.56,2369122,
2607.HK,6/4/2026,11.46,2678200,0.011531
2607.HK,6/5/2026,11.55,2748700,0.011442
2607.HK,6/8/2026,11.66,3283350,0.011334
2607.HK,6/9/2026,11.54,1418200,0.011451
2607.HK,6/10/2026,11.75,2995200,0.011247
2607.HK,6/11/2026,11.62,3175782,0.011373
3328.HK,6/3/2024,5.96,27185158,
3328.HK,6/4/2024,5.95,32764472,
3328.HK,6/5/2024,6,37450482,
3328.HK,6/6/2024,5.93,29120936,
3328.HK,6/7/2024,5.99,26933845,
3328.HK,6/11/2024,5.89,38948891,
3328.HK,6/12/2024,5.8,30735813,
3328.HK,6/13/2024,5.84,17769600,
3328.HK,6/14/2024,5.86,34991800,
3328.HK,6/17/2024,5.87,15903026,
3328.HK,6/18/2024,5.98,15753420,
3328.HK,6/19/2024,6.23,27801833,
3328.HK,6/20/2024,6.25,25029858,
3328.HK,6/21/2024,6.12,40720475,
3328.HK,6/24/2024,6.13,13686147,
3328.HK,6/25/2024,6.15,26959292,
3328.HK,6/26/2024,6.15,29499661,
3328.HK,6/27/2024,6.04,37958038,
3328.HK,6/28/2024,6.13,49729135,
3328.HK,7/2/2024,5.79,37353301,
3328.HK,7/3/2024,5.77,27134498,
3328.HK,7/4/2024,5.84,15526437,
3328.HK,7/5/2024,5.71,16557303,
3328.HK,7/8/2024,5.7,27469187,
3328.HK,7/9/2024,5.78,25429161,
3328.HK,7/10/2024,5.74,17787135,
3328.HK,7/11/2024,5.76,12294557,
3328.HK,7/12/2024,5.9,18774289,
3328.HK,7/15/2024,5.85,16044364,
3328.HK,7/16/2024,5.68,16363555,
3328.HK,7/17/2024,5.62,25160398,
3328.HK,7/18/2024,5.65,19653019,
3328.HK,7/19/2024,5.54,27329078,
3328.HK,7/22/2024,5.66,18963744,
3328.HK,7/23/2024,5.73,20423859,
3328.HK,7/24/2024,5.81,20569544,
3328.HK,7/25/2024,5.64,20090547,
3328.HK,7/26/2024,5.59,15108952,
3328.HK,7/29/2024,5.72,29335028,
3328.HK,7/30/2024,5.65,14746619,
3328.HK,7/31/2024,5.68,24288098,
3328.HK,8/1/2024,5.6,18455535,
3328.HK,8/2/2024,5.63,18811520,
3328.HK,8/5/2024,5.53,33509640,
3328.HK,8/6/2024,5.51,13916071,
3328.HK,8/7/2024,5.59,7921739,
3328.HK,8/8/2024,5.62,15366001,
3328.HK,8/9/2024,5.67,14155099,
3328.HK,8/12/2024,5.76,15990717,
3328.HK,8/13/2024,5.75,14731114,
3328.HK,8/14/2024,5.85,24237224,
3328.HK,8/15/2024,5.93,15011860,
3328.HK,8/16/2024,6.05,29903951,
3328.HK,8/19/2024,6.11,19598837,
3328.HK,8/20/2024,6.06,25611469,
3328.HK,8/21/2024,6.05,21184370,
3328.HK,8/22/2024,6.13,21215808,
3328.HK,8/23/2024,6.14,18322627,
3328.HK,8/26/2024,6.19,26392615,
3328.HK,8/27/2024,6.29,21558453,
3328.HK,8/28/2024,6.18,17637322,
3328.HK,8/29/2024,5.79,55507861,
3328.HK,8/30/2024,5.65,64985507,
3328.HK,9/2/2024,5.63,25732132,
3328.HK,9/3/2024,5.46,31593987,
3328.HK,9/4/2024,5.41,33012767,
3328.HK,9/5/2024,5.35,19804228,
3328.HK,9/9/2024,5.23,33200648,
3328.HK,9/10/2024,5.24,23972510,
3328.HK,9/11/2024,5.14,26758622,
3328.HK,9/12/2024,5.25,21739318,
3328.HK,9/13/2024,5.3,26284712,
3328.HK,9/16/2024,5.29,4829638,
3328.HK,9/17/2024,5.41,12741023,
3328.HK,9/19/2024,5.37,28654020,
3328.HK,9/20/2024,5.44,25256261,
3328.HK,9/23/2024,5.51,18902979,
3328.HK,9/24/2024,5.86,46447981,
3328.HK,9/25/2024,5.94,53529937,
3328.HK,9/26/2024,6.14,44521875,
3328.HK,9/27/2024,5.99,50018009,
3328.HK,9/30/2024,5.96,75701622,
3328.HK,10/2/2024,6.12,43362992,
3328.HK,10/3/2024,6.05,26622805,
3328.HK,10/4/2024,6.16,36424130,
3328.HK,10/7/2024,6.21,26499898,
3328.HK,10/8/2024,5.95,101249585,
3328.HK,10/9/2024,5.77,69332738,
3328.HK,10/10/2024,5.93,34021977,
3328.HK,10/14/2024,6.03,61229200,
3328.HK,10/15/2024,6.01,48666651,
3328.HK,10/16/2024,6.19,77743033,
3328.HK,10/17/2024,6.11,48348071,
3328.HK,10/18/2024,6.28,53240665,
3328.HK,10/21/2024,6.16,37442679,
3328.HK,10/22/2024,6.11,24571441,
3328.HK,10/23/2024,6.11,23702862,
3328.HK,10/24/2024,6.13,17799359,
3328.HK,10/25/2024,6.19,24532500,
3328.HK,10/28/2024,6.13,28048726,
3328.HK,10/29/2024,6.11,18686322,
3328.HK,10/30/2024,6.06,33361552,
3328.HK,10/31/2024,5.89,62978515,
3328.HK,11/1/2024,5.98,43062587,
3328.HK,11/4/2024,5.9,48140482,
3328.HK,11/5/2024,6.04,46079952,
3328.HK,11/6/2024,5.97,39577868,
3328.HK,11/7/2024,6.11,18266481,
3328.HK,11/8/2024,6.05,28077960,
3328.HK,11/11/2024,5.96,25786193,
3328.HK,11/12/2024,5.9,36032855,
3328.HK,11/13/2024,5.85,27724144,
3328.HK,11/14/2024,5.76,30256748,
3328.HK,11/15/2024,5.8,24069771,
3328.HK,11/18/2024,5.94,36246765,
3328.HK,11/19/2024,5.91,29695004,
3328.HK,11/20/2024,5.92,13941187,
3328.HK,11/21/2024,5.87,15931961,
3328.HK,11/22/2024,5.79,19713191,
3328.HK,11/25/2024,5.76,29889021,
3328.HK,11/26/2024,5.76,35419163,
3328.HK,11/27/2024,5.74,39323527,
3328.HK,11/28/2024,5.65,28545473,
3328.HK,11/29/2024,5.62,29686333,
3328.HK,12/2/2024,5.66,25994962,
3328.HK,12/3/2024,5.75,23484961,
3328.HK,12/4/2024,5.78,26450290,
3328.HK,12/5/2024,5.72,23535885,
3328.HK,12/6/2024,5.82,21435471,
3328.HK,12/9/2024,5.96,27225773,
3328.HK,12/10/2024,5.93,21523395,
3328.HK,12/11/2024,5.85,19766453,
3328.HK,12/12/2024,5.97,19136927,
3328.HK,12/13/2024,5.88,26859421,
3328.HK,12/16/2024,5.94,17401800,
3328.HK,12/17/2024,5.91,28986396,
3328.HK,12/18/2024,6,27775421,
3328.HK,12/19/2024,5.98,21088770,
3328.HK,12/20/2024,5.96,25576762,
3328.HK,12/23/2024,6.14,30163675,
3328.HK,12/24/2024,6.27,24650674,
3328.HK,12/27/2024,6.32,39083433,
3328.HK,12/30/2024,6.4,33100396,
3328.HK,12/31/2024,6.39,12829194,
3328.HK,1/2/2025,6.18,37172178,
3328.HK,1/3/2025,6.25,30173442,
3328.HK,1/6/2025,6.28,37956224,
3328.HK,1/7/2025,6.26,36180683,
3328.HK,1/8/2025,6.23,28197943,
3328.HK,1/9/2025,6.19,23593332,
3328.HK,1/10/2025,6.14,17943024,
3328.HK,1/13/2025,6.1,20788434,
3328.HK,1/14/2025,6.11,25615455,
3328.HK,1/15/2025,6.16,37112728,
3328.HK,1/16/2025,6.01,41789840,
3328.HK,1/17/2025,5.96,23075733,
3328.HK,1/20/2025,6.04,13813860,
3328.HK,1/21/2025,6.07,12765458,
3328.HK,1/22/2025,6.01,17291023,
3328.HK,1/23/2025,6.1,24455929,
3328.HK,1/24/2025,6.14,25988623,
3328.HK,1/27/2025,6.29,28401722,
3328.HK,1/28/2025,6.29,10194927,
3328.HK,2/3/2025,6.22,12053347,
3328.HK,2/4/2025,6.29,27819866,
3328.HK,2/5/2025,6.29,33621915,
3328.HK,2/6/2025,6.33,19759178,
3328.HK,2/7/2025,6.3,24019547,
3328.HK,2/10/2025,6.32,26989443,
3328.HK,2/11/2025,6.36,30021967,
3328.HK,2/12/2025,6.49,38534004,
3328.HK,2/13/2025,6.49,26211501,
3328.HK,2/14/2025,6.52,28581210,
3328.HK,2/17/2025,6.56,59889794,
3328.HK,2/18/2025,6.64,47238214,
3328.HK,2/19/2025,6.57,23337435,
3328.HK,2/20/2025,6.56,22509366,
3328.HK,2/21/2025,6.68,56971069,
3328.HK,2/24/2025,6.65,39234017,
3328.HK,2/25/2025,6.51,66748441,
3328.HK,2/26/2025,6.65,35407561,
3328.HK,2/27/2025,6.64,44076895,
3328.HK,2/28/2025,6.6,48191139,
3328.HK,3/3/2025,6.65,32967088,
3328.HK,3/4/2025,6.62,25532103,
3328.HK,3/5/2025,6.82,40053914,
3328.HK,3/6/2025,6.83,28061653,
3328.HK,3/7/2025,6.78,26226939,
3328.HK,3/10/2025,6.77,35726531,
3328.HK,3/11/2025,6.8,40913444,
3328.HK,3/12/2025,6.79,31306116,
3328.HK,3/13/2025,6.77,32116240,
3328.HK,3/14/2025,6.89,35831860,
3328.HK,3/17/2025,6.93,24425020,
3328.HK,3/18/2025,7.06,44915506,
3328.HK,3/19/2025,7.06,36965747,
3328.HK,3/20/2025,7.01,29875080,
3328.HK,3/21/2025,7.01,54504022,
3328.HK,3/24/2025,7.1,53980995,
3328.HK,3/25/2025,7.04,46656401,
3328.HK,3/26/2025,7.01,30074817,
3328.HK,3/27/2025,6.98,45758066,
3328.HK,3/28/2025,6.94,34984055,
3328.HK,3/31/2025,6.96,76899318,
3328.HK,4/1/2025,7.02,37625670,
3328.HK,4/2/2025,7.08,53331013,
3328.HK,4/3/2025,7,28299797,
3328.HK,4/7/2025,6.43,140353434,
3328.HK,4/8/2025,6.47,82117649,
3328.HK,4/9/2025,6.53,118689713,
3328.HK,4/10/2025,6.65,70130183,
3328.HK,4/11/2025,6.52,81266963,
3328.HK,4/14/2025,6.6,46534775,
3328.HK,4/15/2025,6.69,28489604,
3328.HK,4/16/2025,6.57,36666899,
3328.HK,4/17/2025,6.63,24538723,
3328.HK,4/22/2025,6.72,22652279,
3328.HK,4/23/2025,6.73,19736498,
3328.HK,4/24/2025,6.75,22309188,
3328.HK,4/25/2025,6.73,28214360,
3328.HK,4/28/2025,6.83,27811491,
3328.HK,4/29/2025,6.81,28032238,
3328.HK,4/30/2025,6.8,94464590,
3328.HK,5/2/2025,6.77,13575109,
3328.HK,5/6/2025,6.82,33933468,
3328.HK,5/7/2025,6.86,57046472,
3328.HK,5/8/2025,6.9,20063098,
3328.HK,5/9/2025,6.94,26895361,
3328.HK,5/12/2025,7.09,37518395,
3328.HK,5/13/2025,7.13,32399634,
3328.HK,5/14/2025,7.2,32957119,
3328.HK,5/15/2025,7.17,30477662,
3328.HK,5/16/2025,7.18,37344543,
3328.HK,5/19/2025,7.03,16170245,
3328.HK,5/20/2025,7.09,16248357,
3328.HK,5/21/2025,7.14,17406058,
3328.HK,5/22/2025,7.15,15152132,
3328.HK,5/23/2025,7.12,20681372,
3328.HK,5/26/2025,7.07,22872497,
3328.HK,5/27/2025,6.96,40781251,
3328.HK,5/28/2025,6.91,27604454,
3328.HK,5/29/2025,6.96,34778268,
3328.HK,5/30/2025,6.87,56038044,
3328.HK,6/2/2025,6.86,17764857,
3328.HK,6/3/2025,6.99,29871311,
3328.HK,6/4/2025,6.98,38899188,
3328.HK,6/5/2025,7.07,38204721,
3328.HK,6/6/2025,7.07,16564167,
3328.HK,6/9/2025,7.2,24667727,
3328.HK,6/10/2025,7.24,42787228,
3328.HK,6/11/2025,7.37,34915171,
3328.HK,6/12/2025,7.33,24629426,
3328.HK,6/13/2025,7.32,36099454,
3328.HK,6/16/2025,7.42,22527955,
3328.HK,6/17/2025,7.25,29448447,
3328.HK,6/18/2025,7.26,17932731,
3328.HK,6/19/2025,7.15,18534573,
3328.HK,6/20/2025,7.3,39977790,
3328.HK,6/23/2025,7.33,26049677,
3328.HK,6/24/2025,7.53,37204269,
3328.HK,6/25/2025,7.58,27902027,
3328.HK,6/26/2025,7.56,14136419,
3328.HK,6/27/2025,7.44,27458455,
3328.HK,6/30/2025,7.3,32347757,
3328.HK,7/1/2025,7.3,0,0.052909
3328.HK,7/2/2025,7.45,35602939,
3328.HK,7/3/2025,7.34,29623982,
3328.HK,7/4/2025,7.35,45529056,
3328.HK,7/7/2025,7.34,18006251,
3328.HK,7/8/2025,7.41,35955349,
3328.HK,7/9/2025,7.34,28391626,
3328.HK,7/10/2025,7.49,36329913,
3328.HK,7/11/2025,7.43,36832744,
3328.HK,7/14/2025,7.47,27153606,
3328.HK,7/15/2025,7.44,31172371,
3328.HK,7/16/2025,7.44,29196181,
3328.HK,7/17/2025,7.32,28960713,
3328.HK,7/18/2025,7.42,20988314,
3328.HK,7/21/2025,7.38,15720234,
3328.HK,7/22/2025,7.26,31391059,
3328.HK,7/23/2025,7.37,33895658,
3328.HK,7/24/2025,7.37,21124272,
3328.HK,7/25/2025,7.26,18828834,
3328.HK,7/28/2025,7.28,22250503,
3328.HK,7/29/2025,7.21,30319586,
3328.HK,7/30/2025,7.18,25297780,
3328.HK,7/31/2025,7.07,33419189,
3328.HK,8/1/2025,7,21468843,
3328.HK,8/4/2025,7.04,21645902,
3328.HK,8/5/2025,7.18,25445570,
3328.HK,8/6/2025,7.01,26468225,
3328.HK,8/7/2025,7.12,17479908,
3328.HK,8/8/2025,7.04,20330989,
3328.HK,8/11/2025,7.05,26147638,
3328.HK,8/12/2025,7.07,15661264,
3328.HK,8/13/2025,7.13,26743462,
3328.HK,8/14/2025,7.05,29397518,
3328.HK,8/15/2025,6.87,48686403,
3328.HK,8/18/2025,6.78,45987718,
3328.HK,8/19/2025,6.84,17917437,
3328.HK,8/20/2025,6.91,13227400,
3328.HK,8/21/2025,6.94,15557469,
3328.HK,8/22/2025,6.91,14586513,
3328.HK,8/25/2025,6.94,17956247,
3328.HK,8/26/2025,6.89,24150207,
3328.HK,8/27/2025,6.78,17543639,
3328.HK,8/28/2025,6.77,21986239,
3328.HK,8/29/2025,6.73,22382906,
3328.HK,9/1/2025,6.66,18213913,
3328.HK,9/2/2025,6.75,15292070,
3328.HK,9/3/2025,6.68,17435075,
3328.HK,9/4/2025,6.74,20456231,
3328.HK,9/5/2025,6.79,18705265,
3328.HK,9/8/2025,6.73,12472456,
3328.HK,9/9/2025,6.83,16210180,
3328.HK,9/10/2025,6.94,16433354,
3328.HK,9/11/2025,6.92,17556867,
3328.HK,9/12/2025,6.92,17885554,
3328.HK,9/15/2025,6.8,19596124,
3328.HK,9/16/2025,6.78,20525957,
3328.HK,9/17/2025,6.8,17211996,
3328.HK,9/18/2025,6.7,16109410,
3328.HK,9/19/2025,6.67,28577185,
3328.HK,9/22/2025,6.58,19436814,
3328.HK,9/23/2025,6.64,22912849,
3328.HK,9/24/2025,6.6,13604834,
3328.HK,9/25/2025,6.53,24377185,
3328.HK,9/26/2025,6.59,17075988,
3328.HK,9/29/2025,6.59,26383612,
3328.HK,9/30/2025,6.53,27159058,
3328.HK,10/2/2025,6.54,13065112,
3328.HK,10/3/2025,6.53,11240730,
3328.HK,10/6/2025,6.46,9909711,
3328.HK,10/8/2025,6.41,22617794,
3328.HK,10/9/2025,6.46,25553422,
3328.HK,10/10/2025,6.47,26402821,
3328.HK,10/13/2025,6.44,37188671,
3328.HK,10/14/2025,6.54,36988582,
3328.HK,10/15/2025,6.56,50498920,
3328.HK,10/16/2025,6.71,43128948,
3328.HK,10/17/2025,6.7,42499490,
3328.HK,10/20/2025,6.75,32655355,
3328.HK,10/21/2025,6.83,29223338,
3328.HK,10/22/2025,6.86,41554633,
3328.HK,10/23/2025,6.92,31967530,
3328.HK,10/24/2025,6.92,27649564,
3328.HK,10/27/2025,6.93,27043989,
3328.HK,10/28/2025,6.95,17347454,
3328.HK,10/29/2025,6.95,0,0.055573
3328.HK,10/30/2025,6.87,38894976,
3328.HK,10/31/2025,6.9,40046278,
3328.HK,11/3/2025,6.99,19617021,
3328.HK,11/4/2025,7.06,47751252,
3328.HK,11/5/2025,7.09,33285378,
3328.HK,11/6/2025,7.12,28314341,
3328.HK,11/7/2025,7.14,18187741,
3328.HK,11/10/2025,7.16,25176453,
3328.HK,11/11/2025,7.21,14096214,
3328.HK,11/12/2025,7.3,30909759,
3328.HK,11/13/2025,7.3,34005229,
3328.HK,11/14/2025,7.29,19609299,
3328.HK,11/17/2025,7.24,25728674,
3328.HK,11/18/2025,7.11,22247943,
3328.HK,11/19/2025,7.14,14965420,
3328.HK,11/20/2025,7.22,18930440,
3328.HK,11/21/2025,7.12,22589054,
3328.HK,11/24/2025,7.18,38809384,
3328.HK,11/25/2025,7.25,20928887,
3328.HK,11/26/2025,7.24,16059541,
3328.HK,11/27/2025,7.24,17197348,
3328.HK,11/28/2025,7.14,14085542,
3328.HK,12/1/2025,7.14,26045795,
3328.HK,12/2/2025,7.13,31013715,
3328.HK,12/3/2025,7.07,22303687,
3328.HK,12/4/2025,7.1,20431611,
3328.HK,12/5/2025,7.2,22308832,
3328.HK,12/8/2025,7.11,24132601,
3328.HK,12/9/2025,7.06,25864634,
3328.HK,12/10/2025,7.01,40037067,
3328.HK,12/11/2025,7,23392377,
3328.HK,12/12/2025,7.12,56460157,
3328.HK,12/15/2025,6.82,78596572,
3328.HK,12/16/2025,6.7,50971975,
3328.HK,12/17/2025,6.49,39612838,
3328.HK,12/18/2025,6.5,32213048,
3328.HK,12/19/2025,6.51,37970794,
3328.HK,12/22/2025,6.46,26540290,
3328.HK,12/23/2025,6.42,38291591,
3328.HK,12/24/2025,6.4,21286373,
3328.HK,12/25/2025,6.4,0,0.060349
3328.HK,12/26/2025,6.4,0,0.060349
3328.HK,12/29/2025,6.39,34477996,
3328.HK,12/30/2025,6.49,31763161,
3328.HK,12/31/2025,6.45,18591319,
3328.HK,1/2/2026,6.56,11686576,
3328.HK,1/5/2026,6.5,28024042,
3328.HK,1/6/2026,6.5,28965232,
3328.HK,1/7/2026,6.46,22091453,
3328.HK,1/8/2026,6.4,18873353,
3328.HK,1/9/2026,6.42,17132934,
3328.HK,1/12/2026,6.54,20657873,
3328.HK,1/13/2026,6.58,26142263,
3328.HK,1/14/2026,6.58,16958616,
3328.HK,1/15/2026,6.64,27064579,
3328.HK,1/16/2026,6.62,21328400,
3328.HK,1/19/2026,6.6,17308570,
3328.HK,1/20/2026,6.57,18885310,
3328.HK,1/21/2026,6.55,21447202,
3328.HK,1/22/2026,6.54,15807046,
3328.HK,1/23/2026,6.51,19064802,
3328.HK,1/26/2026,6.55,26018849,
3328.HK,1/27/2026,6.64,37344165,
3328.HK,1/28/2026,6.79,47667833,
3328.HK,1/29/2026,6.89,37796499,
3328.HK,1/30/2026,6.72,65101186,
3328.HK,2/2/2026,6.66,23691069,
3328.HK,2/3/2026,6.66,23722926,
3328.HK,2/4/2026,6.77,17158887,
3328.HK,2/5/2026,6.87,25176446,
3328.HK,2/6/2026,6.92,25484540,
3328.HK,2/9/2026,6.98,26007126,
3328.HK,2/10/2026,7.03,16219374,
3328.HK,2/11/2026,7.02,20178621,
3328.HK,2/12/2026,6.97,19886407,
3328.HK,2/13/2026,6.91,15872115,
3328.HK,2/16/2026,6.9,2941710,
3328.HK,2/20/2026,6.94,14415287,
3328.HK,2/23/2026,7.08,18314667,
3328.HK,2/24/2026,6.98,18227281,
3328.HK,2/25/2026,6.95,20684831,
3328.HK,2/26/2026,6.93,25006123,
3328.HK,2/27/2026,6.86,27339133,
3328.HK,3/2/2026,6.72,30155366,
3328.HK,3/3/2026,6.8,22911647,
3328.HK,3/4/2026,6.63,31654722,
3328.HK,3/5/2026,6.74,20471247,
3328.HK,3/6/2026,6.77,17544941,
3328.HK,3/9/2026,6.72,15393741,
3328.HK,3/10/2026,6.76,16330816,
3328.HK,3/11/2026,6.79,18231130,
3328.HK,3/12/2026,6.83,13718099,
3328.HK,3/13/2026,6.79,18466255,
3328.HK,3/16/2026,6.83,21284260,
3328.HK,3/17/2026,6.85,16168818,
3328.HK,3/18/2026,6.86,9378660,
3328.HK,3/19/2026,6.9,10124589,
3328.HK,3/20/2026,6.92,27597158,
3328.HK,3/23/2026,6.68,35208418,
3328.HK,3/24/2026,6.84,27096105,
3328.HK,3/25/2026,6.97,30923849,
3328.HK,3/26/2026,6.93,25666179,
3328.HK,3/27/2026,6.95,28239745,
3328.HK,3/30/2026,7.02,23389310,
3328.HK,3/31/2026,7.04,34523362,
3328.HK,4/1/2026,7.12,24913006,
3328.HK,4/2/2026,7.2,23577924,
3328.HK,4/3/2026,7.2,0,0.050909
3328.HK,4/7/2026,7.2,0,0.050909
3328.HK,4/8/2026,7.15,32028592,
3328.HK,4/9/2026,7.11,20055695,
3328.HK,4/10/2026,7.1,23560696,
3328.HK,4/13/2026,7.1,21395187,
3328.HK,4/14/2026,7.15,11516085,
3328.HK,4/15/2026,7.14,17331065,
3328.HK,4/16/2026,7.14,13740018,
3328.HK,4/17/2026,7.17,16188725,
3328.HK,4/20/2026,7.25,28296570,
3328.HK,4/21/2026,7.31,12172172,
3328.HK,4/22/2026,7.23,18000959,
3328.HK,4/23/2026,7.33,18568189,
3328.HK,4/24/2026,7.4,20266853,
3328.HK,4/27/2026,7.36,20546344,
3328.HK,4/28/2026,7.32,24573142,
3328.HK,4/29/2026,7.35,43033679,
3328.HK,4/30/2026,7.15,110349146,
3328.HK,5/4/2026,7.12,39696168,
3328.HK,5/5/2026,7.18,12361294,
3328.HK,5/6/2026,7.24,30834419,
3328.HK,5/7/2026,7.27,28475784,
3328.HK,5/8/2026,7.23,23837223,
3328.HK,5/11/2026,7.27,24995135,
3328.HK,5/12/2026,7.31,24635228,
3328.HK,5/13/2026,7.3,26449178,
3328.HK,5/14/2026,7.36,20034400,
3328.HK,5/15/2026,7.29,15741500,
3328.HK,5/18/2026,7.25,15974575,
3328.HK,5/19/2026,7.28,20141029,
3328.HK,5/20/2026,7.19,20900145,
3328.HK,5/21/2026,7.18,20049449,
3328.HK,5/22/2026,7.17,16134259,
3328.HK,5/25/2026,7.17,0,0.051122
3328.HK,5/26/2026,7.17,22709913,
3328.HK,5/27/2026,7.13,30664303,
3328.HK,5/28/2026,7.07,22441515,
3328.HK,5/29/2026,7.3,80574872,
3328.HK,6/1/2026,7.38,46114580,
3328.HK,6/2/2026,7.51,45641791,
3328.HK,6/3/2026,7.42,18634939,
3328.HK,6/4/2026,7.37,28282158,0.049735
3328.HK,6/5/2026,7.43,36014581,0.049333
3328.HK,6/8/2026,7.43,29699738,0.049333
3328.HK,6/9/2026,7.49,35872972,0.048938
3328.HK,6/10/2026,7.49,36470637,0.048938
3328.HK,6/11/2026,7.48,24241171,0.049003
3933.HK,6/3/2024,9.09,4078388,
3933.HK,6/4/2024,9.13,3328000,
3933.HK,6/5/2024,9.07,3572000,
3933.HK,6/6/2024,8.9,11114000,
3933.HK,6/7/2024,8.88,3644000,
3933.HK,6/11/2024,8.58,6848000,
3933.HK,6/12/2024,8.66,3394000,
3933.HK,6/13/2024,8.89,3644000,
3933.HK,6/14/2024,9.12,6166433,
3933.HK,6/17/2024,8.7,2772000,
3933.HK,6/18/2024,8.58,2872000,
3933.HK,6/19/2024,8.74,2542000,
3933.HK,6/20/2024,8.66,3536000,
3933.HK,6/21/2024,8.72,3606000,
3933.HK,6/24/2024,8.48,3970000,
3933.HK,6/25/2024,8.53,4012388,
3933.HK,6/26/2024,8.53,2938000,
3933.HK,6/27/2024,8.26,3234000,
3933.HK,6/28/2024,8.24,3729188,
3933.HK,7/2/2024,8.03,3620656,
3933.HK,7/3/2024,8.25,3556000,
3933.HK,7/4/2024,8.29,2340000,
3933.HK,7/5/2024,8.24,2190000,
3933.HK,7/8/2024,8.06,2139118,
3933.HK,7/9/2024,8.13,3330000,
3933.HK,7/10/2024,7.95,2844935,
3933.HK,7/11/2024,8.28,4173000,
3933.HK,7/12/2024,8.3,5232000,
3933.HK,7/15/2024,8.2,2304000,
3933.HK,7/16/2024,8.12,2008000,
3933.HK,7/17/2024,8.19,2271720,
3933.HK,7/18/2024,8.41,2666000,
3933.HK,7/19/2024,8.1,9222110,
3933.HK,7/22/2024,8.48,4154500,
3933.HK,7/23/2024,8.44,2260000,
3933.HK,7/24/2024,8.72,4414000,
3933.HK,7/25/2024,8.62,4760000,
3933.HK,7/26/2024,8.84,4606000,
3933.HK,7/29/2024,8.88,3370388,
3933.HK,7/30/2024,8.69,2368308,
3933.HK,7/31/2024,9,4020388,
3933.HK,8/1/2024,8.92,1766000,
3933.HK,8/2/2024,8.75,2110000,
3933.HK,8/5/2024,8.32,4922000,
3933.HK,8/6/2024,8.63,2115000,
3933.HK,8/7/2024,8.55,1672619,
3933.HK,8/8/2024,8.4,1761788,
3933.HK,8/9/2024,8.56,1332890,
3933.HK,8/12/2024,8.74,1428398,
3933.HK,8/13/2024,8.67,1652788,
3933.HK,8/14/2024,8.6,2136508,
3933.HK,8/15/2024,8.57,2084428,
3933.HK,8/16/2024,9.5,11862788,
3933.HK,8/19/2024,9.15,6192388,
3933.HK,8/20/2024,9.1,5121888,
3933.HK,8/21/2024,8.98,4628000,
3933.HK,8/22/2024,8.58,7816388,
3933.HK,8/23/2024,8.43,5448386,
3933.HK,8/26/2024,8.66,2082388,
3933.HK,8/27/2024,8.67,2154000,
3933.HK,8/28/2024,8.74,2996000,
3933.HK,8/29/2024,8.9,2993451,
3933.HK,8/30/2024,8.93,5910571,
3933.HK,9/2/2024,8.95,2668000,
3933.HK,9/3/2024,9.21,4522000,
3933.HK,9/4/2024,9.11,4626000,
3933.HK,9/5/2024,9.2,3222000,
3933.HK,9/9/2024,9.16,5996000,
3933.HK,9/10/2024,8.75,5898388,
3933.HK,9/11/2024,8.77,3863870,
3933.HK,9/12/2024,8.75,2274000,
3933.HK,9/13/2024,8.88,5608833,
3933.HK,9/16/2024,8.74,971422,
3933.HK,9/17/2024,8.62,1533422,
3933.HK,9/19/2024,8.39,5630388,
3933.HK,9/20/2024,8.71,4780888,
3933.HK,9/23/2024,8.56,2624000,
3933.HK,9/24/2024,9.05,5408000,
3933.HK,9/25/2024,8.89,5745324,
3933.HK,9/26/2024,9.37,6480486,
3933.HK,9/27/2024,9.74,13738220,
3933.HK,9/30/2024,10.1,13083505,
3933.HK,10/2/2024,10.56,6477503,
3933.HK,10/3/2024,10.34,3410518,
3933.HK,10/4/2024,10.98,3715025,
3933.HK,10/7/2024,11.38,3780819,
3933.HK,10/8/2024,10.66,13205510,
3933.HK,10/9/2024,10.64,12336003,
3933.HK,10/10/2024,10.96,7199590,
3933.HK,10/14/2024,10.54,6274200,
3933.HK,10/15/2024,10.26,4263000,
3933.HK,10/16/2024,10.16,3687913,
3933.HK,10/17/2024,10.16,3345274,
3933.HK,10/18/2024,10.7,4647482,
3933.HK,10/21/2024,10.66,3777000,
3933.HK,10/22/2024,10.8,5404438,
3933.HK,10/23/2024,11.04,3196000,
3933.HK,10/24/2024,10.9,2794701,
3933.HK,10/25/2024,11.2,5108401,
3933.HK,10/28/2024,11.1,1666914,
3933.HK,10/29/2024,11.12,4230700,
3933.HK,10/30/2024,10.68,6932510,
3933.HK,10/31/2024,10.56,4736000,
3933.HK,11/1/2024,10.72,4990350,
3933.HK,11/4/2024,10.8,2250000,
3933.HK,11/5/2024,10.82,3946000,
3933.HK,11/6/2024,10.66,2335251,
3933.HK,11/7/2024,10.76,2134113,
3933.HK,11/8/2024,10.22,8818000,
3933.HK,11/11/2024,10.24,3981570,
3933.HK,11/12/2024,10.14,5950570,
3933.HK,11/13/2024,10.26,5976209,
3933.HK,11/14/2024,10.12,3623670,
3933.HK,11/15/2024,10.18,4493964,
3933.HK,11/18/2024,9.84,4770704,
3933.HK,11/19/2024,9.96,3132400,
3933.HK,11/20/2024,10.06,2626700,
3933.HK,11/21/2024,10.16,2281500,
3933.HK,11/22/2024,9.85,2516381,
3933.HK,11/25/2024,10.02,3168800,
3933.HK,11/26/2024,10.32,3969336,
3933.HK,11/27/2024,10.42,3730545,
3933.HK,11/28/2024,10.42,1766000,
3933.HK,11/29/2024,10.58,2537236,
3933.HK,12/2/2024,10.44,1962000,
3933.HK,12/3/2024,10.78,4859567,
3933.HK,12/4/2024,10.92,3724800,
3933.HK,12/5/2024,10.74,3820501,
3933.HK,12/6/2024,11.26,6398354,
3933.HK,12/9/2024,11.74,8470691,
3933.HK,12/10/2024,11.38,5885014,
3933.HK,12/11/2024,11.58,3208100,
3933.HK,12/12/2024,11.98,7920607,
3933.HK,12/13/2024,11.86,2929458,
3933.HK,12/16/2024,11.62,3704538,
3933.HK,12/17/2024,11.38,5006000,
3933.HK,12/18/2024,11.46,3836000,
3933.HK,12/19/2024,11.32,2014500,
3933.HK,12/20/2024,11.3,2036238,
3933.HK,12/23/2024,11.74,7781112,
3933.HK,12/24/2024,12.3,6811319,
3933.HK,12/27/2024,12.26,5916312,
3933.HK,12/30/2024,12.3,2626700,
3933.HK,12/31/2024,12.36,1365500,
3933.HK,1/2/2025,12.24,3804100,
3933.HK,1/3/2025,12.1,3521500,
3933.HK,1/6/2025,11.88,3489000,
3933.HK,1/7/2025,11.7,4759400,
3933.HK,1/8/2025,11.64,4454800,
3933.HK,1/9/2025,11.9,6417255,
3933.HK,1/10/2025,11.22,3945500,
3933.HK,1/13/2025,11,4099500,
3933.HK,1/14/2025,11.08,2585895,
3933.HK,1/15/2025,10.78,3884195,
3933.HK,1/16/2025,10.84,3059660,
3933.HK,1/17/2025,11.02,4534501,
3933.HK,1/20/2025,11.12,1960000,
3933.HK,1/21/2025,11.62,3743800,
3933.HK,1/22/2025,11.4,2618622,
3933.HK,1/23/2025,11.56,2494100,
3933.HK,1/24/2025,11.4,2798360,
3933.HK,1/27/2025,11.46,1934000,
3933.HK,1/28/2025,11.54,789668,
3933.HK,2/3/2025,11.3,2088331,
3933.HK,2/4/2025,11.6,1825500,
3933.HK,2/5/2025,11.76,3742180,
3933.HK,2/6/2025,13.46,18708102,
3933.HK,2/7/2025,12.98,10664837,
3933.HK,2/10/2025,13.16,3844000,
3933.HK,2/11/2025,13.24,4880100,
3933.HK,2/12/2025,12.86,4719000,
3933.HK,2/13/2025,12.42,8028100,
3933.HK,2/14/2025,12.86,5542500,
3933.HK,2/17/2025,12.34,8998985,
3933.HK,2/18/2025,12.76,3850902,
3933.HK,2/19/2025,12.78,2883000,
3933.HK,2/20/2025,12.6,4111627,
3933.HK,2/21/2025,13.24,8037067,
3933.HK,2/24/2025,13.34,7065834,
3933.HK,2/25/2025,12.78,5191800,
3933.HK,2/26/2025,12.9,4479000,
3933.HK,2/27/2025,13.8,9732447,
3933.HK,2/28/2025,13.14,8544775,
3933.HK,3/3/2025,13.02,6662000,
3933.HK,3/4/2025,13.04,4461000,
3933.HK,3/5/2025,13.76,10420500,
3933.HK,3/6/2025,14.52,9284307,
3933.HK,3/7/2025,14.44,10414406,
3933.HK,3/10/2025,14.08,6845707,
3933.HK,3/11/2025,14.32,7580467,
3933.HK,3/12/2025,14.9,17363827,
3933.HK,3/13/2025,15.02,11494970,
3933.HK,3/14/2025,15.88,9896904,
3933.HK,3/17/2025,15.18,10960192,
3933.HK,3/18/2025,15.5,11921700,
3933.HK,3/19/2025,15.6,7154003,
3933.HK,3/20/2025,16.5,18315810,
3933.HK,3/21/2025,15.64,19650800,
3933.HK,3/24/2025,16.64,23180863,
3933.HK,3/25/2025,14.68,50013701,
3933.HK,3/26/2025,13.86,33191120,
3933.HK,3/27/2025,15.12,39019603,
3933.HK,3/28/2025,14.3,24555622,
3933.HK,3/31/2025,14.62,16289388,
3933.HK,4/1/2025,15,20075339,
3933.HK,4/2/2025,14.26,15205200,
3933.HK,4/3/2025,14.2,12214628,
3933.HK,4/7/2025,11.24,36160000,
3933.HK,4/8/2025,12.08,23450837,
3933.HK,4/9/2025,12.26,18682444,
3933.HK,4/10/2025,12.28,11775981,
3933.HK,4/11/2025,12.5,11776800,
3933.HK,4/14/2025,13.32,22646735,
3933.HK,4/15/2025,13.38,12202532,
3933.HK,4/16/2025,12.8,19764090,
3933.HK,4/17/2025,12.68,6986049,
3933.HK,4/22/2025,13.48,21207640,
3933.HK,4/23/2025,13.68,20532000,
3933.HK,4/24/2025,14,22557616,
3933.HK,4/25/2025,13.82,15810506,
3933.HK,4/28/2025,13.54,9252800,
3933.HK,4/29/2025,13.66,5417639,
3933.HK,4/30/2025,13.9,11454900,
3933.HK,5/2/2025,13.94,4101007,
3933.HK,5/6/2025,13.76,10133750,
3933.HK,5/7/2025,13.36,9850000,
3933.HK,5/8/2025,13.18,12090487,
3933.HK,5/9/2025,13.02,9895206,
3933.HK,5/12/2025,12.78,15068871,
3933.HK,5/13/2025,13.04,7547429,
3933.HK,5/14/2025,13,10912000,
3933.HK,5/15/2025,12.94,3206000,
3933.HK,5/16/2025,13.2,6165832,
3933.HK,5/19/2025,13.2,4642000,
3933.HK,5/20/2025,13.52,16501882,
3933.HK,5/21/2025,13.68,9569084,
3933.HK,5/22/2025,13.04,12794100,
3933.HK,5/23/2025,13.42,8157000,
3933.HK,5/26/2025,13.14,5396000,
3933.HK,5/27/2025,13.94,10780600,
3933.HK,5/28/2025,13.78,5709796,
3933.HK,5/29/2025,13.96,8317000,
3933.HK,5/30/2025,14.62,19205401,
3933.HK,6/2/2025,14.26,4456000,
3933.HK,6/3/2025,15.34,21028342,
3933.HK,6/4/2025,15.48,13524900,
3933.HK,6/5/2025,14.88,12116768,
3933.HK,6/6/2025,15.34,9195700,
3933.HK,6/9/2025,16.04,18125800,
3933.HK,6/10/2025,16.02,18183200,
3933.HK,6/11/2025,15.98,10824414,
3933.HK,6/12/2025,17.18,22772126,
3933.HK,6/13/2025,17.32,20054383,
3933.HK,6/16/2025,16.84,15478500,
3933.HK,6/17/2025,16.02,18089702,
3933.HK,6/18/2025,16.28,9020000,
3933.HK,6/19/2025,15.58,8249564,
3933.HK,6/20/2025,16.02,11380000,
3933.HK,6/23/2025,16.02,10404346,
3933.HK,6/24/2025,16.16,7108588,
3933.HK,6/25/2025,15.26,21777284,
3933.HK,6/26/2025,15,11778158,
3933.HK,6/27/2025,14.86,8750521,
3933.HK,6/30/2025,15.02,9410988,
3933.HK,7/1/2025,15.02,0,0.032068
3933.HK,7/2/2025,15.24,13636158,
3933.HK,7/3/2025,15.52,9460000,
3933.HK,7/4/2025,15.74,6506000,
3933.HK,7/7/2025,15.04,9604362,
3933.HK,7/8/2025,14.26,14780830,
3933.HK,7/9/2025,14.26,12277200,
3933.HK,7/10/2025,14.14,8989154,
3933.HK,7/11/2025,14.22,11245000,
3933.HK,7/14/2025,14.38,10285200,
3933.HK,7/15/2025,14.66,14212150,
3933.HK,7/16/2025,15.08,15664000,
3933.HK,7/17/2025,15.38,11840917,
3933.HK,7/18/2025,14.58,65360080,
3933.HK,7/21/2025,15.42,66070421,
3933.HK,7/22/2025,16.4,41323794,
3933.HK,7/23/2025,16.16,23620356,
3933.HK,7/24/2025,16.26,14675000,
3933.HK,7/25/2025,15.9,20726100,
3933.HK,7/28/2025,15.68,19229605,
3933.HK,7/29/2025,15.8,20825000,
3933.HK,7/30/2025,15.24,31760000,
3933.HK,7/31/2025,14.78,16926000,
3933.HK,8/1/2025,14.56,12498000,
3933.HK,8/4/2025,14.69,8051505,
3933.HK,8/5/2025,14.84,10645400,
3933.HK,8/6/2025,14.71,10287123,
3933.HK,8/7/2025,14.58,13950500,
3933.HK,8/8/2025,15.13,23345928,
3933.HK,8/11/2025,15.35,16107000,
3933.HK,8/12/2025,14.87,13473110,
3933.HK,8/13/2025,15.22,19088000,
3933.HK,8/14/2025,15.6,18282921,
3933.HK,8/15/2025,15.98,17236815,
3933.HK,8/18/2025,16.26,16523000,
3933.HK,8/19/2025,17,78414573,
3933.HK,8/20/2025,17.01,24129000,
3933.HK,8/21/2025,16.86,14020500,
3933.HK,8/22/2025,16.74,11360022,
3933.HK,8/25/2025,16.82,15393419,
3933.HK,8/26/2025,16.42,17532371,
3933.HK,8/27/2025,15.68,13563668,
3933.HK,8/28/2025,14.93,28372494,
3933.HK,8/29/2025,15.34,17204000,
3933.HK,9/1/2025,16.66,27883900,
3933.HK,9/2/2025,16.44,21204636,
3933.HK,9/3/2025,17.47,27758898,
3933.HK,9/4/2025,16.66,15550000,
3933.HK,9/5/2025,17.78,21047402,
3933.HK,9/8/2025,17.65,15878000,
3933.HK,9/9/2025,16.98,10664780,
3933.HK,9/10/2025,17.09,13265000,
3933.HK,9/11/2025,16.74,25164647,
3933.HK,9/12/2025,16.4,16430800,
3933.HK,9/15/2025,17.03,15610500,
3933.HK,9/16/2025,15.88,27619200,
3933.HK,9/17/2025,16.04,14285300,
3933.HK,9/18/2025,15.8,14359867,
3933.HK,9/19/2025,15.82,16641266,
3933.HK,9/22/2025,15.65,14664000,
3933.HK,9/23/2025,15.4,9432602,
3933.HK,9/24/2025,15.24,10437435,
3933.HK,9/25/2025,14.84,12336000,
3933.HK,9/26/2025,14.82,11964489,
3933.HK,9/29/2025,14.82,8408000,
3933.HK,9/30/2025,15.02,10662000,
3933.HK,10/2/2025,14.95,4100152,
3933.HK,10/3/2025,14.82,3789000,
3933.HK,10/6/2025,14.57,3497000,
3933.HK,10/8/2025,14.71,2556000,
3933.HK,10/9/2025,14.14,18671691,
3933.HK,10/10/2025,13.74,14334000,
3933.HK,10/13/2025,13.65,16618697,
3933.HK,10/14/2025,13.1,15480814,
3933.HK,10/15/2025,13.35,10946000,
3933.HK,10/16/2025,13.7,10097169,
3933.HK,10/17/2025,13.14,6258239,
3933.HK,10/20/2025,13.22,5198000,
3933.HK,10/21/2025,13.17,5816000,
3933.HK,10/22/2025,13.11,9987791,
3933.HK,10/23/2025,13.04,12420169,
3933.HK,10/24/2025,12.76,15454562,
3933.HK,10/27/2025,12.82,8140285,
3933.HK,10/28/2025,12.7,7130891,
3933.HK,10/29/2025,12.7,0,0.037926
3933.HK,10/30/2025,12.57,13851948,
3933.HK,10/31/2025,12.57,15112357,
3933.HK,11/3/2025,12.92,13766320,
3933.HK,11/4/2025,12.61,8414244,
3933.HK,11/5/2025,12.44,7487689,
3933.HK,11/6/2025,12.74,4100000,
3933.HK,11/7/2025,12.57,5976000,
3933.HK,11/10/2025,12.51,9457740,
3933.HK,11/11/2025,12.74,12688000,
3933.HK,11/12/2025,12.94,13000043,
3933.HK,11/13/2025,13.17,16660045,
3933.HK,11/14/2025,12.89,15764400,
3933.HK,11/17/2025,12.1,28134362,
3933.HK,11/18/2025,11.7,19671500,
3933.HK,11/19/2025,11.96,13096000,
3933.HK,11/20/2025,11.99,7676100,
3933.HK,11/21/2025,11.74,7342237,
3933.HK,11/24/2025,12,15089232,
3933.HK,11/25/2025,12.61,14676291,
3933.HK,11/26/2025,12.75,10289335,
3933.HK,11/27/2025,13,9278700,
3933.HK,11/28/2025,12.77,5415050,
3933.HK,12/1/2025,12.8,5566000,
3933.HK,12/2/2025,12.78,4207459,
3933.HK,12/3/2025,12.78,4664497,
3933.HK,12/4/2025,12.84,4812051,
3933.HK,12/5/2025,12.92,6303500,
3933.HK,12/8/2025,12.74,6817403,
3933.HK,12/9/2025,12.7,5788732,
3933.HK,12/10/2025,12.46,9245797,
3933.HK,12/11/2025,12.38,6687899,
3933.HK,12/12/2025,12.18,14207740,
3933.HK,12/15/2025,12.24,6877761,
3933.HK,12/16/2025,12.13,5425318,
3933.HK,12/17/2025,12.06,5493928,
3933.HK,12/18/2025,12.12,3660031,
3933.HK,12/19/2025,12.45,9527880,
3933.HK,12/22/2025,11.95,11247494,
3933.HK,12/23/2025,12.08,4822141,
3933.HK,12/24/2025,12,2354167,
3933.HK,12/25/2025,12,0,0.040138
3933.HK,12/26/2025,12,0,0.040138
3933.HK,12/29/2025,11.64,11067000,
3933.HK,12/30/2025,11.6,7828000,
3933.HK,12/31/2025,11.59,3294023,
3933.HK,1/2/2026,11.73,1674000,
3933.HK,1/5/2026,11.99,11492041,
3933.HK,1/6/2026,12.07,7720500,
3933.HK,1/7/2026,11.98,14834325,
3933.HK,1/8/2026,11.86,7148832,
3933.HK,1/9/2026,11.96,16494051,
3933.HK,1/12/2026,11.93,15470457,
3933.HK,1/13/2026,12.23,12534703,
3933.HK,1/14/2026,11.73,14670300,
3933.HK,1/15/2026,11.67,8246000,
3933.HK,1/16/2026,11.66,7212479,
3933.HK,1/19/2026,11.35,15209464,
3933.HK,1/20/2026,11.58,9023664,
3933.HK,1/21/2026,11.82,7680055,
3933.HK,1/22/2026,11.94,9806000,
3933.HK,1/23/2026,11.77,5606320,
3933.HK,1/26/2026,11.8,10088000,
3933.HK,1/27/2026,12.16,11278000,
3933.HK,1/28/2026,12,9658072,
3933.HK,1/29/2026,11.97,7772227,
3933.HK,1/30/2026,11.9,7222420,
3933.HK,2/2/2026,11.63,5876642,
3933.HK,2/3/2026,11.81,3927000,
3933.HK,2/4/2026,11.85,5966800,
3933.HK,2/5/2026,12.63,21314558,
3933.HK,2/6/2026,13.08,25121590,
3933.HK,2/9/2026,12.75,8418095,
3933.HK,2/10/2026,13.07,12007052,
3933.HK,2/11/2026,13.09,6815307,
3933.HK,2/12/2026,12.62,11494000,
3933.HK,2/13/2026,12.47,16479991,
3933.HK,2/16/2026,12.59,1766000,
3933.HK,2/20/2026,12.35,6318600,
3933.HK,2/23/2026,12.58,1610000,
3933.HK,2/24/2026,12.17,6074463,
3933.HK,2/25/2026,12.87,17026852,
3933.HK,2/26/2026,12.63,13077200,
3933.HK,2/27/2026,13,11290400,
3933.HK,3/2/2026,12.85,13747050,
3933.HK,3/3/2026,12.55,12726080,
3933.HK,3/4/2026,12.25,17345800,
3933.HK,3/5/2026,12.7,11630000,
3933.HK,3/6/2026,13.2,13211333,
3933.HK,3/9/2026,13.01,11670502,
3933.HK,3/10/2026,13.19,8236000,
3933.HK,3/11/2026,13.07,6617572,
3933.HK,3/12/2026,12.88,5946800,
3933.HK,3/13/2026,11.06,55098205,
3933.HK,3/16/2026,10.87,22851600,
3933.HK,3/17/2026,10.67,10516882,
3933.HK,3/18/2026,10.93,8246879,
3933.HK,3/19/2026,10.29,15948000,
3933.HK,3/20/2026,10.48,12084379,
3933.HK,3/23/2026,10.1,13387900,
3933.HK,3/24/2026,10.33,8763695,
3933.HK,3/25/2026,10.27,7645000,
3933.HK,3/26/2026,9.8,10690697,
3933.HK,3/27/2026,10.15,14957303,
3933.HK,3/30/2026,9.7,17774500,
3933.HK,3/31/2026,9.61,9796000,
3933.HK,4/1/2026,10.43,15735002,
3933.HK,4/2/2026,10.54,15222000,
3933.HK,4/3/2026,10.54,0,0.044972
3933.HK,4/7/2026,10.54,0,0.044972
3933.HK,4/8/2026,10.46,12964897,
3933.HK,4/9/2026,10.16,6626000,
3933.HK,4/10/2026,10.09,10133369,
3933.HK,4/13/2026,9.8,5255920,
3933.HK,4/14/2026,9.92,7493768,
3933.HK,4/15/2026,10.31,9826968,
3933.HK,4/16/2026,10.23,5238000,
3933.HK,4/17/2026,10.04,8332000,
3933.HK,4/20/2026,10.04,2985927,
3933.HK,4/21/2026,10,5384000,
3933.HK,4/22/2026,9.82,6378000,
3933.HK,4/23/2026,9.74,5613200,
3933.HK,4/24/2026,9.85,4349200,
3933.HK,4/27/2026,9.54,7976200,
3933.HK,4/28/2026,9.6,4909830,
3933.HK,4/29/2026,9.52,4671060,
3933.HK,4/30/2026,9.38,4141326,
3933.HK,5/4/2026,9.48,1221076,
3933.HK,5/5/2026,9.39,1841700,
3933.HK,5/6/2026,9.65,7498000,
3933.HK,5/7/2026,9.85,7535800,
3933.HK,5/8/2026,9.9,12213008,
3933.HK,5/11/2026,9.85,4754000,
3933.HK,5/12/2026,9.64,4092000,
3933.HK,5/13/2026,9.56,4913944,
3933.HK,5/14/2026,9.48,5520900,
3933.HK,5/15/2026,9.31,8174000,
3933.HK,5/18/2026,9.05,8238000,
3933.HK,5/19/2026,9.04,7696403,
3933.HK,5/20/2026,8.88,6586000,
3933.HK,5/21/2026,8.84,5345616,
3933.HK,5/22/2026,8.96,7166370,
3933.HK,5/25/2026,8.96,0,0.052903
3933.HK,5/26/2026,9.01,6334240,
3933.HK,5/27/2026,8.89,7630813,
3933.HK,5/28/2026,8.49,8582000,
3933.HK,5/29/2026,8.8,7594000,
3933.HK,6/1/2026,9.02,7807743,
3933.HK,6/2/2026,9.07,5224743,
3933.HK,6/3/2026,8.85,5976000,
3933.HK,6/4/2026,8.66,6567523,0.054735
3933.HK,6/5/2026,8.68,4878000,0.054609
3933.HK,6/8/2026,8.43,8488000,0.056229
3933.HK,6/9/2026,8.34,9579180,0.056835
3933.HK,6/10/2026,8.46,7565510,0.056029
3933.HK,6/11/2026,8.43,9542350,0.056229
3988.HK,6/3/2024,3.73,346854698,
3988.HK,6/4/2024,3.72,411747747,
3988.HK,6/5/2024,3.74,486469244,
3988.HK,6/6/2024,3.76,193636075,
3988.HK,6/7/2024,3.79,330540027,
3988.HK,6/11/2024,3.72,401527502,
3988.HK,6/12/2024,3.7,364596682,
3988.HK,6/13/2024,3.73,188106475,
3988.HK,6/14/2024,3.74,352451703,
3988.HK,6/17/2024,3.78,286832896,
3988.HK,6/18/2024,3.8,305152734,
3988.HK,6/19/2024,3.92,538298521,
3988.HK,6/20/2024,3.89,295524718,
3988.HK,6/21/2024,3.8,330663248,
3988.HK,6/24/2024,3.84,269958609,
3988.HK,6/25/2024,3.84,171820632,
3988.HK,6/26/2024,3.82,231583887,
3988.HK,6/27/2024,3.8,224086891,
3988.HK,6/28/2024,3.85,232354713,
3988.HK,7/2/2024,3.86,222152225,
3988.HK,7/3/2024,3.83,250927347,
3988.HK,7/4/2024,3.88,265522051,
3988.HK,7/5/2024,3.8,309164947,
3988.HK,7/8/2024,3.5,265945060,
3988.HK,7/9/2024,3.47,270522343,
3988.HK,7/10/2024,3.47,235756435,
3988.HK,7/11/2024,3.5,210142299,
3988.HK,7/12/2024,3.59,277718072,
3988.HK,7/15/2024,3.54,246570139,
3988.HK,7/16/2024,3.48,224725423,
3988.HK,7/17/2024,3.44,230012688,
3988.HK,7/18/2024,3.45,177053249,
3988.HK,7/19/2024,3.39,248730067,
3988.HK,7/22/2024,3.42,235557434,
3988.HK,7/23/2024,3.46,238082828,
3988.HK,7/24/2024,3.45,219788668,
3988.HK,7/25/2024,3.41,241398977,
3988.HK,7/26/2024,3.38,194845949,
3988.HK,7/29/2024,3.44,250168395,
3988.HK,7/30/2024,3.44,324003036,
3988.HK,7/31/2024,3.48,393045558,
3988.HK,8/1/2024,3.43,152256867,
3988.HK,8/2/2024,3.43,186761188,
3988.HK,8/5/2024,3.31,459591374,
3988.HK,8/6/2024,3.3,198992684,
3988.HK,8/7/2024,3.33,205752517,
3988.HK,8/8/2024,3.34,162298663,
3988.HK,8/9/2024,3.36,114701183,
3988.HK,8/12/2024,3.4,127140590,
3988.HK,8/13/2024,3.41,171017850,
3988.HK,8/14/2024,3.41,104169265,
3988.HK,8/15/2024,3.44,207915352,
3988.HK,8/16/2024,3.49,167189239,
3988.HK,8/19/2024,3.55,280645193,
3988.HK,8/20/2024,3.58,167862373,
3988.HK,8/21/2024,3.54,153699946,
3988.HK,8/22/2024,3.58,205812365,
3988.HK,8/23/2024,3.57,107443945,
3988.HK,8/26/2024,3.59,115234641,
3988.HK,8/27/2024,3.65,211680911,
3988.HK,8/28/2024,3.61,166339387,
3988.HK,8/29/2024,3.54,264550417,
3988.HK,8/30/2024,3.54,376874345,
3988.HK,9/2/2024,3.5,264777281,
3988.HK,9/3/2024,3.43,362186171,
3988.HK,9/4/2024,3.43,206519733,
3988.HK,9/5/2024,3.39,159518071,
3988.HK,9/9/2024,3.34,279021178,
3988.HK,9/10/2024,3.36,200077296,
3988.HK,9/11/2024,3.29,266640289,
3988.HK,9/12/2024,3.34,155784396,
3988.HK,9/13/2024,3.37,144926134,
3988.HK,9/16/2024,3.4,82803036,
3988.HK,9/17/2024,3.46,140573891,
3988.HK,9/19/2024,3.45,249277087,
3988.HK,9/20/2024,3.5,305177356,
3988.HK,9/23/2024,3.55,185887510,
3988.HK,9/24/2024,3.68,611318265,
3988.HK,9/25/2024,3.76,531516254,
3988.HK,9/26/2024,3.83,479211045,
3988.HK,9/27/2024,3.73,685214300,
3988.HK,9/30/2024,3.67,790427040,
3988.HK,10/2/2024,3.84,655198960,
3988.HK,10/3/2024,3.81,396490150,
3988.HK,10/4/2024,3.86,338803821,
3988.HK,10/7/2024,3.9,346162788,
3988.HK,10/8/2024,3.69,808975964,
3988.HK,10/9/2024,3.64,568771489,
3988.HK,10/10/2024,3.75,510400563,
3988.HK,10/14/2024,3.84,466147047,
3988.HK,10/15/2024,3.77,441120331,
3988.HK,10/16/2024,3.81,392218874,
3988.HK,10/17/2024,3.77,256859905,
3988.HK,10/18/2024,3.84,313037281,
3988.HK,10/21/2024,3.77,213756649,
3988.HK,10/22/2024,3.76,130460347,
3988.HK,10/23/2024,3.78,195397377,
3988.HK,10/24/2024,3.79,174341308,
3988.HK,10/25/2024,3.78,147771443,
3988.HK,10/28/2024,3.77,221861854,
3988.HK,10/29/2024,3.77,137175127,
3988.HK,10/30/2024,3.7,319707902,
3988.HK,10/31/2024,3.69,217102150,
3988.HK,11/1/2024,3.76,236376002,
3988.HK,11/4/2024,3.74,206684005,
3988.HK,11/5/2024,3.79,207379847,
3988.HK,11/6/2024,3.71,311003196,
3988.HK,11/7/2024,3.78,351460624,
3988.HK,11/8/2024,3.77,309179668,
3988.HK,11/11/2024,3.68,347707909,
3988.HK,11/12/2024,3.64,372391191,
3988.HK,11/13/2024,3.64,209898234,
3988.HK,11/14/2024,3.59,306704829,
3988.HK,11/15/2024,3.61,262659790,
3988.HK,11/18/2024,3.76,463451819,
3988.HK,11/19/2024,3.73,330719577,
3988.HK,11/20/2024,3.7,194811740,
3988.HK,11/21/2024,3.67,222005793,
3988.HK,11/22/2024,3.62,289230536,
3988.HK,11/25/2024,3.63,945597291,
3988.HK,11/26/2024,3.61,351835101,
3988.HK,11/27/2024,3.62,271624973,
3988.HK,11/28/2024,3.58,231143929,
3988.HK,11/29/2024,3.61,291946407,
3988.HK,12/2/2024,3.64,243568390,
3988.HK,12/3/2024,3.71,227129550,
3988.HK,12/4/2024,3.71,176095326,
3988.HK,12/5/2024,3.68,132111919,
3988.HK,12/6/2024,3.72,284502677,
3988.HK,12/9/2024,3.83,387239441,
3988.HK,12/10/2024,3.85,459684392,
3988.HK,12/11/2024,3.82,177563427,
3988.HK,12/12/2024,3.89,291713720,
3988.HK,12/13/2024,3.8,164202506,
3988.HK,12/16/2024,3.83,137299574,
3988.HK,12/17/2024,3.81,184987456,
3988.HK,12/18/2024,3.82,195079749,
3988.HK,12/19/2024,3.8,186084863,
3988.HK,12/20/2024,3.79,280576779,
3988.HK,12/23/2024,3.89,310014946,
3988.HK,12/24/2024,3.96,308867464,
3988.HK,12/27/2024,3.94,234343299,
3988.HK,12/30/2024,3.95,261704651,
3988.HK,12/31/2024,3.97,144049213,
3988.HK,1/2/2025,3.9,412228370,
3988.HK,1/3/2025,3.93,277613880,
3988.HK,1/6/2025,3.93,195756154,
3988.HK,1/7/2025,3.92,353063015,
3988.HK,1/8/2025,3.93,286671554,
3988.HK,1/9/2025,3.9,202823349,
3988.HK,1/10/2025,3.88,283870318,
3988.HK,1/13/2025,3.76,274560706,
3988.HK,1/14/2025,3.78,189731076,
3988.HK,1/15/2025,3.85,181274160,
3988.HK,1/16/2025,3.9,212804625,
3988.HK,1/17/2025,3.88,183946624,
3988.HK,1/20/2025,3.9,188408667,
3988.HK,1/21/2025,3.93,172923343,
3988.HK,1/22/2025,3.89,143546556,
3988.HK,1/23/2025,3.96,298110215,
3988.HK,1/24/2025,4,286380421,
3988.HK,1/27/2025,4.04,322464555,
3988.HK,1/28/2025,4.02,65533746,
3988.HK,2/3/2025,4.01,149528284,
3988.HK,2/4/2025,4.09,248163137,
3988.HK,2/5/2025,4.07,204028432,
3988.HK,2/6/2025,4.1,167232303,
3988.HK,2/7/2025,4.07,258385489,
3988.HK,2/10/2025,4.12,308679200,
3988.HK,2/11/2025,4.13,345944532,
3988.HK,2/12/2025,4.22,406776674,
3988.HK,2/13/2025,4.22,523406142,
3988.HK,2/14/2025,4.26,421828674,
3988.HK,2/17/2025,4.3,321736105,
3988.HK,2/18/2025,4.33,429269710,
3988.HK,2/19/2025,4.32,339385380,
3988.HK,2/20/2025,4.31,313087321,
3988.HK,2/21/2025,4.35,528684906,
3988.HK,2/24/2025,4.36,334896704,
3988.HK,2/25/2025,4.35,299280086,
3988.HK,2/26/2025,4.43,364275213,
3988.HK,2/27/2025,4.43,650859702,
3988.HK,2/28/2025,4.41,768191914,
3988.HK,3/3/2025,4.44,431482123,
3988.HK,3/4/2025,4.41,350601851,
3988.HK,3/5/2025,4.53,380240302,
3988.HK,3/6/2025,4.57,305189028,
3988.HK,3/7/2025,4.56,313484195,
3988.HK,3/10/2025,4.52,275110305,
3988.HK,3/11/2025,4.53,321443958,
3988.HK,3/12/2025,4.51,254128140,
3988.HK,3/13/2025,4.52,214559553,
3988.HK,3/14/2025,4.59,348282249,
3988.HK,3/17/2025,4.62,198905433,
3988.HK,3/18/2025,4.71,325304252,
3988.HK,3/19/2025,4.76,300008982,
3988.HK,3/20/2025,4.69,397169727,
3988.HK,3/21/2025,4.59,361129318,
3988.HK,3/24/2025,4.65,266248964,
3988.HK,3/25/2025,4.62,180978417,
3988.HK,3/26/2025,4.62,317572464,
3988.HK,3/27/2025,4.61,335507088,
3988.HK,3/28/2025,4.59,302685108,
3988.HK,3/31/2025,4.69,634268262,
3988.HK,4/1/2025,4.64,284909052,
3988.HK,4/2/2025,4.68,259633622,
3988.HK,4/3/2025,4.62,328798973,
3988.HK,4/7/2025,4.13,1106003201,
3988.HK,4/8/2025,4.15,700152281,
3988.HK,4/9/2025,4.16,1040290987,
3988.HK,4/10/2025,4.21,428759063,
3988.HK,4/11/2025,4.33,342548219,
3988.HK,4/14/2025,4.44,294225093,
3988.HK,4/15/2025,4.46,182036403,
3988.HK,4/16/2025,4.39,215058329,
3988.HK,4/17/2025,4.44,174440230,
3988.HK,4/22/2025,4.3,445089971,
3988.HK,4/23/2025,4.33,183289410,
3988.HK,4/24/2025,4.33,185776501,
3988.HK,4/25/2025,4.34,229375654,
3988.HK,4/28/2025,4.41,178258180,
3988.HK,4/29/2025,4.36,223219625,
3988.HK,4/30/2025,4.34,702965892,
3988.HK,5/2/2025,4.34,115948795,
3988.HK,5/6/2025,4.39,309276124,
3988.HK,5/7/2025,4.45,429786454,
3988.HK,5/8/2025,4.49,201199362,
3988.HK,5/9/2025,4.52,196783218,
3988.HK,5/12/2025,4.58,389060403,
3988.HK,5/13/2025,4.6,255293856,
3988.HK,5/14/2025,4.71,365912430,
3988.HK,5/15/2025,4.68,261659627,
3988.HK,5/16/2025,4.67,163078050,
3988.HK,5/19/2025,4.64,245601336,
3988.HK,5/20/2025,4.68,259180609,
3988.HK,5/21/2025,4.69,303940156,
3988.HK,5/22/2025,4.68,275467645,
3988.HK,5/23/2025,4.68,312173708,
3988.HK,5/26/2025,4.62,383719654,
3988.HK,5/27/2025,4.63,373927303,
3988.HK,5/28/2025,4.61,241390076,
3988.HK,5/29/2025,4.63,472500080,
3988.HK,5/30/2025,4.56,484323609,
3988.HK,6/2/2025,4.5,212818833,
3988.HK,6/3/2025,4.62,281442447,
3988.HK,6/4/2025,4.59,418883876,
3988.HK,6/5/2025,4.61,363177749,
3988.HK,6/6/2025,4.57,409286102,
3988.HK,6/9/2025,4.62,462618829,
3988.HK,6/10/2025,4.65,471779808,
3988.HK,6/11/2025,4.7,498140364,
3988.HK,6/12/2025,4.65,441448722,
3988.HK,6/13/2025,4.57,825345301,
3988.HK,6/16/2025,4.61,358569631,
3988.HK,6/17/2025,4.57,264886276,
3988.HK,6/18/2025,4.59,377907871,
3988.HK,6/19/2025,4.47,408667744,
3988.HK,6/20/2025,4.54,1078114131,
3988.HK,6/23/2025,4.61,417638400,
3988.HK,6/24/2025,4.69,421462425,
3988.HK,6/25/2025,4.76,459008486,
3988.HK,6/26/2025,4.74,302362956,
3988.HK,6/27/2025,4.67,472408408,
3988.HK,6/30/2025,4.56,578713032,
3988.HK,7/1/2025,4.56,0,0.055132
3988.HK,7/2/2025,4.63,462455997,
3988.HK,7/3/2025,4.61,248119968,
3988.HK,7/4/2025,4.58,249781209,
3988.HK,7/7/2025,4.65,222124063,
3988.HK,7/8/2025,4.68,211036997,
3988.HK,7/9/2025,4.65,189899666,
3988.HK,7/10/2025,4.71,246920322,
3988.HK,7/11/2025,4.69,327719073,
3988.HK,7/14/2025,4.71,192582434,
3988.HK,7/15/2025,4.69,224898362,
3988.HK,7/16/2025,4.7,239882038,
3988.HK,7/17/2025,4.64,210859041,
3988.HK,7/18/2025,4.69,177716574,
3988.HK,7/21/2025,4.66,204668373,
3988.HK,7/22/2025,4.67,197087816,
3988.HK,7/23/2025,4.74,284821997,
3988.HK,7/24/2025,4.73,181168388,
3988.HK,7/25/2025,4.67,200336634,
3988.HK,7/28/2025,4.66,238778604,
3988.HK,7/29/2025,4.62,257226009,
3988.HK,7/30/2025,4.58,228023833,
3988.HK,7/31/2025,4.54,268278186,
3988.HK,8/1/2025,4.51,226461074,
3988.HK,8/4/2025,4.54,199276579,
3988.HK,8/5/2025,4.6,206371409,
3988.HK,8/6/2025,4.53,194819950,
3988.HK,8/7/2025,4.59,159392333,
3988.HK,8/8/2025,4.57,136879427,
3988.HK,8/11/2025,4.54,142997315,
3988.HK,8/12/2025,4.55,132414431,
3988.HK,8/13/2025,4.6,177203879,
3988.HK,8/14/2025,4.54,252239362,
3988.HK,8/15/2025,4.45,349622817,
3988.HK,8/18/2025,4.39,409915510,
3988.HK,8/19/2025,4.39,232688093,
3988.HK,8/20/2025,4.43,261043643,
3988.HK,8/21/2025,4.42,163810718,
3988.HK,8/22/2025,4.43,164251197,
3988.HK,8/25/2025,4.42,264586470,
3988.HK,8/26/2025,4.33,360595843,
3988.HK,8/27/2025,4.31,285009586,
3988.HK,8/28/2025,4.32,325579729,
3988.HK,8/29/2025,4.26,296033372,
3988.HK,9/1/2025,4.31,313869783,
3988.HK,9/2/2025,4.35,316645073,
3988.HK,9/3/2025,4.31,282734053,
3988.HK,9/4/2025,4.32,238255928,
3988.HK,9/5/2025,4.33,360554805,
3988.HK,9/8/2025,4.33,373298508,
3988.HK,9/9/2025,4.37,217473567,
3988.HK,9/10/2025,4.46,263502041,
3988.HK,9/11/2025,4.46,188681791,
3988.HK,9/12/2025,4.46,220456167,
3988.HK,9/15/2025,4.42,163237418,
3988.HK,9/16/2025,4.43,179649891,
3988.HK,9/17/2025,4.45,190432352,
3988.HK,9/18/2025,4.38,233995644,
3988.HK,9/19/2025,4.33,438654612,
3988.HK,9/22/2025,4.28,270339534,
3988.HK,9/23/2025,4.28,192645258,
3988.HK,9/24/2025,4.27,252005454,
3988.HK,9/25/2025,4.17,356961305,
3988.HK,9/26/2025,4.2,196862083,
3988.HK,9/29/2025,4.23,252015413,
3988.HK,9/30/2025,4.26,226203571,
3988.HK,10/2/2025,4.26,112152210,
3988.HK,10/3/2025,4.23,91863035,
3988.HK,10/6/2025,4.2,59828827,
3988.HK,10/8/2025,4.16,281441289,
3988.HK,10/9/2025,4.19,213059626,
3988.HK,10/10/2025,4.2,197659230,
3988.HK,10/13/2025,4.18,298684814,
3988.HK,10/14/2025,4.2,319846704,
3988.HK,10/15/2025,4.25,268756264,
3988.HK,10/16/2025,4.3,212921649,
3988.HK,10/17/2025,4.28,218990663,
3988.HK,10/20/2025,4.33,177451421,
3988.HK,10/21/2025,4.37,143299782,
3988.HK,10/22/2025,4.36,136121469,
3988.HK,10/23/2025,4.4,213903563,
3988.HK,10/24/2025,4.39,142454985,
3988.HK,10/27/2025,4.42,232974843,
3988.HK,10/28/2025,4.44,177711676,
3988.HK,10/29/2025,4.44,0,0.056622
3988.HK,10/30/2025,4.45,382631479,
3988.HK,10/31/2025,4.4,278191282,
3988.HK,11/3/2025,4.51,291351275,
3988.HK,11/4/2025,4.52,242320723,
3988.HK,11/5/2025,4.53,211197068,
3988.HK,11/6/2025,4.57,195573065,
3988.HK,11/7/2025,4.58,196160908,
3988.HK,11/10/2025,4.61,193274928,
3988.HK,11/11/2025,4.67,197730220,
3988.HK,11/12/2025,4.71,237595385,
3988.HK,11/13/2025,4.75,333027809,
3988.HK,11/14/2025,4.74,278450824,
3988.HK,11/17/2025,4.72,205049931,
3988.HK,11/18/2025,4.65,209442287,
3988.HK,11/19/2025,4.66,165781493,
3988.HK,11/20/2025,4.75,365645048,
3988.HK,11/21/2025,4.66,311713867,
3988.HK,11/24/2025,4.72,518920050,
3988.HK,11/25/2025,4.75,245657848,
3988.HK,11/26/2025,4.75,186103617,
3988.HK,11/27/2025,4.73,231384147,
3988.HK,11/28/2025,4.68,207131488,
3988.HK,12/1/2025,4.67,170200287,
3988.HK,12/2/2025,4.57,202775383,
3988.HK,12/3/2025,4.48,216102736,
3988.HK,12/4/2025,4.51,179678560,
3988.HK,12/5/2025,4.55,220361996,
3988.HK,12/8/2025,4.43,255542118,
3988.HK,12/9/2025,4.4,190455942,
3988.HK,12/10/2025,4.39,187332014,
3988.HK,12/11/2025,4.39,128280337,
3988.HK,12/12/2025,4.42,188301156,
3988.HK,12/15/2025,4.4,144563536,
3988.HK,12/16/2025,4.32,170229408,
3988.HK,12/17/2025,4.34,101946268,
3988.HK,12/18/2025,4.38,126896709,
3988.HK,12/19/2025,4.42,206216468,
3988.HK,12/22/2025,4.4,110208378,
3988.HK,12/23/2025,4.43,120692303,
3988.HK,12/24/2025,4.43,68076955,
3988.HK,12/25/2025,4.43,0,0.05675
3988.HK,12/26/2025,4.43,0,0.05675
3988.HK,12/29/2025,4.44,189888783,
3988.HK,12/30/2025,4.49,257503742,
3988.HK,12/31/2025,4.46,115981243,
3988.HK,1/2/2026,4.53,121486888,
3988.HK,1/5/2026,4.46,231111497,
3988.HK,1/6/2026,4.45,284846550,
3988.HK,1/7/2026,4.45,179250226,
3988.HK,1/8/2026,4.42,142165694,
3988.HK,1/9/2026,4.39,151581673,
3988.HK,1/12/2026,4.44,131527516,
3988.HK,1/13/2026,4.48,202729818,
3988.HK,1/14/2026,4.48,211264127,
3988.HK,1/15/2026,4.52,188924971,
3988.HK,1/16/2026,4.5,206633277,
3988.HK,1/19/2026,4.49,137351320,
3988.HK,1/20/2026,4.47,128659776,
3988.HK,1/21/2026,4.46,112085600,
3988.HK,1/22/2026,4.47,156256430,
3988.HK,1/23/2026,4.46,154522439,
3988.HK,1/26/2026,4.47,99389094,
3988.HK,1/27/2026,4.51,169503458,
3988.HK,1/28/2026,4.67,375705350,
3988.HK,1/29/2026,4.76,337821637,
3988.HK,1/30/2026,4.67,284537281,
3988.HK,2/2/2026,4.62,229729453,
3988.HK,2/3/2026,4.6,180374871,
3988.HK,2/4/2026,4.65,142989678,
3988.HK,2/5/2026,4.68,168176035,
3988.HK,2/6/2026,4.66,201672576,
3988.HK,2/9/2026,4.7,125338863,
3988.HK,2/10/2026,4.72,125889726,
3988.HK,2/11/2026,4.72,163973635,
3988.HK,2/12/2026,4.72,111363992,
3988.HK,2/13/2026,4.65,122307489,
3988.HK,2/16/2026,4.66,53109158,
3988.HK,2/20/2026,4.67,110347681,
3988.HK,2/23/2026,4.76,127633955,
3988.HK,2/24/2026,4.69,137375383,
3988.HK,2/25/2026,4.68,131100721,
3988.HK,2/26/2026,4.65,135349211,
3988.HK,2/27/2026,4.64,253247424,
3988.HK,3/2/2026,4.53,290571011,
3988.HK,3/3/2026,4.56,240045734,
3988.HK,3/4/2026,4.47,286826307,
3988.HK,3/5/2026,4.47,180400958,
3988.HK,3/6/2026,4.52,147758173,
3988.HK,3/9/2026,4.48,311071285,
3988.HK,3/10/2026,4.49,207429328,
3988.HK,3/11/2026,4.51,225055687,
3988.HK,3/12/2026,4.55,178728388,
3988.HK,3/13/2026,4.55,167207595,
3988.HK,3/16/2026,4.58,187985689,
3988.HK,3/17/2026,4.65,189478074,
3988.HK,3/18/2026,4.68,193820363,
3988.HK,3/19/2026,4.67,183839043,
3988.HK,3/20/2026,4.7,311994345,
3988.HK,3/23/2026,4.59,314198053,
3988.HK,3/24/2026,4.7,288914745,
3988.HK,3/25/2026,4.8,474379494,
3988.HK,3/26/2026,4.84,397112832,
3988.HK,3/27/2026,4.86,344520170,
3988.HK,3/30/2026,4.89,418323732,
3988.HK,3/31/2026,4.97,431422658,
3988.HK,4/1/2026,5.01,343698026,
3988.HK,4/2/2026,5.06,345126457,
3988.HK,4/3/2026,5.06,0,0.050391
3988.HK,4/7/2026,5.06,0,0.050391
3988.HK,4/8/2026,5.01,287768215,
3988.HK,4/9/2026,5.03,191877882,
3988.HK,4/10/2026,5.04,157669567,
3988.HK,4/13/2026,5.04,153471912,
3988.HK,4/14/2026,5.11,203974553,
3988.HK,4/15/2026,5.13,172923392,
3988.HK,4/16/2026,5.13,165627354,
3988.HK,4/17/2026,5.11,150441896,
3988.HK,4/20/2026,5.21,198724046,
3988.HK,4/21/2026,5.25,180172610,
3988.HK,4/22/2026,5.11,194487595,
3988.HK,4/23/2026,5.14,120322544,
3988.HK,4/24/2026,5.15,155038727,
3988.HK,4/27/2026,5.12,133129630,
3988.HK,4/28/2026,5.12,186809887,
3988.HK,4/29/2026,5.18,256172417,
3988.HK,4/30/2026,5.06,258839216,
3988.HK,5/4/2026,5.09,110559195,
3988.HK,5/5/2026,5.05,100508991,
3988.HK,5/6/2026,5.15,169412948,
3988.HK,5/7/2026,5.14,182470153,
3988.HK,5/8/2026,5.11,206332400,
3988.HK,5/11/2026,5.17,201859464,
3988.HK,5/12/2026,5.24,273930219,
3988.HK,5/13/2026,5.22,226167052,
3988.HK,5/14/2026,5.29,246974175,
3988.HK,5/15/2026,5.22,161577762,
3988.HK,5/18/2026,5.21,180964754,
3988.HK,5/19/2026,5.27,197130879,
3988.HK,5/20/2026,5.23,158652489,
3988.HK,5/21/2026,5.2,154323396,
3988.HK,5/22/2026,5.23,198603095,
3988.HK,5/25/2026,5.23,0,0.048753
3988.HK,5/26/2026,5.2,214654079,
3988.HK,5/27/2026,5.19,191824809,
3988.HK,5/28/2026,5.13,293645846,
3988.HK,5/29/2026,5.21,371788291,
3988.HK,6/1/2026,5.22,200852742,
3988.HK,6/2/2026,5.31,247134036,
3988.HK,6/3/2026,5.27,122714678,
3988.HK,6/4/2026,5.25,117348391,0.048567
3988.HK,6/5/2026,5.31,165493743,0.048018
3988.HK,6/8/2026,5.36,255453216,0.04757
3988.HK,6/9/2026,5.39,360713808,0.047306
3988.HK,6/10/2026,5.42,254191992,0.047044
3988.HK,6/11/2026,5.37,185235830,0.047482
3998.HK,6/3/2024,4.55,15037301,
3998.HK,6/4/2024,4.55,19424587,
3998.HK,6/5/2024,4.55,20687439,
3998.HK,6/6/2024,4.63,18648000,
3998.HK,6/7/2024,4.63,40076000,
3998.HK,6/11/2024,4.54,17032665,
3998.HK,6/12/2024,4.51,15068200,
3998.HK,6/13/2024,4.57,20440818,
3998.HK,6/14/2024,4.5,19404400,
3998.HK,6/17/2024,4.49,12490388,
3998.HK,6/18/2024,4.54,15870000,
3998.HK,6/19/2024,4.55,6440496,
3998.HK,6/20/2024,4.5,8542000,
3998.HK,6/21/2024,4.47,11415209,
3998.HK,6/24/2024,4.45,17240100,
3998.HK,6/25/2024,4.49,10388100,
3998.HK,6/26/2024,4.33,20345735,
3998.HK,6/27/2024,4.56,91490100,
3998.HK,6/28/2024,4.87,85348709,
3998.HK,7/2/2024,4.77,42450800,
3998.HK,7/3/2024,4.01,670004500,
3998.HK,7/4/2024,4.16,141488937,
3998.HK,7/5/2024,4.08,33085483,
3998.HK,7/8/2024,4,57910153,
3998.HK,7/9/2024,4.11,54728064,
3998.HK,7/10/2024,4.1,33782076,
3998.HK,7/11/2024,4.15,33153139,
3998.HK,7/12/2024,4.18,33750000,
3998.HK,7/15/2024,4.08,27114000,
3998.HK,7/16/2024,4.13,32834418,
3998.HK,7/17/2024,4.13,25572894,
3998.HK,7/18/2024,4.09,51883900,
3998.HK,7/19/2024,4.01,26780382,
3998.HK,7/22/2024,3.98,12445378,
3998.HK,7/23/2024,3.87,29640000,
3998.HK,7/24/2024,3.85,41760809,
3998.HK,7/25/2024,3.79,27684032,
3998.HK,7/26/2024,3.74,32256016,
3998.HK,7/29/2024,3.78,17477981,
3998.HK,7/30/2024,3.8,26081629,
3998.HK,7/31/2024,3.91,31454965,
3998.HK,8/1/2024,3.94,18227300,
3998.HK,8/2/2024,3.9,9747384,
3998.HK,8/5/2024,3.85,12802000,
3998.HK,8/6/2024,3.87,22727262,
3998.HK,8/7/2024,3.88,10256230,
3998.HK,8/8/2024,3.9,18395591,
3998.HK,8/9/2024,3.89,7368001,
3998.HK,8/12/2024,3.94,11704427,
3998.HK,8/13/2024,3.9,8683376,
3998.HK,8/14/2024,3.88,7819278,
3998.HK,8/15/2024,3.87,10560000,
3998.HK,8/16/2024,3.94,12632000,
3998.HK,8/19/2024,3.95,7686000,
3998.HK,8/20/2024,3.96,14620927,
3998.HK,8/21/2024,4.03,25995016,
3998.HK,8/22/2024,3.92,27940520,
3998.HK,8/23/2024,3.87,29996000,
3998.HK,8/26/2024,3.86,12189900,
3998.HK,8/27/2024,3.89,17580400,
3998.HK,8/28/2024,3.78,15228000,
3998.HK,8/29/2024,3.84,15256238,
3998.HK,8/30/2024,3.83,35553631,
3998.HK,9/2/2024,3.85,9092576,
3998.HK,9/3/2024,3.79,11469461,
3998.HK,9/4/2024,3.74,24942980,
3998.HK,9/5/2024,3.75,17495010,
3998.HK,9/9/2024,3.67,29266705,
3998.HK,9/10/2024,3.68,22963020,
3998.HK,9/11/2024,3.62,12458049,
3998.HK,9/12/2024,3.61,32162569,
3998.HK,9/13/2024,3.62,15692663,
3998.HK,9/16/2024,3.6,13364000,
3998.HK,9/17/2024,3.59,15148944,
3998.HK,9/19/2024,3.65,24025124,
3998.HK,9/20/2024,3.72,42734119,
3998.HK,9/23/2024,3.68,9048343,
3998.HK,9/24/2024,3.81,31021204,
3998.HK,9/25/2024,3.76,31873285,
3998.HK,9/26/2024,3.97,83252303,
3998.HK,9/27/2024,4.19,134451737,
3998.HK,9/30/2024,4.46,197113395,
3998.HK,10/2/2024,4.62,96805496,
3998.HK,10/3/2024,4.62,87181238,
3998.HK,10/4/2024,4.57,37170524,
3998.HK,10/7/2024,4.9,64981004,
3998.HK,10/8/2024,4.66,121538997,
3998.HK,10/9/2024,4.68,45199171,
3998.HK,10/10/2024,4.96,77575753,
3998.HK,10/14/2024,4.86,47301800,
3998.HK,10/15/2024,4.8,47388792,
3998.HK,10/16/2024,4.75,44936522,
3998.HK,10/17/2024,4.75,40312034,
3998.HK,10/18/2024,4.91,31887500,
3998.HK,10/21/2024,4.86,30528484,
3998.HK,10/22/2024,4.94,17897138,
3998.HK,10/23/2024,5.01,37605655,
3998.HK,10/24/2024,4.95,18403944,
3998.HK,10/25/2024,4.86,23300382,
3998.HK,10/28/2024,4.77,35962387,
3998.HK,10/29/2024,4.7,36133419,
3998.HK,10/30/2024,4.5,42375423,
3998.HK,10/31/2024,4.36,45338498,
3998.HK,11/1/2024,4.4,36384000,
3998.HK,11/4/2024,4.45,15808803,
3998.HK,11/5/2024,4.57,24322552,
3998.HK,11/6/2024,4.52,20581103,
3998.HK,11/7/2024,4.6,41560421,
3998.HK,11/8/2024,4.63,35872315,
3998.HK,11/11/2024,4.57,25857737,
3998.HK,11/12/2024,4.36,32171021,
3998.HK,11/13/2024,4.28,32303919,
3998.HK,11/14/2024,4.18,24732400,
3998.HK,11/15/2024,4.2,23057514,
3998.HK,11/18/2024,4.27,35891833,
3998.HK,11/19/2024,4.4,35458200,
3998.HK,11/20/2024,4.43,26746179,
3998.HK,11/21/2024,4.44,18806025,
3998.HK,11/22/2024,4.35,21541700,
3998.HK,11/25/2024,4.39,44018939,
3998.HK,11/26/2024,4.17,62777490,
3998.HK,11/27/2024,4.3,20669806,
3998.HK,11/28/2024,4.21,25677891,
3998.HK,11/29/2024,4.05,75320000,
3998.HK,12/2/2024,4.13,46341778,
3998.HK,12/3/2024,4.03,37701888,
3998.HK,12/4/2024,3.98,29974906,
3998.HK,12/5/2024,3.96,38603357,
3998.HK,12/6/2024,4.05,38267255,
3998.HK,12/9/2024,4.02,61483468,
3998.HK,12/10/2024,4.05,83859058,
3998.HK,12/11/2024,3.92,40915444,
3998.HK,12/12/2024,4.14,74067732,
3998.HK,12/13/2024,4.03,58417400,
3998.HK,12/16/2024,4,38007877,
3998.HK,12/17/2024,3.97,56565044,
3998.HK,12/18/2024,4.09,37784309,
3998.HK,12/19/2024,4.1,24440408,
3998.HK,12/20/2024,4.09,29528650,
3998.HK,12/23/2024,4.13,19911587,
3998.HK,12/24/2024,4.14,17912000,
3998.HK,12/27/2024,4.03,42863947,
3998.HK,12/30/2024,4.03,52042914,
3998.HK,12/31/2024,3.88,22334073,
3998.HK,1/2/2025,3.92,23212000,
3998.HK,1/3/2025,3.78,73804171,
3998.HK,1/6/2025,3.64,47408402,
3998.HK,1/7/2025,3.66,23173386,
3998.HK,1/8/2025,3.64,37898655,
3998.HK,1/9/2025,3.7,22789400,
3998.HK,1/10/2025,3.57,33779768,
3998.HK,1/13/2025,3.58,39127220,
3998.HK,1/14/2025,3.65,34664082,
3998.HK,1/15/2025,3.67,22389988,
3998.HK,1/16/2025,3.63,38374100,
3998.HK,1/17/2025,3.68,33147129,
3998.HK,1/20/2025,3.68,26460275,
3998.HK,1/21/2025,3.69,37753000,
3998.HK,1/22/2025,3.63,35541650,
3998.HK,1/23/2025,3.67,33883536,
3998.HK,1/24/2025,3.67,48352750,
3998.HK,1/27/2025,3.71,41421599,
3998.HK,1/28/2025,3.75,8610000,
3998.HK,2/3/2025,3.69,26320057,
3998.HK,2/4/2025,3.85,22191692,
3998.HK,2/5/2025,3.74,44933007,
3998.HK,2/6/2025,3.73,35719938,
3998.HK,2/7/2025,3.9,53515107,
3998.HK,2/10/2025,3.87,48698999,
3998.HK,2/11/2025,3.83,32363614,
3998.HK,2/12/2025,3.9,37857759,
3998.HK,2/13/2025,3.85,24680983,
3998.HK,2/14/2025,3.95,31389464,
3998.HK,2/17/2025,3.85,32935558,
3998.HK,2/18/2025,3.87,31189168,
3998.HK,2/19/2025,3.94,20732061,
3998.HK,2/20/2025,3.9,35404897,
3998.HK,2/21/2025,3.86,32855171,
3998.HK,2/24/2025,3.88,31233151,
3998.HK,2/25/2025,3.8,49548853,
3998.HK,2/26/2025,3.92,44083010,
3998.HK,2/27/2025,3.91,28563226,
3998.HK,2/28/2025,3.79,111775648,
3998.HK,3/3/2025,3.7,53105653,
3998.HK,3/4/2025,3.72,34951717,
3998.HK,3/5/2025,3.78,29334483,
3998.HK,3/6/2025,3.86,37339013,
3998.HK,3/7/2025,4.12,99683874,
3998.HK,3/10/2025,4.1,58635657,
3998.HK,3/11/2025,4.23,72315720,
3998.HK,3/12/2025,4.25,90669386,
3998.HK,3/13/2025,4.15,43673805,
3998.HK,3/14/2025,4.23,50920385,
3998.HK,3/17/2025,4.3,78534600,
3998.HK,3/18/2025,4.16,62326259,
3998.HK,3/19/2025,4.13,63065797,
3998.HK,3/20/2025,4.01,68868785,
3998.HK,3/21/2025,3.99,36871608,
3998.HK,3/24/2025,3.93,23278180,
3998.HK,3/25/2025,3.88,30490328,
3998.HK,3/26/2025,3.94,30264517,
3998.HK,3/27/2025,4.02,34536249,
3998.HK,3/28/2025,4.03,16667946,
3998.HK,3/31/2025,3.99,20603014,
3998.HK,4/1/2025,4.01,12859751,
3998.HK,4/2/2025,4.1,28191167,
3998.HK,4/3/2025,4.01,31885190,
3998.HK,4/7/2025,3.67,92263068,
3998.HK,4/8/2025,3.69,46271835,
3998.HK,4/9/2025,3.95,56697956,
3998.HK,4/10/2025,3.94,24705390,
3998.HK,4/11/2025,3.89,20947572,
3998.HK,4/14/2025,3.98,12458806,
3998.HK,4/15/2025,3.95,26227106,
3998.HK,4/16/2025,3.84,24446681,
3998.HK,4/17/2025,3.9,25296554,
3998.HK,4/22/2025,3.92,19379919,
3998.HK,4/23/2025,3.95,13696192,
3998.HK,4/24/2025,3.91,18040000,
3998.HK,4/25/2025,3.91,33740241,
3998.HK,4/28/2025,4.11,40738300,
3998.HK,4/29/2025,4.02,28805100,
3998.HK,4/30/2025,4.02,46777970,
3998.HK,5/2/2025,4.06,11616000,
3998.HK,5/6/2025,4,19456783,
3998.HK,5/7/2025,4.02,14045201,
3998.HK,5/8/2025,4.05,13259723,
3998.HK,5/9/2025,4.06,17685578,
3998.HK,5/12/2025,4.09,19206300,
3998.HK,5/13/2025,4.12,23403092,
3998.HK,5/14/2025,4.38,50853068,
3998.HK,5/15/2025,4.53,58053435,
3998.HK,5/16/2025,4.6,33679114,
3998.HK,5/19/2025,4.58,29494771,
3998.HK,5/20/2025,4.51,35671404,
3998.HK,5/21/2025,4.51,30011483,
3998.HK,5/22/2025,4.42,26896222,
3998.HK,5/23/2025,4.47,17342675,
3998.HK,5/26/2025,4.43,11712326,
3998.HK,5/27/2025,4.49,12233824,
3998.HK,5/28/2025,4.53,18053760,
3998.HK,5/29/2025,4.5,21357291,
3998.HK,5/30/2025,4.4,29504981,
3998.HK,6/2/2025,4.31,20100830,
3998.HK,6/3/2025,4.39,17772416,
3998.HK,6/4/2025,4.39,10212790,
3998.HK,6/5/2025,4.38,11381968,
3998.HK,6/6/2025,4.39,10926431,
3998.HK,6/9/2025,4.52,17850336,
3998.HK,6/10/2025,4.56,15751826,
3998.HK,6/11/2025,4.58,11444437,
3998.HK,6/12/2025,4.6,13630582,
3998.HK,6/13/2025,4.61,24852852,
3998.HK,6/16/2025,4.66,18883768,
3998.HK,6/17/2025,4.64,23220752,
3998.HK,6/18/2025,4.67,13511659,
3998.HK,6/19/2025,4.59,11914000,
3998.HK,6/20/2025,4.68,31452377,
3998.HK,6/23/2025,4.68,18664549,
3998.HK,6/24/2025,4.76,23647553,
3998.HK,6/25/2025,4.72,25593280,
3998.HK,6/26/2025,4.62,25470000,
3998.HK,6/27/2025,4.46,56936350,
3998.HK,6/30/2025,4.64,31424953,
3998.HK,7/1/2025,4.64,0,0.056034
3998.HK,7/2/2025,4.54,17882365,
3998.HK,7/3/2025,4.55,20097468,
3998.HK,7/4/2025,4.5,19247495,
3998.HK,7/7/2025,4.49,16016331,
3998.HK,7/8/2025,4.43,24865656,
3998.HK,7/9/2025,4.38,29808000,
3998.HK,7/10/2025,4.36,15039836,
3998.HK,7/11/2025,4.21,46772199,
3998.HK,7/14/2025,4.25,13937110,
3998.HK,7/15/2025,4.29,13035718,
3998.HK,7/16/2025,4.29,11504696,
3998.HK,7/17/2025,4.29,17565367,
3998.HK,7/18/2025,4.37,20987172,
3998.HK,7/21/2025,4.41,18462229,
3998.HK,7/22/2025,4.46,14538300,
3998.HK,7/23/2025,4.44,11098416,
3998.HK,7/24/2025,4.45,9464911,
3998.HK,7/25/2025,4.49,7849422,
3998.HK,7/28/2025,4.49,5765833,
3998.HK,7/29/2025,4.41,14434224,
3998.HK,7/30/2025,4.51,25287506,
3998.HK,7/31/2025,4.48,21136289,
3998.HK,8/1/2025,4.37,12281409,
3998.HK,8/4/2025,4.4,14129980,
3998.HK,8/5/2025,4.46,11344000,
3998.HK,8/6/2025,4.52,15771577,
3998.HK,8/7/2025,4.48,6476630,
3998.HK,8/8/2025,4.5,6436034,
3998.HK,8/11/2025,4.46,8407000,
3998.HK,8/12/2025,4.57,21100961,
3998.HK,8/13/2025,4.6,35345449,
3998.HK,8/14/2025,4.63,28851663,
3998.HK,8/15/2025,4.79,17111100,
3998.HK,8/18/2025,4.86,36518534,
3998.HK,8/19/2025,4.93,33845804,
3998.HK,8/20/2025,4.87,24265849,
3998.HK,8/21/2025,4.9,27464000,
3998.HK,8/22/2025,4.7,15796926,
3998.HK,8/25/2025,4.67,25516802,
3998.HK,8/26/2025,4.49,38730332,
3998.HK,8/27/2025,4.45,25612011,
3998.HK,8/28/2025,4.45,13515531,
3998.HK,8/29/2025,4.49,24842870,
3998.HK,9/1/2025,4.4,15565011,
3998.HK,9/2/2025,4.37,10607358,
3998.HK,9/3/2025,4.4,12196373,
3998.HK,9/4/2025,4.5,24622577,
3998.HK,9/5/2025,4.63,20914957,
3998.HK,9/8/2025,4.72,16791015,
3998.HK,9/9/2025,4.69,20683657,
3998.HK,9/10/2025,4.61,25840742,
3998.HK,9/11/2025,4.69,26212000,
3998.HK,9/12/2025,4.6,13510494,
3998.HK,9/15/2025,4.55,16152396,
3998.HK,9/16/2025,4.63,20436000,
3998.HK,9/17/2025,4.75,26975575,
3998.HK,9/18/2025,4.6,21718881,
3998.HK,9/19/2025,4.68,21436748,
3998.HK,9/22/2025,4.69,17017600,
3998.HK,9/23/2025,4.55,8052000,
3998.HK,9/24/2025,4.59,10906898,
3998.HK,9/25/2025,4.55,13927016,
3998.HK,9/26/2025,4.54,9433753,
3998.HK,9/29/2025,4.62,14520742,
3998.HK,9/30/2025,4.64,13357766,
3998.HK,10/2/2025,4.68,5916097,
3998.HK,10/3/2025,4.71,4715041,
3998.HK,10/6/2025,4.67,3343934,
3998.HK,10/8/2025,4.58,9407567,
3998.HK,10/9/2025,4.52,11132929,
3998.HK,10/10/2025,4.53,12105239,
3998.HK,10/13/2025,4.52,28963266,
3998.HK,10/14/2025,4.39,27804331,
3998.HK,10/15/2025,4.35,28217702,
3998.HK,10/16/2025,4.4,25465170,
3998.HK,10/17/2025,4.49,41825324,
3998.HK,10/20/2025,4.5,32683922,
3998.HK,10/21/2025,4.91,124654714,
3998.HK,10/22/2025,4.91,49999432,
3998.HK,10/23/2025,4.92,22092866,
3998.HK,10/24/2025,4.96,33704922,
3998.HK,10/27/2025,4.92,53100319,
3998.HK,10/28/2025,4.73,49079332,
3998.HK,10/29/2025,4.73,0,0.054968
3998.HK,10/30/2025,4.74,34794816,
3998.HK,10/31/2025,4.76,20715412,
3998.HK,11/3/2025,4.82,15453848,
3998.HK,11/4/2025,4.82,15318476,
3998.HK,11/5/2025,4.84,19640763,
3998.HK,11/6/2025,4.92,19002338,
3998.HK,11/7/2025,4.94,10746914,
3998.HK,11/10/2025,4.97,32565828,
3998.HK,11/11/2025,4.96,27036509,
3998.HK,11/12/2025,5.1,37235575,
3998.HK,11/13/2025,5.17,22946432,
3998.HK,11/14/2025,5.16,65824045,
3998.HK,11/17/2025,5.2,39694332,
3998.HK,11/18/2025,5.12,12337700,
3998.HK,11/19/2025,5.15,14129255,
3998.HK,11/20/2025,5.17,9973952,
3998.HK,11/21/2025,5.13,21435189,
3998.HK,11/24/2025,5.11,53305444,
3998.HK,11/25/2025,5.08,31955021,
3998.HK,11/26/2025,5.08,31518737,
3998.HK,11/27/2025,5.02,17435242,
3998.HK,11/28/2025,4.96,26531687,
3998.HK,12/1/2025,5.01,21054394,
3998.HK,12/2/2025,5.12,35272494,
3998.HK,12/3/2025,5.08,28594705,
3998.HK,12/4/2025,5.06,19873124,
3998.HK,12/5/2025,4.94,27388346,
3998.HK,12/8/2025,4.9,39336704,
3998.HK,12/9/2025,4.85,50199256,
3998.HK,12/10/2025,4.81,49830649,
3998.HK,12/11/2025,4.8,25296055,
3998.HK,12/12/2025,4.77,42164581,
3998.HK,12/15/2025,4.77,33685424,
3998.HK,12/16/2025,4.64,38628941,
3998.HK,12/17/2025,4.64,26877754,
3998.HK,12/18/2025,4.66,23306401,
3998.HK,12/19/2025,4.6,34329665,
3998.HK,12/22/2025,4.59,30316147,
3998.HK,12/23/2025,4.6,21930836,
3998.HK,12/24/2025,4.6,12800462,
3998.HK,12/25/2025,4.6,0,0.056522
3998.HK,12/26/2025,4.6,0,0.056522
3998.HK,12/29/2025,4.52,22241106,
3998.HK,12/30/2025,4.51,22591723,
3998.HK,12/31/2025,4.46,9904000,
3998.HK,1/2/2026,4.52,10770000,
3998.HK,1/5/2026,4.32,44468333,
3998.HK,1/6/2026,4.4,41060665,
3998.HK,1/7/2026,4.4,35948339,
3998.HK,1/8/2026,4.34,28202792,
3998.HK,1/9/2026,4.48,27364690,
3998.HK,1/12/2026,4.41,27188062,
3998.HK,1/13/2026,4.38,15901058,
3998.HK,1/14/2026,4.4,27979231,
3998.HK,1/15/2026,4.5,24282063,
3998.HK,1/16/2026,4.52,29081511,
3998.HK,1/19/2026,4.54,24542874,
3998.HK,1/20/2026,4.54,17453598,
3998.HK,1/21/2026,4.53,17175770,
3998.HK,1/22/2026,4.57,27319288,
3998.HK,1/23/2026,4.63,24991002,
3998.HK,1/26/2026,4.56,31245748,
3998.HK,1/27/2026,4.56,26709242,
3998.HK,1/28/2026,4.62,25555726,
3998.HK,1/29/2026,4.78,27799858,
3998.HK,1/30/2026,4.77,70348823,
3998.HK,2/2/2026,4.68,46211952,
3998.HK,2/3/2026,4.71,26493208,
3998.HK,2/4/2026,4.81,26524215,
3998.HK,2/5/2026,4.87,13477731,
3998.HK,2/6/2026,4.96,29657949,
3998.HK,2/9/2026,4.89,37021473,
3998.HK,2/10/2026,4.84,32945997,
3998.HK,2/11/2026,4.85,17674704,
3998.HK,2/12/2026,4.86,13481781,
3998.HK,2/13/2026,4.82,51597960,
3998.HK,2/16/2026,4.8,1854267,
3998.HK,2/20/2026,4.76,16624678,
3998.HK,2/23/2026,4.77,15059905,
3998.HK,2/24/2026,4.72,23284885,
3998.HK,2/25/2026,4.83,24240670,
3998.HK,2/26/2026,4.83,15533573,
3998.HK,2/27/2026,4.86,61548696,
3998.HK,3/2/2026,4.8,11483615,
3998.HK,3/3/2026,4.77,23914038,
3998.HK,3/4/2026,4.71,34551865,
3998.HK,3/5/2026,4.69,28148924,
3998.HK,3/6/2026,4.68,20793812,
3998.HK,3/9/2026,4.3,86699650,
3998.HK,3/10/2026,4.03,67698000,
3998.HK,3/11/2026,4.08,81428072,
3998.HK,3/12/2026,4.1,42673090,
3998.HK,3/13/2026,4.05,35576379,
3998.HK,3/16/2026,4.11,40628772,
3998.HK,3/17/2026,4.12,25836125,
3998.HK,3/18/2026,4.09,19909328,
3998.HK,3/19/2026,4.11,14130000,
3998.HK,3/20/2026,4.1,30392474,
3998.HK,3/23/2026,4.06,33213830,
3998.HK,3/24/2026,4.12,26736000,
3998.HK,3/25/2026,4.1,21380279,
3998.HK,3/26/2026,3.96,18619579,
3998.HK,3/27/2026,4,15124497,
3998.HK,3/30/2026,3.95,10660010,
3998.HK,3/31/2026,4,25543088,
3998.HK,4/1/2026,4.07,15046817,
3998.HK,4/2/2026,4.14,13775108,
3998.HK,4/3/2026,4.14,0,0.067633
3998.HK,4/7/2026,4.14,0,0.067633
3998.HK,4/8/2026,4.18,11162051,
3998.HK,4/9/2026,4.23,25307876,
3998.HK,4/10/2026,4.3,15728113,
3998.HK,4/13/2026,4.22,23973842,
3998.HK,4/14/2026,4.24,24313999,
3998.HK,4/15/2026,4.04,60216863,
3998.HK,4/16/2026,4.15,20644652,
3998.HK,4/17/2026,4.17,20708165,
3998.HK,4/20/2026,4.27,13813100,
3998.HK,4/21/2026,4.3,12971229,
3998.HK,4/22/2026,4.27,16289448,
3998.HK,4/23/2026,4.27,15996800,
3998.HK,4/24/2026,4.32,20090126,
3998.HK,4/27/2026,4.31,18910056,
3998.HK,4/28/2026,4.31,21130978,
3998.HK,4/29/2026,4.34,21811962,
3998.HK,4/30/2026,4.26,22019106,
3998.HK,5/4/2026,4.3,6464956,
3998.HK,5/5/2026,4.31,12878215,
3998.HK,5/6/2026,4.31,21969635,
3998.HK,5/7/2026,4.35,18378682,
3998.HK,5/8/2026,4.39,11446378,
3998.HK,5/11/2026,4.3,36723815,
3998.HK,5/12/2026,4.36,13368999,
3998.HK,5/13/2026,4.32,18498517,
3998.HK,5/14/2026,4.28,15558653,
3998.HK,5/15/2026,4.28,6783188,
3998.HK,5/18/2026,4.16,18869837,
3998.HK,5/19/2026,4.2,18210795,
3998.HK,5/20/2026,4.29,19186865,
3998.HK,5/21/2026,4.24,9413654,
3998.HK,5/22/2026,4.17,10370961,
3998.HK,5/25/2026,4.17,0,0.067146
3998.HK,5/26/2026,4.22,24218437,
3998.HK,5/27/2026,4.24,21274658,
3998.HK,5/28/2026,4.21,22066206,
3998.HK,5/29/2026,4.25,42316154,
3998.HK,6/1/2026,4.47,31844236,
3998.HK,6/2/2026,4.56,23670057,
3998.HK,6/3/2026,4.49,20434641,
3998.HK,6/4/2026,4.41,18061820,0.063492
3998.HK,6/5/2026,4.26,76204217,0.065728
3998.HK,6/8/2026,4.19,60933653,0.066826
3998.HK,6/9/2026,4.25,25639508,0.065882
3998.HK,6/10/2026,4.26,13576553,0.065728
3998.HK,6/11/2026,4.19,23390975,0.066826
600036.SH,6/3/2024,34.15,60811135,
600036.SH,6/4/2024,34.54,53378842,
600036.SH,6/5/2024,33.99,69104122,
600036.SH,6/6/2024,34,67724066,
600036.SH,6/7/2024,33.99,67826559,
600036.SH,6/11/2024,33.36,69044831,
600036.SH,6/12/2024,33.09,51138059,
600036.SH,6/13/2024,32.82,55018421,
600036.SH,6/14/2024,33.81,99167429,
600036.SH,6/17/2024,33.73,45768248,
600036.SH,6/18/2024,33.71,45367539,
600036.SH,6/19/2024,34.15,58593722,
600036.SH,6/20/2024,34.01,39246667,
600036.SH,6/21/2024,33.7,52396280,
600036.SH,6/24/2024,34.07,69258954,
600036.SH,6/25/2024,34.3,63816020,
600036.SH,6/26/2024,34.06,45263801,
600036.SH,6/27/2024,34.26,55517260,
600036.SH,6/28/2024,34.19,52574940,
600036.SH,7/1/2024,34.36,47223865,
600036.SH,7/2/2024,35.08,86877071,
600036.SH,7/3/2024,34.46,69137270,
600036.SH,7/4/2024,34.71,69691892,
600036.SH,7/5/2024,33.88,96778276,
600036.SH,7/8/2024,33.99,54573002,
600036.SH,7/9/2024,34.47,62103701,
600036.SH,7/10/2024,34.68,72631424,
600036.SH,7/11/2024,32.9,73238896,
600036.SH,7/12/2024,34,94490425,
600036.SH,7/15/2024,33.78,47460366,
600036.SH,7/16/2024,33.79,45579255,
600036.SH,7/17/2024,34.07,57795422,
600036.SH,7/18/2024,34.09,59862717,
600036.SH,7/19/2024,34.25,81007218,
600036.SH,7/22/2024,33.34,80820577,
600036.SH,7/23/2024,33.34,53875468,
600036.SH,7/24/2024,33.18,48245294,
600036.SH,7/25/2024,32.83,76207854,
600036.SH,7/26/2024,32.37,60146167,
600036.SH,7/29/2024,32.45,41347533,
600036.SH,7/30/2024,32.42,39078161,
600036.SH,7/31/2024,32.73,59536965,
600036.SH,8/1/2024,32.71,40913881,
600036.SH,8/2/2024,32.28,38613024,
600036.SH,8/5/2024,32.1,58441984,
600036.SH,8/6/2024,31.7,51438864,
600036.SH,8/7/2024,31.58,39073173,
600036.SH,8/8/2024,31.93,39459978,
600036.SH,8/9/2024,32.33,48274847,
600036.SH,8/12/2024,32.12,31894321,
600036.SH,8/13/2024,31.94,28237769,
600036.SH,8/14/2024,31.86,28244610,
600036.SH,8/15/2024,32.76,73978983,
600036.SH,8/16/2024,33.15,41850302,
600036.SH,8/19/2024,33.42,42284342,
600036.SH,8/20/2024,33.48,42372873,
600036.SH,8/21/2024,33.24,37810105,
600036.SH,8/22/2024,33.3,38286399,
600036.SH,8/23/2024,33.7,46558726,
600036.SH,8/26/2024,33.77,35117460,
600036.SH,8/27/2024,33.7,38720857,
600036.SH,8/28/2024,33.68,41523208,
600036.SH,8/29/2024,32.93,51638782,
600036.SH,8/30/2024,32.15,111222983,
600036.SH,9/2/2024,31.93,55802065,
600036.SH,9/3/2024,31.62,50575188,
600036.SH,9/4/2024,31.36,38052590,
600036.SH,9/5/2024,31.2,54206345,
600036.SH,9/6/2024,31.25,38318214,
600036.SH,9/9/2024,30.24,87107347,
600036.SH,9/10/2024,30.19,47602357,
600036.SH,9/11/2024,30.08,41579376,
600036.SH,9/12/2024,30.23,41026697,
600036.SH,9/13/2024,30.6,49597443,
600036.SH,9/18/2024,31.11,41854027,
600036.SH,9/19/2024,30.82,45119126,
600036.SH,9/20/2024,30.94,48741755,
600036.SH,9/23/2024,31.39,34460872,
600036.SH,9/24/2024,33.13,136121800,
600036.SH,9/25/2024,34.15,185624279,
600036.SH,9/26/2024,35.38,174532999,
600036.SH,9/27/2024,35.63,74545782,
600036.SH,9/30/2024,37.61,256101260,
600036.SH,10/8/2024,40,297303868,
600036.SH,10/9/2024,37.01,185593210,
600036.SH,10/10/2024,38.73,143329841,
600036.SH,10/11/2024,38.43,90347580,
600036.SH,10/14/2024,39.33,129293839,
600036.SH,10/15/2024,38.5,95597653,
600036.SH,10/16/2024,39.5,101254815,
600036.SH,10/17/2024,38.49,84892228,
600036.SH,10/18/2024,39.05,92819433,
600036.SH,10/21/2024,38.85,71753946,
600036.SH,10/22/2024,39.17,60052610,
600036.SH,10/23/2024,39.66,62709968,
600036.SH,10/24/2024,39.31,33631220,
600036.SH,10/25/2024,39.1,44793119,
600036.SH,10/28/2024,38.52,66464094,
600036.SH,10/29/2024,38.6,51468161,
600036.SH,10/30/2024,37.88,70340828,
600036.SH,10/31/2024,37.36,85039251,
600036.SH,11/1/2024,38.01,70310211,
600036.SH,11/4/2024,38.75,64661209,
600036.SH,11/5/2024,39.08,62874476,
600036.SH,11/6/2024,38.56,64833629,
600036.SH,11/7/2024,39.57,74347218,
600036.SH,11/8/2024,38.8,74536846,
600036.SH,11/11/2024,38.33,70314555,
600036.SH,11/12/2024,37.59,89328928,
600036.SH,11/13/2024,37.82,48530440,
600036.SH,11/14/2024,38.06,67644030,
600036.SH,11/15/2024,37.82,69927688,
600036.SH,11/18/2024,37.9,76344807,
600036.SH,11/19/2024,37.72,52124855,
600036.SH,11/20/2024,37.48,45129126,
600036.SH,11/21/2024,37.43,35033614,
600036.SH,11/22/2024,36.45,69049090,
600036.SH,11/25/2024,36.22,53409473,
600036.SH,11/26/2024,36.39,45942121,
600036.SH,11/27/2024,36.6,39207688,
600036.SH,11/28/2024,36.47,45193910,
600036.SH,11/29/2024,36.34,66437999,
600036.SH,12/2/2024,36.51,42465209,
600036.SH,12/3/2024,37.12,72198609,
600036.SH,12/4/2024,36.81,62051124,
600036.SH,12/5/2024,36.91,56894934,
600036.SH,12/6/2024,37.7,87723587,
600036.SH,12/9/2024,37.7,49299535,
600036.SH,12/10/2024,38.6,103895319,
600036.SH,12/11/2024,38.3,51770936,
600036.SH,12/12/2024,38.8,58688876,
600036.SH,12/13/2024,37.3,111798280,
600036.SH,12/16/2024,37.74,64031589,
600036.SH,12/17/2024,37.85,60310408,
600036.SH,12/18/2024,38.52,80585536,
600036.SH,12/19/2024,38.02,61119582,
600036.SH,12/20/2024,37.91,54215038,
600036.SH,12/23/2024,38.35,90269156,
600036.SH,12/24/2024,39.22,99342846,
600036.SH,12/25/2024,39.4,75591307,
600036.SH,12/26/2024,39.48,53925194,
600036.SH,12/27/2024,39.34,70031955,
600036.SH,12/30/2024,39.62,67884533,
600036.SH,12/31/2024,39.3,64371699,
600036.SH,1/2/2025,38.51,64200070,
600036.SH,1/3/2025,38.66,68258306,
600036.SH,1/6/2025,39.05,61715863,
600036.SH,1/7/2025,38.9,49275205,
600036.SH,1/8/2025,39.28,75148102,
600036.SH,1/9/2025,39,44708335,
600036.SH,1/10/2025,38.98,48142480,
600036.SH,1/13/2025,39.07,60632274,
600036.SH,1/14/2025,39.85,70801188,
600036.SH,1/15/2025,40.64,79670088,
600036.SH,1/16/2025,40.99,59259386,
600036.SH,1/17/2025,40.71,47590050,
600036.SH,1/20/2025,40.12,54257482,
600036.SH,1/21/2025,40.14,40068506,
600036.SH,1/22/2025,39.45,58891222,
600036.SH,1/23/2025,39.83,60661810,
600036.SH,1/24/2025,40.26,57465234,
600036.SH,1/27/2025,40.65,52606047,
600036.SH,2/5/2025,40,50478889,
600036.SH,2/6/2025,40.2,46608842,
600036.SH,2/7/2025,40.2,52106618,
600036.SH,2/10/2025,40.6,58180595,
600036.SH,2/11/2025,40.98,45777119,
600036.SH,2/12/2025,41.62,60359149,
600036.SH,2/13/2025,41.71,46220698,
600036.SH,2/14/2025,42.03,49873690,
600036.SH,2/17/2025,41.72,53612561,
600036.SH,2/18/2025,42.05,54666539,
600036.SH,2/19/2025,41.98,37470223,
600036.SH,2/20/2025,41.85,40767508,
600036.SH,2/21/2025,41.4,59525579,
600036.SH,2/24/2025,41.27,57110709,
600036.SH,2/25/2025,41.03,50732120,
600036.SH,2/26/2025,41.48,47644661,
600036.SH,2/27/2025,42.38,62259657,
600036.SH,2/28/2025,42.05,70542365,
600036.SH,3/3/2025,42.05,47014902,
600036.SH,3/4/2025,41.8,31724542,
600036.SH,3/5/2025,42.89,63203743,
600036.SH,3/6/2025,42.96,57205304,
600036.SH,3/7/2025,43.57,60541319,
600036.SH,3/10/2025,43.07,50874971,
600036.SH,3/11/2025,43.51,56574109,
600036.SH,3/12/2025,43.54,41825836,
600036.SH,3/13/2025,43.84,58553928,
600036.SH,3/14/2025,45.16,91127535,
600036.SH,3/17/2025,45.04,65420973,
600036.SH,3/18/2025,45.14,42822001,
600036.SH,3/19/2025,46.02,67070594,
600036.SH,3/20/2025,45.24,67865603,
600036.SH,3/21/2025,44.7,67541170,
600036.SH,3/24/2025,45.05,44957619,
600036.SH,3/25/2025,45.09,35687155,
600036.SH,3/26/2025,42.66,157832632,
600036.SH,3/27/2025,43.26,82795081,
600036.SH,3/28/2025,43.22,38618409,
600036.SH,3/31/2025,43.29,53956888,
600036.SH,4/1/2025,42.87,38936035,
600036.SH,4/2/2025,42.73,33120189,
600036.SH,4/3/2025,42.65,46416550,
600036.SH,4/7/2025,40.83,181563292,
600036.SH,4/8/2025,41.15,161047736,
600036.SH,4/9/2025,40.46,97396935,
600036.SH,4/10/2025,41.1,74378875,
600036.SH,4/11/2025,41.51,58305691,
600036.SH,4/14/2025,41.48,48215984,
600036.SH,4/15/2025,42.1,61456386,
600036.SH,4/16/2025,42.25,57629358,
600036.SH,4/17/2025,42.12,40579288,
600036.SH,4/18/2025,42.75,43500128,
600036.SH,4/21/2025,42.28,41646585,
600036.SH,4/22/2025,42.01,43378813,
600036.SH,4/23/2025,41.99,46774359,
600036.SH,4/24/2025,42.21,41365185,
600036.SH,4/25/2025,42.08,42434993,
600036.SH,4/28/2025,42.35,38697317,
600036.SH,4/29/2025,42,45769853,
600036.SH,4/30/2025,40.74,117268210,
600036.SH,5/6/2025,41.37,66640999,
600036.SH,5/7/2025,42.02,71291388,
600036.SH,5/8/2025,42.8,83380964,
600036.SH,5/9/2025,43.48,66815472,
600036.SH,5/12/2025,43.8,84897409,
600036.SH,5/13/2025,44.56,69912417,
600036.SH,5/14/2025,44.81,71279018,
600036.SH,5/15/2025,44.92,68460048,
600036.SH,5/16/2025,44.27,61965535,
600036.SH,5/19/2025,43.84,50281701,
600036.SH,5/20/2025,43.9,50053483,
600036.SH,5/21/2025,43.9,49920035,
600036.SH,5/22/2025,44.51,56565562,
600036.SH,5/23/2025,44.05,54146009,
600036.SH,5/26/2025,43.8,45609975,
600036.SH,5/27/2025,43.74,36375001,
600036.SH,5/28/2025,43.68,30035524,
600036.SH,5/29/2025,43.47,49298970,
600036.SH,5/30/2025,43.43,57139144,
600036.SH,6/3/2025,43.97,50368513,
600036.SH,6/4/2025,44.06,37341667,
600036.SH,6/5/2025,44.37,42131680,
600036.SH,6/6/2025,44.47,37349895,
600036.SH,6/9/2025,44.6,47477446,
600036.SH,6/10/2025,44.67,52834892,
600036.SH,6/11/2025,45.31,77676108,
600036.SH,6/12/2025,45.23,45239070,
600036.SH,6/13/2025,45.18,47408056,
600036.SH,6/16/2025,45.78,41447435,
600036.SH,6/17/2025,45.98,47420901,
600036.SH,6/18/2025,45.85,42642859,
600036.SH,6/19/2025,45.63,51345430,
600036.SH,6/20/2025,45.99,44815652,
600036.SH,6/23/2025,46.25,53893148,
600036.SH,6/24/2025,46.75,65581461,
600036.SH,6/25/2025,47.5,60767987,
600036.SH,6/26/2025,47.88,59020064,
600036.SH,6/27/2025,46.22,95414320,
600036.SH,6/30/2025,45.95,62461363,
600036.SH,7/1/2025,46.45,45061309,
600036.SH,7/2/2025,46.9,51856318,
600036.SH,7/3/2025,46.61,55622576,
600036.SH,7/4/2025,47.07,67894832,
600036.SH,7/7/2025,47.2,56742742,
600036.SH,7/8/2025,47.62,63742101,
600036.SH,7/9/2025,47.13,61456635,
600036.SH,7/10/2025,48.24,121978404,
600036.SH,7/11/2025,45.64,118444284,
600036.SH,7/14/2025,45.57,64848437,
600036.SH,7/15/2025,45.22,66620626,
600036.SH,7/16/2025,45.11,46818639,
600036.SH,7/17/2025,45,41689506,
600036.SH,7/18/2025,45.05,54343057,
600036.SH,7/21/2025,44.85,56641201,
600036.SH,7/22/2025,44.94,92231906,
600036.SH,7/23/2025,45.12,85324905,
600036.SH,7/24/2025,44.88,82662013,
600036.SH,7/25/2025,44.83,69626423,
600036.SH,7/28/2025,44.44,63512720,
600036.SH,7/29/2025,44.14,78581282,
600036.SH,7/30/2025,44.42,72546085,
600036.SH,7/31/2025,44.48,73319517,
600036.SH,8/1/2025,44.42,59462094,
600036.SH,8/4/2025,44.9,49800832,
600036.SH,8/5/2025,45.25,55525830,
600036.SH,8/6/2025,45.12,43029640,
600036.SH,8/7/2025,45.15,44064325,
600036.SH,8/8/2025,44.53,45642153,
600036.SH,8/11/2025,44.1,53672371,
600036.SH,8/12/2025,44,56225243,
600036.SH,8/13/2025,43.54,87673736,
600036.SH,8/14/2025,43.78,67635168,
600036.SH,8/15/2025,43.3,93295684,
600036.SH,8/18/2025,43.51,92639738,
600036.SH,8/19/2025,43.4,57411852,
600036.SH,8/20/2025,43.45,54724013,
600036.SH,8/21/2025,43.47,57854002,
600036.SH,8/22/2025,43.26,79449625,
600036.SH,8/25/2025,43.87,90738990,
600036.SH,8/26/2025,43.52,75572231,
600036.SH,8/27/2025,43,75814078,
600036.SH,8/28/2025,42.98,82242557,
600036.SH,8/29/2025,42.89,136087899,
600036.SH,9/1/2025,41.98,127633329,
600036.SH,9/2/2025,43.44,145214114,
600036.SH,9/3/2025,42.9,81840560,
600036.SH,9/4/2025,43.05,93536328,
600036.SH,9/5/2025,42.76,57232838,
600036.SH,9/8/2025,42.43,85168162,
600036.SH,9/9/2025,42.83,58952653,
600036.SH,9/10/2025,43,47138694,
600036.SH,9/11/2025,43.3,65073072,
600036.SH,9/12/2025,42.54,82314003,
600036.SH,9/15/2025,42.22,69949106,
600036.SH,9/16/2025,41.75,85905078,
600036.SH,9/17/2025,41.76,57236258,
600036.SH,9/18/2025,40.83,100352240,
600036.SH,9/19/2025,41,83656307,
600036.SH,9/22/2025,40.92,65611030,
600036.SH,9/23/2025,41.55,93885081,
600036.SH,9/24/2025,41.32,64389951,
600036.SH,9/25/2025,40.82,66694887,
600036.SH,9/26/2025,40.8,68276667,
600036.SH,9/29/2025,40.68,83555055,
600036.SH,9/30/2025,40.41,70002520,
600036.SH,10/9/2025,40.33,97231953,
600036.SH,10/10/2025,40.18,95504979,
600036.SH,10/13/2025,40.11,106593617,
600036.SH,10/14/2025,41.26,173382668,
600036.SH,10/15/2025,41.5,106276702,
600036.SH,10/16/2025,41.93,106248776,
600036.SH,10/17/2025,41.59,82982705,
600036.SH,10/20/2025,41.42,64947729,
600036.SH,10/21/2025,41.98,75993124,
600036.SH,10/22/2025,41.95,55133364,
600036.SH,10/23/2025,42.24,71317373,
600036.SH,10/24/2025,41.95,69883194,
600036.SH,10/27/2025,41.59,98894862,
600036.SH,10/28/2025,41.6,70595074,
600036.SH,10/29/2025,40.77,91098760,
600036.SH,10/30/2025,41.2,113153844,
600036.SH,10/31/2025,40.89,70260700,
600036.SH,11/3/2025,41.79,92198068,
600036.SH,11/4/2025,43.01,134003592,
600036.SH,11/5/2025,42.8,73171377,
600036.SH,11/6/2025,42.34,87197274,
600036.SH,11/7/2025,42.51,59319118,
600036.SH,11/10/2025,42.72,53236873,
600036.SH,11/11/2025,42.96,54467066,
600036.SH,11/12/2025,42.93,58792878,
600036.SH,11/13/2025,43.21,58798006,
600036.SH,11/14/2025,43.25,51820955,
600036.SH,11/17/2025,42.65,61067446,
600036.SH,11/18/2025,42.88,51743927,
600036.SH,11/19/2025,43.22,51169639,
600036.SH,11/20/2025,43.23,58585152,
600036.SH,11/21/2025,43,79126405,
600036.SH,11/24/2025,42.63,67854882,
600036.SH,11/25/2025,43.25,66640949,
600036.SH,11/26/2025,43.25,45107206,
600036.SH,11/27/2025,43.19,62143434,
600036.SH,11/28/2025,42.95,49465789,
600036.SH,12/1/2025,43.44,56791942,
600036.SH,12/2/2025,43.38,40673497,
600036.SH,12/3/2025,43.01,46895972,
600036.SH,12/4/2025,43.22,36120746,
600036.SH,12/5/2025,43.45,54890622,
600036.SH,12/8/2025,43.18,58003881,
600036.SH,12/9/2025,43.04,46593870,
600036.SH,12/10/2025,41.7,108315686,
600036.SH,12/11/2025,41.68,84623107,
600036.SH,12/12/2025,41.74,71762547,
600036.SH,12/15/2025,41.8,56266557,
600036.SH,12/16/2025,41.7,56617635,
600036.SH,12/17/2025,41.52,63126744,
600036.SH,12/18/2025,42.37,76811931,
600036.SH,12/19/2025,41.99,57382341,
600036.SH,12/22/2025,41.77,52473989,
600036.SH,12/23/2025,41.91,60651014,
600036.SH,12/24/2025,41.83,53630520,
600036.SH,12/25/2025,41.78,49921351,
600036.SH,12/26/2025,41.7,50880959,
600036.SH,12/29/2025,41.87,68255105,
600036.SH,12/30/2025,42.28,83478293,
600036.SH,12/31/2025,42.1,55414239,
600036.SH,1/5/2026,42.35,84082964,
600036.SH,1/6/2026,42.73,92371482,
600036.SH,1/7/2026,42.15,88055952,
600036.SH,1/8/2026,41.58,111572692,
600036.SH,1/9/2026,41.3,98547074,
600036.SH,1/12/2026,41.12,118664058,
600036.SH,1/13/2026,41.13,115936473,
600036.SH,1/14/2026,40.07,191774380,
600036.SH,1/15/2026,40.11,121727094,
600036.SH,1/16/2026,38.72,152524530,
600036.SH,1/19/2026,38.55,98870273,
600036.SH,1/20/2026,38.73,111387322,
600036.SH,1/21/2026,38.24,121499985,
600036.SH,1/22/2026,37.85,187754633,
600036.SH,1/23/2026,37.5,189211273,
600036.SH,1/26/2026,38.02,216679416,
600036.SH,1/27/2026,38.1,157240627,
600036.SH,1/28/2026,37.8,204166688,
600036.SH,1/29/2026,38.53,199998187,
600036.SH,1/30/2026,38.67,166084303,
600036.SH,2/2/2026,38.45,138497888,
600036.SH,2/3/2026,38.3,84279156,
600036.SH,2/4/2026,39.01,102131628,
600036.SH,2/5/2026,39.71,121889452,
600036.SH,2/6/2026,39.6,80297978,
600036.SH,2/9/2026,39.48,65894891,
600036.SH,2/10/2026,39.34,49596465,
600036.SH,2/11/2026,39.4,52881696,
600036.SH,2/12/2026,38.99,77752571,
600036.SH,2/13/2026,38.71,70537032,
600036.SH,2/24/2026,38.94,75467438,
600036.SH,2/25/2026,38.78,72397149,
600036.SH,2/26/2026,38.7,59332534,
600036.SH,2/27/2026,38.75,63703472,
600036.SH,3/2/2026,38.67,68547313,
600036.SH,3/3/2026,39.18,138465642,
600036.SH,3/4/2026,38.6,115193902,
600036.SH,3/5/2026,39.15,78336979,
600036.SH,3/6/2026,39.2,46595667,
600036.SH,3/9/2026,38.79,76677490,
600036.SH,3/10/2026,39.22,61371700,
600036.SH,3/11/2026,39.5,68940710,
600036.SH,3/12/2026,39.5,52772330,
600036.SH,3/13/2026,39.76,76527668,
600036.SH,3/16/2026,39.91,61094451,
600036.SH,3/17/2026,40.12,65622927,
600036.SH,3/18/2026,39.92,70583141,
600036.SH,3/19/2026,39.77,65024684,
600036.SH,3/20/2026,39.75,61580273,
600036.SH,3/23/2026,38.68,95773829,
600036.SH,3/24/2026,39.25,61633642,
600036.SH,3/25/2026,39.26,65381669,
600036.SH,3/26/2026,39.56,61679007,
600036.SH,3/27/2026,39.44,46800671,
600036.SH,3/30/2026,39.48,64605410,
600036.SH,3/31/2026,39.32,66309671,
600036.SH,4/1/2026,39.82,88152581,
600036.SH,4/2/2026,39.76,53462988,
600036.SH,4/3/2026,39.4,46448537,
600036.SH,4/7/2026,38.99,52836661,
600036.SH,4/8/2026,39.62,66949789,
600036.SH,4/9/2026,39.26,53585405,
600036.SH,4/10/2026,39.21,54320208,
600036.SH,4/13/2026,38.98,52514495,
600036.SH,4/14/2026,39.13,50399861,
600036.SH,4/15/2026,39.9,105210379,
600036.SH,4/16/2026,39.91,61725776,
600036.SH,4/17/2026,39.52,58792518,
600036.SH,4/20/2026,39.87,58877642,
600036.SH,4/21/2026,39.87,54594915,
600036.SH,4/22/2026,39.74,50759455,
600036.SH,4/23/2026,39.81,56948934,
600036.SH,4/24/2026,39.38,62941438,
600036.SH,4/27/2026,39.38,92616843,
600036.SH,4/28/2026,39.6,66930520,
600036.SH,4/29/2026,38.5,253311717,
600036.SH,4/30/2026,38.27,116957410,
600036.SH,5/6/2026,38,143177103,
600036.SH,5/7/2026,37.95,79008987,
600036.SH,5/8/2026,37.94,86953912,
600036.SH,5/11/2026,37.97,92548934,
600036.SH,5/12/2026,37.9,96729929,
600036.SH,5/13/2026,37.88,71830416,
600036.SH,5/14/2026,37.81,86786790,
600036.SH,5/15/2026,37.65,82173796,
600036.SH,5/18/2026,37.47,70768410,
600036.SH,5/19/2026,37.37,71991007,
600036.SH,5/20/2026,37.17,69318422,
600036.SH,5/21/2026,37.15,72519969,
600036.SH,5/22/2026,37.02,79761712,
600036.SH,5/25/2026,36.94,71066833,
600036.SH,5/26/2026,37,70620290,
600036.SH,5/27/2026,37,84514627,
600036.SH,5/28/2026,37.12,99579106,
600036.SH,5/29/2026,38.01,153138355,
600036.SH,6/1/2026,38.2,96137886,
600036.SH,6/2/2026,38.8,125696953,
600036.SH,6/3/2026,38.5,88127454,
600036.SH,6/4/2026,38.1,73884128,0.052913
600036.SH,6/5/2026,38.58,77870900,0.052255
600036.SH,6/8/2026,38.5,76947767,0.052364
600036.SH,6/9/2026,38.49,66450037,0.052377
600036.SH,6/10/2026,38.9,93586076,0.051825
600036.SH,6/11/2026,38.73,59445402,0.052053
600519.SH,6/3/2024,1639.39,3026105,
600519.SH,6/4/2024,1653.2,2084108,
600519.SH,6/5/2024,1644,1905557,
600519.SH,6/6/2024,1639.81,2561005,
600519.SH,6/7/2024,1619.18,3352455,
600519.SH,6/11/2024,1569,7024676,
600519.SH,6/12/2024,1571.68,3317050,
600519.SH,6/13/2024,1555.01,3618597,
600519.SH,6/14/2024,1555,5951416,
600519.SH,6/17/2024,1541.5,4831816,
600519.SH,6/18/2024,1521.5,4125825,
600519.SH,6/19/2024,1501,4126153,
600519.SH,6/20/2024,1500.1,2471068,
600519.SH,6/21/2024,1471,4331997,
600519.SH,6/24/2024,1476.55,6383993,
600519.SH,6/25/2024,1486.65,4209795,
600519.SH,6/26/2024,1489.22,2956977,
600519.SH,6/27/2024,1490.49,3282178,
600519.SH,6/28/2024,1467.39,3858202,
600519.SH,7/1/2024,1440.38,3216138,
600519.SH,7/2/2024,1490.7,5185298,
600519.SH,7/3/2024,1500,3157326,
600519.SH,7/4/2024,1485.74,2437973,
600519.SH,7/5/2024,1453,3882938,
600519.SH,7/8/2024,1420,3952705,
600519.SH,7/9/2024,1438.03,3362071,
600519.SH,7/10/2024,1437.59,2376322,
600519.SH,7/11/2024,1462.09,2902014,
600519.SH,7/12/2024,1478.82,2338634,
600519.SH,7/15/2024,1474.9,1917626,
600519.SH,7/16/2024,1476,2031644,
600519.SH,7/17/2024,1501.4,3431101,
600519.SH,7/18/2024,1497.51,2887039,
600519.SH,7/19/2024,1525.62,3894291,
600519.SH,7/22/2024,1499,2854321,
600519.SH,7/23/2024,1455,3094396,
600519.SH,7/24/2024,1440.02,2412255,
600519.SH,7/25/2024,1430.49,2834656,
600519.SH,7/26/2024,1422.19,3235379,
600519.SH,7/29/2024,1398.02,3086907,
600519.SH,7/30/2024,1379.99,5177904,
600519.SH,7/31/2024,1421.28,4327232,
600519.SH,8/1/2024,1386.16,3203810,
600519.SH,8/2/2024,1385.45,2192769,
600519.SH,8/5/2024,1410.01,3773607,
600519.SH,8/6/2024,1404.7,2744433,
600519.SH,8/7/2024,1415.5,2062221,
600519.SH,8/8/2024,1430.69,2513082,
600519.SH,8/9/2024,1436.8,3013849,
600519.SH,8/12/2024,1436.1,1363203,
600519.SH,8/13/2024,1423.01,1630843,
600519.SH,8/14/2024,1413.3,1341431,
600519.SH,8/15/2024,1426.89,2303897,
600519.SH,8/16/2024,1431.2,1645470,
600519.SH,8/19/2024,1425.44,2043279,
600519.SH,8/20/2024,1422.72,1859138,
600519.SH,8/21/2024,1417.58,1509165,
600519.SH,8/22/2024,1410.05,1952729,
600519.SH,8/23/2024,1414.99,1532046,
600519.SH,8/26/2024,1412,1562841,
600519.SH,8/27/2024,1404.07,1365740,
600519.SH,8/28/2024,1389,3166351,
600519.SH,8/29/2024,1413.3,2747161,
600519.SH,8/30/2024,1443.19,3873923,
600519.SH,9/2/2024,1395,3413459,
600519.SH,9/3/2024,1410,1788760,
600519.SH,9/4/2024,1400,1421109,
600519.SH,9/5/2024,1404.88,1450295,
600519.SH,9/6/2024,1398,1032104,
600519.SH,9/9/2024,1375,2863755,
600519.SH,9/10/2024,1378,1980284,
600519.SH,9/11/2024,1380,2099577,
600519.SH,9/12/2024,1335.06,4794831,
600519.SH,9/13/2024,1304.13,5600511,
600519.SH,9/18/2024,1266.9,4618531,
600519.SH,9/19/2024,1261,5998821,
600519.SH,9/20/2024,1263.92,3998184,
600519.SH,9/23/2024,1261.54,4554969,
600519.SH,9/24/2024,1372.6,10041281,
600519.SH,9/25/2024,1399,7395380,
600519.SH,9/26/2024,1529,9727806,
600519.SH,9/27/2024,1629.2,8792167,
600519.SH,9/30/2024,1748,15729341,
600519.SH,10/8/2024,1723,19470947,
600519.SH,10/9/2024,1595.15,12019684,
600519.SH,10/10/2024,1640,7460342,
600519.SH,10/11/2024,1604.99,4191471,
600519.SH,10/14/2024,1601.99,4481202,
600519.SH,10/15/2024,1554.25,4357143,
600519.SH,10/16/2024,1522.5,4666440,
600519.SH,10/17/2024,1494.6,3945955,
600519.SH,10/18/2024,1541,6861930,
600519.SH,10/21/2024,1528.8,4200790,
600519.SH,10/22/2024,1543,3626913,
600519.SH,10/23/2024,1567.5,4008846,
600519.SH,10/24/2024,1552.2,2392280,
600519.SH,10/25/2024,1558.85,2774508,
600519.SH,10/28/2024,1565,3912140,
600519.SH,10/29/2024,1531.62,4116578,
600519.SH,10/30/2024,1532,3200574,
600519.SH,10/31/2024,1527.79,2995735,
600519.SH,11/1/2024,1533.75,3228392,
600519.SH,11/4/2024,1548.2,2909292,
600519.SH,11/5/2024,1576.99,4564047,
600519.SH,11/6/2024,1571,3763143,
600519.SH,11/7/2024,1649.14,7473872,
600519.SH,11/8/2024,1609.97,6077120,
600519.SH,11/11/2024,1598.01,4385365,
600519.SH,11/12/2024,1577.2,4922266,
600519.SH,11/13/2024,1578.5,2912526,
600519.SH,11/14/2024,1573.8,2924814,
600519.SH,11/15/2024,1559,3376112,
600519.SH,11/18/2024,1559,2709219,
600519.SH,11/19/2024,1541.92,3326643,
600519.SH,11/20/2024,1544.81,2134455,
600519.SH,11/21/2024,1545.13,1826179,
600519.SH,11/22/2024,1507.82,3343611,
600519.SH,11/25/2024,1498.57,3318556,
600519.SH,11/26/2024,1509,2574479,
600519.SH,11/27/2024,1519.05,2593417,
600519.SH,11/28/2024,1518,2395203,
600519.SH,11/29/2024,1525.74,3608810,
600519.SH,12/2/2024,1525,2681954,
600519.SH,12/3/2024,1526.74,2480662,
600519.SH,12/4/2024,1520,2392389,
600519.SH,12/5/2024,1511,1614147,
600519.SH,12/6/2024,1521.01,3203969,
600519.SH,12/9/2024,1518.8,1979986,
600519.SH,12/10/2024,1546.59,6031210,
600519.SH,12/11/2024,1535.6,2967112,
600519.SH,12/12/2024,1565.8,4193652,
600519.SH,12/13/2024,1519,4951197,
600519.SH,12/16/2024,1527.2,3253710,
600519.SH,12/17/2024,1558,5417163,
600519.SH,12/18/2024,1571.5,4116226,
600519.SH,12/19/2024,1551.01,2480932,
600519.SH,12/20/2024,1522,2815774,
600519.SH,12/23/2024,1526.45,2160269,
600519.SH,12/24/2024,1538.82,2210492,
600519.SH,12/25/2024,1530,1712339,
600519.SH,12/26/2024,1527.79,1828651,
600519.SH,12/27/2024,1528.97,2075932,
600519.SH,12/30/2024,1525,2512982,
600519.SH,12/31/2024,1524,3935445,
600519.SH,1/2/2025,1488,5002870,
600519.SH,1/3/2025,1475,3262836,
600519.SH,1/6/2025,1440,4425512,
600519.SH,1/7/2025,1440.2,2422118,
600519.SH,1/8/2025,1442.5,3525821,
600519.SH,1/9/2025,1444,2970565,
600519.SH,1/10/2025,1436,2187195,
600519.SH,1/13/2025,1443.98,2108251,
600519.SH,1/14/2025,1472.5,3095657,
600519.SH,1/15/2025,1471.27,1839934,
600519.SH,1/16/2025,1446.38,2634213,
600519.SH,1/17/2025,1454.75,1830894,
600519.SH,1/20/2025,1474.8,3140975,
600519.SH,1/21/2025,1468.15,1685604,
600519.SH,1/22/2025,1441,2829384,
600519.SH,1/23/2025,1443,2712504,
600519.SH,1/24/2025,1436,3136034,
600519.SH,1/27/2025,1434.99,2935646,
600519.SH,2/5/2025,1403.8,4075652,
600519.SH,2/6/2025,1412.84,2735582,
600519.SH,2/7/2025,1436,3724207,
600519.SH,2/10/2025,1431.51,2083979,
600519.SH,2/11/2025,1418,2357283,
600519.SH,2/12/2025,1443,2547579,
600519.SH,2/13/2025,1465.06,4338536,
600519.SH,2/14/2025,1475,2709992,
600519.SH,2/17/2025,1471.62,3247059,
600519.SH,2/18/2025,1475,2779992,
600519.SH,2/19/2025,1491,3239331,
600519.SH,2/20/2025,1474,2374973,
600519.SH,2/21/2025,1488.21,3641783,
600519.SH,2/24/2025,1479.07,3474373,
600519.SH,2/25/2025,1454,2838743,
600519.SH,2/26/2025,1460.01,2636609,
600519.SH,2/27/2025,1485.56,4976217,
600519.SH,2/28/2025,1500.79,5612895,
600519.SH,3/3/2025,1487.02,3159566,
600519.SH,3/4/2025,1470.11,2521121,
600519.SH,3/5/2025,1466.37,2460522,
600519.SH,3/6/2025,1505.98,4216764,
600519.SH,3/7/2025,1521,3799135,
600519.SH,3/10/2025,1522.9,3136907,
600519.SH,3/11/2025,1548.68,3977560,
600519.SH,3/12/2025,1542.58,2960396,
600519.SH,3/13/2025,1537.77,2572439,
600519.SH,3/14/2025,1628.01,9291315,
600519.SH,3/17/2025,1637.86,5468913,
600519.SH,3/18/2025,1624,3161345,
600519.SH,3/19/2025,1635.71,2738955,
600519.SH,3/20/2025,1604,3673677,
600519.SH,3/21/2025,1573.75,3361430,
600519.SH,3/24/2025,1583,2556585,
600519.SH,3/25/2025,1575.5,1767438,
600519.SH,3/26/2025,1576,1432356,
600519.SH,3/27/2025,1589,1795563,
600519.SH,3/28/2025,1585.21,1622789,
600519.SH,3/31/2025,1561,2108494,
600519.SH,4/1/2025,1556.02,1855644,
600519.SH,4/2/2025,1549.02,2167401,
600519.SH,4/3/2025,1568.88,3548050,
600519.SH,4/7/2025,1500,10195267,
600519.SH,4/8/2025,1545,7387649,
600519.SH,4/9/2025,1541.04,5563004,
600519.SH,4/10/2025,1549,3862021,
600519.SH,4/11/2025,1568.98,3263423,
600519.SH,4/14/2025,1551.99,2171144,
600519.SH,4/15/2025,1558,2148928,
600519.SH,4/16/2025,1559.17,3115605,
600519.SH,4/17/2025,1570,2384605,
600519.SH,4/18/2025,1565.94,2029848,
600519.SH,4/21/2025,1551,1805703,
600519.SH,4/22/2025,1548.8,1843214,
600519.SH,4/23/2025,1552,1866876,
600519.SH,4/24/2025,1552.25,1487181,
600519.SH,4/25/2025,1550,1476490,
600519.SH,4/28/2025,1550,1465972,
600519.SH,4/29/2025,1544,1892180,
600519.SH,4/30/2025,1547,2575425,
600519.SH,5/6/2025,1550.2,1830026,
600519.SH,5/7/2025,1555,2746221,
600519.SH,5/8/2025,1578.19,3348106,
600519.SH,5/9/2025,1591.18,2367190,
600519.SH,5/12/2025,1604.5,2473533,
600519.SH,5/13/2025,1590.3,2125829,
600519.SH,5/14/2025,1634.99,3946012,
600519.SH,5/15/2025,1632.01,2473285,
600519.SH,5/16/2025,1614.13,2293522,
600519.SH,5/19/2025,1578.98,3806283,
600519.SH,5/20/2025,1586,1952153,
600519.SH,5/21/2025,1580.97,1979464,
600519.SH,5/22/2025,1580,1509024,
600519.SH,5/23/2025,1572.6,2153700,
600519.SH,5/26/2025,1550.5,2708653,
600519.SH,5/27/2025,1543.9,1775213,
600519.SH,5/28/2025,1537,1626568,
600519.SH,5/29/2025,1540,2185958,
600519.SH,5/30/2025,1522,3123918,
600519.SH,6/3/2025,1509,2897918,
600519.SH,6/4/2025,1509.96,2300809,
600519.SH,6/5/2025,1514,2321366,
600519.SH,6/6/2025,1506.39,2502307,
600519.SH,6/9/2025,1486.11,4495867,
600519.SH,6/10/2025,1475.01,3049220,
600519.SH,6/11/2025,1480,3089282,
600519.SH,6/12/2025,1459,4990361,
600519.SH,6/13/2025,1426.95,5911325,
600519.SH,6/16/2025,1422.29,4288787,
600519.SH,6/17/2025,1427,2723151,
600519.SH,6/18/2025,1425,3076099,
600519.SH,6/19/2025,1426,2450072,
600519.SH,6/20/2025,1428.66,3481581,
600519.SH,6/23/2025,1420,2672331,
600519.SH,6/24/2025,1437.2,3631151,
600519.SH,6/25/2025,1435.86,4105007,
600519.SH,6/26/2025,1420,3486025,
600519.SH,6/27/2025,1403.09,3824973,
600519.SH,6/30/2025,1409.52,3045730,
600519.SH,7/1/2025,1405.1,1987819,
600519.SH,7/2/2025,1409.6,2621825,
600519.SH,7/3/2025,1415.6,2441267,
600519.SH,7/4/2025,1422.22,2876691,
600519.SH,7/7/2025,1410.7,2385467,
600519.SH,7/8/2025,1416.11,1867370,
600519.SH,7/9/2025,1418.88,2774532,
600519.SH,7/10/2025,1426.5,3872503,
600519.SH,7/11/2025,1427,5724335,
600519.SH,7/14/2025,1423.6,2778094,
600519.SH,7/15/2025,1411,3540578,
600519.SH,7/16/2025,1411.03,2128605,
600519.SH,7/17/2025,1416.35,2310554,
600519.SH,7/18/2025,1437,4182341,
600519.SH,7/21/2025,1443,2620331,
600519.SH,7/22/2025,1464.98,4211898,
600519.SH,7/23/2025,1475.5,4504484,
600519.SH,7/24/2025,1491.5,3880364,
600519.SH,7/25/2025,1455,4191126,
600519.SH,7/28/2025,1438.66,3858632,
600519.SH,7/29/2025,1439,2630408,
600519.SH,7/30/2025,1449.44,3186771,
600519.SH,7/31/2025,1421.67,5179751,
600519.SH,8/1/2025,1417,2963559,
600519.SH,8/4/2025,1419,1868795,
600519.SH,8/5/2025,1427.74,2534227,
600519.SH,8/6/2025,1423.88,2369928,
600519.SH,8/7/2025,1422.35,2800134,
600519.SH,8/8/2025,1420.97,1865528,
600519.SH,8/11/2025,1445,4715907,
600519.SH,8/12/2025,1437.04,4201923,
600519.SH,8/13/2025,1420.05,6552754,
600519.SH,8/14/2025,1426.99,4812930,
600519.SH,8/15/2025,1422.08,4758165,
600519.SH,8/18/2025,1428.5,4737798,
600519.SH,8/19/2025,1438,4637186,
600519.SH,8/20/2025,1450,4580466,
600519.SH,8/21/2025,1448.25,3089057,
600519.SH,8/22/2025,1463.95,4497058,
600519.SH,8/25/2025,1490.33,6532455,
600519.SH,8/26/2025,1481.61,3960213,
600519.SH,8/27/2025,1448,5600609,
600519.SH,8/28/2025,1446.1,3928177,
600519.SH,8/29/2025,1480,6225648,
600519.SH,9/1/2025,1476.1,4512338,
600519.SH,9/2/2025,1491.3,5668837,
600519.SH,9/3/2025,1480.55,4504503,
600519.SH,9/4/2025,1472.66,4774676,
600519.SH,9/5/2025,1483,3738848,
600519.SH,9/8/2025,1501.23,5138298,
600519.SH,9/9/2025,1505,3574277,
600519.SH,9/10/2025,1522.01,4966331,
600519.SH,9/11/2025,1523.5,3723896,
600519.SH,9/12/2025,1516,3372209,
600519.SH,9/15/2025,1515.1,2582703,
600519.SH,9/16/2025,1499.98,3271789,
600519.SH,9/17/2025,1493,3033054,
600519.SH,9/18/2025,1467.96,4972125,
600519.SH,9/19/2025,1467.97,3263662,
600519.SH,9/22/2025,1453.35,3494708,
600519.SH,9/23/2025,1447.42,3866300,
600519.SH,9/24/2025,1442,3074350,
600519.SH,9/25/2025,1439,3386973,
600519.SH,9/26/2025,1435,4512071,
600519.SH,9/29/2025,1460.86,5368403,
600519.SH,9/30/2025,1443.99,3936362,
600519.SH,10/9/2025,1436.78,5491812,
600519.SH,10/10/2025,1430,3600144,
600519.SH,10/13/2025,1419.2,4606880,
600519.SH,10/14/2025,1451.02,6667233,
600519.SH,10/15/2025,1462,4278540,
600519.SH,10/16/2025,1484.91,4573015,
600519.SH,10/17/2025,1455,3808589,
600519.SH,10/20/2025,1457.93,2594988,
600519.SH,10/21/2025,1462.26,2544267,
600519.SH,10/22/2025,1458.7,1819492,
600519.SH,10/23/2025,1467.98,2932235,
600519.SH,10/24/2025,1450,3822583,
600519.SH,10/27/2025,1440.41,3710239,
600519.SH,10/28/2025,1445,2712433,
600519.SH,10/29/2025,1431.9,3393711,
600519.SH,10/30/2025,1426.74,4745610,
600519.SH,10/31/2025,1430.01,3569377,
600519.SH,11/3/2025,1435,3454766,
600519.SH,11/4/2025,1429,2656572,
600519.SH,11/5/2025,1420.08,3447527,
600519.SH,11/6/2025,1435.13,3834782,
600519.SH,11/7/2025,1433.33,1886139,
600519.SH,11/10/2025,1462.3,4945154,
600519.SH,11/11/2025,1458.99,2669156,
600519.SH,11/12/2025,1465.15,3299210,
600519.SH,11/13/2025,1470.38,3117923,
600519.SH,11/14/2025,1456.6,2747306,
600519.SH,11/17/2025,1471,3446221,
600519.SH,11/18/2025,1476,3420478,
600519.SH,11/19/2025,1471.01,2204537,
600519.SH,11/20/2025,1467.11,2400232,
600519.SH,11/21/2025,1466.6,4260720,
600519.SH,11/24/2025,1452,3360744,
600519.SH,11/25/2025,1444.65,2844069,
600519.SH,11/26/2025,1449.15,2030616,
600519.SH,11/27/2025,1447.3,2228689,
600519.SH,11/28/2025,1450.5,2321121,
600519.SH,12/1/2025,1448,2733342,
600519.SH,12/2/2025,1436.03,2504726,
600519.SH,12/3/2025,1429.1,2357279,
600519.SH,12/4/2025,1423.98,2907539,
600519.SH,12/5/2025,1430.01,2540166,
600519.SH,12/8/2025,1418.22,3360280,
600519.SH,12/9/2025,1401.01,4263443,
600519.SH,12/10/2025,1402.8,3313347,
600519.SH,12/11/2025,1411.99,2238501,
600519.SH,12/12/2025,1420.65,3715919,
600519.SH,12/15/2025,1426,3335879,
600519.SH,12/16/2025,1422,2396367,
600519.SH,12/17/2025,1433.1,3138249,
600519.SH,12/18/2025,1431,1782995,
600519.SH,12/19/2025,1410,2650868,
600519.SH,12/22/2025,1408.26,2042565,
600519.SH,12/23/2025,1407.86,2450681,
600519.SH,12/24/2025,1400.9,2518669,
600519.SH,12/25/2025,1414.17,2338621,
600519.SH,12/26/2025,1414.13,1780299,
600519.SH,12/29/2025,1402,2630810,
600519.SH,12/30/2025,1389.72,3379194,
600519.SH,12/31/2025,1377.18,3476563,
600519.SH,1/5/2026,1426,7094942,
600519.SH,1/6/2026,1428.01,3958618,
600519.SH,1/7/2026,1423.36,2968380,
600519.SH,1/8/2026,1412.3,2913454,
600519.SH,1/9/2026,1419.1,2984774,
600519.SH,1/12/2026,1423.23,3608266,
600519.SH,1/13/2026,1411,3916866,
600519.SH,1/14/2026,1398.01,5175797,
600519.SH,1/15/2026,1388.89,4090714,
600519.SH,1/16/2026,1382,5512068,
600519.SH,1/19/2026,1376,4228640,
600519.SH,1/20/2026,1373.55,3648443,
600519.SH,1/21/2026,1351.06,6451625,
600519.SH,1/22/2026,1340.06,5901089,
600519.SH,1/23/2026,1337,6194890,
600519.SH,1/26/2026,1342,8016606,
600519.SH,1/27/2026,1343.01,4841596,
600519.SH,1/28/2026,1323.69,7621801,
600519.SH,1/29/2026,1437.72,18953440,
600519.SH,1/30/2026,1401,9447974,
600519.SH,2/2/2026,1427,8572427,
600519.SH,2/3/2026,1474.92,8632066,
600519.SH,2/4/2026,1525,10912293,
600519.SH,2/5/2026,1555,9162274,
600519.SH,2/6/2026,1515.01,7896538,
600519.SH,2/9/2026,1524.96,5116846,
600519.SH,2/10/2026,1504.8,3957596,
600519.SH,2/11/2026,1504.33,3092846,
600519.SH,2/12/2026,1486.6,4624582,
600519.SH,2/13/2026,1485.3,4167901,
600519.SH,2/24/2026,1466.8,4191253,
600519.SH,2/25/2026,1491.66,3688067,
600519.SH,2/26/2026,1466.21,3295801,
600519.SH,2/27/2026,1455.02,3216016,
600519.SH,3/2/2026,1440.11,3545386,
600519.SH,3/3/2026,1426.19,4589086,
600519.SH,3/4/2026,1401.18,4801443,
600519.SH,3/5/2026,1399.04,3050524,
600519.SH,3/6/2026,1402,2915415,
600519.SH,3/9/2026,1397,3744162,
600519.SH,3/10/2026,1401.88,2462592,
600519.SH,3/11/2026,1400,2445673,
600519.SH,3/12/2026,1392,2758646,
600519.SH,3/13/2026,1413.64,3360783,
600519.SH,3/16/2026,1460.18,6008635,
600519.SH,3/17/2026,1485,4945361,
600519.SH,3/18/2026,1468.8,3555100,
600519.SH,3/19/2026,1452.87,3031859,
600519.SH,3/20/2026,1445,2613234,
600519.SH,3/23/2026,1408.07,4725589,
600519.SH,3/24/2026,1407.33,2856179,
600519.SH,3/25/2026,1410.27,2609346,
600519.SH,3/26/2026,1401.18,2309289,
600519.SH,3/27/2026,1416.02,3008711,
600519.SH,3/30/2026,1420,2868459,
600519.SH,3/31/2026,1450,6169066,
600519.SH,4/1/2026,1459.44,2912514,
600519.SH,4/2/2026,1459.88,2106437,
600519.SH,4/3/2026,1460,2019373,
600519.SH,4/7/2026,1440.02,2415218,
600519.SH,4/8/2026,1465.02,3383610,
600519.SH,4/9/2026,1460.49,2070476,
600519.SH,4/10/2026,1453.96,2886556,
600519.SH,4/13/2026,1443.31,2521364,
600519.SH,4/14/2026,1446.9,2423261,
600519.SH,4/15/2026,1467.5,3455348,
600519.SH,4/16/2026,1462.84,2451284,
600519.SH,4/17/2026,1407.24,9682499,
600519.SH,4/20/2026,1410.89,3645139,
600519.SH,4/21/2026,1412.01,2175427,
600519.SH,4/22/2026,1409.5,2691593,
600519.SH,4/23/2026,1419,3770109,
600519.SH,4/24/2026,1458.49,5545531,
600519.SH,4/27/2026,1403.2,7279774,
600519.SH,4/28/2026,1405,3400442,
600519.SH,4/29/2026,1401.17,3481313,
600519.SH,4/30/2026,1384.79,5275267,
600519.SH,5/6/2026,1375,4780604,
600519.SH,5/7/2026,1371.05,4046147,
600519.SH,5/8/2026,1372.99,3336853,
600519.SH,5/11/2026,1361.33,5713510,
600519.SH,5/12/2026,1354.55,5083743,
600519.SH,5/13/2026,1344.09,5696787,
600519.SH,5/14/2026,1342.17,5524434,
600519.SH,5/15/2026,1332.95,5818365,
600519.SH,5/18/2026,1323,4966097,
600519.SH,5/19/2026,1324.3,4325464,
600519.SH,5/20/2026,1315,4748733,
600519.SH,5/21/2026,1311,3886838,
600519.SH,5/22/2026,1290.2,4915714,
600519.SH,5/25/2026,1285.88,4635276,
600519.SH,5/26/2026,1273.38,4593162,
600519.SH,5/27/2026,1303,8272791,
600519.SH,5/28/2026,1275.98,4588998,
600519.SH,5/29/2026,1326,7647805,
600519.SH,6/1/2026,1309.6,4384460,
600519.SH,6/2/2026,1307.22,3636185,
600519.SH,6/3/2026,1281.91,5247652,
600519.SH,6/4/2026,1268,3350617,0.040995
600519.SH,6/5/2026,1272.86,3130397,0.040838
600519.SH,6/8/2026,1262.98,3082836,0.041158
600519.SH,6/9/2026,1256,2786012,0.041386
600519.SH,6/10/2026,1275.88,3924414,0.040741
600519.SH,6/11/2026,1279,2535198,0.040642
600690.SH,6/3/2024,30.48,32379930,
600690.SH,6/4/2024,30.12,24793511,
600690.SH,6/5/2024,29.9,19492461,
600690.SH,6/6/2024,30.99,34756202,
600690.SH,6/7/2024,30.62,41181875,
600690.SH,6/11/2024,30.64,28023782,
600690.SH,6/12/2024,30.38,19675400,
600690.SH,6/13/2024,29.93,24420078,
600690.SH,6/14/2024,30.65,33834239,
600690.SH,6/17/2024,30.22,22618723,
600690.SH,6/18/2024,30.09,22766377,
600690.SH,6/19/2024,29.6,26295982,
600690.SH,6/20/2024,29.43,22162523,
600690.SH,6/21/2024,29.18,32343095,
600690.SH,6/24/2024,29.73,30699612,
600690.SH,6/25/2024,29.83,26304312,
600690.SH,6/26/2024,29.36,20711834,
600690.SH,6/27/2024,28.4,55634168,
600690.SH,6/28/2024,28.38,35398485,
600690.SH,7/1/2024,28.39,29649096,
600690.SH,7/2/2024,27.26,52165723,
600690.SH,7/3/2024,26.76,33193968,
600690.SH,7/4/2024,26.75,32088019,
600690.SH,7/5/2024,26.64,44159466,
600690.SH,7/8/2024,26.43,29291646,
600690.SH,7/9/2024,26.3,31229614,
600690.SH,7/10/2024,26.36,34077560,
600690.SH,7/11/2024,26.94,30947035,
600690.SH,7/12/2024,27.49,36104901,
600690.SH,7/15/2024,26.65,37173617,
600690.SH,7/16/2024,26.77,23561893,
600690.SH,7/17/2024,26.66,27720819,
600690.SH,7/18/2024,26.87,41993945,
600690.SH,7/19/2024,27.02,30765641,
600690.SH,7/22/2024,26.6,28447369,
600690.SH,7/23/2024,25.8,28837551,
600690.SH,7/24/2024,25.33,31487656,
600690.SH,7/25/2024,25.29,24287703,
600690.SH,7/26/2024,27.39,87513978,
600690.SH,7/29/2024,26.98,41890635,
600690.SH,7/30/2024,25.9,50656441,
600690.SH,7/31/2024,27.29,65124763,
600690.SH,8/1/2024,26.8,41622005,
600690.SH,8/2/2024,26.4,36285715,
600690.SH,8/5/2024,25.93,38235749,
600690.SH,8/6/2024,25.48,32908933,
600690.SH,8/7/2024,25.5,23424673,
600690.SH,8/8/2024,25.38,19031720,
600690.SH,8/9/2024,25.42,23896305,
600690.SH,8/12/2024,25.79,27030263,
600690.SH,8/13/2024,25.38,27836273,
600690.SH,8/14/2024,24.94,24022989,
600690.SH,8/15/2024,24.92,26957540,
600690.SH,8/16/2024,24.24,25159823,
600690.SH,8/19/2024,23.91,32845679,
600690.SH,8/20/2024,23.74,27015749,
600690.SH,8/21/2024,23.52,30983450,
600690.SH,8/22/2024,24.07,28608737,
600690.SH,8/23/2024,24.73,51391195,
600690.SH,8/26/2024,24.83,29363703,
600690.SH,8/27/2024,24.08,27242893,
600690.SH,8/28/2024,23.86,36303653,
600690.SH,8/29/2024,23.62,33840780,
600690.SH,8/30/2024,24.73,72958604,
600690.SH,9/2/2024,24.42,36804245,
600690.SH,9/3/2024,25.18,44255715,
600690.SH,9/4/2024,25.31,42019908,
600690.SH,9/5/2024,25.25,32986795,
600690.SH,9/6/2024,25.05,20421811,
600690.SH,9/9/2024,24.32,38606622,
600690.SH,9/10/2024,24.28,28857320,
600690.SH,9/11/2024,25.1,41090991,
600690.SH,9/12/2024,24.9,23953036,
600690.SH,9/13/2024,25.28,35378298,
600690.SH,9/18/2024,26.11,40859422,
600690.SH,9/19/2024,26.96,55070839,
600690.SH,9/20/2024,27.23,47276597,
600690.SH,9/23/2024,27.48,36610817,
600690.SH,9/24/2024,27.7,49404932,
600690.SH,9/25/2024,28.44,55042986,
600690.SH,9/26/2024,29.8,42096594,
600690.SH,9/27/2024,30.1,40850431,
600690.SH,9/30/2024,32.15,92237160,
600690.SH,10/8/2024,33.12,113869169,
600690.SH,10/9/2024,31.14,72458263,
600690.SH,10/10/2024,32.07,66036982,
600690.SH,10/11/2024,31.45,33536782,
600690.SH,10/14/2024,32.18,50674528,
600690.SH,10/15/2024,31.49,41494058,
600690.SH,10/16/2024,30.8,49577989,
600690.SH,10/17/2024,30.28,38134486,
600690.SH,10/18/2024,31.13,44933527,
600690.SH,10/21/2024,31.16,31220824,
600690.SH,10/22/2024,32.17,45127931,
600690.SH,10/23/2024,31.57,36932926,
600690.SH,10/24/2024,31.25,19548468,
600690.SH,10/25/2024,30.82,23967789,
600690.SH,10/28/2024,30.58,31898912,
600690.SH,10/29/2024,30.53,27807952,
600690.SH,10/30/2024,29.9,45327905,
600690.SH,10/31/2024,29.22,45899228,
600690.SH,11/1/2024,29.39,28043373,
600690.SH,11/4/2024,29.7,25931702,
600690.SH,11/5/2024,29.75,34118726,
600690.SH,11/6/2024,28.67,68123952,
600690.SH,11/7/2024,29.22,65075427,
600690.SH,11/8/2024,29.15,64032168,
600690.SH,11/11/2024,28.46,55989627,
600690.SH,11/12/2024,28.89,80147601,
600690.SH,11/13/2024,29.6,84114306,
600690.SH,11/14/2024,29.93,57853686,
600690.SH,11/15/2024,29.59,50083195,
600690.SH,11/18/2024,28.8,42408987,
600690.SH,11/19/2024,28.95,33987515,
600690.SH,11/20/2024,28.93,30645829,
600690.SH,11/21/2024,28.8,31276753,
600690.SH,11/22/2024,28.9,45700056,
600690.SH,11/25/2024,28.11,40854502,
600690.SH,11/26/2024,28.29,33319278,
600690.SH,11/27/2024,28.77,25470414,
600690.SH,11/28/2024,28.2,30171964,
600690.SH,11/29/2024,28.33,33243358,
600690.SH,12/2/2024,28.65,32311989,
600690.SH,12/3/2024,28.96,34608591,
600690.SH,12/4/2024,29.1,46320219,
600690.SH,12/5/2024,28.58,27887310,
600690.SH,12/6/2024,29.24,40439622,
600690.SH,12/9/2024,29.4,38180906,
600690.SH,12/10/2024,29.72,51226521,
600690.SH,12/11/2024,29.45,31585856,
600690.SH,12/12/2024,29.62,27107158,
600690.SH,12/13/2024,28.4,57413412,
600690.SH,12/16/2024,28.21,35797713,
600690.SH,12/17/2024,28.39,24294614,
600690.SH,12/18/2024,28.38,23192653,
600690.SH,12/19/2024,28.5,25636855,
600690.SH,12/20/2024,28.16,26708030,
600690.SH,12/23/2024,28.69,36480138,
600690.SH,12/24/2024,29.15,29786704,
600690.SH,12/25/2024,28.61,35819345,
600690.SH,12/26/2024,28.47,25611864,
600690.SH,12/27/2024,28.43,22575648,
600690.SH,12/30/2024,28.24,35908648,
600690.SH,12/31/2024,28.47,37577111,
600690.SH,1/2/2025,28.2,56857127,
600690.SH,1/3/2025,27.6,42837173,
600690.SH,1/6/2025,27.68,32147511,
600690.SH,1/7/2025,28.51,58308078,
600690.SH,1/8/2025,29.32,64384912,
600690.SH,1/9/2025,29.47,34015144,
600690.SH,1/10/2025,28.41,35104536,
600690.SH,1/13/2025,27.2,53863065,
600690.SH,1/14/2025,27.39,43382479,
600690.SH,1/15/2025,26.87,42350677,
600690.SH,1/16/2025,27.16,52153070,
600690.SH,1/17/2025,27.56,47544819,
600690.SH,1/20/2025,27.77,37879055,
600690.SH,1/21/2025,27.5,26702982,
600690.SH,1/22/2025,27.18,35115281,
600690.SH,1/23/2025,27.36,30789460,
600690.SH,1/24/2025,27.55,31574896,
600690.SH,1/27/2025,27.77,27311667,
600690.SH,2/5/2025,26.61,51672664,
600690.SH,2/6/2025,26.75,38007843,
600690.SH,2/7/2025,26.98,48363855,
600690.SH,2/10/2025,27.1,39413133,
600690.SH,2/11/2025,26.98,34927228,
600690.SH,2/12/2025,26.74,55135353,
600690.SH,2/13/2025,26.76,48368932,
600690.SH,2/14/2025,26.88,33755957,
600690.SH,2/17/2025,26.76,42478242,
600690.SH,2/18/2025,26.48,44558215,
600690.SH,2/19/2025,26.4,45220786,
600690.SH,2/20/2025,26.39,39744829,
600690.SH,2/21/2025,26.17,72447908,
600690.SH,2/24/2025,26.66,69335222,
600690.SH,2/25/2025,25.99,63156360,
600690.SH,2/26/2025,26.11,39211375,
600690.SH,2/27/2025,26.82,81241514,
600690.SH,2/28/2025,26.25,60295153,
600690.SH,3/3/2025,25.93,50832802,
600690.SH,3/4/2025,26,38971513,
600690.SH,3/5/2025,26.22,40067427,
600690.SH,3/6/2025,26.43,43750265,
600690.SH,3/7/2025,26.59,46454246,
600690.SH,3/10/2025,26.82,58780117,
600690.SH,3/11/2025,27.15,54636493,
600690.SH,3/12/2025,26.47,67509958,
600690.SH,3/13/2025,26.36,31590000,
600690.SH,3/14/2025,27.3,94752540,
600690.SH,3/17/2025,27.54,54945274,
600690.SH,3/18/2025,27.93,67552389,
600690.SH,3/19/2025,28.14,47521668,
600690.SH,3/20/2025,27.68,33916521,
600690.SH,3/21/2025,27.5,38176146,
600690.SH,3/24/2025,28.29,53458525,
600690.SH,3/25/2025,28.2,58483319,
600690.SH,3/26/2025,27.93,34508952,
600690.SH,3/27/2025,28.06,28993293,
600690.SH,3/28/2025,27.16,80865318,
600690.SH,3/31/2025,27.34,56658212,
600690.SH,4/1/2025,26.95,49429187,
600690.SH,4/2/2025,27.02,24772521,
600690.SH,4/3/2025,26.2,67828093,
600690.SH,4/7/2025,23.58,100756311,
600690.SH,4/8/2025,24.75,87251343,
600690.SH,4/9/2025,25.04,62609944,
600690.SH,4/10/2025,25.51,49094631,
600690.SH,4/11/2025,25.07,57093226,
600690.SH,4/14/2025,24.77,51217100,
600690.SH,4/15/2025,24.77,47156139,
600690.SH,4/16/2025,24.99,56804266,
600690.SH,4/17/2025,24.65,45799825,
600690.SH,4/18/2025,24.55,25360785,
600690.SH,4/21/2025,24.78,33701605,
600690.SH,4/22/2025,24.68,31043978,
600690.SH,4/23/2025,24.88,53897149,
600690.SH,4/24/2025,24.78,23538945,
600690.SH,4/25/2025,25.02,31709650,
600690.SH,4/28/2025,24.96,28559871,
600690.SH,4/29/2025,25.04,25222815,
600690.SH,4/30/2025,24.79,46592403,
600690.SH,5/6/2025,25.12,39586975,
600690.SH,5/7/2025,25.18,42948286,
600690.SH,5/8/2025,25.41,33924189,
600690.SH,5/9/2025,25.39,33982072,
600690.SH,5/12/2025,26.13,52329528,
600690.SH,5/13/2025,25.99,37841181,
600690.SH,5/14/2025,26.13,34361503,
600690.SH,5/15/2025,26.02,22167468,
600690.SH,5/16/2025,25.68,37736090,
600690.SH,5/19/2025,25.72,23800683,
600690.SH,5/20/2025,26.3,40739372,
600690.SH,5/21/2025,26.22,30094571,
600690.SH,5/22/2025,26.19,23862725,
600690.SH,5/23/2025,25.76,31892012,
600690.SH,5/26/2025,25.51,23252109,
600690.SH,5/27/2025,25.22,25069944,
600690.SH,5/28/2025,25.11,24806611,
600690.SH,5/29/2025,25.4,37129008,
600690.SH,5/30/2025,25.04,24545018,
600690.SH,6/3/2025,24.73,42442491,
600690.SH,6/4/2025,24.84,26349995,
600690.SH,6/5/2025,24.71,29387405,
600690.SH,6/6/2025,24.83,25689187,
600690.SH,6/9/2025,24.98,32174954,
600690.SH,6/10/2025,24.88,36496436,
600690.SH,6/11/2025,25.15,36993354,
600690.SH,6/12/2025,24.97,22431303,
600690.SH,6/13/2025,24.44,61277826,
600690.SH,6/16/2025,24.42,21407916,
600690.SH,6/17/2025,24.91,42800806,
600690.SH,6/18/2025,25,26404699,
600690.SH,6/19/2025,24.7,22382267,
600690.SH,6/20/2025,24.65,22407407,
600690.SH,6/23/2025,24.55,24700187,
600690.SH,6/24/2025,24.72,27017979,
600690.SH,6/25/2025,24.93,30089988,
600690.SH,6/26/2025,24.72,25585605,
600690.SH,6/27/2025,24.84,33619957,
600690.SH,6/30/2025,24.78,28842326,
600690.SH,7/1/2025,24.76,18101752,
600690.SH,7/2/2025,25.58,78143754,
600690.SH,7/3/2025,25.75,38167696,
600690.SH,7/4/2025,25.85,35349619,
600690.SH,7/7/2025,25.61,22793034,
600690.SH,7/8/2025,25.52,23394511,
600690.SH,7/9/2025,25.29,34281109,
600690.SH,7/10/2025,25.25,33938804,
600690.SH,7/11/2025,25.35,57850832,
600690.SH,7/14/2025,25.41,30263732,
600690.SH,7/15/2025,25.8,46882950,
600690.SH,7/16/2025,25.68,26392858,
600690.SH,7/17/2025,25.81,38335868,
600690.SH,7/18/2025,25.79,32726734,
600690.SH,7/21/2025,26.05,39548310,
600690.SH,7/22/2025,26.81,81126858,
600690.SH,7/23/2025,27.5,86421261,
600690.SH,7/24/2025,27.41,64065349,
600690.SH,7/25/2025,25.83,48346330,
600690.SH,7/28/2025,25.65,32761667,
600690.SH,7/29/2025,25.41,31603417,
600690.SH,7/30/2025,25.58,31341757,
600690.SH,7/31/2025,24.84,52717833,
600690.SH,8/1/2025,24.9,24378140,
600690.SH,8/4/2025,24.96,19987592,
600690.SH,8/5/2025,25.03,23604202,
600690.SH,8/6/2025,25.23,34611277,
600690.SH,8/7/2025,25.06,27109658,
600690.SH,8/8/2025,25.12,28110685,
600690.SH,8/11/2025,25.11,32140333,
600690.SH,8/12/2025,25.53,64838131,
600690.SH,8/13/2025,25.5,38462742,
600690.SH,8/14/2025,25.51,41882553,
600690.SH,8/15/2025,25.46,51563976,
600690.SH,8/18/2025,25.39,62812166,
600690.SH,8/19/2025,25.2,63935481,
600690.SH,8/20/2025,25.3,54279780,
600690.SH,8/21/2025,25.59,54913489,
600690.SH,8/22/2025,25.78,47549270,
600690.SH,8/25/2025,26.19,52489808,
600690.SH,8/26/2025,26.26,42458621,
600690.SH,8/27/2025,25.78,60683155,
600690.SH,8/28/2025,26,42173623,
600690.SH,8/29/2025,26.26,109050740,
600690.SH,9/1/2025,25.95,95687707,
600690.SH,9/2/2025,26.3,73735373,
600690.SH,9/3/2025,26.19,46847490,
600690.SH,9/4/2025,25.69,56247005,
600690.SH,9/5/2025,26.46,68032766,
600690.SH,9/8/2025,26.44,46024147,
600690.SH,9/9/2025,26.93,58328403,
600690.SH,9/10/2025,26.58,36942605,
600690.SH,9/11/2025,26.62,45760743,
600690.SH,9/12/2025,26.19,46451283,
600690.SH,9/15/2025,26,40697542,
600690.SH,9/16/2025,25.92,35366649,
600690.SH,9/17/2025,26.78,65833139,
600690.SH,9/18/2025,26.05,55603064,
600690.SH,9/19/2025,26.32,39947024,
600690.SH,9/22/2025,25.7,51323689,
600690.SH,9/23/2025,25.58,44142537,
600690.SH,9/24/2025,25.86,31235234,
600690.SH,9/25/2025,25.35,51231253,
600690.SH,9/26/2025,25.72,50602674,
600690.SH,9/29/2025,25.55,47205358,
600690.SH,9/30/2025,25.33,45958004,
600690.SH,10/9/2025,25.44,61481135,
600690.SH,10/10/2025,25.66,57009011,
600690.SH,10/13/2025,25.12,52215813,
600690.SH,10/14/2025,25.42,66511097,
600690.SH,10/15/2025,25.41,41709743,
600690.SH,10/16/2025,25.25,32146781,
600690.SH,10/17/2025,25.02,44219923,
600690.SH,10/20/2025,25.09,32405757,
600690.SH,10/21/2025,25.35,42121385,
600690.SH,10/22/2025,25.61,47884571,
600690.SH,10/23/2025,25.76,32067833,
600690.SH,10/24/2025,25.63,26813133,
600690.SH,10/27/2025,25.9,40643103,
600690.SH,10/28/2025,25.55,36022836,
600690.SH,10/29/2025,25.6,21505920,
600690.SH,10/30/2025,25.81,46170113,
600690.SH,10/31/2025,26.81,105763125,
600690.SH,11/3/2025,26.72,42432610,
600690.SH,11/4/2025,26.65,44788976,
600690.SH,11/5/2025,26.7,29708855,
600690.SH,11/6/2025,26.96,42539763,
600690.SH,11/7/2025,26.6,28673509,
600690.SH,11/10/2025,27.1,41207265,
600690.SH,11/11/2025,26.88,38923525,
600690.SH,11/12/2025,27.2,46432609,
600690.SH,11/13/2025,27.34,31397232,
600690.SH,11/14/2025,26.93,31320335,
600690.SH,11/17/2025,26.57,24002226,
600690.SH,11/18/2025,26.34,20629904,
600690.SH,11/19/2025,26.52,20125069,
600690.SH,11/20/2025,26.79,28623167,
600690.SH,11/21/2025,27.02,52830154,
600690.SH,11/24/2025,26.92,38501904,
600690.SH,11/25/2025,26.93,27203963,
600690.SH,11/26/2025,27.4,36375790,
600690.SH,11/27/2025,27.59,52469766,
600690.SH,11/28/2025,27.58,27931563,
600690.SH,12/1/2025,27.47,30021786,
600690.SH,12/2/2025,27.76,36069313,
600690.SH,12/3/2025,27.93,36542428,
600690.SH,12/4/2025,27.6,30287472,
600690.SH,12/5/2025,27.54,35144049,
600690.SH,12/8/2025,27.17,38129061,
600690.SH,12/9/2025,26.71,31195202,
600690.SH,12/10/2025,26.7,24035440,
600690.SH,12/11/2025,26.55,24358709,
600690.SH,12/12/2025,26.94,35929940,
600690.SH,12/15/2025,27.35,41863288,
600690.SH,12/16/2025,27.19,20934334,
600690.SH,12/17/2025,27.49,33674199,
600690.SH,12/18/2025,27.41,17990362,
600690.SH,12/19/2025,27.51,28465473,
600690.SH,12/22/2025,27.33,23192894,
600690.SH,12/23/2025,27.21,25508570,
600690.SH,12/24/2025,26.84,30637973,
600690.SH,12/25/2025,26.88,20119332,
600690.SH,12/26/2025,26.74,25058495,
600690.SH,12/29/2025,26.58,27436827,
600690.SH,12/30/2025,26.54,31914324,
600690.SH,12/31/2025,26.09,43573682,
600690.SH,1/5/2026,26.32,43371969,
600690.SH,1/6/2026,26.4,46308520,
600690.SH,1/7/2026,26.3,41789311,
600690.SH,1/8/2026,26.12,39673322,
600690.SH,1/9/2026,26.05,43909176,
600690.SH,1/12/2026,26.2,43355512,
600690.SH,1/13/2026,25.9,48955170,
600690.SH,1/14/2026,25.93,49705271,
600690.SH,1/15/2026,25.82,35549489,
600690.SH,1/16/2026,25.7,38550866,
600690.SH,1/19/2026,25.94,38345953,
600690.SH,1/20/2026,26.38,65424119,
600690.SH,1/21/2026,25.89,53615071,
600690.SH,1/22/2026,25.89,38183558,
600690.SH,1/23/2026,25.68,44181558,
600690.SH,1/26/2026,25.6,56665506,
600690.SH,1/27/2026,25.5,34938992,
600690.SH,1/28/2026,25.13,69260383,
600690.SH,1/29/2026,25.46,103559847,
600690.SH,1/30/2026,25.11,48741722,
600690.SH,2/2/2026,25,47101521,
600690.SH,2/3/2026,25.2,38852149,
600690.SH,2/4/2026,26.04,74080608,
600690.SH,2/5/2026,26.33,48192178,
600690.SH,2/6/2026,26.07,38053436,
600690.SH,2/9/2026,25.96,36521845,
600690.SH,2/10/2026,26.15,28184890,
600690.SH,2/11/2026,26.03,21072594,
600690.SH,2/12/2026,25.89,22774714,
600690.SH,2/13/2026,25.7,26715176,
600690.SH,2/24/2026,26.02,36912730,
600690.SH,2/25/2026,26.11,64096986,
600690.SH,2/26/2026,25.96,35631145,
600690.SH,2/27/2026,25.7,38988592,
600690.SH,3/2/2026,25.32,36249482,
600690.SH,3/3/2026,25.08,49021276,
600690.SH,3/4/2026,24.54,66943540,
600690.SH,3/5/2026,24.62,28873849,
600690.SH,3/6/2026,24.86,24643182,
600690.SH,3/9/2026,24.4,39436701,
600690.SH,3/10/2026,24.87,40524222,
600690.SH,3/11/2026,25.19,45871157,
600690.SH,3/12/2026,25.24,34576860,
600690.SH,3/13/2026,25.08,30991544,
600690.SH,3/16/2026,24.93,26420621,
600690.SH,3/17/2026,25.08,32299586,
600690.SH,3/18/2026,24.94,29752803,
600690.SH,3/19/2026,24.55,30071167,
600690.SH,3/20/2026,24.51,31245951,
600690.SH,3/23/2026,23.44,80107494,
600690.SH,3/24/2026,23.35,47910744,
600690.SH,3/25/2026,23.59,47837280,
600690.SH,3/26/2026,23.11,41441564,
600690.SH,3/27/2026,22.23,127895760,
600690.SH,3/30/2026,21.59,78677980,
600690.SH,3/31/2026,21.38,85991643,
600690.SH,4/1/2026,21.79,69078300,
600690.SH,4/2/2026,21.38,58502258,
600690.SH,4/3/2026,21.15,32093059,
600690.SH,4/7/2026,20.67,72707150,
600690.SH,4/8/2026,21.17,57622436,
600690.SH,4/9/2026,20.75,49932890,
600690.SH,4/10/2026,20.88,46031522,
600690.SH,4/13/2026,20.74,36901893,
600690.SH,4/14/2026,20.94,39705970,
600690.SH,4/15/2026,21.05,46258157,
600690.SH,4/16/2026,21.06,46042040,
600690.SH,4/17/2026,20.85,44512804,
600690.SH,4/20/2026,20.77,45067986,
600690.SH,4/21/2026,20.83,68732548,
600690.SH,4/22/2026,20.68,46254066,
600690.SH,4/23/2026,20.53,51144428,
600690.SH,4/24/2026,20.48,46887385,
600690.SH,4/27/2026,20.52,55243275,
600690.SH,4/28/2026,21.34,124919291,
600690.SH,4/29/2026,21.64,82162550,
600690.SH,4/30/2026,21.53,50624300,
600690.SH,5/6/2026,21.58,52650878,
600690.SH,5/7/2026,21.44,48834953,
600690.SH,5/8/2026,21.39,38036867,
600690.SH,5/11/2026,21.49,88849132,
600690.SH,5/12/2026,21.22,47106878,
600690.SH,5/13/2026,21.08,45767399,
600690.SH,5/14/2026,21.28,74539230,
600690.SH,5/15/2026,21.4,79621647,
600690.SH,5/18/2026,21.09,65671933,
600690.SH,5/19/2026,20.98,32770130,
600690.SH,5/20/2026,20.88,30937782,
600690.SH,5/21/2026,20.44,49396843,
600690.SH,5/22/2026,20.38,45184279,
600690.SH,5/25/2026,20.31,29105307,
600690.SH,5/26/2026,20.22,29846692,
600690.SH,5/27/2026,20.16,42872635,
600690.SH,5/28/2026,20.11,31953744,
600690.SH,5/29/2026,20.88,83482264,
600690.SH,6/1/2026,21.08,55596733,
600690.SH,6/2/2026,21.13,40822919,
600690.SH,6/3/2026,20.7,56925737,
600690.SH,6/4/2026,20.36,37316168,0.056773
600690.SH,6/5/2026,20.31,33954085,0.056913
600690.SH,6/8/2026,20.17,38452009,0.057308
600690.SH,6/9/2026,20.07,40850934,0.057593
600690.SH,6/10/2026,20.42,57616553,0.056606
600690.SH,6/11/2026,21.11,77023356,0.054756
600809.SH,6/3/2024,243.1,3971686,
600809.SH,6/4/2024,243.91,3665508,
600809.SH,6/5/2024,243.96,3625619,
600809.SH,6/6/2024,241.83,4255718,
600809.SH,6/7/2024,237.43,4404332,
600809.SH,6/11/2024,231.81,5364278,
600809.SH,6/12/2024,231.74,3379051,
600809.SH,6/13/2024,228.4,4635936,
600809.SH,6/14/2024,234.81,7028968,
600809.SH,6/17/2024,233.29,5123468,
600809.SH,6/18/2024,227.87,4450647,
600809.SH,6/19/2024,225.08,4087466,
600809.SH,6/20/2024,224.22,5171916,
600809.SH,6/21/2024,217,7362891,
600809.SH,6/24/2024,219.14,6626588,
600809.SH,6/25/2024,218.77,5008980,
600809.SH,6/26/2024,218.05,3518846,
600809.SH,6/27/2024,216.01,4328008,
600809.SH,6/28/2024,210.88,4800253,
600809.SH,7/1/2024,207.06,6046655,
600809.SH,7/2/2024,208.64,5277405,
600809.SH,7/3/2024,203.41,4183969,
600809.SH,7/4/2024,201.35,4728424,
600809.SH,7/5/2024,193.5,4533208,
600809.SH,7/8/2024,190,5022212,
600809.SH,7/9/2024,189.8,9916669,
600809.SH,7/10/2024,191.28,6505842,
600809.SH,7/11/2024,193.19,7674613,
600809.SH,7/12/2024,197.22,7312743,
600809.SH,7/15/2024,195.9,4741240,
600809.SH,7/16/2024,193.18,5032406,
600809.SH,7/17/2024,199.4,6699747,
600809.SH,7/18/2024,200.3,6120721,
600809.SH,7/19/2024,204.01,6948426,
600809.SH,7/22/2024,197,6725319,
600809.SH,7/23/2024,185.29,8416794,
600809.SH,7/24/2024,181,7315197,
600809.SH,7/25/2024,181.47,5810353,
600809.SH,7/26/2024,182.35,4407368,
600809.SH,7/29/2024,178.65,5495480,
600809.SH,7/30/2024,180.76,7757907,
600809.SH,7/31/2024,184.33,8885224,
600809.SH,8/1/2024,178.23,6623563,
600809.SH,8/2/2024,177,3543914,
600809.SH,8/5/2024,183.42,9016521,
600809.SH,8/6/2024,185,6294012,
600809.SH,8/7/2024,191,7818438,
600809.SH,8/8/2024,194.9,8102980,
600809.SH,8/9/2024,193.5,4814544,
600809.SH,8/12/2024,191.29,3454374,
600809.SH,8/13/2024,188.88,3345543,
600809.SH,8/14/2024,185.55,4767631,
600809.SH,8/15/2024,185.31,4344062,
600809.SH,8/16/2024,183.8,3408443,
600809.SH,8/19/2024,184.03,3874430,
600809.SH,8/20/2024,182.17,3685573,
600809.SH,8/21/2024,180.81,2892915,
600809.SH,8/22/2024,178.67,4229134,
600809.SH,8/23/2024,177.78,3155632,
600809.SH,8/26/2024,175.71,3683494,
600809.SH,8/27/2024,175.74,4251053,
600809.SH,8/28/2024,165.6,17357135,
600809.SH,8/29/2024,166.6,9353296,
600809.SH,8/30/2024,176.83,10624361,
600809.SH,9/2/2024,167.44,6913379,
600809.SH,9/3/2024,169.65,3734712,
600809.SH,9/4/2024,167.59,2960965,
600809.SH,9/5/2024,168.2,2896186,
600809.SH,9/6/2024,163.99,2502380,
600809.SH,9/9/2024,159.91,4323305,
600809.SH,9/10/2024,159.65,5036091,
600809.SH,9/11/2024,159.9,3436616,
600809.SH,9/12/2024,154.15,6820545,
600809.SH,9/13/2024,150.2,8197508,
600809.SH,9/18/2024,147.79,5763630,
600809.SH,9/19/2024,153.14,10940008,
600809.SH,9/20/2024,154.23,6348425,
600809.SH,9/23/2024,154.48,6465506,
600809.SH,9/24/2024,165.05,13230985,
600809.SH,9/25/2024,164.45,12227276,
600809.SH,9/26/2024,180.9,14603265,
600809.SH,9/27/2024,198.99,14390540,
600809.SH,9/30/2024,218.89,17966080,
600809.SH,10/8/2024,230.8,25087917,
600809.SH,10/9/2024,207.72,20098081,
600809.SH,10/10/2024,209.35,13962904,
600809.SH,10/11/2024,199.36,10349842,
600809.SH,10/14/2024,202.15,9538377,
600809.SH,10/15/2024,192.81,7144841,
600809.SH,10/16/2024,190.5,6278650,
600809.SH,10/17/2024,184.19,7287555,
600809.SH,10/18/2024,191.03,12052248,
600809.SH,10/21/2024,193.14,8565111,
600809.SH,10/22/2024,196,8171216,
600809.SH,10/23/2024,199.02,8464771,
600809.SH,10/24/2024,192.75,4864979,
600809.SH,10/25/2024,195,5125128,
600809.SH,10/28/2024,204.47,11295439,
600809.SH,10/29/2024,203.34,7452331,
600809.SH,10/30/2024,197.1,6304855,
600809.SH,10/31/2024,200.9,6524926,
600809.SH,11/1/2024,208.76,10888328,
600809.SH,11/4/2024,209.9,6799050,
600809.SH,11/5/2024,217.79,9649216,
600809.SH,11/6/2024,213.86,7147422,
600809.SH,11/7/2024,233.4,13236348,
600809.SH,11/8/2024,226.1,11266938,
600809.SH,11/11/2024,226,8628390,
600809.SH,11/12/2024,222,6643503,
600809.SH,11/13/2024,223.03,3889214,
600809.SH,11/14/2024,221.21,4962614,
600809.SH,11/15/2024,216.82,6672259,
600809.SH,11/18/2024,212.92,5697259,
600809.SH,11/19/2024,209.07,9190593,
600809.SH,11/20/2024,210,4229495,
600809.SH,11/21/2024,208.48,4548538,
600809.SH,11/22/2024,199.4,6862533,
600809.SH,11/25/2024,197.74,5608375,
600809.SH,11/26/2024,201,5377687,
600809.SH,11/27/2024,202.4,4717322,
600809.SH,11/28/2024,200.73,3737182,
600809.SH,11/29/2024,203.69,5723933,
600809.SH,12/2/2024,201.47,6615513,
600809.SH,12/3/2024,200.16,5083805,
600809.SH,12/4/2024,199.63,4502664,
600809.SH,12/5/2024,198.77,2932959,
600809.SH,12/6/2024,200.01,5096173,
600809.SH,12/9/2024,200.48,5323531,
600809.SH,12/10/2024,205.02,14142232,
600809.SH,12/11/2024,204.88,5703127,
600809.SH,12/12/2024,209.98,9368269,
600809.SH,12/13/2024,199.44,11023728,
600809.SH,12/16/2024,194.89,7611856,
600809.SH,12/17/2024,195.33,4656757,
600809.SH,12/18/2024,195.21,3730790,
600809.SH,12/19/2024,193.23,4867819,
600809.SH,12/20/2024,192.5,3889687,
600809.SH,12/23/2024,188.4,6283796,
600809.SH,12/24/2024,189.52,5100486,
600809.SH,12/25/2024,188.88,4871072,
600809.SH,12/26/2024,188.93,3017867,
600809.SH,12/27/2024,187.79,4470833,
600809.SH,12/30/2024,185.93,4782046,
600809.SH,12/31/2024,184.21,6155368,
600809.SH,1/2/2025,177.98,8925701,
600809.SH,1/3/2025,178,5672356,
600809.SH,1/6/2025,174.2,6979537,
600809.SH,1/7/2025,173.94,3730528,
600809.SH,1/8/2025,171.57,4809466,
600809.SH,1/9/2025,173.11,5151160,
600809.SH,1/10/2025,171.39,4146021,
600809.SH,1/13/2025,173.56,5859448,
600809.SH,1/14/2025,180.86,7697159,
600809.SH,1/15/2025,180.25,4151015,
600809.SH,1/16/2025,178.3,3874002,
600809.SH,1/17/2025,178.56,4899429,
600809.SH,1/20/2025,182.3,6512992,
600809.SH,1/21/2025,179.8,3977100,
600809.SH,1/22/2025,176.42,4093084,
600809.SH,1/23/2025,177.08,4817720,
600809.SH,1/24/2025,173.76,4011628,
600809.SH,1/27/2025,172,4327140,
600809.SH,2/5/2025,169.75,4189341,
600809.SH,2/6/2025,171.43,4009653,
600809.SH,2/7/2025,173.99,6095745,
600809.SH,2/10/2025,176.39,5506803,
600809.SH,2/11/2025,175,4137082,
600809.SH,2/12/2025,180.26,5835271,
600809.SH,2/13/2025,192.43,16467088,
600809.SH,2/14/2025,190.12,7136222,
600809.SH,2/17/2025,192.98,7466242,
600809.SH,2/18/2025,188.35,5776685,
600809.SH,2/19/2025,189.77,4660059,
600809.SH,2/20/2025,190.65,5026836,
600809.SH,2/21/2025,193.26,5968244,
600809.SH,2/24/2025,198.91,10174325,
600809.SH,2/25/2025,194.1,4615374,
600809.SH,2/26/2025,199.24,6175909,
600809.SH,2/27/2025,204.7,11774333,
600809.SH,2/28/2025,203.68,8764622,
600809.SH,3/3/2025,196.97,7347368,
600809.SH,3/4/2025,195.89,3954500,
600809.SH,3/5/2025,196.61,3758150,
600809.SH,3/6/2025,200.88,5677428,
600809.SH,3/7/2025,205.47,6049195,
600809.SH,3/10/2025,206.01,4093416,
600809.SH,3/11/2025,217,10256605,
600809.SH,3/12/2025,214.1,6364405,
600809.SH,3/13/2025,215.9,5543708,
600809.SH,3/14/2025,222.85,11502852,
600809.SH,3/17/2025,228.93,12189774,
600809.SH,3/18/2025,224.81,7195087,
600809.SH,3/19/2025,222.22,5211866,
600809.SH,3/20/2025,218.56,6660313,
600809.SH,3/21/2025,217,5298088,
600809.SH,3/24/2025,213.2,7893777,
600809.SH,3/25/2025,212.48,4471000,
600809.SH,3/26/2025,212.84,4410124,
600809.SH,3/27/2025,217.67,4297431,
600809.SH,3/28/2025,217.21,3651138,
600809.SH,3/31/2025,214.28,3933292,
600809.SH,4/1/2025,212.43,2215756,
600809.SH,4/2/2025,212.8,2065841,
600809.SH,4/3/2025,218.15,5398164,
600809.SH,4/7/2025,216.5,9447972,
600809.SH,4/8/2025,216.5,8942826,
600809.SH,4/9/2025,222.63,7465442,
600809.SH,4/10/2025,222,5887185,
600809.SH,4/11/2025,220.99,5192434,
600809.SH,4/14/2025,215.7,5142388,
600809.SH,4/15/2025,215.36,3904650,
600809.SH,4/16/2025,218.22,3864882,
600809.SH,4/17/2025,223.9,6130631,
600809.SH,4/18/2025,220.09,3638384,
600809.SH,4/21/2025,214.89,5518189,
600809.SH,4/22/2025,217.95,5531199,
600809.SH,4/23/2025,214.76,4520318,
600809.SH,4/24/2025,213.7,4302656,
600809.SH,4/25/2025,211.15,4733899,
600809.SH,4/28/2025,209.51,3738397,
600809.SH,4/29/2025,202.99,7177602,
600809.SH,4/30/2025,204.1,4292153,
600809.SH,5/6/2025,204.34,4258506,
600809.SH,5/7/2025,204.27,3773598,
600809.SH,5/8/2025,204.24,3300592,
600809.SH,5/9/2025,203.32,2432493,
600809.SH,5/12/2025,206.06,3641030,
600809.SH,5/13/2025,205.41,2161158,
600809.SH,5/14/2025,210.7,6794218,
600809.SH,5/15/2025,209.5,3401382,
600809.SH,5/16/2025,205,3150929,
600809.SH,5/19/2025,200.1,5678738,
600809.SH,5/20/2025,198.5,4748632,
600809.SH,5/21/2025,196.56,4408902,
600809.SH,5/22/2025,193.01,4715238,
600809.SH,5/23/2025,192,5273706,
600809.SH,5/26/2025,188.32,4856888,
600809.SH,5/27/2025,188.4,4807872,
600809.SH,5/28/2025,188,5003484,
600809.SH,5/29/2025,187.78,5558710,
600809.SH,5/30/2025,184.3,5387915,
600809.SH,6/3/2025,181.1,6254227,
600809.SH,6/4/2025,179.18,7427129,
600809.SH,6/5/2025,182.88,7752974,
600809.SH,6/6/2025,181.61,5312271,
600809.SH,6/9/2025,177.86,9606788,
600809.SH,6/10/2025,176.82,8428810,
600809.SH,6/11/2025,177.1,6729432,
600809.SH,6/12/2025,173.85,8391849,
600809.SH,6/13/2025,171.1,7700669,
600809.SH,6/16/2025,172.22,10297429,
600809.SH,6/17/2025,174.75,8552510,
600809.SH,6/18/2025,177.45,10858191,
600809.SH,6/19/2025,176.6,5943645,
600809.SH,6/20/2025,183.44,12034574,
600809.SH,6/23/2025,177.71,8725674,
600809.SH,6/24/2025,179.39,6546033,
600809.SH,6/25/2025,178.8,8107938,
600809.SH,6/26/2025,179.65,5977023,
600809.SH,6/27/2025,176.46,5481561,
600809.SH,6/30/2025,176.39,6469920,
600809.SH,7/1/2025,174.42,5632140,
600809.SH,7/2/2025,175.62,6562099,
600809.SH,7/3/2025,175.62,5697299,
600809.SH,7/4/2025,175.7,5983244,
600809.SH,7/7/2025,172.49,4431606,
600809.SH,7/8/2025,175.9,6331739,
600809.SH,7/9/2025,178.28,11104664,
600809.SH,7/10/2025,178.54,7152958,
600809.SH,7/11/2025,177.49,8821759,
600809.SH,7/14/2025,177.97,5334937,
600809.SH,7/15/2025,174.41,7855288,
600809.SH,7/16/2025,175.61,6615406,
600809.SH,7/17/2025,176.07,4965608,
600809.SH,7/18/2025,181.1,17014574,
600809.SH,7/21/2025,180.29,9277184,
600809.SH,7/22/2025,190.78,18283269,
600809.SH,7/23/2025,189.71,11642005,
600809.SH,7/24/2025,190.46,6423260,
600809.SH,7/25/2025,185.58,8607118,
600809.SH,7/28/2025,183.36,9247646,
600809.SH,7/29/2025,183.03,6294914,
600809.SH,7/30/2025,185.1,8643430,
600809.SH,7/31/2025,179,11558812,
600809.SH,8/1/2025,178.91,5254878,
600809.SH,8/4/2025,178.2,4986493,
600809.SH,8/5/2025,181.29,6600223,
600809.SH,8/6/2025,182.1,4759176,
600809.SH,8/7/2025,181.41,4131484,
600809.SH,8/8/2025,179.13,4495562,
600809.SH,8/11/2025,186.62,12632195,
600809.SH,8/12/2025,186.8,11393099,
600809.SH,8/13/2025,188.08,6765342,
600809.SH,8/14/2025,187.34,6501400,
600809.SH,8/15/2025,188.58,6398007,
600809.SH,8/18/2025,189.79,9048102,
600809.SH,8/19/2025,193.73,13001498,
600809.SH,8/20/2025,196.99,12133673,
600809.SH,8/21/2025,194.41,6515494,
600809.SH,8/22/2025,196.54,6298085,
600809.SH,8/25/2025,205.68,11445127,
600809.SH,8/26/2025,207.9,7914437,
600809.SH,8/27/2025,198.94,11407133,
600809.SH,8/28/2025,197.61,7770511,
600809.SH,8/29/2025,202.02,8642005,
600809.SH,9/1/2025,200.6,8922240,
600809.SH,9/2/2025,200.14,6896764,
600809.SH,9/3/2025,198.61,5868434,
600809.SH,9/4/2025,197.26,5827441,
600809.SH,9/5/2025,200.03,4692650,
600809.SH,9/8/2025,203.97,7318781,
600809.SH,9/9/2025,205.79,5008175,
600809.SH,9/10/2025,205.92,8036781,
600809.SH,9/11/2025,207.9,5196015,
600809.SH,9/12/2025,206.26,5117462,
600809.SH,9/15/2025,207.85,4230060,
600809.SH,9/16/2025,208.39,4805763,
600809.SH,9/17/2025,204.45,5620479,
600809.SH,9/18/2025,201,6188703,
600809.SH,9/19/2025,200,5961168,
600809.SH,9/22/2025,196,6270678,
600809.SH,9/23/2025,193.81,6346360,
600809.SH,9/24/2025,194.61,4192688,
600809.SH,9/25/2025,192.4,4258230,
600809.SH,9/26/2025,191.16,6037880,
600809.SH,9/29/2025,194.55,6633799,
600809.SH,9/30/2025,194.01,5320299,
600809.SH,10/9/2025,190.39,7419033,
600809.SH,10/10/2025,188.7,5190629,
600809.SH,10/13/2025,186.99,4387962,
600809.SH,10/14/2025,191.83,6918591,
600809.SH,10/15/2025,193.25,4723372,
600809.SH,10/16/2025,198.8,6240728,
600809.SH,10/17/2025,195.9,4655937,
600809.SH,10/20/2025,191.57,5140344,
600809.SH,10/21/2025,189.72,4694417,
600809.SH,10/22/2025,188.31,3669382,
600809.SH,10/23/2025,189.5,3907234,
600809.SH,10/24/2025,184.38,6815455,
600809.SH,10/27/2025,184.85,4924928,
600809.SH,10/28/2025,187.29,7202569,
600809.SH,10/29/2025,186.57,3614459,
600809.SH,10/30/2025,188.01,6822213,
600809.SH,10/31/2025,190.5,9372074,
600809.SH,11/3/2025,193.1,6114776,
600809.SH,11/4/2025,188.9,4332528,
600809.SH,11/5/2025,188.38,3890834,
600809.SH,11/6/2025,187.99,3178040,
600809.SH,11/7/2025,187.1,3070554,
600809.SH,11/10/2025,198.99,12929414,
600809.SH,11/11/2025,199.56,6816520,
600809.SH,11/12/2025,198.52,4834173,
600809.SH,11/13/2025,201,5292505,
600809.SH,11/14/2025,196.58,4536651,
600809.SH,11/17/2025,198.99,7049297,
600809.SH,11/18/2025,196.91,5437636,
600809.SH,11/19/2025,195.29,2927036,
600809.SH,11/20/2025,193.4,3485605,
600809.SH,11/21/2025,193,6037102,
600809.SH,11/24/2025,192.4,3889291,
600809.SH,11/25/2025,192.99,3645235,
600809.SH,11/26/2025,193.3,2536497,
600809.SH,11/27/2025,195.5,4591255,
600809.SH,11/28/2025,194.3,2736935,
600809.SH,12/1/2025,193.78,3361910,
600809.SH,12/2/2025,192.16,4055232,
600809.SH,12/3/2025,187.6,5566963,
600809.SH,12/4/2025,181.18,9240430,
600809.SH,12/5/2025,182.05,4098141,
600809.SH,12/8/2025,180.15,4746309,
600809.SH,12/9/2025,179.28,4594301,
600809.SH,12/10/2025,179.81,3362674,
600809.SH,12/11/2025,179.13,3438378,
600809.SH,12/12/2025,180.1,6547402,
600809.SH,12/15/2025,179.56,5736540,
600809.SH,12/16/2025,177.77,3180849,
600809.SH,12/17/2025,177.67,3909080,
600809.SH,12/18/2025,177.11,2440788,
600809.SH,12/19/2025,178.6,3414429,
600809.SH,12/22/2025,178.15,3289062,
600809.SH,12/23/2025,177.3,2595939,
600809.SH,12/24/2025,175.6,3869889,
600809.SH,12/25/2025,178.67,4320687,
600809.SH,12/26/2025,177.7,2887360,
600809.SH,12/29/2025,175,5076665,
600809.SH,12/30/2025,173.05,4220714,
600809.SH,12/31/2025,171.7,3645542,
600809.SH,1/5/2026,176.99,7126836,
600809.SH,1/6/2026,179.09,5194302,
600809.SH,1/7/2026,177.49,4460157,
600809.SH,1/8/2026,176.5,4801856,
600809.SH,1/9/2026,176.55,4365984,
600809.SH,1/12/2026,179.83,7225253,
600809.SH,1/13/2026,176.98,5392972,
600809.SH,1/14/2026,175.48,7717100,
600809.SH,1/15/2026,174.28,6253032,
600809.SH,1/16/2026,172.37,6086600,
600809.SH,1/19/2026,169.36,8762294,
600809.SH,1/20/2026,170.99,6559403,
600809.SH,1/21/2026,166.99,8385983,
600809.SH,1/22/2026,166.63,6262348,
600809.SH,1/23/2026,164.76,8029280,
600809.SH,1/26/2026,164.38,11273032,
600809.SH,1/27/2026,161.26,7539711,
600809.SH,1/28/2026,161.29,7776847,
600809.SH,1/29/2026,177.42,24371174,
600809.SH,1/30/2026,171.01,15579542,
600809.SH,2/2/2026,173.5,13639201,
600809.SH,2/3/2026,174.35,7635608,
600809.SH,2/4/2026,180.58,14918661,
600809.SH,2/5/2026,180.21,9669024,
600809.SH,2/6/2026,175.1,8652305,
600809.SH,2/9/2026,174.7,6355396,
600809.SH,2/10/2026,170.28,6789052,
600809.SH,2/11/2026,169.66,5581880,
600809.SH,2/12/2026,166.31,5856835,
600809.SH,2/13/2026,165.84,6202610,
600809.SH,2/24/2026,163.58,5657566,
600809.SH,2/25/2026,163.92,4263338,
600809.SH,2/26/2026,161.38,6548354,
600809.SH,2/27/2026,161.15,3456940,
600809.SH,3/2/2026,158.52,5773122,
600809.SH,3/3/2026,161.68,7701116,
600809.SH,3/4/2026,156,6444178,
600809.SH,3/5/2026,155.93,3112528,
600809.SH,3/6/2026,160.71,6306969,
600809.SH,3/9/2026,159.16,5080134,
600809.SH,3/10/2026,157.69,4189578,
600809.SH,3/11/2026,156.9,4219425,
600809.SH,3/12/2026,157.75,4265028,
600809.SH,3/13/2026,159.27,4722140,
600809.SH,3/16/2026,160.77,5506113,
600809.SH,3/17/2026,160.77,5033600,
600809.SH,3/18/2026,158.19,3468015,
600809.SH,3/19/2026,156.14,4187106,
600809.SH,3/20/2026,153.86,5278314,
600809.SH,3/23/2026,148.92,5784940,
600809.SH,3/24/2026,148.45,4074985,
600809.SH,3/25/2026,149.21,3690656,
600809.SH,3/26/2026,147.8,5730002,
600809.SH,3/27/2026,148.46,3705383,
600809.SH,3/30/2026,146.68,4710272,
600809.SH,3/31/2026,143.06,6797882,
600809.SH,4/1/2026,144.38,6972614,
600809.SH,4/2/2026,144.06,4109182,
600809.SH,4/3/2026,141.7,4154965,
600809.SH,4/7/2026,141.31,2721679,
600809.SH,4/8/2026,143.94,4391943,
600809.SH,4/9/2026,139.31,7777642,
600809.SH,4/10/2026,138.88,7341582,
600809.SH,4/13/2026,135.75,7738747,
600809.SH,4/14/2026,139.06,8657845,
600809.SH,4/15/2026,139.05,5186537,
600809.SH,4/16/2026,141.16,6206140,
600809.SH,4/17/2026,139.5,4113902,
600809.SH,4/20/2026,138.87,5132301,
600809.SH,4/21/2026,136.86,5321681,
600809.SH,4/22/2026,136.91,6912282,
600809.SH,4/23/2026,142.38,14873275,
600809.SH,4/24/2026,141.95,7844866,
600809.SH,4/27/2026,138.31,6464051,
600809.SH,4/28/2026,138.72,4800756,
600809.SH,4/29/2026,143.14,9984983,
600809.SH,4/30/2026,143.35,9755162,
600809.SH,5/6/2026,140.92,8761997,
600809.SH,5/7/2026,143.75,9721326,
600809.SH,5/8/2026,141.6,6166796,
600809.SH,5/11/2026,140.37,8575788,
600809.SH,5/12/2026,137.01,9058611,
600809.SH,5/13/2026,133.8,9716285,
600809.SH,5/14/2026,134.05,12023423,
600809.SH,5/15/2026,131.41,7524470,
600809.SH,5/18/2026,129.84,6079408,
600809.SH,5/19/2026,129.78,7044487,
600809.SH,5/20/2026,131.46,7308117,
600809.SH,5/21/2026,131.37,8581124,
600809.SH,5/22/2026,128.25,7299884,
600809.SH,5/25/2026,128.63,8327282,
600809.SH,5/26/2026,126.68,9604343,
600809.SH,5/27/2026,128.6,17645060,
600809.SH,5/28/2026,126.17,8391632,
600809.SH,5/29/2026,128.3,17265564,
600809.SH,6/1/2026,128.13,9270956,
600809.SH,6/2/2026,125.7,9128579,
600809.SH,6/3/2026,123.5,8939276,
600809.SH,6/4/2026,122.1,6835635,0.053726
600809.SH,6/5/2026,122.03,8129355,0.053757
600809.SH,6/8/2026,117.97,8975409,0.055607
600809.SH,6/9/2026,116.85,7474174,0.05614
600809.SH,6/10/2026,118.79,11864446,0.055224
600809.SH,6/11/2026,119.6,7090640,0.054849
600887.SH,6/3/2024,28.58,37865336,
600887.SH,6/4/2024,28.62,48130815,
600887.SH,6/5/2024,27.32,48223404,
600887.SH,6/6/2024,27.47,36706822,
600887.SH,6/7/2024,27.06,45483277,
600887.SH,6/11/2024,26.72,38224534,
600887.SH,6/12/2024,27.02,37688732,
600887.SH,6/13/2024,26.87,30471246,
600887.SH,6/14/2024,27.17,42549459,
600887.SH,6/17/2024,26.88,27683356,
600887.SH,6/18/2024,26.4,55874550,
600887.SH,6/19/2024,26.32,34295891,
600887.SH,6/20/2024,25.65,61810741,
600887.SH,6/21/2024,25.78,55610009,
600887.SH,6/24/2024,25.97,46202466,
600887.SH,6/25/2024,25.77,43559484,
600887.SH,6/26/2024,25.99,28638392,
600887.SH,6/27/2024,25.77,35968988,
600887.SH,6/28/2024,25.84,37159882,
600887.SH,7/1/2024,25.97,34312984,
600887.SH,7/2/2024,25.77,33341851,
600887.SH,7/3/2024,25.81,26057150,
600887.SH,7/4/2024,25.61,31970502,
600887.SH,7/5/2024,25.45,40815964,
600887.SH,7/8/2024,25.2,46350709,
600887.SH,7/9/2024,25,60408765,
600887.SH,7/10/2024,25.13,39335080,
600887.SH,7/11/2024,25.7,43136396,
600887.SH,7/12/2024,25.5,35050540,
600887.SH,7/15/2024,25.49,25743563,
600887.SH,7/16/2024,25.54,30460705,
600887.SH,7/17/2024,26,52326385,
600887.SH,7/18/2024,26.21,38049001,
600887.SH,7/19/2024,26.4,47259559,
600887.SH,7/22/2024,26.1,37147789,
600887.SH,7/23/2024,25.42,40855688,
600887.SH,7/24/2024,25.05,40864750,
600887.SH,7/25/2024,25.04,34117254,
600887.SH,7/26/2024,25.08,36188891,
600887.SH,7/29/2024,24.74,38802729,
600887.SH,7/30/2024,24.4,50637912,
600887.SH,7/31/2024,25.09,67525950,
600887.SH,8/1/2024,24.5,52104175,
600887.SH,8/2/2024,24.44,29161078,
600887.SH,8/5/2024,24.32,46573013,
600887.SH,8/6/2024,24.31,41716965,
600887.SH,8/7/2024,24.11,39983462,
600887.SH,8/8/2024,24.39,50649104,
600887.SH,8/9/2024,24.19,25485397,
600887.SH,8/12/2024,24.35,23595727,
600887.SH,8/13/2024,24.09,29540900,
600887.SH,8/14/2024,23.84,26429953,
600887.SH,8/15/2024,24.06,31640828,
600887.SH,8/16/2024,24.03,20641584,
600887.SH,8/19/2024,23.91,37065769,
600887.SH,8/20/2024,23.54,44751496,
600887.SH,8/21/2024,23.39,25367434,
600887.SH,8/22/2024,23.03,45231995,
600887.SH,8/23/2024,23.19,32922690,
600887.SH,8/26/2024,22.84,38736535,
600887.SH,8/27/2024,22.64,32885735,
600887.SH,8/28/2024,22.25,49599752,
600887.SH,8/29/2024,22.87,53097432,
600887.SH,8/30/2024,22.63,155260508,
600887.SH,9/2/2024,21.64,97330248,
600887.SH,9/3/2024,22.21,76037505,
600887.SH,9/4/2024,22.17,36187506,
600887.SH,9/5/2024,22.52,39570729,
600887.SH,9/6/2024,22.26,25958969,
600887.SH,9/9/2024,22.07,37311152,
600887.SH,9/10/2024,21.95,29810765,
600887.SH,9/11/2024,22.23,32473434,
600887.SH,9/12/2024,21.86,33996957,
600887.SH,9/13/2024,21.57,43529132,
600887.SH,9/18/2024,21.37,35434222,
600887.SH,9/19/2024,22.04,72852346,
600887.SH,9/20/2024,21.98,37687311,
600887.SH,9/23/2024,21.89,35847923,
600887.SH,9/24/2024,23.25,111473852,
600887.SH,9/25/2024,23.53,98951381,
600887.SH,9/26/2024,25.52,154543271,
600887.SH,9/27/2024,27.6,161521611,
600887.SH,9/30/2024,29.07,254117343,
600887.SH,10/8/2024,28.96,282099427,
600887.SH,10/9/2024,26.53,171097455,
600887.SH,10/10/2024,27.62,140625722,
600887.SH,10/11/2024,27.35,83716740,
600887.SH,10/14/2024,27.36,86451489,
600887.SH,10/15/2024,26.5,66305344,
600887.SH,10/16/2024,26.15,46436595,
600887.SH,10/17/2024,25.52,58959484,
600887.SH,10/18/2024,26.4,91164566,
600887.SH,10/21/2024,26.21,68712557,
600887.SH,10/22/2024,26.61,60718114,
600887.SH,10/23/2024,27.01,69159218,
600887.SH,10/24/2024,26.52,38722063,
600887.SH,10/25/2024,26.68,39039888,
600887.SH,10/28/2024,27.12,52172036,
600887.SH,10/29/2024,26.52,62025002,
600887.SH,10/30/2024,26.44,40693993,
600887.SH,10/31/2024,27.91,164294761,
600887.SH,11/1/2024,28.3,107880435,
600887.SH,11/4/2024,28.83,80682880,
600887.SH,11/5/2024,29.07,77161137,
600887.SH,11/6/2024,28.9,64577212,
600887.SH,11/7/2024,30.2,112991685,
600887.SH,11/8/2024,30.13,80348332,
600887.SH,11/11/2024,30.01,60834785,
600887.SH,11/12/2024,29.8,59373185,
600887.SH,11/13/2024,30.01,52544727,
600887.SH,11/14/2024,29.61,44035478,
600887.SH,11/15/2024,29.29,48275045,
600887.SH,11/18/2024,28.98,40026169,
600887.SH,11/19/2024,28.87,41558775,
600887.SH,11/20/2024,29.04,28653124,
600887.SH,11/21/2024,29.17,23962533,
600887.SH,11/22/2024,28.4,29249907,
600887.SH,11/25/2024,28.22,41098629,
600887.SH,11/26/2024,28.57,34108379,
600887.SH,11/27/2024,28.87,30222719,
600887.SH,11/28/2024,28.51,28601441,
600887.SH,11/29/2024,28.58,33632214,
600887.SH,12/2/2024,28.82,43989746,
600887.SH,12/3/2024,29.26,45511276,
600887.SH,12/4/2024,29.11,31142850,
600887.SH,12/5/2024,28.84,26888700,
600887.SH,12/6/2024,29.24,40929846,
600887.SH,12/9/2024,28.82,52747886,
600887.SH,12/10/2024,29.52,80771890,
600887.SH,12/11/2024,29.77,47434251,
600887.SH,12/12/2024,30.23,68199214,
600887.SH,12/13/2024,29.25,83244704,
600887.SH,12/16/2024,29.2,43134419,
600887.SH,12/17/2024,29.61,47201209,
600887.SH,12/18/2024,29.61,28036626,
600887.SH,12/19/2024,29.37,27558103,
600887.SH,12/20/2024,29.2,29670829,
600887.SH,12/23/2024,29.6,43942782,
600887.SH,12/24/2024,30.1,48018816,
600887.SH,12/25/2024,29.93,32048433,
600887.SH,12/26/2024,29.97,27272709,
600887.SH,12/27/2024,30.15,38679079,
600887.SH,12/30/2024,30.08,33846235,
600887.SH,12/31/2024,30.18,67772117,
600887.SH,1/2/2025,29.56,54547978,
600887.SH,1/3/2025,29.3,40909746,
600887.SH,1/6/2025,29.04,37934901,
600887.SH,1/7/2025,28.88,31890433,
600887.SH,1/8/2025,29.15,39956094,
600887.SH,1/9/2025,28.96,28997638,
600887.SH,1/10/2025,28.53,31166635,
600887.SH,1/13/2025,28.45,30201533,
600887.SH,1/14/2025,28.65,37523132,
600887.SH,1/15/2025,28.46,26884092,
600887.SH,1/16/2025,28.33,30914604,
600887.SH,1/17/2025,28.4,24748651,
600887.SH,1/20/2025,27.8,49779648,
600887.SH,1/21/2025,27.57,53372120,
600887.SH,1/22/2025,27.4,37674662,
600887.SH,1/23/2025,27.56,32169839,
600887.SH,1/24/2025,27.59,35463995,
600887.SH,1/27/2025,27.83,47803280,
600887.SH,2/5/2025,26.85,58641824,
600887.SH,2/6/2025,27.05,35193262,
600887.SH,2/7/2025,27.31,42135207,
600887.SH,2/10/2025,27.13,56316353,
600887.SH,2/11/2025,26.95,35131073,
600887.SH,2/12/2025,27.14,32897065,
600887.SH,2/13/2025,27.5,64481638,
600887.SH,2/14/2025,27.62,35488428,
600887.SH,2/17/2025,27.43,47193549,
600887.SH,2/18/2025,27.26,46017795,
600887.SH,2/19/2025,28.1,69761041,
600887.SH,2/20/2025,27.83,36377883,
600887.SH,2/21/2025,27.69,42832293,
600887.SH,2/24/2025,27.52,52110106,
600887.SH,2/25/2025,27.36,40274076,
600887.SH,2/26/2025,27.43,35594530,
600887.SH,2/27/2025,28.2,78444185,
600887.SH,2/28/2025,28.28,72575819,
600887.SH,3/3/2025,27.9,51323384,
600887.SH,3/4/2025,27.77,31694873,
600887.SH,3/5/2025,27.79,36617216,
600887.SH,3/6/2025,27.99,43977637,
600887.SH,3/7/2025,27.75,68093556,
600887.SH,3/10/2025,27.37,49588074,
600887.SH,3/11/2025,27.64,42861912,
600887.SH,3/12/2025,27.4,32964670,
600887.SH,3/13/2025,27.39,38642151,
600887.SH,3/14/2025,29.75,192089353,
600887.SH,3/17/2025,29.11,115261491,
600887.SH,3/18/2025,28.81,53793445,
600887.SH,3/19/2025,28.64,40370440,
600887.SH,3/20/2025,28.33,46345905,
600887.SH,3/21/2025,27.67,69440200,
600887.SH,3/24/2025,28.01,49992769,
600887.SH,3/25/2025,28.38,34180833,
600887.SH,3/26/2025,28.28,24532391,
600887.SH,3/27/2025,28.41,30412226,
600887.SH,3/28/2025,28.22,22355741,
600887.SH,3/31/2025,28.08,36456217,
600887.SH,4/1/2025,28.07,28507054,
600887.SH,4/2/2025,27.84,26593399,
600887.SH,4/3/2025,28.29,43331553,
600887.SH,4/7/2025,27.59,111579948,
600887.SH,4/8/2025,28.73,113204246,
600887.SH,4/9/2025,29.53,116667172,
600887.SH,4/10/2025,29.68,80859970,
600887.SH,4/11/2025,29.25,54351214,
600887.SH,4/14/2025,29.31,35563990,
600887.SH,4/15/2025,29.38,41499074,
600887.SH,4/16/2025,29.7,48361222,
600887.SH,4/17/2025,29.68,30587913,
600887.SH,4/18/2025,29.61,27078063,
600887.SH,4/21/2025,29.08,31845528,
600887.SH,4/22/2025,28.93,31186928,
600887.SH,4/23/2025,29,23919468,
600887.SH,4/24/2025,29.14,21921153,
600887.SH,4/25/2025,28.97,22729301,
600887.SH,4/28/2025,28.6,30573604,
600887.SH,4/29/2025,28.79,23217115,
600887.SH,4/30/2025,29.76,105481140,
600887.SH,5/6/2025,29.7,46352076,
600887.SH,5/7/2025,29.58,40363670,
600887.SH,5/8/2025,29.54,22767462,
600887.SH,5/9/2025,29.52,22965330,
600887.SH,5/12/2025,29.84,33422174,
600887.SH,5/13/2025,29.75,30508173,
600887.SH,5/14/2025,29.95,34926769,
600887.SH,5/15/2025,30.07,37762245,
600887.SH,5/16/2025,29.99,35464604,
600887.SH,5/19/2025,29.94,22449369,
600887.SH,5/20/2025,30.6,50070534,
600887.SH,5/21/2025,30.4,27972857,
600887.SH,5/22/2025,30.56,26471414,
600887.SH,5/23/2025,30.6,38719633,
600887.SH,5/26/2025,30.78,33362338,
600887.SH,5/27/2025,30.63,27533604,
600887.SH,5/28/2025,30.98,28608032,
600887.SH,5/29/2025,30.41,34504589,
600887.SH,5/30/2025,30.3,27335704,
600887.SH,6/3/2025,30.57,34246181,
600887.SH,6/4/2025,30.59,21648998,
600887.SH,6/5/2025,30.2,34289601,
600887.SH,6/6/2025,28.66,42928303,
600887.SH,6/9/2025,28.8,34077905,
600887.SH,6/10/2025,28.55,34526646,
600887.SH,6/11/2025,28.44,27677415,
600887.SH,6/12/2025,28.21,33492464,
600887.SH,6/13/2025,28,47937237,
600887.SH,6/16/2025,28.06,34782272,
600887.SH,6/17/2025,28.07,27361319,
600887.SH,6/18/2025,27.92,40015094,
600887.SH,6/19/2025,27.71,25884915,
600887.SH,6/20/2025,27.92,33637593,
600887.SH,6/23/2025,27.57,34770843,
600887.SH,6/24/2025,27.67,37245130,
600887.SH,6/25/2025,27.77,37286629,
600887.SH,6/26/2025,28,44549677,
600887.SH,6/27/2025,27.92,34276060,
600887.SH,6/30/2025,27.88,29484874,
600887.SH,7/1/2025,27.67,33512938,
600887.SH,7/2/2025,27.81,46744965,
600887.SH,7/3/2025,27.75,25928828,
600887.SH,7/4/2025,27.77,28741705,
600887.SH,7/7/2025,27.37,53465915,
600887.SH,7/8/2025,27.49,31288934,
600887.SH,7/9/2025,27.69,48263305,
600887.SH,7/10/2025,27.66,37340991,
600887.SH,7/11/2025,27.69,46755574,
600887.SH,7/14/2025,27.49,44965932,
600887.SH,7/15/2025,27.38,36497030,
600887.SH,7/16/2025,27.52,33758739,
600887.SH,7/17/2025,28.1,59787288,
600887.SH,7/18/2025,28.07,33565927,
600887.SH,7/21/2025,28.19,31942451,
600887.SH,7/22/2025,28.37,38678267,
600887.SH,7/23/2025,28.29,35690539,
600887.SH,7/24/2025,28.24,36005076,
600887.SH,7/25/2025,27.83,44333359,
600887.SH,7/28/2025,27.73,41314484,
600887.SH,7/29/2025,27.52,118898473,
600887.SH,7/30/2025,27.88,78153490,
600887.SH,7/31/2025,27.41,52861670,
600887.SH,8/1/2025,27.51,34735358,
600887.SH,8/4/2025,27.48,30235299,
600887.SH,8/5/2025,27.55,33178223,
600887.SH,8/6/2025,27.57,30132008,
600887.SH,8/7/2025,27.57,30377295,
600887.SH,8/8/2025,27.3,41578737,
600887.SH,8/11/2025,27.57,39224087,
600887.SH,8/12/2025,27.47,31221146,
600887.SH,8/13/2025,27.48,43568321,
600887.SH,8/14/2025,27.2,56098915,
600887.SH,8/15/2025,27.16,59325356,
600887.SH,8/18/2025,27.2,76602583,
600887.SH,8/19/2025,27.21,77228283,
600887.SH,8/20/2025,27.46,64881717,
600887.SH,8/21/2025,27.64,69910644,
600887.SH,8/22/2025,27.69,51127044,
600887.SH,8/25/2025,28.17,88816468,
600887.SH,8/26/2025,28.33,71289938,
600887.SH,8/27/2025,27.81,70393022,
600887.SH,8/28/2025,27.69,56342376,
600887.SH,8/29/2025,28.57,211294473,
600887.SH,9/1/2025,28.27,105400322,
600887.SH,9/2/2025,28.26,67805916,
600887.SH,9/3/2025,27.91,73305098,
600887.SH,9/4/2025,28.16,94631508,
600887.SH,9/5/2025,28.18,55154998,
600887.SH,9/8/2025,28.21,82635577,
600887.SH,9/9/2025,28.56,73260205,
600887.SH,9/10/2025,28.43,62249023,
600887.SH,9/11/2025,28.72,60793323,
600887.SH,9/12/2025,28.25,78484849,
600887.SH,9/15/2025,28.23,59125323,
600887.SH,9/16/2025,28.08,70825378,
600887.SH,9/17/2025,28.08,48324344,
600887.SH,9/18/2025,27.76,62323497,
600887.SH,9/19/2025,27.7,43394193,
600887.SH,9/22/2025,27.55,38868460,
600887.SH,9/23/2025,27.38,44980481,
600887.SH,9/24/2025,27.41,34535229,
600887.SH,9/25/2025,26.97,76402476,
600887.SH,9/26/2025,27.26,63875432,
600887.SH,9/29/2025,27.19,57659118,
600887.SH,9/30/2025,27.28,50527646,
600887.SH,10/9/2025,27.63,71150833,
600887.SH,10/10/2025,27.75,58845324,
600887.SH,10/13/2025,27.55,51452862,
600887.SH,10/14/2025,27.69,58477597,
600887.SH,10/15/2025,27.65,41081615,
600887.SH,10/16/2025,27.81,36850228,
600887.SH,10/17/2025,27.35,42952000,
600887.SH,10/20/2025,27.47,33488642,
600887.SH,10/21/2025,27.41,32125761,
600887.SH,10/22/2025,27.25,27516814,
600887.SH,10/23/2025,27.37,29371709,
600887.SH,10/24/2025,27.28,32961597,
600887.SH,10/27/2025,27.41,37847732,
600887.SH,10/28/2025,27.27,30525923,
600887.SH,10/29/2025,27.18,36318904,
600887.SH,10/30/2025,27.36,62116600,
600887.SH,10/31/2025,27.41,55229849,
600887.SH,11/3/2025,27.45,42836655,
600887.SH,11/4/2025,27.07,60648580,
600887.SH,11/5/2025,27.25,44964646,
600887.SH,11/6/2025,27.22,31469231,
600887.SH,11/7/2025,27.29,26067746,
600887.SH,11/10/2025,28.27,117600270,
600887.SH,11/11/2025,28.35,71820831,
600887.SH,11/12/2025,28.48,70355130,
600887.SH,11/13/2025,28.58,51024126,
600887.SH,11/14/2025,28.35,40920148,
600887.SH,11/17/2025,28.57,37467511,
600887.SH,11/18/2025,29.52,130332563,
600887.SH,11/19/2025,29.58,63042735,
600887.SH,11/20/2025,29.4,47237188,
600887.SH,11/21/2025,29.1,59902127,
600887.SH,11/24/2025,28.91,44778082,
600887.SH,11/25/2025,29.16,40763905,
600887.SH,11/26/2025,29.18,28714877,
600887.SH,11/27/2025,29.05,22302578,
600887.SH,11/28/2025,29.38,35720114,
600887.SH,12/1/2025,29.43,37912006,
600887.SH,12/2/2025,29.35,24441802,
600887.SH,12/3/2025,29.27,26371544,
600887.SH,12/4/2025,28.99,27094245,
600887.SH,12/5/2025,28.92,26363035,
600887.SH,12/8/2025,28.84,33170657,
600887.SH,12/9/2025,28.76,31850797,
600887.SH,12/10/2025,28.56,26007581,
600887.SH,12/11/2025,28.39,26628298,
600887.SH,12/12/2025,28.7,48863129,
600887.SH,12/15/2025,28.83,33126750,
600887.SH,12/16/2025,28.95,44664043,
600887.SH,12/17/2025,28.85,45788558,
600887.SH,12/18/2025,28.97,27882552,
600887.SH,12/19/2025,29.18,35762905,
600887.SH,12/22/2025,29.1,40187251,
600887.SH,12/23/2025,28.93,42733840,
600887.SH,12/24/2025,28.88,29621304,
600887.SH,12/25/2025,29.2,33184155,
600887.SH,12/26/2025,29.1,29127982,
600887.SH,12/29/2025,28.87,37912627,
600887.SH,12/30/2025,28.69,39049803,
600887.SH,12/31/2025,28.6,26672702,
600887.SH,1/5/2026,28.61,49636137,
600887.SH,1/6/2026,28.62,49580978,
600887.SH,1/7/2026,28.42,40920906,
600887.SH,1/8/2026,27.26,163515181,
600887.SH,1/9/2026,27.68,87235860,
600887.SH,1/12/2026,27.74,61097422,
600887.SH,1/13/2026,27.53,55766702,
600887.SH,1/14/2026,27.4,61452193,
600887.SH,1/15/2026,27.22,48308585,
600887.SH,1/16/2026,26.97,58831624,
600887.SH,1/19/2026,27.09,45835509,
600887.SH,1/20/2026,27.18,48048913,
600887.SH,1/21/2026,26.84,71978943,
600887.SH,1/22/2026,26.81,53862657,
600887.SH,1/23/2026,26.82,65684976,
600887.SH,1/26/2026,26.68,76041726,
600887.SH,1/27/2026,26.37,67826730,
600887.SH,1/28/2026,26.14,81613572,
600887.SH,1/29/2026,26.83,145816433,
600887.SH,1/30/2026,26.34,77733695,
600887.SH,2/2/2026,26.45,74101417,
600887.SH,2/3/2026,26.6,57156633,
600887.SH,2/4/2026,27.01,60968829,
600887.SH,2/5/2026,27.21,67557938,
600887.SH,2/6/2026,27.08,56776904,
600887.SH,2/9/2026,27.08,43155273,
600887.SH,2/10/2026,26.75,56476485,
600887.SH,2/11/2026,26.87,36605157,
600887.SH,2/12/2026,26.61,34447975,
600887.SH,2/13/2026,26.48,33469500,
600887.SH,2/24/2026,26.37,43522038,
600887.SH,2/25/2026,26.3,48488882,
600887.SH,2/26/2026,26.12,44462287,
600887.SH,2/27/2026,26.08,39534029,
600887.SH,3/2/2026,26,57790563,
600887.SH,3/3/2026,25.93,55289165,
600887.SH,3/4/2026,25.62,52514187,
600887.SH,3/5/2026,25.67,35465651,
600887.SH,3/6/2026,26.21,54864924,
600887.SH,3/9/2026,26.28,57850458,
600887.SH,3/10/2026,26.4,48592356,
600887.SH,3/11/2026,26.44,30153877,
600887.SH,3/12/2026,26.71,53204961,
600887.SH,3/13/2026,26.71,49417144,
600887.SH,3/16/2026,26.84,38830548,
600887.SH,3/17/2026,26.87,51642564,
600887.SH,3/18/2026,26.68,45363862,
600887.SH,3/19/2026,26.44,36879904,
600887.SH,3/20/2026,26.39,34856405,
600887.SH,3/23/2026,25.49,64046188,
600887.SH,3/24/2026,25.7,38907678,
600887.SH,3/25/2026,25.88,26451962,
600887.SH,3/26/2026,25.95,29023826,
600887.SH,3/27/2026,26.16,26642024,
600887.SH,3/30/2026,26.4,31960199,
600887.SH,3/31/2026,26.35,25987679,
600887.SH,4/1/2026,26.33,29163243,
600887.SH,4/2/2026,26.43,24744408,
600887.SH,4/3/2026,26.31,22332065,
600887.SH,4/7/2026,26.33,26823220,
600887.SH,4/8/2026,26.44,43784533,
600887.SH,4/9/2026,26.12,26238408,
600887.SH,4/10/2026,26.14,28061054,
600887.SH,4/13/2026,25.96,30205736,
600887.SH,4/14/2026,25.99,23552854,
600887.SH,4/15/2026,25.69,47938194,
600887.SH,4/16/2026,25.6,46513850,
600887.SH,4/17/2026,25.39,50340376,
600887.SH,4/20/2026,25.51,39733188,
600887.SH,4/21/2026,25.56,32219341,
600887.SH,4/22/2026,25.29,44445929,
600887.SH,4/23/2026,25.27,40731159,
600887.SH,4/24/2026,25.25,38921794,
600887.SH,4/27/2026,25.25,43206386,
600887.SH,4/28/2026,25.49,81728297,
600887.SH,4/29/2026,26.57,126171490,
600887.SH,4/30/2026,27.46,214409738,
600887.SH,5/6/2026,27.45,105134290,
600887.SH,5/7/2026,27.53,70882973,
600887.SH,5/8/2026,27.52,56971479,
600887.SH,5/11/2026,28.06,89534894,
600887.SH,5/12/2026,28.01,73949047,
600887.SH,5/13/2026,27.9,61671113,
600887.SH,5/14/2026,27.78,50520982,
600887.SH,5/15/2026,27.61,48337165,
600887.SH,5/18/2026,27.29,43138894,
600887.SH,5/19/2026,27.23,39758304,
600887.SH,5/20/2026,27.12,36102064,
600887.SH,5/21/2026,26.76,54591747,
600887.SH,5/22/2026,26.2,64056163,
600887.SH,5/25/2026,26.27,45918161,
600887.SH,5/26/2026,26.58,47954215,
600887.SH,5/27/2026,26.62,57823925,
600887.SH,5/28/2026,26,63166686,
600887.SH,5/29/2026,26.92,71526137,
600887.SH,6/1/2026,27,68461666,
600887.SH,6/2/2026,26.86,41520219,
600887.SH,6/3/2026,26.72,63492569,
600887.SH,6/4/2026,26.56,47475637,0.051958
600887.SH,6/5/2026,25.67,61635907,0.053759
600887.SH,6/8/2026,25.37,57575826,0.054395
600887.SH,6/9/2026,25.12,58331243,0.054936
600887.SH,6/10/2026,25.58,48411041,0.053948
600887.SH,6/11/2026,25.61,37892162,0.053885
600908.SH,6/3/2024,5.54,25509201,
600908.SH,6/4/2024,5.57,16912200,
600908.SH,6/5/2024,5.45,16455700,
600908.SH,6/6/2024,5.42,16826682,
600908.SH,6/7/2024,5.48,14821684,
600908.SH,6/11/2024,5.35,20623092,
600908.SH,6/12/2024,5.39,19198028,
600908.SH,6/13/2024,5.29,14819000,
600908.SH,6/14/2024,5.34,17204135,
600908.SH,6/17/2024,5.35,14718428,
600908.SH,6/18/2024,5.36,11378854,
600908.SH,6/19/2024,5.35,14976716,
600908.SH,6/20/2024,5.28,13259949,
600908.SH,6/21/2024,5.26,10370205,
600908.SH,6/24/2024,5.16,16175462,
600908.SH,6/25/2024,5.2,12350968,
600908.SH,6/26/2024,5.24,11629200,
600908.SH,6/27/2024,5.24,14986100,
600908.SH,6/28/2024,5.32,19810500,
600908.SH,7/1/2024,5.46,17840560,
600908.SH,7/2/2024,5.53,21146849,
600908.SH,7/3/2024,5.51,17365300,
600908.SH,7/4/2024,5.4,19064764,
600908.SH,7/5/2024,5.11,23170285,
600908.SH,7/8/2024,5.07,17333685,
600908.SH,7/9/2024,5.21,16283699,
600908.SH,7/10/2024,5.15,12123735,
600908.SH,7/11/2024,5.12,16263035,
600908.SH,7/12/2024,5.23,17999900,
600908.SH,7/15/2024,5.25,14073707,
600908.SH,7/16/2024,5.19,14497000,
600908.SH,7/17/2024,5.21,10599900,
600908.SH,7/18/2024,5.21,12024000,
600908.SH,7/19/2024,5.16,19360405,
600908.SH,7/22/2024,5.11,17593733,
600908.SH,7/23/2024,5.13,17588420,
600908.SH,7/24/2024,5.14,13267864,
600908.SH,7/25/2024,5.08,13402100,
600908.SH,7/26/2024,5.06,14542774,
600908.SH,7/29/2024,5.11,13350390,
600908.SH,7/30/2024,5.16,12361902,
600908.SH,7/31/2024,5.21,15461900,
600908.SH,8/1/2024,5.24,12434200,
600908.SH,8/2/2024,5.23,10769600,
600908.SH,8/5/2024,5.17,13782700,
600908.SH,8/6/2024,5.1,12115494,
600908.SH,8/7/2024,5.07,11174100,
600908.SH,8/8/2024,5.06,10727871,
600908.SH,8/9/2024,5.06,12604876,
600908.SH,8/12/2024,5.01,12973718,
600908.SH,8/13/2024,5.05,12090814,
600908.SH,8/14/2024,5.04,7765600,
600908.SH,8/15/2024,5.1,12410042,
600908.SH,8/16/2024,5.18,19036600,
600908.SH,8/19/2024,5.36,22866282,
600908.SH,8/20/2024,5.37,19169962,
600908.SH,8/21/2024,5.27,14266084,
600908.SH,8/22/2024,5.34,13947258,
600908.SH,8/23/2024,5.34,12373500,
600908.SH,8/26/2024,5.4,12877399,
600908.SH,8/27/2024,5.39,9818100,
600908.SH,8/28/2024,5.28,11826950,
600908.SH,8/29/2024,5.09,24494100,
600908.SH,8/30/2024,5.15,26185673,
600908.SH,9/2/2024,5.08,21040260,
600908.SH,9/3/2024,5.04,20091600,
600908.SH,9/4/2024,5.06,15024199,
600908.SH,9/5/2024,5.06,7290465,
600908.SH,9/6/2024,5.03,11635500,
600908.SH,9/9/2024,5,15947506,
600908.SH,9/10/2024,5,9554280,
600908.SH,9/11/2024,4.92,11999126,
600908.SH,9/12/2024,4.95,10241600,
600908.SH,9/13/2024,4.91,7501400,
600908.SH,9/18/2024,4.87,8698840,
600908.SH,9/19/2024,4.89,8846211,
600908.SH,9/20/2024,4.9,8922800,
600908.SH,9/23/2024,4.96,13152276,
600908.SH,9/24/2024,5.21,27593745,
600908.SH,9/25/2024,5.39,39998218,
600908.SH,9/26/2024,5.66,43347491,
600908.SH,9/27/2024,5.7,27813924,
600908.SH,9/30/2024,6.13,79040614,
600908.SH,10/8/2024,6.28,70244718,
600908.SH,10/9/2024,5.8,53809754,
600908.SH,10/10/2024,6,39949275,
600908.SH,10/11/2024,5.89,25023274,
600908.SH,10/14/2024,6.02,31565119,
600908.SH,10/15/2024,5.81,33755472,
600908.SH,10/16/2024,6.01,35147036,
600908.SH,10/17/2024,5.91,27680100,
600908.SH,10/18/2024,6.01,36118693,
600908.SH,10/21/2024,5.96,26927749,
600908.SH,10/22/2024,5.95,22061218,
600908.SH,10/23/2024,5.95,19547207,
600908.SH,10/24/2024,5.9,14113120,
600908.SH,10/25/2024,5.84,20218715,
600908.SH,10/28/2024,5.81,21920200,
600908.SH,10/29/2024,5.75,24804834,
600908.SH,10/30/2024,5.7,17225300,
600908.SH,10/31/2024,5.68,26883807,
600908.SH,11/1/2024,5.66,25872800,
600908.SH,11/4/2024,5.76,22994169,
600908.SH,11/5/2024,5.84,28784972,
600908.SH,11/6/2024,5.76,29191837,
600908.SH,11/7/2024,5.9,33533218,
600908.SH,11/8/2024,5.92,40488789,
600908.SH,11/11/2024,5.87,26944723,
600908.SH,11/12/2024,5.77,24954785,
600908.SH,11/13/2024,5.84,20689518,
600908.SH,11/14/2024,5.89,40395943,
600908.SH,11/15/2024,5.96,44206033,
600908.SH,11/18/2024,6.15,85175681,
600908.SH,11/19/2024,6.11,41690696,
600908.SH,11/20/2024,6.03,34079623,
600908.SH,11/21/2024,6.01,21970112,
600908.SH,11/22/2024,5.8,27949313,
600908.SH,11/25/2024,5.81,20054993,
600908.SH,11/26/2024,5.8,19170022,
600908.SH,11/27/2024,5.87,25743263,
600908.SH,11/28/2024,5.83,16887607,
600908.SH,11/29/2024,5.85,21742900,
600908.SH,12/2/2024,5.85,20023748,
600908.SH,12/3/2024,5.92,22670400,
600908.SH,12/4/2024,5.88,18876272,
600908.SH,12/5/2024,5.89,12805847,
600908.SH,12/6/2024,5.95,33977000,
600908.SH,12/9/2024,5.92,24543748,
600908.SH,12/10/2024,5.91,35180381,
600908.SH,12/11/2024,5.91,27476571,
600908.SH,12/12/2024,6,33312857,
600908.SH,12/13/2024,5.91,36834579,
600908.SH,12/16/2024,5.94,19784090,
600908.SH,12/17/2024,5.84,29387329,
600908.SH,12/18/2024,5.92,19522915,
600908.SH,12/19/2024,5.83,25304100,
600908.SH,12/20/2024,5.76,21594030,
600908.SH,12/23/2024,5.77,26681300,
600908.SH,12/24/2024,5.85,21629261,
600908.SH,12/25/2024,5.93,26739823,
600908.SH,12/26/2024,5.9,21226548,
600908.SH,12/27/2024,5.97,38000930,
600908.SH,12/30/2024,6.04,36204359,
600908.SH,12/31/2024,5.91,41435740,
600908.SH,1/2/2025,5.72,40165162,
600908.SH,1/3/2025,5.75,34483149,
600908.SH,1/6/2025,5.78,34128606,
600908.SH,1/7/2025,5.73,19470339,
600908.SH,1/8/2025,5.73,26182584,
600908.SH,1/9/2025,5.67,16701100,
600908.SH,1/10/2025,5.59,19633248,
600908.SH,1/13/2025,5.48,19063640,
600908.SH,1/14/2025,5.64,21433957,
600908.SH,1/15/2025,5.62,18651994,
600908.SH,1/16/2025,5.73,29288500,
600908.SH,1/17/2025,5.77,28206291,
600908.SH,1/20/2025,5.75,18787800,
600908.SH,1/21/2025,5.73,12995249,
600908.SH,1/22/2025,5.59,18631644,
600908.SH,1/23/2025,5.71,30339954,
600908.SH,1/24/2025,5.74,20348900,
600908.SH,1/27/2025,5.83,22945694,
600908.SH,2/5/2025,5.74,19904800,
600908.SH,2/6/2025,5.75,19802849,
600908.SH,2/7/2025,5.76,22491625,
600908.SH,2/10/2025,5.71,22995300,
600908.SH,2/11/2025,5.79,20211269,
600908.SH,2/12/2025,5.79,14989000,
600908.SH,2/13/2025,5.75,15761800,
600908.SH,2/14/2025,5.75,17837594,
600908.SH,2/17/2025,5.73,14999570,
600908.SH,2/18/2025,5.79,28724853,
600908.SH,2/19/2025,5.76,15417672,
600908.SH,2/20/2025,5.73,14384740,
600908.SH,2/21/2025,5.7,28472300,
600908.SH,2/24/2025,5.69,14057200,
600908.SH,2/25/2025,5.64,12485570,
600908.SH,2/26/2025,5.69,13858682,
600908.SH,2/27/2025,5.69,11930254,
600908.SH,2/28/2025,5.64,15972986,
600908.SH,3/3/2025,5.62,14007200,
600908.SH,3/4/2025,5.65,10699426,
600908.SH,3/5/2025,5.69,13323694,
600908.SH,3/6/2025,5.67,12495796,
600908.SH,3/7/2025,5.66,10791092,
600908.SH,3/10/2025,5.62,10914745,
600908.SH,3/11/2025,5.64,10444887,
600908.SH,3/12/2025,5.65,9170370,
600908.SH,3/13/2025,5.67,11228668,
600908.SH,3/14/2025,5.74,21696381,
600908.SH,3/17/2025,5.76,16833567,
600908.SH,3/18/2025,5.74,8808086,
600908.SH,3/19/2025,5.79,15053831,
600908.SH,3/20/2025,5.78,13417096,
600908.SH,3/21/2025,5.74,14347190,
600908.SH,3/24/2025,5.79,15238800,
600908.SH,3/25/2025,5.82,13937702,
600908.SH,3/26/2025,5.77,14182409,
600908.SH,3/27/2025,5.79,17061910,
600908.SH,3/28/2025,5.73,14356910,
600908.SH,3/31/2025,5.72,32558260,
600908.SH,4/1/2025,5.7,20789900,
600908.SH,4/2/2025,5.77,22578500,
600908.SH,4/3/2025,5.8,21368727,
600908.SH,4/7/2025,5.31,49424953,
600908.SH,4/8/2025,5.46,44255360,
600908.SH,4/9/2025,5.39,28656859,
600908.SH,4/10/2025,5.41,18569794,
600908.SH,4/11/2025,5.4,13313698,
600908.SH,4/14/2025,5.43,15257330,
600908.SH,4/15/2025,5.49,18224600,
600908.SH,4/16/2025,5.53,19305976,
600908.SH,4/17/2025,5.56,14763349,
600908.SH,4/18/2025,5.6,14833300,
600908.SH,4/21/2025,5.51,25357720,
600908.SH,4/22/2025,5.54,18632947,
600908.SH,4/23/2025,5.48,23690819,
600908.SH,4/24/2025,5.49,19664607,
600908.SH,4/25/2025,5.66,43809000,
600908.SH,4/28/2025,5.65,21361000,
600908.SH,4/29/2025,5.61,21273100,
600908.SH,4/30/2025,5.53,26524915,
600908.SH,5/6/2025,5.54,23634316,
600908.SH,5/7/2025,5.58,23061017,
600908.SH,5/8/2025,5.64,21462913,
600908.SH,5/9/2025,5.68,25581078,
600908.SH,5/12/2025,5.68,21134535,
600908.SH,5/13/2025,5.76,27168052,
600908.SH,5/14/2025,5.85,27589884,
600908.SH,5/15/2025,5.81,21744030,
600908.SH,5/16/2025,5.76,22289855,
600908.SH,5/19/2025,5.77,16694136,
600908.SH,5/20/2025,5.78,18120200,
600908.SH,5/21/2025,5.87,18286863,
600908.SH,5/22/2025,5.96,26290534,
600908.SH,5/23/2025,5.9,26600546,
600908.SH,5/26/2025,5.89,20309000,
600908.SH,5/27/2025,5.99,20186275,
600908.SH,5/28/2025,6.02,19029500,
600908.SH,5/29/2025,6.03,22657830,
600908.SH,5/30/2025,6.1,28463412,
600908.SH,6/3/2025,6.19,44177898,
600908.SH,6/4/2025,6.23,33903544,
600908.SH,6/5/2025,6.16,29699803,
600908.SH,6/6/2025,6.2,17281186,
600908.SH,6/9/2025,6.18,20133950,
600908.SH,6/10/2025,6.21,22694754,
600908.SH,6/11/2025,6.2,19766263,
600908.SH,6/12/2025,6.28,28866699,
600908.SH,6/13/2025,6.23,28187402,
600908.SH,6/16/2025,6.29,18380685,
600908.SH,6/17/2025,6.33,21327081,
600908.SH,6/18/2025,6.36,17005875,
600908.SH,6/19/2025,6.39,25453538,
600908.SH,6/20/2025,6.42,20926303,
600908.SH,6/23/2025,6.44,31697732,
600908.SH,6/24/2025,6.38,38465793,
600908.SH,6/25/2025,6.38,27569885,
600908.SH,6/26/2025,6.51,41686493,
600908.SH,6/27/2025,6.39,54744946,
600908.SH,6/30/2025,6.31,31888662,
600908.SH,7/1/2025,6.42,28802459,
600908.SH,7/2/2025,6.45,26781402,
600908.SH,7/3/2025,6.52,31891920,
600908.SH,7/4/2025,6.36,43207591,
600908.SH,7/7/2025,6.46,27361248,
600908.SH,7/8/2025,6.4,23872901,
600908.SH,7/9/2025,6.49,29716437,
600908.SH,7/10/2025,6.55,28402632,
600908.SH,7/11/2025,6.4,34380500,
600908.SH,7/14/2025,6.42,35926904,
600908.SH,7/15/2025,6.35,26127514,
600908.SH,7/16/2025,6.28,22937603,
600908.SH,7/17/2025,6.27,14133800,
600908.SH,7/18/2025,6.3,17264371,
600908.SH,7/21/2025,6.25,18008797,
600908.SH,7/22/2025,6.2,25337587,
600908.SH,7/23/2025,6.21,20677593,
600908.SH,7/24/2025,6.16,23160002,
600908.SH,7/25/2025,6.16,18549336,
600908.SH,7/28/2025,6.16,21196200,
600908.SH,7/29/2025,6.09,20178424,
600908.SH,7/30/2025,6.12,15380743,
600908.SH,7/31/2025,6.02,28561300,
600908.SH,8/1/2025,6.04,13925772,
600908.SH,8/4/2025,6.09,15439495,
600908.SH,8/5/2025,6.18,20961495,
600908.SH,8/6/2025,6.15,11769693,
600908.SH,8/7/2025,6.14,13767475,
600908.SH,8/8/2025,6.14,9464160,
600908.SH,8/11/2025,6.1,14148286,
600908.SH,8/12/2025,6.14,13815096,
600908.SH,8/13/2025,6.12,12875333,
600908.SH,8/14/2025,6.09,15254200,
600908.SH,8/15/2025,6.1,25480200,
600908.SH,8/18/2025,6.21,33949036,
600908.SH,8/19/2025,6.12,22382819,
600908.SH,8/20/2025,6.18,17126655,
600908.SH,8/21/2025,6.23,18418368,
600908.SH,8/22/2025,6.18,20846350,
600908.SH,8/25/2025,6.21,28203622,
600908.SH,8/26/2025,6.13,20912884,
600908.SH,8/27/2025,6.03,20473384,
600908.SH,8/28/2025,6.01,26072049,
600908.SH,8/29/2025,6.1,52066205,
600908.SH,9/1/2025,6,39770080,
600908.SH,9/2/2025,6.07,24441667,
600908.SH,9/3/2025,5.97,18944786,
600908.SH,9/4/2025,5.97,26435211,
600908.SH,9/5/2025,5.92,25858216,
600908.SH,9/8/2025,5.94,17248218,
600908.SH,9/9/2025,6.03,21376573,
600908.SH,9/10/2025,6.08,19662900,
600908.SH,9/11/2025,6.1,22386995,
600908.SH,9/12/2025,5.99,25153951,
600908.SH,9/15/2025,5.94,18671062,
600908.SH,9/16/2025,5.93,12835132,
600908.SH,9/17/2025,5.94,13973375,
600908.SH,9/18/2025,5.84,20806689,
600908.SH,9/19/2025,5.9,14273207,
600908.SH,9/22/2025,5.84,10943981,
600908.SH,9/23/2025,5.89,13922479,
600908.SH,9/24/2025,5.9,10941088,
600908.SH,9/25/2025,5.84,11990367,
600908.SH,9/26/2025,5.88,12769300,
600908.SH,9/29/2025,5.94,13839674,
600908.SH,9/30/2025,5.88,9962389,
600908.SH,10/9/2025,5.88,8958414,
600908.SH,10/10/2025,5.93,14382869,
600908.SH,10/13/2025,5.93,17949125,
600908.SH,10/14/2025,6.05,26526829,
600908.SH,10/15/2025,6.1,22339986,
600908.SH,10/16/2025,6.15,18935966,
600908.SH,10/17/2025,6.16,20493735,
600908.SH,10/20/2025,6.16,16427007,
600908.SH,10/21/2025,6.15,12414912,
600908.SH,10/22/2025,6.23,21520337,
600908.SH,10/23/2025,6.26,17800147,
600908.SH,10/24/2025,6.16,16558306,
600908.SH,10/27/2025,6.18,17658233,
600908.SH,10/28/2025,6.14,15365620,
600908.SH,10/29/2025,6.05,16627920,
600908.SH,10/30/2025,6.06,14878098,
600908.SH,10/31/2025,6.07,15480094,
600908.SH,11/3/2025,6.18,27138225,
600908.SH,11/4/2025,6.24,22549322,
600908.SH,11/5/2025,6.19,17769016,
600908.SH,11/6/2025,6.2,12586728,
600908.SH,11/7/2025,6.19,11022003,
600908.SH,11/10/2025,6.21,11777800,
600908.SH,11/11/2025,6.25,13753831,
600908.SH,11/12/2025,6.3,15643200,
600908.SH,11/13/2025,6.23,18740400,
600908.SH,11/14/2025,6.24,15404200,
600908.SH,11/17/2025,6.17,23058071,
600908.SH,11/18/2025,6.16,13037468,
600908.SH,11/19/2025,6.19,12834600,
600908.SH,11/20/2025,6.24,19061604,
600908.SH,11/21/2025,6.1,20737400,
600908.SH,11/24/2025,6.07,24930533,
600908.SH,11/25/2025,6.06,20383614,
600908.SH,11/26/2025,6.09,20752309,
600908.SH,11/27/2025,6.16,14890579,
600908.SH,11/28/2025,6.05,15932290,
600908.SH,12/1/2025,6.17,18285471,
600908.SH,12/2/2025,6.21,14643861,
600908.SH,12/3/2025,6.24,19660280,
600908.SH,12/4/2025,6.21,11780836,
600908.SH,12/5/2025,6.1,16718585,
600908.SH,12/8/2025,6.08,17863693,
600908.SH,12/9/2025,6.07,11327428,
600908.SH,12/10/2025,5.99,14384633,
600908.SH,12/11/2025,5.95,12469000,
600908.SH,12/12/2025,5.92,13773193,
600908.SH,12/15/2025,5.91,9609157,
600908.SH,12/16/2025,5.9,10568800,
600908.SH,12/17/2025,5.88,11889503,
600908.SH,12/18/2025,5.98,17632684,
600908.SH,12/19/2025,6.04,13976107,
600908.SH,12/22/2025,5.96,14153998,
600908.SH,12/23/2025,5.95,13950624,
600908.SH,12/24/2025,5.96,9390198,
600908.SH,12/25/2025,5.97,8971500,
600908.SH,12/26/2025,5.93,11036220,
600908.SH,12/29/2025,5.92,15077357,
600908.SH,12/30/2025,5.93,9483400,
600908.SH,12/31/2025,5.93,11712617,
600908.SH,1/5/2026,5.93,15013400,
600908.SH,1/6/2026,5.97,18682756,
600908.SH,1/7/2026,5.93,15239700,
600908.SH,1/8/2026,5.89,17474572,
600908.SH,1/9/2026,5.89,12622932,
600908.SH,1/12/2026,5.9,13442760,
600908.SH,1/13/2026,5.92,17742650,
600908.SH,1/14/2026,5.87,18365964,
600908.SH,1/15/2026,5.85,8931995,
600908.SH,1/16/2026,5.82,11160500,
600908.SH,1/19/2026,5.8,9759309,
600908.SH,1/20/2026,5.84,13108754,
600908.SH,1/21/2026,5.8,15508300,
600908.SH,1/22/2026,5.82,12375658,
600908.SH,1/23/2026,5.81,14602792,
600908.SH,1/26/2026,5.82,16968500,
600908.SH,1/27/2026,5.76,12520077,
600908.SH,1/28/2026,5.8,16563611,
600908.SH,1/29/2026,5.9,23973792,
600908.SH,1/30/2026,5.9,15454600,
600908.SH,2/2/2026,5.81,20078534,
600908.SH,2/3/2026,5.77,15952929,
600908.SH,2/4/2026,5.88,16521584,
600908.SH,2/5/2026,5.97,29948520,
600908.SH,2/6/2026,5.98,23471200,
600908.SH,2/9/2026,6.02,18193944,
600908.SH,2/10/2026,6.05,15307752,
600908.SH,2/11/2026,6.08,15008900,
600908.SH,2/12/2026,5.99,16354881,
600908.SH,2/13/2026,5.91,12989052,
600908.SH,2/24/2026,5.89,14545442,
600908.SH,2/25/2026,5.88,21942300,
600908.SH,2/26/2026,5.86,14979881,
600908.SH,2/27/2026,5.87,13472874,
600908.SH,3/2/2026,5.92,21277400,
600908.SH,3/3/2026,5.87,24786100,
600908.SH,3/4/2026,5.72,31718111,
600908.SH,3/5/2026,5.74,16265695,
600908.SH,3/6/2026,5.77,14113500,
600908.SH,3/9/2026,5.76,16117222,
600908.SH,3/10/2026,5.78,14432000,
600908.SH,3/11/2026,5.81,14085752,
600908.SH,3/12/2026,5.92,23797891,
600908.SH,3/13/2026,5.94,22450133,
600908.SH,3/16/2026,5.99,17607400,
600908.SH,3/17/2026,6.03,17519153,
600908.SH,3/18/2026,5.97,13803400,
600908.SH,3/19/2026,5.96,14729591,
600908.SH,3/20/2026,5.9,14609200,
600908.SH,3/23/2026,5.6,41530116,
600908.SH,3/24/2026,5.74,20939388,
600908.SH,3/25/2026,5.88,22174340,
600908.SH,3/26/2026,5.91,18376033,
600908.SH,3/27/2026,5.83,17283700,
600908.SH,3/30/2026,5.7,29883633,
600908.SH,3/31/2026,5.74,21082300,
600908.SH,4/1/2026,5.7,18799000,
600908.SH,4/2/2026,5.7,15153102,
600908.SH,4/3/2026,5.66,16333102,
600908.SH,4/7/2026,5.61,15304840,
600908.SH,4/8/2026,5.72,17830484,
600908.SH,4/9/2026,5.62,13221400,
600908.SH,4/10/2026,5.62,11861000,
600908.SH,4/13/2026,5.58,11932930,
600908.SH,4/14/2026,5.64,13710051,
600908.SH,4/15/2026,5.69,13570678,
600908.SH,4/16/2026,5.67,9705633,
600908.SH,4/17/2026,5.65,7292400,
600908.SH,4/20/2026,5.67,8332300,
600908.SH,4/21/2026,5.72,12441499,
600908.SH,4/22/2026,5.74,15447792,
600908.SH,4/23/2026,5.87,28550133,
600908.SH,4/24/2026,5.76,16498566,
600908.SH,4/27/2026,5.71,13178325,
600908.SH,4/28/2026,5.72,10675200,
600908.SH,4/29/2026,5.76,13985300,
600908.SH,4/30/2026,5.73,20257994,
600908.SH,5/6/2026,5.7,21446700,
600908.SH,5/7/2026,5.69,13410105,
600908.SH,5/8/2026,5.7,11487435,
600908.SH,5/11/2026,5.66,16032772,
600908.SH,5/12/2026,5.65,12225740,
600908.SH,5/13/2026,5.64,9123935,
600908.SH,5/14/2026,5.63,11346740,
600908.SH,5/15/2026,5.59,17966505,
600908.SH,5/18/2026,5.54,12174796,
600908.SH,5/19/2026,5.59,9349872,
600908.SH,5/20/2026,5.52,10300100,
600908.SH,5/21/2026,5.51,10704140,
600908.SH,5/22/2026,5.46,10651100,
600908.SH,5/25/2026,5.43,9406600,
600908.SH,5/26/2026,5.45,8570667,
600908.SH,5/27/2026,5.44,7863000,
600908.SH,5/28/2026,5.37,9126410,
600908.SH,5/29/2026,5.45,13401376,
600908.SH,6/1/2026,5.59,18032259,
600908.SH,6/2/2026,5.55,16855187,
600908.SH,6/3/2026,5.48,14242000,
600908.SH,6/4/2026,5.39,10626700,0.044527
600908.SH,6/5/2026,5.43,9523820,0.044199
600908.SH,6/8/2026,5.43,12922920,0.044199
600908.SH,6/9/2026,5.42,15716124,0.04428
600908.SH,6/10/2026,5.53,18935648,0.0434
600908.SH,6/11/2026,5.5,13407560,0.043636
600919.SH,6/3/2024,7.96,395120225,
600919.SH,6/4/2024,7.89,197452398,
600919.SH,6/5/2024,7.73,183262651,
600919.SH,6/6/2024,7.84,179132317,
600919.SH,6/7/2024,7.92,118607641,
600919.SH,6/11/2024,7.75,134352433,
600919.SH,6/12/2024,7.72,128464908,
600919.SH,6/13/2024,7.58,177314206,
600919.SH,6/14/2024,7.4,290553649,
600919.SH,6/17/2024,7.3,123233292,
600919.SH,6/18/2024,7.36,89624976,
600919.SH,6/19/2024,7.39,70426427,
600919.SH,6/20/2024,7.31,62066352,
600919.SH,6/21/2024,7.34,67359447,
600919.SH,6/24/2024,7.31,79485009,
600919.SH,6/25/2024,7.27,110463906,
600919.SH,6/26/2024,7.3,77352922,
600919.SH,6/27/2024,7.35,116925734,
600919.SH,6/28/2024,7.43,110884432,
600919.SH,7/1/2024,7.5,98258163,
600919.SH,7/2/2024,7.55,125321341,
600919.SH,7/3/2024,7.54,112443374,
600919.SH,7/4/2024,7.56,118180084,
600919.SH,7/5/2024,7.49,139208626,
600919.SH,7/8/2024,7.55,122749620,
600919.SH,7/9/2024,7.69,126840301,
600919.SH,7/10/2024,7.7,85028807,
600919.SH,7/11/2024,7.62,79669229,
600919.SH,7/12/2024,7.82,129027656,
600919.SH,7/15/2024,7.88,101821467,
600919.SH,7/16/2024,7.86,80022082,
600919.SH,7/17/2024,7.9,88275325,
600919.SH,7/18/2024,7.9,93294756,
600919.SH,7/19/2024,7.85,93648093,
600919.SH,7/22/2024,7.77,97333301,
600919.SH,7/23/2024,7.81,114481908,
600919.SH,7/24/2024,7.82,90665701,
600919.SH,7/25/2024,7.81,91659367,
600919.SH,7/26/2024,7.7,95562001,
600919.SH,7/29/2024,7.79,91864774,
600919.SH,7/30/2024,7.73,72294600,
600919.SH,7/31/2024,7.69,113661601,
600919.SH,8/1/2024,7.72,118661227,
600919.SH,8/2/2024,7.69,68974432,
600919.SH,8/5/2024,7.55,108775216,
600919.SH,8/6/2024,7.48,93299448,
600919.SH,8/7/2024,7.57,93480147,
600919.SH,8/8/2024,7.5,57005497,
600919.SH,8/9/2024,7.51,46591862,
600919.SH,8/12/2024,7.52,43843102,
600919.SH,8/13/2024,7.6,73574005,
600919.SH,8/14/2024,7.59,57436013,
600919.SH,8/15/2024,7.65,57582573,
600919.SH,8/16/2024,7.67,86241238,
600919.SH,8/19/2024,7.96,238653907,
600919.SH,8/20/2024,8.07,195800098,
600919.SH,8/21/2024,8.04,105007847,
600919.SH,8/22/2024,8.12,129333758,
600919.SH,8/23/2024,8.12,107205116,
600919.SH,8/26/2024,8.19,106875097,
600919.SH,8/27/2024,8.22,124036154,
600919.SH,8/28/2024,8.17,85203731,
600919.SH,8/29/2024,7.93,127502327,
600919.SH,8/30/2024,7.77,169383875,
600919.SH,9/2/2024,7.84,109677674,
600919.SH,9/3/2024,7.71,99369529,
600919.SH,9/4/2024,7.73,83656319,
600919.SH,9/5/2024,7.83,102796422,
600919.SH,9/6/2024,7.86,81783949,
600919.SH,9/9/2024,7.61,121301792,
600919.SH,9/10/2024,7.66,108128413,
600919.SH,9/11/2024,7.49,132225846,
600919.SH,9/12/2024,7.55,73929795,
600919.SH,9/13/2024,7.49,65294256,
600919.SH,9/18/2024,7.53,71202285,
600919.SH,9/19/2024,7.46,86381247,
600919.SH,9/20/2024,7.51,100640854,
600919.SH,9/23/2024,7.63,103181090,
600919.SH,9/24/2024,7.8,163693003,
600919.SH,9/25/2024,7.99,175286738,
600919.SH,9/26/2024,8.2,178231869,
600919.SH,9/27/2024,8.1,181669756,
600919.SH,9/30/2024,8.4,405685617,
600919.SH,10/8/2024,8.56,457768589,
600919.SH,10/9/2024,7.93,324519362,
600919.SH,10/10/2024,8.45,345729897,
600919.SH,10/11/2024,8.36,187065208,
600919.SH,10/14/2024,8.83,337143274,
600919.SH,10/15/2024,8.79,218220138,
600919.SH,10/16/2024,9.03,205604779,
600919.SH,10/17/2024,9.03,184879616,
600919.SH,10/18/2024,8.99,194138244,
600919.SH,10/21/2024,8.94,169859107,
600919.SH,10/22/2024,8.93,98371531,
600919.SH,10/23/2024,8.94,94756955,
600919.SH,10/24/2024,9.1,134071111,
600919.SH,10/25/2024,8.94,109466932,
600919.SH,10/28/2024,8.84,105973705,
600919.SH,10/29/2024,9.02,122577116,
600919.SH,10/30/2024,9,104567568,
600919.SH,10/31/2024,8.81,142467965,
600919.SH,11/1/2024,8.94,104284002,
600919.SH,11/4/2024,9.16,150451819,
600919.SH,11/5/2024,9.2,96864447,
600919.SH,11/6/2024,9.15,82086758,
600919.SH,11/7/2024,9.26,134167626,
600919.SH,11/8/2024,9.13,121397224,
600919.SH,11/11/2024,8.88,179104113,
600919.SH,11/12/2024,8.84,135359999,
600919.SH,11/13/2024,8.97,116688664,
600919.SH,11/14/2024,9.03,116915181,
600919.SH,11/15/2024,8.99,124183526,
600919.SH,11/18/2024,9.07,163726638,
600919.SH,11/19/2024,9.06,94982259,
600919.SH,11/20/2024,9.02,66773295,
600919.SH,11/21/2024,9.04,52552912,
600919.SH,11/22/2024,8.86,87094557,
600919.SH,11/25/2024,8.88,81547759,
600919.SH,11/26/2024,8.91,91133450,
600919.SH,11/27/2024,8.94,82806435,
600919.SH,11/28/2024,8.94,126103430,
600919.SH,11/29/2024,9.05,145263824,
600919.SH,12/2/2024,8.76,378174313,
600919.SH,12/3/2024,8.9,200113348,
600919.SH,12/4/2024,8.92,132294090,
600919.SH,12/5/2024,8.89,134256830,
600919.SH,12/6/2024,9.05,185775814,
600919.SH,12/9/2024,9.16,139909113,
600919.SH,12/10/2024,9.24,151204586,
600919.SH,12/11/2024,9.17,116698364,
600919.SH,12/12/2024,9.32,137418169,
600919.SH,12/13/2024,9.14,151189396,
600919.SH,12/16/2024,9.2,98943300,
600919.SH,12/17/2024,9.27,127679494,
600919.SH,12/18/2024,9.39,144607558,
600919.SH,12/19/2024,9.3,99739702,
600919.SH,12/20/2024,9.36,109305304,
600919.SH,12/23/2024,9.42,141956505,
600919.SH,12/24/2024,9.57,140316379,
600919.SH,12/25/2024,9.72,109625522,
600919.SH,12/26/2024,9.77,94928744,
600919.SH,12/27/2024,9.71,130463346,
600919.SH,12/30/2024,9.9,140786342,
600919.SH,12/31/2024,9.82,135491926,
600919.SH,1/2/2025,9.72,146672367,
600919.SH,1/3/2025,9.6,126862181,
600919.SH,1/6/2025,9.64,115252041,
600919.SH,1/7/2025,9.73,85335345,
600919.SH,1/8/2025,9.83,104522024,
600919.SH,1/9/2025,9.86,124705639,
600919.SH,1/10/2025,9.53,126726075,
600919.SH,1/13/2025,9.48,82708907,
600919.SH,1/14/2025,9.42,142295143,
600919.SH,1/15/2025,9.6,133205646,
600919.SH,1/16/2025,9.83,105808287,
600919.SH,1/17/2025,9.76,71380626,
600919.SH,1/20/2025,9.67,81992269,
600919.SH,1/21/2025,9.59,69006252,
600919.SH,1/22/2025,9.45,100725218,
600919.SH,1/23/2025,9.59,95038374,
600919.SH,1/24/2025,9.77,129698940,
600919.SH,1/27/2025,9.93,109959547,
600919.SH,2/5/2025,9.75,97637864,
600919.SH,2/6/2025,9.68,97146158,
600919.SH,2/7/2025,9.56,139787830,
600919.SH,2/10/2025,9.52,127547124,
600919.SH,2/11/2025,9.56,85067672,
600919.SH,2/12/2025,9.53,80127002,
600919.SH,2/13/2025,9.5,74489315,
600919.SH,2/14/2025,9.45,110170179,
600919.SH,2/17/2025,9.36,149783126,
600919.SH,2/18/2025,9.48,136227480,
600919.SH,2/19/2025,9.43,92577832,
600919.SH,2/20/2025,9.38,67533551,
600919.SH,2/21/2025,9.17,262372241,
600919.SH,2/24/2025,9.08,149296059,
600919.SH,2/25/2025,8.98,157816588,
600919.SH,2/26/2025,8.97,132014404,
600919.SH,2/27/2025,9.18,180025979,
600919.SH,2/28/2025,9.13,123189658,
600919.SH,3/3/2025,9.23,104108906,
600919.SH,3/4/2025,9.29,95875875,
600919.SH,3/5/2025,9.47,148530261,
600919.SH,3/6/2025,9.38,115109902,
600919.SH,3/7/2025,9.3,85695229,
600919.SH,3/10/2025,9.27,87613656,
600919.SH,3/11/2025,9.32,69610190,
600919.SH,3/12/2025,9.22,93797445,
600919.SH,3/13/2025,9.34,98390219,
600919.SH,3/14/2025,9.24,207092303,
600919.SH,3/17/2025,9.34,153820014,
600919.SH,3/18/2025,9.35,92239259,
600919.SH,3/19/2025,9.41,90801821,
600919.SH,3/20/2025,9.43,88213056,
600919.SH,3/21/2025,9.36,92458682,
600919.SH,3/24/2025,9.47,111109727,
600919.SH,3/25/2025,9.58,96263846,
600919.SH,3/26/2025,9.45,89896547,
600919.SH,3/27/2025,9.55,89338831,
600919.SH,3/28/2025,9.51,63476046,
600919.SH,3/31/2025,9.5,94247540,
600919.SH,4/1/2025,9.58,107596410,
600919.SH,4/2/2025,9.75,119763334,
600919.SH,4/3/2025,9.74,75660181,
600919.SH,4/7/2025,9.31,263135153,
600919.SH,4/8/2025,9.39,205911048,
600919.SH,4/9/2025,9.33,165744395,
600919.SH,4/10/2025,9.49,138385229,
600919.SH,4/11/2025,9.37,104341920,
600919.SH,4/14/2025,9.39,77182988,
600919.SH,4/15/2025,9.57,124099293,
600919.SH,4/16/2025,9.74,125163974,
600919.SH,4/17/2025,9.84,112239668,
600919.SH,4/18/2025,9.87,92607031,
600919.SH,4/21/2025,9.77,142629895,
600919.SH,4/22/2025,9.94,108718226,
600919.SH,4/23/2025,9.86,86928223,
600919.SH,4/24/2025,9.96,84369033,
600919.SH,4/25/2025,9.93,72696669,
600919.SH,4/28/2025,10.13,153164374,
600919.SH,4/29/2025,10.37,182325331,
600919.SH,4/30/2025,10.16,132422326,
600919.SH,5/6/2025,10.01,135511559,
600919.SH,5/7/2025,10.16,94261480,
600919.SH,5/8/2025,10.41,134097249,
600919.SH,5/9/2025,10.6,110735978,
600919.SH,5/12/2025,10.62,106720927,
600919.SH,5/13/2025,10.81,115656823,
600919.SH,5/14/2025,10.78,121871828,
600919.SH,5/15/2025,10.78,108050811,
600919.SH,5/16/2025,10.73,96047225,
600919.SH,5/19/2025,10.71,84310972,
600919.SH,5/20/2025,10.71,87977353,
600919.SH,5/21/2025,10.92,100559692,
600919.SH,5/22/2025,11.06,115254930,
600919.SH,5/23/2025,10.98,88788565,
600919.SH,5/26/2025,10.81,110424493,
600919.SH,5/27/2025,10.88,70099629,
600919.SH,5/28/2025,10.84,64711849,
600919.SH,5/29/2025,10.9,86103676,
600919.SH,5/30/2025,10.98,98159554,
600919.SH,6/3/2025,11.08,129335756,
600919.SH,6/4/2025,11.21,127390387,
600919.SH,6/5/2025,11.02,122284873,
600919.SH,6/6/2025,11.15,95286175,
600919.SH,6/9/2025,11.22,108608385,
600919.SH,6/10/2025,11.34,110346676,
600919.SH,6/11/2025,11.35,67366033,
600919.SH,6/12/2025,11.61,131964947,
600919.SH,6/13/2025,11.5,115330163,
600919.SH,6/16/2025,11.71,91008691,
600919.SH,6/17/2025,11.64,90665543,
600919.SH,6/18/2025,11.74,69898839,
600919.SH,6/19/2025,11.84,90996285,
600919.SH,6/20/2025,11.88,156859770,
600919.SH,6/23/2025,11.93,132740936,
600919.SH,6/24/2025,11.93,134926340,
600919.SH,6/25/2025,12.16,150858121,
600919.SH,6/26/2025,12.44,133982257,
600919.SH,6/27/2025,11.99,233200515,
600919.SH,6/30/2025,11.94,120744389,
600919.SH,7/1/2025,12.14,94017503,
600919.SH,7/2/2025,12.26,88249611,
600919.SH,7/3/2025,12.3,78155602,
600919.SH,7/4/2025,12.54,128477438,
600919.SH,7/7/2025,12.5,95390215,
600919.SH,7/8/2025,12.36,135388031,
600919.SH,7/9/2025,12.32,92271848,
600919.SH,7/10/2025,12.2,131195383,
600919.SH,7/11/2025,11.92,160770375,
600919.SH,7/14/2025,11.98,109991827,
600919.SH,7/15/2025,11.8,110990856,
600919.SH,7/16/2025,11.7,147398186,
600919.SH,7/17/2025,11.72,95268126,
600919.SH,7/18/2025,11.78,101425440,
600919.SH,7/21/2025,11.7,87924526,
600919.SH,7/22/2025,11.47,164444985,
600919.SH,7/23/2025,11.47,140725063,
600919.SH,7/24/2025,11.3,170655616,
600919.SH,7/25/2025,11.37,136812357,
600919.SH,7/28/2025,11.49,147997265,
600919.SH,7/29/2025,11.32,113702736,
600919.SH,7/30/2025,11.46,127776955,
600919.SH,7/31/2025,11.3,139620044,
600919.SH,8/1/2025,11.44,129597035,
600919.SH,8/4/2025,11.56,136018183,
600919.SH,8/5/2025,11.76,129553169,
600919.SH,8/6/2025,11.69,89155639,
600919.SH,8/7/2025,11.65,72297788,
600919.SH,8/8/2025,11.65,86480903,
600919.SH,8/11/2025,11.51,93783047,
600919.SH,8/12/2025,11.47,90754967,
600919.SH,8/13/2025,11.2,188055932,
600919.SH,8/14/2025,11.17,130621712,
600919.SH,8/15/2025,10.98,180663992,
600919.SH,8/18/2025,11.06,162041309,
600919.SH,8/19/2025,11.11,122188641,
600919.SH,8/20/2025,11.25,211790465,
600919.SH,8/21/2025,11.31,128541912,
600919.SH,8/22/2025,11.15,184081895,
600919.SH,8/25/2025,11.07,203557085,
600919.SH,8/26/2025,11.02,115163667,
600919.SH,8/27/2025,10.81,193417570,
600919.SH,8/28/2025,11.02,212199820,
600919.SH,8/29/2025,10.83,221613933,
600919.SH,9/1/2025,10.72,179369511,
600919.SH,9/2/2025,10.89,162403487,
600919.SH,9/3/2025,10.75,108573225,
600919.SH,9/4/2025,10.77,156591085,
600919.SH,9/5/2025,10.66,128334002,
600919.SH,9/8/2025,10.67,120052582,
600919.SH,9/9/2025,10.88,157404833,
600919.SH,9/10/2025,10.82,118747067,
600919.SH,9/11/2025,10.76,181403998,
600919.SH,9/12/2025,10.53,188022748,
600919.SH,9/15/2025,10.42,181415349,
600919.SH,9/16/2025,10.34,133753500,
600919.SH,9/17/2025,10.3,123783672,
600919.SH,9/18/2025,10.18,147435384,
600919.SH,9/19/2025,10.26,127972048,
600919.SH,9/22/2025,10.12,114829518,
600919.SH,9/23/2025,10.21,195789674,
600919.SH,9/24/2025,10.19,117074594,
600919.SH,9/25/2025,10.08,137703422,
600919.SH,9/26/2025,10.14,177243314,
600919.SH,9/29/2025,10.14,131745021,
600919.SH,9/30/2025,10.03,92415093,
600919.SH,10/9/2025,9.99,160278690,
600919.SH,10/10/2025,10.12,158173355,
600919.SH,10/13/2025,10.31,256649195,
600919.SH,10/14/2025,10.72,344595210,
600919.SH,10/15/2025,10.86,216999843,
600919.SH,10/16/2025,11.04,182150693,
600919.SH,10/17/2025,10.99,154369234,
600919.SH,10/20/2025,10.79,160298052,
600919.SH,10/21/2025,10.85,122970088,
600919.SH,10/22/2025,10.93,96321833,
600919.SH,10/23/2025,10.99,112076173,
600919.SH,10/24/2025,10.91,131970439,
600919.SH,10/27/2025,10.94,125480386,
600919.SH,10/28/2025,10.94,96773601,
600919.SH,10/29/2025,10.52,203906604,
600919.SH,10/30/2025,10.55,115075081,
600919.SH,10/31/2025,10.78,177880251,
600919.SH,11/3/2025,10.92,147007027,
600919.SH,11/4/2025,11.11,153181837,
600919.SH,11/5/2025,11.12,146384702,
600919.SH,11/6/2025,11.1,111960257,
600919.SH,11/7/2025,11.06,97233086,
600919.SH,11/10/2025,11.12,98297154,
600919.SH,11/11/2025,11.1,86341342,
600919.SH,11/12/2025,11.13,98550412,
600919.SH,11/13/2025,11.03,106899620,
600919.SH,11/14/2025,11,90782275,
600919.SH,11/17/2025,10.83,112339863,
600919.SH,11/18/2025,10.73,80981120,
600919.SH,11/19/2025,10.9,83921477,
600919.SH,11/20/2025,10.94,98794774,
600919.SH,11/21/2025,10.74,100931197,
600919.SH,11/24/2025,10.71,109230550,
600919.SH,11/25/2025,10.78,105925970,
600919.SH,11/26/2025,10.7,115562778,
600919.SH,11/27/2025,10.83,109782063,
600919.SH,11/28/2025,10.72,81404030,
600919.SH,12/1/2025,10.77,152708947,
600919.SH,12/2/2025,10.95,174353012,
600919.SH,12/3/2025,10.76,141370759,
600919.SH,12/4/2025,10.7,103789245,
600919.SH,12/5/2025,10.51,152978316,
600919.SH,12/8/2025,10.47,117214695,
600919.SH,12/9/2025,10.5,127043178,
600919.SH,12/10/2025,10.37,107673438,
600919.SH,12/11/2025,10.41,82348597,
600919.SH,12/12/2025,10.39,198940738,
600919.SH,12/15/2025,10.38,115458339,
600919.SH,12/16/2025,10.35,97926518,
600919.SH,12/17/2025,10.33,109815556,
600919.SH,12/18/2025,10.6,130872816,
600919.SH,12/19/2025,10.5,144278972,
600919.SH,12/22/2025,10.41,108108860,
600919.SH,12/23/2025,10.39,75911827,
600919.SH,12/24/2025,10.32,127286612,
600919.SH,12/25/2025,10.32,95386320,
600919.SH,12/26/2025,10.24,95586453,
600919.SH,12/29/2025,10.32,121458461,
600919.SH,12/30/2025,10.44,123843402,
600919.SH,12/31/2025,10.4,81725298,
600919.SH,1/5/2026,10.46,127178798,
600919.SH,1/6/2026,10.6,133551448,
600919.SH,1/7/2026,10.64,124287966,
600919.SH,1/8/2026,10.52,98414958,
600919.SH,1/9/2026,10.4,139239039,
600919.SH,1/12/2026,10.5,131072229,
600919.SH,1/13/2026,10.6,150482498,
600919.SH,1/14/2026,10.12,151707767,
600919.SH,1/15/2026,10.03,102261638,
600919.SH,1/16/2026,9.76,206128836,
600919.SH,1/19/2026,9.71,122122433,
600919.SH,1/20/2026,9.81,123137412,
600919.SH,1/21/2026,9.73,131902873,
600919.SH,1/22/2026,9.84,152184419,
600919.SH,1/23/2026,9.73,151793577,
600919.SH,1/26/2026,9.83,175918723,
600919.SH,1/27/2026,9.83,151558977,
600919.SH,1/28/2026,9.8,183514050,
600919.SH,1/29/2026,10.13,215190262,
600919.SH,1/30/2026,10.13,145423029,
600919.SH,2/2/2026,10.07,140531447,
600919.SH,2/3/2026,10,100756455,
600919.SH,2/4/2026,10.18,112190689,
600919.SH,2/5/2026,10.43,149793451,
600919.SH,2/6/2026,10.41,104520937,
600919.SH,2/9/2026,10.43,82483397,
600919.SH,2/10/2026,10.48,66595470,
600919.SH,2/11/2026,10.49,68244253,
600919.SH,2/12/2026,10.43,76467933,
600919.SH,2/13/2026,10.39,70079627,
600919.SH,2/24/2026,10.32,76468662,
600919.SH,2/25/2026,10.26,85379314,
600919.SH,2/26/2026,10.45,107205235,
600919.SH,2/27/2026,10.35,81961774,
600919.SH,3/2/2026,10.44,90283847,
600919.SH,3/3/2026,10.47,139504273,
600919.SH,3/4/2026,10.49,124281171,
600919.SH,3/5/2026,10.59,91265967,
600919.SH,3/6/2026,10.55,81858287,
600919.SH,3/9/2026,10.47,96499689,
600919.SH,3/10/2026,10.44,75996939,
600919.SH,3/11/2026,10.53,100275954,
600919.SH,3/12/2026,10.66,120650520,
600919.SH,3/13/2026,10.75,98800659,
600919.SH,3/16/2026,10.92,120639254,
600919.SH,3/17/2026,10.91,85496458,
600919.SH,3/18/2026,10.91,87247941,
600919.SH,3/19/2026,10.87,93779479,
600919.SH,3/20/2026,10.87,74626358,
600919.SH,3/23/2026,10.4,157949039,
600919.SH,3/24/2026,10.7,139162484,
600919.SH,3/25/2026,10.79,104005762,
600919.SH,3/26/2026,10.88,92898812,
600919.SH,3/27/2026,10.81,79581239,
600919.SH,3/30/2026,10.81,69407228,
600919.SH,3/31/2026,10.92,110767762,
600919.SH,4/1/2026,10.82,88758066,
600919.SH,4/2/2026,10.88,56458203,
600919.SH,4/3/2026,10.81,50136121,
600919.SH,4/7/2026,10.79,57085052,
600919.SH,4/8/2026,10.88,93437684,
600919.SH,4/9/2026,10.81,53126061,
600919.SH,4/10/2026,10.78,54411476,
600919.SH,4/13/2026,10.81,54098723,
600919.SH,4/14/2026,10.82,50954891,
600919.SH,4/15/2026,10.95,66740966,
600919.SH,4/16/2026,10.9,70315654,
600919.SH,4/17/2026,10.83,55186900,
600919.SH,4/20/2026,11.02,109082710,
600919.SH,4/21/2026,11.18,96993849,
600919.SH,4/22/2026,11.12,58969187,
600919.SH,4/23/2026,11.2,80544631,
600919.SH,4/24/2026,11.29,86658921,
600919.SH,4/27/2026,11.24,65863990,
600919.SH,4/28/2026,11.36,71564203,
600919.SH,4/29/2026,11.4,98486926,
600919.SH,4/30/2026,11.3,62073358,
600919.SH,5/6/2026,11.25,129215903,
600919.SH,5/7/2026,11.21,69605020,
600919.SH,5/8/2026,11.29,73407024,
600919.SH,5/11/2026,11.36,76239855,
600919.SH,5/12/2026,11.3,68146066,
600919.SH,5/13/2026,11.23,72162965,
600919.SH,5/14/2026,11.2,82937224,
600919.SH,5/15/2026,11.18,80654378,
600919.SH,5/18/2026,11.04,73405265,
600919.SH,5/19/2026,11.22,89833046,
600919.SH,5/20/2026,11.17,65125988,
600919.SH,5/21/2026,11.29,110200417,
600919.SH,5/22/2026,11.13,105347324,
600919.SH,5/25/2026,11.15,78286626,
600919.SH,5/26/2026,11.05,93102678,
600919.SH,5/27/2026,11.15,93394650,
600919.SH,5/28/2026,11.15,99033829,
600919.SH,5/29/2026,11.29,124396068,
600919.SH,6/1/2026,11.39,117430449,
600919.SH,6/2/2026,11.5,103584105,
600919.SH,6/3/2026,11.32,82892513,
600919.SH,6/4/2026,11.24,78936045,0.050187
600919.SH,6/5/2026,11.38,85666728,0.049569
600919.SH,6/8/2026,11.44,109133371,0.049309
600919.SH,6/9/2026,11.66,133981511,0.048379
600919.SH,6/10/2026,11.73,123605615,0.04809
600919.SH,6/11/2026,11.78,98669370,0.047886
601009.SH,6/3/2024,10.09,66280646,
601009.SH,6/4/2024,10.16,27911769,
601009.SH,6/5/2024,10.09,24874504,
601009.SH,6/6/2024,10.15,18483463,
601009.SH,6/7/2024,10.12,20905672,
601009.SH,6/11/2024,9.92,25402392,
601009.SH,6/12/2024,10.1,40572242,
601009.SH,6/13/2024,9.98,32238625,
601009.SH,6/14/2024,9.54,31131381,
601009.SH,6/17/2024,9.58,27258148,
601009.SH,6/18/2024,9.75,21052083,
601009.SH,6/19/2024,9.88,32602050,
601009.SH,6/20/2024,9.83,23250090,
601009.SH,6/21/2024,9.87,23160802,
601009.SH,6/24/2024,9.84,21424220,
601009.SH,6/25/2024,9.86,19789986,
601009.SH,6/26/2024,9.89,21292810,
601009.SH,6/27/2024,10.18,46405618,
601009.SH,6/28/2024,10.39,45445834,
601009.SH,7/1/2024,10.27,29025933,
601009.SH,7/2/2024,10.27,27063542,
601009.SH,7/3/2024,10.18,28010870,
601009.SH,7/4/2024,10.05,23032715,
601009.SH,7/5/2024,9.95,26079945,
601009.SH,7/8/2024,10.08,31312392,
601009.SH,7/9/2024,10.14,18911035,
601009.SH,7/10/2024,10.03,22155380,
601009.SH,7/11/2024,9.99,23492506,
601009.SH,7/12/2024,10.06,18172357,
601009.SH,7/15/2024,10.16,21713915,
601009.SH,7/16/2024,10.08,24782758,
601009.SH,7/17/2024,10.12,21905290,
601009.SH,7/18/2024,10.15,21194564,
601009.SH,7/19/2024,10.15,22683917,
601009.SH,7/22/2024,10.02,22775611,
601009.SH,7/23/2024,10.1,23156769,
601009.SH,7/24/2024,10.06,19187338,
601009.SH,7/25/2024,10,28776556,
601009.SH,7/26/2024,9.84,26027944,
601009.SH,7/29/2024,10.04,28260499,
601009.SH,7/30/2024,10.09,19890475,
601009.SH,7/31/2024,10.09,20266029,
601009.SH,8/1/2024,10.14,43820816,
601009.SH,8/2/2024,10.28,31060705,
601009.SH,8/5/2024,9.97,40846691,
601009.SH,8/6/2024,9.89,29782549,
601009.SH,8/7/2024,9.94,22470121,
601009.SH,8/8/2024,9.75,32375372,
601009.SH,8/9/2024,9.91,23611160,
601009.SH,8/12/2024,9.85,15466346,
601009.SH,8/13/2024,9.85,24107894,
601009.SH,8/14/2024,9.92,17323540,
601009.SH,8/15/2024,9.97,24926197,
601009.SH,8/16/2024,10.14,30291301,
601009.SH,8/19/2024,10.28,24430633,
601009.SH,8/20/2024,10.28,19929447,
601009.SH,8/21/2024,10.12,20499737,
601009.SH,8/22/2024,10.17,14656528,
601009.SH,8/23/2024,10.19,14937211,
601009.SH,8/26/2024,10.29,19059383,
601009.SH,8/27/2024,10.24,19135100,
601009.SH,8/28/2024,10.18,17160021,
601009.SH,8/29/2024,9.94,27085244,
601009.SH,8/30/2024,9.92,32232058,
601009.SH,9/2/2024,10.14,31955092,
601009.SH,9/3/2024,10.05,34919449,
601009.SH,9/4/2024,10.15,24064836,
601009.SH,9/5/2024,10.19,29882160,
601009.SH,9/6/2024,10.15,28412060,
601009.SH,9/9/2024,10.08,25757681,
601009.SH,9/10/2024,10.18,29123921,
601009.SH,9/11/2024,9.67,46575182,
601009.SH,9/12/2024,9.83,32288194,
601009.SH,9/13/2024,9.91,28174858,
601009.SH,9/18/2024,10.02,25823850,
601009.SH,9/19/2024,10.12,35934957,
601009.SH,9/20/2024,10.28,36612325,
601009.SH,9/23/2024,10.22,24312995,
601009.SH,9/24/2024,10.25,55081344,
601009.SH,9/25/2024,10.56,74309595,
601009.SH,9/26/2024,10.72,54933824,
601009.SH,9/27/2024,10.52,30348265,
601009.SH,9/30/2024,10.95,119810616,
601009.SH,10/8/2024,11.4,151935680,
601009.SH,10/9/2024,10.27,142937575,
601009.SH,10/10/2024,10.39,93074964,
601009.SH,10/11/2024,10.42,73489774,
601009.SH,10/14/2024,10.55,117437393,
601009.SH,10/15/2024,10.45,87170353,
601009.SH,10/16/2024,10.67,78490521,
601009.SH,10/17/2024,10.61,56045393,
601009.SH,10/18/2024,10.64,59330422,
601009.SH,10/21/2024,10.41,67271080,
601009.SH,10/22/2024,10.32,60572636,
601009.SH,10/23/2024,10.3,43614742,
601009.SH,10/24/2024,10.3,40297914,
601009.SH,10/25/2024,10.31,39683524,
601009.SH,10/28/2024,10.27,34095842,
601009.SH,10/29/2024,10.26,40254235,
601009.SH,10/30/2024,10.18,53043194,
601009.SH,10/31/2024,10.25,48444411,
601009.SH,11/1/2024,9.97,64194929,
601009.SH,11/4/2024,10.11,50905430,
601009.SH,11/5/2024,10.19,42099245,
601009.SH,11/6/2024,10.12,44934707,
601009.SH,11/7/2024,10.32,56827179,
601009.SH,11/8/2024,10.19,45158532,
601009.SH,11/11/2024,10.27,45500112,
601009.SH,11/12/2024,10.26,49913992,
601009.SH,11/13/2024,10.38,57011442,
601009.SH,11/14/2024,10.38,63077145,
601009.SH,11/15/2024,10.28,36381289,
601009.SH,11/18/2024,10.31,63213662,
601009.SH,11/19/2024,10.34,44765590,
601009.SH,11/20/2024,10.34,31109993,
601009.SH,11/21/2024,10.35,23066716,
601009.SH,11/22/2024,10.24,37736999,
601009.SH,11/25/2024,10.41,83746412,
601009.SH,11/26/2024,10.61,78381378,
601009.SH,11/27/2024,10.73,97726534,
601009.SH,11/28/2024,10.61,69387459,
601009.SH,11/29/2024,10.57,56320097,
601009.SH,12/2/2024,10.45,62001020,
601009.SH,12/3/2024,10.63,56198373,
601009.SH,12/4/2024,10.61,37907886,
601009.SH,12/5/2024,10.57,30127493,
601009.SH,12/6/2024,10.58,41393627,
601009.SH,12/9/2024,10.57,33044036,
601009.SH,12/10/2024,10.57,47984710,
601009.SH,12/11/2024,10.52,52527207,
601009.SH,12/12/2024,10.62,42526943,
601009.SH,12/13/2024,10.5,44434786,
601009.SH,12/16/2024,10.51,36997755,
601009.SH,12/17/2024,10.5,32466844,
601009.SH,12/18/2024,10.53,49714745,
601009.SH,12/19/2024,10.51,32187413,
601009.SH,12/20/2024,10.47,24216735,
601009.SH,12/23/2024,10.58,45369972,
601009.SH,12/24/2024,10.69,43647228,
601009.SH,12/25/2024,10.81,72394286,
601009.SH,12/26/2024,10.68,34746333,
601009.SH,12/27/2024,10.62,44768371,
601009.SH,12/30/2024,10.79,67134949,
601009.SH,12/31/2024,10.65,55675061,
601009.SH,1/2/2025,10.46,59813076,
601009.SH,1/3/2025,10.38,42132066,
601009.SH,1/6/2025,10.53,48603605,
601009.SH,1/7/2025,10.53,25386719,
601009.SH,1/8/2025,10.56,32999864,
601009.SH,1/9/2025,10.5,29312597,
601009.SH,1/10/2025,10.57,37425060,
601009.SH,1/13/2025,10.41,40678475,
601009.SH,1/14/2025,10.48,43194646,
601009.SH,1/15/2025,10.6,44659853,
601009.SH,1/16/2025,10.6,31127419,
601009.SH,1/17/2025,10.57,33064832,
601009.SH,1/20/2025,10.55,29698542,
601009.SH,1/21/2025,10.48,35252353,
601009.SH,1/22/2025,10.31,41692596,
601009.SH,1/23/2025,10.58,43784466,
601009.SH,1/24/2025,10.55,28907366,
601009.SH,1/27/2025,10.69,38518346,
601009.SH,2/5/2025,10.59,39334897,
601009.SH,2/6/2025,10.57,29619534,
601009.SH,2/7/2025,10.55,31217791,
601009.SH,2/10/2025,10.5,28579778,
601009.SH,2/11/2025,10.6,35717134,
601009.SH,2/12/2025,10.59,18058307,
601009.SH,2/13/2025,10.55,19243006,
601009.SH,2/14/2025,10.49,33179096,
601009.SH,2/17/2025,10.45,25218314,
601009.SH,2/18/2025,10.41,45225717,
601009.SH,2/19/2025,10.4,32828342,
601009.SH,2/20/2025,10.37,23606116,
601009.SH,2/21/2025,10.22,47246175,
601009.SH,2/24/2025,10.08,43331381,
601009.SH,2/25/2025,10,34938216,
601009.SH,2/26/2025,10.06,28801244,
601009.SH,2/27/2025,10.16,27674621,
601009.SH,2/28/2025,10.1,29303938,
601009.SH,3/3/2025,10.1,28276461,
601009.SH,3/4/2025,10.09,21453084,
601009.SH,3/5/2025,10.19,35428486,
601009.SH,3/6/2025,10.18,30615616,
601009.SH,3/7/2025,10.11,18770731,
601009.SH,3/10/2025,10.06,27477993,
601009.SH,3/11/2025,10.1,22340754,
601009.SH,3/12/2025,10.04,27985099,
601009.SH,3/13/2025,10.11,26412822,
601009.SH,3/14/2025,10.19,34343147,
601009.SH,3/17/2025,10.17,26681653,
601009.SH,3/18/2025,10.13,38038674,
601009.SH,3/19/2025,10.25,50171321,
601009.SH,3/20/2025,10.27,24539612,
601009.SH,3/21/2025,10.23,37593542,
601009.SH,3/24/2025,10.32,29288940,
601009.SH,3/25/2025,10.36,19691583,
601009.SH,3/26/2025,10.28,21975072,
601009.SH,3/27/2025,10.36,22496643,
601009.SH,3/28/2025,10.38,22608204,
601009.SH,3/31/2025,10.33,31485163,
601009.SH,4/1/2025,10.34,28322972,
601009.SH,4/2/2025,10.44,34485081,
601009.SH,4/3/2025,10.5,30076744,
601009.SH,4/7/2025,10.16,75827141,
601009.SH,4/8/2025,10.3,55505505,
601009.SH,4/9/2025,10.25,46175725,
601009.SH,4/10/2025,10.3,43390782,
601009.SH,4/11/2025,10.21,21208448,
601009.SH,4/14/2025,10.29,25673726,
601009.SH,4/15/2025,10.46,34874206,
601009.SH,4/16/2025,10.54,43457374,
601009.SH,4/17/2025,10.53,35121261,
601009.SH,4/18/2025,10.54,26935250,
601009.SH,4/21/2025,10.44,31632852,
601009.SH,4/22/2025,10.44,28800873,
601009.SH,4/23/2025,10.35,32833852,
601009.SH,4/24/2025,10.46,37356209,
601009.SH,4/25/2025,10.42,28276634,
601009.SH,4/28/2025,10.51,41564823,
601009.SH,4/29/2025,10.53,38278754,
601009.SH,4/30/2025,10.42,39033598,
601009.SH,5/6/2025,10.41,34101484,
601009.SH,5/7/2025,10.48,35882058,
601009.SH,5/8/2025,10.59,36649773,
601009.SH,5/9/2025,10.67,69670105,
601009.SH,5/12/2025,10.63,50285168,
601009.SH,5/13/2025,10.69,60297963,
601009.SH,5/14/2025,10.71,71790147,
601009.SH,5/15/2025,10.65,65996714,
601009.SH,5/16/2025,10.64,43766887,
601009.SH,5/19/2025,10.61,37165222,
601009.SH,5/20/2025,10.61,35262669,
601009.SH,5/21/2025,10.76,71086282,
601009.SH,5/22/2025,10.89,77435254,
601009.SH,5/23/2025,10.8,55662183,
601009.SH,5/26/2025,10.69,51093999,
601009.SH,5/27/2025,10.91,68810820,
601009.SH,5/28/2025,11.32,154792763,
601009.SH,5/29/2025,11.28,119027052,
601009.SH,5/30/2025,11.46,102194550,
601009.SH,6/3/2025,11.46,113985204,
601009.SH,6/4/2025,11.49,73250665,
601009.SH,6/5/2025,11.22,77048149,
601009.SH,6/6/2025,11.29,63907737,
601009.SH,6/9/2025,11.35,73704897,
601009.SH,6/10/2025,11.44,83554777,
601009.SH,6/11/2025,11.39,45202939,
601009.SH,6/12/2025,11.69,81514419,
601009.SH,6/13/2025,11.71,75763385,
601009.SH,6/16/2025,11.82,68562804,
601009.SH,6/17/2025,11.74,58453782,
601009.SH,6/18/2025,11.9,64165273,
601009.SH,6/19/2025,11.83,53148035,
601009.SH,6/20/2025,12.05,76304579,
601009.SH,6/23/2025,11.85,67658266,
601009.SH,6/24/2025,11.71,192925820,
601009.SH,6/25/2025,11.88,124238578,
601009.SH,6/26/2025,12.03,90494697,
601009.SH,6/27/2025,11.66,117081788,
601009.SH,6/30/2025,11.62,64296854,
601009.SH,7/1/2025,11.94,66079196,
601009.SH,7/2/2025,11.92,54057916,
601009.SH,7/3/2025,11.94,48630258,
601009.SH,7/4/2025,12.07,52724791,
601009.SH,7/7/2025,12,47200177,
601009.SH,7/8/2025,11.8,70727973,
601009.SH,7/9/2025,11.8,46317213,
601009.SH,7/10/2025,11.83,74307668,
601009.SH,7/11/2025,11.56,96775557,
601009.SH,7/14/2025,11.64,68644170,
601009.SH,7/15/2025,11.58,56549032,
601009.SH,7/16/2025,11.5,41799556,
601009.SH,7/17/2025,11.64,48645958,
601009.SH,7/18/2025,11.82,50785641,
601009.SH,7/21/2025,11.66,39129270,
601009.SH,7/22/2025,11.76,77691507,
601009.SH,7/23/2025,11.76,83946393,
601009.SH,7/24/2025,11.67,82347774,
601009.SH,7/25/2025,11.62,63781322,
601009.SH,7/28/2025,11.74,51554536,
601009.SH,7/29/2025,11.62,41468395,
601009.SH,7/30/2025,11.74,39603112,
601009.SH,7/31/2025,11.48,65464299,
601009.SH,8/1/2025,11.68,53438772,
601009.SH,8/4/2025,11.74,43064143,
601009.SH,8/5/2025,11.96,56352013,
601009.SH,8/6/2025,11.98,38732758,
601009.SH,8/7/2025,12.14,35985886,
601009.SH,8/8/2025,12.15,31740022,
601009.SH,8/11/2025,12,47700675,
601009.SH,8/12/2025,12.02,41410165,
601009.SH,8/13/2025,11.74,72570804,
601009.SH,8/14/2025,11.75,43498223,
601009.SH,8/15/2025,11.65,63990703,
601009.SH,8/18/2025,11.5,72329290,
601009.SH,8/19/2025,11.38,45749664,
601009.SH,8/20/2025,11.39,50340158,
601009.SH,8/21/2025,11.38,42688699,
601009.SH,8/22/2025,11.33,52196842,
601009.SH,8/25/2025,11.37,40810469,
601009.SH,8/26/2025,11.21,50168242,
601009.SH,8/27/2025,11.06,71898355,
601009.SH,8/28/2025,11.28,65384372,
601009.SH,8/29/2025,11.12,88074747,
601009.SH,9/1/2025,10.89,76897244,
601009.SH,9/2/2025,11.08,55864956,
601009.SH,9/3/2025,11.07,47488419,
601009.SH,9/4/2025,11.15,54532355,
601009.SH,9/5/2025,11.1,43885241,
601009.SH,9/8/2025,11.05,92653701,
601009.SH,9/9/2025,11.16,39996958,
601009.SH,9/10/2025,11.26,42968270,
601009.SH,9/11/2025,11.27,42210744,
601009.SH,9/12/2025,11.04,101978412,
601009.SH,9/15/2025,11.04,89859956,
601009.SH,9/16/2025,10.82,72239446,
601009.SH,9/17/2025,10.69,49460294,
601009.SH,9/18/2025,10.48,53400747,
601009.SH,9/19/2025,10.48,44152656,
601009.SH,9/22/2025,10.46,43006797,
601009.SH,9/23/2025,10.96,179557296,
601009.SH,9/24/2025,11.01,73334133,
601009.SH,9/25/2025,11,48405149,
601009.SH,9/26/2025,11.26,81215351,
601009.SH,9/29/2025,11.1,112318441,
601009.SH,9/30/2025,10.93,62645711,
601009.SH,10/9/2025,10.84,67185014,
601009.SH,10/10/2025,10.81,74859654,
601009.SH,10/13/2025,11.22,94599208,
601009.SH,10/14/2025,11.54,87740573,
601009.SH,10/15/2025,11.66,64406438,
601009.SH,10/16/2025,11.66,68272148,
601009.SH,10/17/2025,11.68,41577485,
601009.SH,10/20/2025,11.53,40308514,
601009.SH,10/21/2025,11.42,53328830,
601009.SH,10/22/2025,11.48,48488030,
601009.SH,10/23/2025,11.51,38941799,
601009.SH,10/24/2025,11.38,48049218,
601009.SH,10/27/2025,11.35,44687674,
601009.SH,10/28/2025,11.35,69762385,
601009.SH,10/29/2025,11.14,74146332,
601009.SH,10/30/2025,11.06,70285724,
601009.SH,10/31/2025,11.31,76643319,
601009.SH,11/3/2025,11.37,62698081,
601009.SH,11/4/2025,11.58,52524568,
601009.SH,11/5/2025,11.65,55511550,
601009.SH,11/6/2025,11.65,75871165,
601009.SH,11/7/2025,11.61,43594144,
601009.SH,11/10/2025,11.65,94164363,
601009.SH,11/11/2025,11.64,52677664,
601009.SH,11/12/2025,11.59,54610588,
601009.SH,11/13/2025,11.55,41491290,
601009.SH,11/14/2025,11.51,59768485,
601009.SH,11/17/2025,11.49,59477921,
601009.SH,11/18/2025,11.48,38542637,
601009.SH,11/19/2025,11.51,37772195,
601009.SH,11/20/2025,11.37,51662201,
601009.SH,11/21/2025,11.43,55716271,
601009.SH,11/24/2025,11.34,48096574,
601009.SH,11/25/2025,11.64,45727231,
601009.SH,11/26/2025,11.49,51431195,
601009.SH,11/27/2025,11.58,29421800,
601009.SH,11/28/2025,11.57,33320529,
601009.SH,12/1/2025,11.85,64702657,
601009.SH,12/2/2025,12.03,49682125,
601009.SH,12/3/2025,11.81,34875549,
601009.SH,12/4/2025,11.6,33828357,
601009.SH,12/5/2025,11.49,42817260,
601009.SH,12/8/2025,11.4,39892485,
601009.SH,12/9/2025,11.33,34374004,
601009.SH,12/10/2025,11.41,47918970,
601009.SH,12/11/2025,11.33,52388935,
601009.SH,12/12/2025,11.36,103657095,
601009.SH,12/15/2025,11.31,48904122,
601009.SH,12/16/2025,11.32,31909217,
601009.SH,12/17/2025,11.35,34571654,
601009.SH,12/18/2025,11.58,35109249,
601009.SH,12/19/2025,11.41,40973293,
601009.SH,12/22/2025,11.26,42677038,
601009.SH,12/23/2025,11.36,33349426,
601009.SH,12/24/2025,11.31,24023453,
601009.SH,12/25/2025,11.32,23451976,
601009.SH,12/26/2025,11.22,42187007,
601009.SH,12/29/2025,11.59,78647370,
601009.SH,12/30/2025,11.52,29573833,
601009.SH,12/31/2025,11.43,23560363,
601009.SH,1/5/2026,11.32,61985966,
601009.SH,1/6/2026,11.31,50356911,
601009.SH,1/7/2026,11.11,163253043,
601009.SH,1/8/2026,10.95,121702561,
601009.SH,1/9/2026,10.83,96752617,
601009.SH,1/12/2026,10.75,97319886,
601009.SH,1/13/2026,10.88,119283618,
601009.SH,1/14/2026,10.69,85931957,
601009.SH,1/15/2026,10.61,51200527,
601009.SH,1/16/2026,10.45,81491519,
601009.SH,1/19/2026,10.42,51320506,
601009.SH,1/20/2026,10.56,79620278,
601009.SH,1/21/2026,10.43,63691919,
601009.SH,1/22/2026,10.42,71341377,
601009.SH,1/23/2026,10.35,86500001,
601009.SH,1/26/2026,10.45,91838221,
601009.SH,1/27/2026,10.41,70946267,
601009.SH,1/28/2026,10.38,67855528,
601009.SH,1/29/2026,10.59,77223776,
601009.SH,1/30/2026,10.53,55977192,
601009.SH,2/2/2026,10.62,84436832,
601009.SH,2/3/2026,10.58,60727588,
601009.SH,2/4/2026,10.78,77325635,
601009.SH,2/5/2026,11.18,119418997,
601009.SH,2/6/2026,11.15,56226674,
601009.SH,2/9/2026,11.26,52474996,
601009.SH,2/10/2026,11.33,46274306,
601009.SH,2/11/2026,11.44,51872590,
601009.SH,2/12/2026,11.33,69464087,
601009.SH,2/13/2026,11.31,33672680,
601009.SH,2/24/2026,11.22,52122911,
601009.SH,2/25/2026,11.08,64649874,
601009.SH,2/26/2026,11.2,45492356,
601009.SH,2/27/2026,11.25,38849292,
601009.SH,3/2/2026,11.32,49332025,
601009.SH,3/3/2026,11.37,69469025,
601009.SH,3/4/2026,11.35,54408045,
601009.SH,3/5/2026,11.28,30217629,
601009.SH,3/6/2026,11.22,32831670,
601009.SH,3/9/2026,11.08,45487902,
601009.SH,3/10/2026,11.04,26481259,
601009.SH,3/11/2026,11.1,52669307,
601009.SH,3/12/2026,11.17,41486691,
601009.SH,3/13/2026,11.18,39359660,
601009.SH,3/16/2026,11.33,45686833,
601009.SH,3/17/2026,11.53,63086076,
601009.SH,3/18/2026,11.52,43919013,
601009.SH,3/19/2026,11.47,38039240,
601009.SH,3/20/2026,11.37,33566909,
601009.SH,3/23/2026,10.87,65467378,
601009.SH,3/24/2026,11.15,53542260,
601009.SH,3/25/2026,11.17,42477808,
601009.SH,3/26/2026,11.25,37198343,
601009.SH,3/27/2026,11.2,49705729,
601009.SH,3/30/2026,11.3,40593099,
601009.SH,3/31/2026,11.39,66579377,
601009.SH,4/1/2026,11.34,43486633,
601009.SH,4/2/2026,11.29,33688561,
601009.SH,4/3/2026,11.15,28184905,
601009.SH,4/7/2026,11.12,32813703,
601009.SH,4/8/2026,11.16,58444761,
601009.SH,4/9/2026,11.02,34253557,
601009.SH,4/10/2026,10.91,40706143,
601009.SH,4/13/2026,10.9,28898466,
601009.SH,4/14/2026,10.98,33570521,
601009.SH,4/15/2026,11.19,47204317,
601009.SH,4/16/2026,11.11,33686262,
601009.SH,4/17/2026,11.11,22620793,
601009.SH,4/20/2026,11.29,43683069,
601009.SH,4/21/2026,11.53,54424424,
601009.SH,4/22/2026,11.51,35091959,
601009.SH,4/23/2026,11.79,80623607,
601009.SH,4/24/2026,11.74,40456876,
601009.SH,4/27/2026,11.65,42673297,
601009.SH,4/28/2026,11.68,33789426,
601009.SH,4/29/2026,11.73,41503221,
601009.SH,4/30/2026,11.75,34128525,
601009.SH,5/6/2026,11.48,57662249,
601009.SH,5/7/2026,11.38,45557927,
601009.SH,5/8/2026,11.32,32019037,
601009.SH,5/11/2026,11.33,55887396,
601009.SH,5/12/2026,11.21,52062795,
601009.SH,5/13/2026,11.19,35191509,
601009.SH,5/14/2026,11.26,43329320,
601009.SH,5/15/2026,11.22,40381857,
601009.SH,5/18/2026,11,49443797,
601009.SH,5/19/2026,11.05,36470638,
601009.SH,5/20/2026,10.98,33960901,
601009.SH,5/21/2026,10.95,40503431,
601009.SH,5/22/2026,10.84,53480141,
601009.SH,5/25/2026,10.82,31618062,
601009.SH,5/26/2026,10.76,38567833,
601009.SH,5/27/2026,10.7,39917272,
601009.SH,5/28/2026,10.64,34108383,
601009.SH,5/29/2026,10.78,63540488,
601009.SH,6/1/2026,11.23,79364213,
601009.SH,6/2/2026,11.26,47100499,
601009.SH,6/3/2026,11.14,45022260,
601009.SH,6/4/2026,11.01,39606228,0.048061
601009.SH,6/5/2026,11.16,40706229,0.047415
601009.SH,6/8/2026,11.36,60967009,0.04658
601009.SH,6/9/2026,11.46,38904791,0.046174
601009.SH,6/10/2026,11.65,57402156,0.045421
601009.SH,6/11/2026,11.68,54898365,0.045304
601098.SH,6/3/2024,13.2,10075483,
601098.SH,6/4/2024,13.32,8130283,
601098.SH,6/5/2024,13.15,11510150,
601098.SH,6/6/2024,13.23,9775200,
601098.SH,6/7/2024,13.22,8493321,
601098.SH,6/11/2024,13.17,10365181,
601098.SH,6/12/2024,13.61,11914917,
601098.SH,6/13/2024,13.68,10073197,
601098.SH,6/14/2024,13.8,11661967,
601098.SH,6/17/2024,13.75,13569405,
601098.SH,6/18/2024,13.48,12290316,
601098.SH,6/19/2024,13.27,8975277,
601098.SH,6/20/2024,13.18,7585843,
601098.SH,6/21/2024,13.13,9735472,
601098.SH,6/24/2024,12.77,11285500,
601098.SH,6/25/2024,12.59,9019101,
601098.SH,6/26/2024,12.67,8503339,
601098.SH,6/27/2024,12.5,8726586,
601098.SH,6/28/2024,12.42,9669633,
601098.SH,7/1/2024,13.11,11075867,
601098.SH,7/2/2024,12.78,9991049,
601098.SH,7/3/2024,12.7,6665165,
601098.SH,7/4/2024,12.67,7876200,
601098.SH,7/5/2024,13.18,14374405,
601098.SH,7/8/2024,12.75,11150740,
601098.SH,7/9/2024,12.89,10640014,
601098.SH,7/10/2024,12.38,11842238,
601098.SH,7/11/2024,12.13,13712054,
601098.SH,7/12/2024,11.66,7862798,
601098.SH,7/15/2024,12.12,12935700,
601098.SH,7/16/2024,11.8,8401800,
601098.SH,7/17/2024,11.69,6048300,
601098.SH,7/18/2024,11.83,7031711,
601098.SH,7/19/2024,11.8,5664700,
601098.SH,7/22/2024,11.89,7051500,
601098.SH,7/23/2024,11.64,8615883,
601098.SH,7/24/2024,11.71,7658400,
601098.SH,7/25/2024,12.02,14758270,
601098.SH,7/26/2024,11.86,6934240,
601098.SH,7/29/2024,11.89,6937000,
601098.SH,7/30/2024,11.72,5543200,
601098.SH,7/31/2024,11.81,11542702,
601098.SH,8/1/2024,11.66,11466013,
601098.SH,8/2/2024,11.71,8554867,
601098.SH,8/5/2024,11.88,12358704,
601098.SH,8/6/2024,11.66,11876601,
601098.SH,8/7/2024,11.91,13235512,
601098.SH,8/8/2024,12.17,10434059,
601098.SH,8/9/2024,11.7,16537036,
601098.SH,8/12/2024,12.51,22914269,
601098.SH,8/13/2024,12.5,17618350,
601098.SH,8/14/2024,12.88,19803000,
601098.SH,8/15/2024,12.94,17083797,
601098.SH,8/16/2024,13.1,10498501,
601098.SH,8/19/2024,13.19,10185435,
601098.SH,8/20/2024,13.25,8868450,
601098.SH,8/21/2024,13.09,10383201,
601098.SH,8/22/2024,13.04,6975560,
601098.SH,8/23/2024,12.95,7389800,
601098.SH,8/26/2024,12.98,10556240,
601098.SH,8/27/2024,12.91,6832320,
601098.SH,8/28/2024,12.92,7712900,
601098.SH,8/29/2024,12.72,6134002,
601098.SH,8/30/2024,12.64,11178300,
601098.SH,9/2/2024,12.81,11866925,
601098.SH,9/3/2024,12.96,8883032,
601098.SH,9/4/2024,13.38,9791114,
601098.SH,9/5/2024,13.53,7337386,
601098.SH,9/6/2024,13.49,7682217,
601098.SH,9/9/2024,13.43,7776576,
601098.SH,9/10/2024,13.55,7021107,
601098.SH,9/11/2024,13.36,9658621,
601098.SH,9/12/2024,13.39,8970774,
601098.SH,9/13/2024,13.42,7362400,
601098.SH,9/18/2024,13.2,7895178,
601098.SH,9/19/2024,12.99,13729193,
601098.SH,9/20/2024,12.76,7544248,
601098.SH,9/23/2024,12.67,6999400,
601098.SH,9/24/2024,12.85,12854200,
601098.SH,9/25/2024,12.89,14358965,
601098.SH,9/26/2024,12.9,14414463,
601098.SH,9/27/2024,13.15,9589905,
601098.SH,9/30/2024,13.92,29233999,
601098.SH,10/8/2024,14.03,37074431,
601098.SH,10/9/2024,13.13,29331072,
601098.SH,10/10/2024,13.85,53899837,
601098.SH,10/11/2024,13.18,32444028,
601098.SH,10/14/2024,13.33,20282831,
601098.SH,10/15/2024,13.08,20367866,
601098.SH,10/16/2024,13.29,17874485,
601098.SH,10/17/2024,13.1,11980313,
601098.SH,10/18/2024,13.15,19821215,
601098.SH,10/21/2024,13.17,17309456,
601098.SH,10/22/2024,12.93,25727370,
601098.SH,10/23/2024,12.83,12707126,
601098.SH,10/24/2024,12.85,11272272,
601098.SH,10/25/2024,12.82,16464420,
601098.SH,10/28/2024,12.93,21009532,
601098.SH,10/29/2024,12.82,17477491,
601098.SH,10/30/2024,12.38,22139400,
601098.SH,10/31/2024,12.1,13645701,
601098.SH,11/1/2024,12.28,17468181,
601098.SH,11/4/2024,12.47,16257032,
601098.SH,11/5/2024,12.37,17663249,
601098.SH,11/6/2024,12.35,18922238,
601098.SH,11/7/2024,12.53,13004755,
601098.SH,11/8/2024,12.45,14673300,
601098.SH,11/11/2024,12.64,12408278,
601098.SH,11/12/2024,12.48,13211621,
601098.SH,11/13/2024,12.75,15775153,
601098.SH,11/14/2024,12.51,13807338,
601098.SH,11/15/2024,12.51,14304268,
601098.SH,11/18/2024,12.56,15425936,
601098.SH,11/19/2024,12.59,8539275,
601098.SH,11/20/2024,12.58,11129738,
601098.SH,11/21/2024,12.39,9408216,
601098.SH,11/22/2024,12.02,9345819,
601098.SH,11/25/2024,12.04,8782469,
601098.SH,11/26/2024,12.2,12795567,
601098.SH,11/27/2024,12.51,10389964,
601098.SH,11/28/2024,12.5,9846996,
601098.SH,11/29/2024,12.69,13908587,
601098.SH,12/2/2024,12.68,10456724,
601098.SH,12/3/2024,12.7,9754186,
601098.SH,12/4/2024,12.75,11654431,
601098.SH,12/5/2024,12.96,14984847,
601098.SH,12/6/2024,13.6,28961296,
601098.SH,12/9/2024,13.8,21852946,
601098.SH,12/10/2024,13.55,18164801,
601098.SH,12/11/2024,13.7,35194711,
601098.SH,12/12/2024,13.45,18691434,
601098.SH,12/13/2024,13.57,25071605,
601098.SH,12/16/2024,13.88,24177663,
601098.SH,12/17/2024,13.98,24319650,
601098.SH,12/18/2024,14.47,29685898,
601098.SH,12/19/2024,14.49,12351901,
601098.SH,12/20/2024,14.36,12171245,
601098.SH,12/23/2024,14.1,13533121,
601098.SH,12/24/2024,14.64,13155300,
601098.SH,12/25/2024,14.6,9312701,
601098.SH,12/26/2024,14.64,7037422,
601098.SH,12/27/2024,14.47,12204726,
601098.SH,12/30/2024,14.96,15507046,
601098.SH,12/31/2024,15.01,14485100,
601098.SH,1/2/2025,14.53,21592254,
601098.SH,1/3/2025,14.14,29725966,
601098.SH,1/6/2025,13.91,23381300,
601098.SH,1/7/2025,13.71,14864101,
601098.SH,1/8/2025,14.16,15336788,
601098.SH,1/9/2025,13.83,12957803,
601098.SH,1/10/2025,13.45,13506801,
601098.SH,1/13/2025,13.35,12814436,
601098.SH,1/14/2025,13.41,17028432,
601098.SH,1/15/2025,13.24,13442200,
601098.SH,1/16/2025,13.17,17344300,
601098.SH,1/17/2025,13.2,13216165,
601098.SH,1/20/2025,13.32,10566145,
601098.SH,1/21/2025,13.16,9188918,
601098.SH,1/22/2025,13.23,9214700,
601098.SH,1/23/2025,13.34,11789410,
601098.SH,1/24/2025,13.6,14483101,
601098.SH,1/27/2025,13.73,9412968,
601098.SH,2/5/2025,13.35,13045206,
601098.SH,2/6/2025,13.47,11799775,
601098.SH,2/7/2025,13.46,11841200,
601098.SH,2/10/2025,13.31,10905701,
601098.SH,2/11/2025,13.78,18115511,
601098.SH,2/12/2025,13.78,9367886,
601098.SH,2/13/2025,13.63,9010731,
601098.SH,2/14/2025,14.1,15808298,
601098.SH,2/17/2025,13.87,12166120,
601098.SH,2/18/2025,13.63,11534001,
601098.SH,2/19/2025,13.5,14253500,
601098.SH,2/20/2025,13.26,11657300,
601098.SH,2/21/2025,12.98,22497937,
601098.SH,2/24/2025,12.99,20997027,
601098.SH,2/25/2025,12.77,11892048,
601098.SH,2/26/2025,12.89,10560596,
601098.SH,2/27/2025,12.85,12648553,
601098.SH,2/28/2025,12.97,13723201,
601098.SH,3/3/2025,12.95,10011608,
601098.SH,3/4/2025,13.03,8593484,
601098.SH,3/5/2025,12.89,9217027,
601098.SH,3/6/2025,12.91,7125637,
601098.SH,3/7/2025,12.63,10300749,
601098.SH,3/10/2025,12.57,8562714,
601098.SH,3/11/2025,12.63,6491382,
601098.SH,3/12/2025,12.81,7579300,
601098.SH,3/13/2025,12.75,6813700,
601098.SH,3/14/2025,12.74,10695198,
601098.SH,3/17/2025,12.66,7311282,
601098.SH,3/18/2025,12.69,4146222,
601098.SH,3/19/2025,12.63,6033217,
601098.SH,3/20/2025,12.67,6316601,
601098.SH,3/21/2025,13.2,25585129,
601098.SH,3/24/2025,13.11,18406947,
601098.SH,3/25/2025,13.1,9886700,
601098.SH,3/26/2025,13.32,11522681,
601098.SH,3/27/2025,13.52,12548411,
601098.SH,3/28/2025,13.55,8804447,
601098.SH,3/31/2025,14.01,22603121,
601098.SH,4/1/2025,14.29,21713557,
601098.SH,4/2/2025,14.35,18231034,
601098.SH,4/3/2025,14.56,15023250,
601098.SH,4/7/2025,14.3,31677471,
601098.SH,4/8/2025,14.66,23102002,
601098.SH,4/9/2025,15.1,23981309,
601098.SH,4/10/2025,15.14,35319072,
601098.SH,4/11/2025,15.14,27797586,
601098.SH,4/14/2025,14.9,17959794,
601098.SH,4/15/2025,14.75,16376108,
601098.SH,4/16/2025,14.85,9021000,
601098.SH,4/17/2025,14.53,9899480,
601098.SH,4/18/2025,14.72,6474122,
601098.SH,4/21/2025,14.42,6846910,
601098.SH,4/22/2025,14.42,7629210,
601098.SH,4/23/2025,14.29,6145497,
601098.SH,4/24/2025,14.34,6518808,
601098.SH,4/25/2025,14.16,5709144,
601098.SH,4/28/2025,14.04,12497801,
601098.SH,4/29/2025,14.15,10268122,
601098.SH,4/30/2025,14.28,8798566,
601098.SH,5/6/2025,14.14,14785378,
601098.SH,5/7/2025,14.1,10089371,
601098.SH,5/8/2025,14.05,6342110,
601098.SH,5/9/2025,13.97,6121134,
601098.SH,5/12/2025,13.97,9271551,
601098.SH,5/13/2025,13.98,9750900,
601098.SH,5/14/2025,13.99,10139943,
601098.SH,5/15/2025,14.19,11350923,
601098.SH,5/16/2025,14.02,10987829,
601098.SH,5/19/2025,14.32,10685306,
601098.SH,5/20/2025,14.55,9473523,
601098.SH,5/21/2025,14.46,5939306,
601098.SH,5/22/2025,14.1,8946355,
601098.SH,5/23/2025,13.89,7715900,
601098.SH,5/26/2025,13.94,5368764,
601098.SH,5/27/2025,13.76,5819156,
601098.SH,5/28/2025,13.82,5347886,
601098.SH,5/29/2025,13.77,4623773,
601098.SH,5/30/2025,13.89,8673382,
601098.SH,6/3/2025,14.15,10000148,
601098.SH,6/4/2025,14.09,4787100,
601098.SH,6/5/2025,14.13,6426719,
601098.SH,6/6/2025,13.84,4970900,
601098.SH,6/9/2025,13.69,9707231,
601098.SH,6/10/2025,13.69,6860306,
601098.SH,6/11/2025,13.8,7590037,
601098.SH,6/12/2025,13.89,5523137,
601098.SH,6/13/2025,13.61,7431700,
601098.SH,6/16/2025,13.69,5704100,
601098.SH,6/17/2025,13.55,5541327,
601098.SH,6/18/2025,13.6,4948201,
601098.SH,6/19/2025,13.8,8188610,
601098.SH,6/20/2025,13.53,7838058,
601098.SH,6/23/2025,13.47,5188500,
601098.SH,6/24/2025,13.57,5480000,
601098.SH,6/25/2025,13.63,4835400,
601098.SH,6/26/2025,13.78,8770938,
601098.SH,6/27/2025,13.72,5682600,
601098.SH,6/30/2025,13.12,8378929,
601098.SH,7/1/2025,13.04,8766177,
601098.SH,7/2/2025,13.12,6301882,
601098.SH,7/3/2025,13.03,7660100,
601098.SH,7/4/2025,13.1,7199020,
601098.SH,7/7/2025,13.6,11762132,
601098.SH,7/8/2025,13.54,6065250,
601098.SH,7/9/2025,13.84,8591101,
601098.SH,7/10/2025,13.88,5107701,
601098.SH,7/11/2025,13.77,6361725,
601098.SH,7/14/2025,13.81,7047973,
601098.SH,7/15/2025,13.53,8212401,
601098.SH,7/16/2025,13.28,9031388,
601098.SH,7/17/2025,13.12,9736000,
601098.SH,7/18/2025,13.19,8877587,
601098.SH,7/21/2025,13.19,9609001,
601098.SH,7/22/2025,13.25,11408747,
601098.SH,7/23/2025,13.15,9723046,
601098.SH,7/24/2025,13.21,11645300,
601098.SH,7/25/2025,13.19,13151204,
601098.SH,7/28/2025,12.92,17339421,
601098.SH,7/29/2025,12.98,10197200,
601098.SH,7/30/2025,13.02,9424661,
601098.SH,7/31/2025,12.85,9917038,
601098.SH,8/1/2025,12.98,6890171,
601098.SH,8/4/2025,12.97,8317173,
601098.SH,8/5/2025,12.98,11623729,
601098.SH,8/6/2025,12.99,7663583,
601098.SH,8/7/2025,12.97,7343578,
601098.SH,8/8/2025,12.98,10323135,
601098.SH,8/11/2025,12.93,11140800,
601098.SH,8/12/2025,12.95,7095501,
601098.SH,8/13/2025,13,7466514,
601098.SH,8/14/2025,12.91,9873992,
601098.SH,8/15/2025,13.2,16611935,
601098.SH,8/18/2025,13.09,14475138,
601098.SH,8/19/2025,13.09,9341858,
601098.SH,8/20/2025,13.16,6348100,
601098.SH,8/21/2025,13.19,9150823,
601098.SH,8/22/2025,13.28,10444300,
601098.SH,8/25/2025,13.2,14236023,
601098.SH,8/26/2025,13.17,9708873,
601098.SH,8/27/2025,13,10513700,
601098.SH,8/28/2025,13.08,16320950,
601098.SH,8/29/2025,13.16,14520500,
601098.SH,9/1/2025,13.17,14636908,
601098.SH,9/2/2025,12.85,14317182,
601098.SH,9/3/2025,12.56,15176900,
601098.SH,9/4/2025,12.63,10196388,
601098.SH,9/5/2025,12.95,17424550,
601098.SH,9/8/2025,12.94,12562404,
601098.SH,9/9/2025,12.9,6573610,
601098.SH,9/10/2025,12.95,8979599,
601098.SH,9/11/2025,12.96,15922101,
601098.SH,9/12/2025,12.9,16424200,
601098.SH,9/15/2025,12.72,11290500,
601098.SH,9/16/2025,12.58,12781991,
601098.SH,9/17/2025,12.56,9608401,
601098.SH,9/18/2025,12.26,16280921,
601098.SH,9/19/2025,12.47,12120889,
601098.SH,9/22/2025,12.2,9515582,
601098.SH,9/23/2025,12.14,7699411,
601098.SH,9/24/2025,12.25,8880188,
601098.SH,9/25/2025,12.18,11769590,
601098.SH,9/26/2025,12.2,10439901,
601098.SH,9/29/2025,12.24,10839490,
601098.SH,9/30/2025,12.28,13672316,
601098.SH,10/9/2025,12.22,14210461,
601098.SH,10/10/2025,12.24,13829946,
601098.SH,10/13/2025,12.16,11441129,
601098.SH,10/14/2025,12.39,16711366,
601098.SH,10/15/2025,12.4,10722501,
601098.SH,10/16/2025,12.33,7898228,
601098.SH,10/17/2025,12.31,12683657,
601098.SH,10/20/2025,12.16,9940400,
601098.SH,10/21/2025,12.16,8312939,
601098.SH,10/22/2025,12.22,9942700,
601098.SH,10/23/2025,12.35,11333665,
601098.SH,10/24/2025,12.28,7683100,
601098.SH,10/27/2025,12.33,9164813,
601098.SH,10/28/2025,12.29,6609893,
601098.SH,10/29/2025,12.31,6459805,
601098.SH,10/30/2025,12.01,24261466,
601098.SH,10/31/2025,12.11,10587482,
601098.SH,11/3/2025,12.21,13300023,
601098.SH,11/4/2025,12.21,10809159,
601098.SH,11/5/2025,12.23,7518727,
601098.SH,11/6/2025,12.09,12953501,
601098.SH,11/7/2025,12.09,8697300,
601098.SH,11/10/2025,12.15,10748850,
601098.SH,11/11/2025,12.16,12329128,
601098.SH,11/12/2025,12.19,10818847,
601098.SH,11/13/2025,12.18,11763200,
601098.SH,11/14/2025,12.13,8103301,
601098.SH,11/17/2025,12.06,13943143,
601098.SH,11/18/2025,12.03,9172326,
601098.SH,11/19/2025,12.03,5850109,
601098.SH,11/20/2025,11.79,14377230,
601098.SH,11/21/2025,11.41,20417343,
601098.SH,11/24/2025,11.59,12498282,
601098.SH,11/25/2025,11.41,13699100,
601098.SH,11/26/2025,11.17,15767683,
601098.SH,11/27/2025,11,15293655,
601098.SH,11/28/2025,11.11,14279455,
601098.SH,12/1/2025,11.25,19088596,
601098.SH,12/2/2025,11.17,10166219,
601098.SH,12/3/2025,11.12,11763128,
601098.SH,12/4/2025,11.05,7350200,
601098.SH,12/5/2025,11.13,12536424,
601098.SH,12/8/2025,11.2,14006712,
601098.SH,12/9/2025,11.22,18395500,
601098.SH,12/10/2025,11.22,23588450,
601098.SH,12/11/2025,11.33,24054675,
601098.SH,12/12/2025,11.43,22419557,
601098.SH,12/15/2025,11.29,15056946,
601098.SH,12/16/2025,11.22,9558400,
601098.SH,12/17/2025,11.1,12859928,
601098.SH,12/18/2025,11.06,16560306,
601098.SH,12/19/2025,11.05,10962805,
601098.SH,12/22/2025,11.07,9840297,
601098.SH,12/23/2025,11.04,8014354,
601098.SH,12/24/2025,11.11,9876894,
601098.SH,12/25/2025,11.12,6682861,
601098.SH,12/26/2025,11.12,7056968,
601098.SH,12/29/2025,11,9276646,
601098.SH,12/30/2025,11,11441110,
601098.SH,12/31/2025,11.26,24054514,
601098.SH,1/5/2026,11.33,17074156,
601098.SH,1/6/2026,11.28,19814397,
601098.SH,1/7/2026,11.21,18951703,
601098.SH,1/8/2026,11.2,10165863,
601098.SH,1/9/2026,11.33,15923187,
601098.SH,1/12/2026,11.69,30557800,
601098.SH,1/13/2026,11.56,25567700,
601098.SH,1/14/2026,11.67,33068750,
601098.SH,1/15/2026,11.53,14620551,
601098.SH,1/16/2026,11.27,16590358,
601098.SH,1/19/2026,11.26,9165282,
601098.SH,1/20/2026,11.33,10472160,
601098.SH,1/21/2026,11.26,8840240,
601098.SH,1/22/2026,11.27,6612344,
601098.SH,1/23/2026,11.35,12012396,
601098.SH,1/26/2026,11.2,12160500,
601098.SH,1/27/2026,11.02,16989900,
601098.SH,1/28/2026,11.02,9416000,
601098.SH,1/29/2026,11.15,15949463,
601098.SH,1/30/2026,11.04,10298300,
601098.SH,2/2/2026,10.86,14592700,
601098.SH,2/3/2026,10.88,14492874,
601098.SH,2/4/2026,10.87,12389705,
601098.SH,2/5/2026,11.06,13247256,
601098.SH,2/6/2026,10.92,17369309,
601098.SH,2/9/2026,10.95,12452205,
601098.SH,2/10/2026,11.43,42000029,
601098.SH,2/11/2026,11.18,27728801,
601098.SH,2/12/2026,11.03,14654920,
601098.SH,2/13/2026,10.93,11092801,
601098.SH,2/24/2026,10.89,11319643,
601098.SH,2/25/2026,10.92,8125701,
601098.SH,2/26/2026,11.01,11304675,
601098.SH,2/27/2026,11.11,10750901,
601098.SH,3/2/2026,10.94,11743500,
601098.SH,3/3/2026,10.91,12127740,
601098.SH,3/4/2026,10.53,17933599,
601098.SH,3/5/2026,10.48,9230300,
601098.SH,3/6/2026,10.76,10213220,
601098.SH,3/9/2026,10.78,8725209,
601098.SH,3/10/2026,10.92,8024300,
601098.SH,3/11/2026,11.04,11021224,
601098.SH,3/12/2026,11.09,11258672,
601098.SH,3/13/2026,11.13,14582000,
601098.SH,3/16/2026,11.18,11150001,
601098.SH,3/17/2026,11.09,7296800,
601098.SH,3/18/2026,11.11,8318510,
601098.SH,3/19/2026,11.07,8923431,
601098.SH,3/20/2026,10.88,8641680,
601098.SH,3/23/2026,10.47,14755295,
601098.SH,3/24/2026,10.81,9940157,
601098.SH,3/25/2026,10.98,10108900,
601098.SH,3/26/2026,10.9,5475424,
601098.SH,3/27/2026,10.81,5107700,
601098.SH,3/30/2026,10.9,5595083,
601098.SH,3/31/2026,10.99,7343991,
601098.SH,4/1/2026,11.16,8775092,
601098.SH,4/2/2026,11.13,7187192,
601098.SH,4/3/2026,10.93,4147400,
601098.SH,4/7/2026,10.88,5743615,
601098.SH,4/8/2026,11.16,11661914,
601098.SH,4/9/2026,11.17,14075938,
601098.SH,4/10/2026,11.18,12900121,
601098.SH,4/13/2026,10.93,9922846,
601098.SH,4/14/2026,10.95,6414100,
601098.SH,4/15/2026,11.09,6900116,
601098.SH,4/16/2026,11.09,5237800,
601098.SH,4/17/2026,11.11,6030797,
601098.SH,4/20/2026,11.12,7820882,
601098.SH,4/21/2026,11.15,7676201,
601098.SH,4/22/2026,11.13,7120014,
601098.SH,4/23/2026,11.14,7471994,
601098.SH,4/24/2026,11,9660041,
601098.SH,4/27/2026,10.92,10030500,
601098.SH,4/28/2026,11.14,11058292,
601098.SH,4/29/2026,11.2,9299741,
601098.SH,4/30/2026,11.37,15966360,
601098.SH,5/6/2026,11.53,26929597,
601098.SH,5/7/2026,11.44,11954500,
601098.SH,5/8/2026,11.56,11990854,
601098.SH,5/11/2026,11.56,11365566,
601098.SH,5/12/2026,11.68,13551277,
601098.SH,5/13/2026,11.6,9315900,
601098.SH,5/14/2026,11.43,10012949,
601098.SH,5/15/2026,11.4,7944600,
601098.SH,5/18/2026,11.2,8510900,
601098.SH,5/19/2026,11.29,6101649,
601098.SH,5/20/2026,11.33,8165000,
601098.SH,5/21/2026,11.04,7834800,
601098.SH,5/22/2026,11.08,5638836,
601098.SH,5/25/2026,11.05,5165730,
601098.SH,5/26/2026,11.13,5695086,
601098.SH,5/27/2026,10.98,5511283,
601098.SH,5/28/2026,10.9,4944204,
601098.SH,5/29/2026,10.89,8788088,
601098.SH,6/1/2026,11.24,11501383,
601098.SH,6/2/2026,11.16,7779818,
601098.SH,6/3/2026,11.21,7867559,
601098.SH,6/4/2026,11.13,6753600,0.049416
601098.SH,6/5/2026,11.17,6836300,0.049239
601098.SH,6/8/2026,11.03,5918700,0.049864
601098.SH,6/9/2026,11.2,6894600,0.049107
601098.SH,6/10/2026,11.15,8282951,0.049327
601098.SH,6/11/2026,10.72,13196344,0.051306
601166.SH,6/3/2024,17.8,58895967,
601166.SH,6/4/2024,17.75,49262372,
601166.SH,6/5/2024,17.55,54922264,
601166.SH,6/6/2024,17.57,43523816,
601166.SH,6/7/2024,17.53,46258107,
601166.SH,6/11/2024,17.41,53194641,
601166.SH,6/12/2024,17.28,45288372,
601166.SH,6/13/2024,17.17,32422139,
601166.SH,6/14/2024,17.46,65951759,
601166.SH,6/17/2024,17.36,43113282,
601166.SH,6/18/2024,17.39,35881324,
601166.SH,6/19/2024,17.62,50649037,
601166.SH,6/20/2024,17.3,36661604,
601166.SH,6/21/2024,17.35,48738999,
601166.SH,6/24/2024,17.42,47088196,
601166.SH,6/25/2024,17.32,47969052,
601166.SH,6/26/2024,17.33,35325170,
601166.SH,6/27/2024,17.45,49854905,
601166.SH,6/28/2024,17.62,62020181,
601166.SH,7/1/2024,17.75,43439217,
601166.SH,7/2/2024,17.92,49729489,
601166.SH,7/3/2024,17.7,42568679,
601166.SH,7/4/2024,17.62,44368723,
601166.SH,7/5/2024,17.19,88367580,
601166.SH,7/8/2024,17.28,69538163,
601166.SH,7/9/2024,16.43,80385403,
601166.SH,7/10/2024,16.61,47118042,
601166.SH,7/11/2024,16.48,49920383,
601166.SH,7/12/2024,16.88,59548518,
601166.SH,7/15/2024,17.03,46532645,
601166.SH,7/16/2024,17,41586364,
601166.SH,7/17/2024,17.2,64694147,
601166.SH,7/18/2024,17.1,54781902,
601166.SH,7/19/2024,17.13,76352403,
601166.SH,7/22/2024,16.78,61302689,
601166.SH,7/23/2024,16.94,61751662,
601166.SH,7/24/2024,16.83,46453180,
601166.SH,7/25/2024,16.71,52213172,
601166.SH,7/26/2024,16.49,48640489,
601166.SH,7/29/2024,16.72,40188268,
601166.SH,7/30/2024,16.69,43623981,
601166.SH,7/31/2024,16.75,44781838,
601166.SH,8/1/2024,16.64,41422057,
601166.SH,8/2/2024,16.52,34812573,
601166.SH,8/5/2024,16.38,48802816,
601166.SH,8/6/2024,16.21,47418652,
601166.SH,8/7/2024,16.32,35849937,
601166.SH,8/8/2024,16.44,23281702,
601166.SH,8/9/2024,16.37,28531007,
601166.SH,8/12/2024,16.28,21128834,
601166.SH,8/13/2024,16.32,22772035,
601166.SH,8/14/2024,16.28,23169682,
601166.SH,8/15/2024,16.59,48362059,
601166.SH,8/16/2024,16.72,35942419,
601166.SH,8/19/2024,16.95,39325857,
601166.SH,8/20/2024,16.84,38660448,
601166.SH,8/21/2024,16.77,42423574,
601166.SH,8/22/2024,16.82,44072102,
601166.SH,8/23/2024,17.32,110631674,
601166.SH,8/26/2024,17.48,66940042,
601166.SH,8/27/2024,17.33,39653142,
601166.SH,8/28/2024,17.21,48067883,
601166.SH,8/29/2024,16.69,72338996,
601166.SH,8/30/2024,16.51,83875741,
601166.SH,9/2/2024,16.5,53639885,
601166.SH,9/3/2024,16.36,57995988,
601166.SH,9/4/2024,16.24,44265190,
601166.SH,9/5/2024,16.3,41701412,
601166.SH,9/6/2024,16.39,40464731,
601166.SH,9/9/2024,15.97,65316266,
601166.SH,9/10/2024,16.07,40567186,
601166.SH,9/11/2024,15.8,49804042,
601166.SH,9/12/2024,16.03,38230974,
601166.SH,9/13/2024,15.97,28244783,
601166.SH,9/18/2024,16.07,29541358,
601166.SH,9/19/2024,16.05,36611352,
601166.SH,9/20/2024,16.25,57809673,
601166.SH,9/23/2024,16.56,42725218,
601166.SH,9/24/2024,17.18,106835999,
601166.SH,9/25/2024,17.6,127403031,
601166.SH,9/26/2024,18.45,167933653,
601166.SH,9/27/2024,18.34,85845071,
601166.SH,9/30/2024,19.27,241447698,
601166.SH,10/8/2024,20.01,244635658,
601166.SH,10/9/2024,18.61,167842499,
601166.SH,10/10/2024,19.4,157000346,
601166.SH,10/11/2024,19,100090475,
601166.SH,10/14/2024,19.66,143521517,
601166.SH,10/15/2024,19.35,89155043,
601166.SH,10/16/2024,19.96,133009819,
601166.SH,10/17/2024,19.57,83672605,
601166.SH,10/18/2024,19.6,94869664,
601166.SH,10/21/2024,19.23,115211841,
601166.SH,10/22/2024,19.14,57367154,
601166.SH,10/23/2024,19.16,53144532,
601166.SH,10/24/2024,19.17,37201807,
601166.SH,10/25/2024,19.14,47442664,
601166.SH,10/28/2024,19.02,64052383,
601166.SH,10/29/2024,19.01,60365743,
601166.SH,10/30/2024,18.77,58063270,
601166.SH,10/31/2024,18.28,138850718,
601166.SH,11/1/2024,18.29,79359420,
601166.SH,11/4/2024,18.31,58521405,
601166.SH,11/5/2024,18.4,86441395,
601166.SH,11/6/2024,18.33,90573106,
601166.SH,11/7/2024,18.91,95417704,
601166.SH,11/8/2024,18.7,86019806,
601166.SH,11/11/2024,18.38,81939053,
601166.SH,11/12/2024,18.13,81110006,
601166.SH,11/13/2024,18.15,58341922,
601166.SH,11/14/2024,18.19,67747489,
601166.SH,11/15/2024,18.05,71365943,
601166.SH,11/18/2024,18.51,168192049,
601166.SH,11/19/2024,18.33,98469268,
601166.SH,11/20/2024,18.22,64015148,
601166.SH,11/21/2024,18.24,43991386,
601166.SH,11/22/2024,17.8,84844135,
601166.SH,11/25/2024,17.76,64526027,
601166.SH,11/26/2024,17.96,62465227,
601166.SH,11/27/2024,18.11,47912820,
601166.SH,11/28/2024,18.03,47698837,
601166.SH,11/29/2024,18.05,70822173,
601166.SH,12/2/2024,18.19,58106746,
601166.SH,12/3/2024,18.45,74498748,
601166.SH,12/4/2024,18.42,67236965,
601166.SH,12/5/2024,18.26,43753191,
601166.SH,12/6/2024,18.49,70270421,
601166.SH,12/9/2024,18.54,58409407,
601166.SH,12/10/2024,18.68,93882578,
601166.SH,12/11/2024,18.55,62674663,
601166.SH,12/12/2024,18.75,69218442,
601166.SH,12/13/2024,18.15,113196660,
601166.SH,12/16/2024,18.22,54417641,
601166.SH,12/17/2024,18.36,57043498,
601166.SH,12/18/2024,18.6,69237813,
601166.SH,12/19/2024,18.54,54827452,
601166.SH,12/20/2024,18.52,65323991,
601166.SH,12/23/2024,18.82,97153555,
601166.SH,12/24/2024,18.98,82721094,
601166.SH,12/25/2024,19.19,74527377,
601166.SH,12/26/2024,19.22,57798597,
601166.SH,12/27/2024,19.35,70882453,
601166.SH,12/30/2024,19.55,72425039,
601166.SH,12/31/2024,19.16,81336600,
601166.SH,1/2/2025,18.92,95127720,
601166.SH,1/3/2025,18.92,73691320,
601166.SH,1/6/2025,19.21,84427052,
601166.SH,1/7/2025,19.43,69461383,
601166.SH,1/8/2025,19.64,84444266,
601166.SH,1/9/2025,19.61,64116428,
601166.SH,1/10/2025,19.58,65017744,
601166.SH,1/13/2025,19.29,63870464,
601166.SH,1/14/2025,19.61,77759291,
601166.SH,1/15/2025,19.8,78371326,
601166.SH,1/16/2025,19.99,70328313,
601166.SH,1/17/2025,19.9,51262751,
601166.SH,1/20/2025,19.88,56158321,
601166.SH,1/21/2025,19.96,57361353,
601166.SH,1/22/2025,19.51,70302976,
601166.SH,1/23/2025,20.14,99413617,
601166.SH,1/24/2025,20.23,72144775,
601166.SH,1/27/2025,20.31,66985052,
601166.SH,2/5/2025,20.13,56941375,
601166.SH,2/6/2025,20.24,52992499,
601166.SH,2/7/2025,20.12,62019690,
601166.SH,2/10/2025,20.35,77145748,
601166.SH,2/11/2025,20.35,43490163,
601166.SH,2/12/2025,20.8,72642011,
601166.SH,2/13/2025,20.72,45721486,
601166.SH,2/14/2025,21.16,81100768,
601166.SH,2/17/2025,20.95,67391435,
601166.SH,2/18/2025,21.05,59047949,
601166.SH,2/19/2025,21,43259133,
601166.SH,2/20/2025,20.84,40495388,
601166.SH,2/21/2025,20.67,60764585,
601166.SH,2/24/2025,20.49,50618641,
601166.SH,2/25/2025,20.41,48518314,
601166.SH,2/26/2025,20.44,51212517,
601166.SH,2/27/2025,20.92,64398226,
601166.SH,2/28/2025,20.75,63937206,
601166.SH,3/3/2025,20.75,46107844,
601166.SH,3/4/2025,20.82,39919923,
601166.SH,3/5/2025,21.1,63293924,
601166.SH,3/6/2025,21.13,56051459,
601166.SH,3/7/2025,21.36,64288017,
601166.SH,3/10/2025,21,60554152,
601166.SH,3/11/2025,21.3,56007608,
601166.SH,3/12/2025,21.22,40386806,
601166.SH,3/13/2025,21.35,59241895,
601166.SH,3/14/2025,21.76,99099802,
601166.SH,3/17/2025,21.9,54379018,
601166.SH,3/18/2025,21.83,32411027,
601166.SH,3/19/2025,22.38,80934070,
601166.SH,3/20/2025,22.3,61891151,
601166.SH,3/21/2025,21.63,80733212,
601166.SH,3/24/2025,21.83,42997381,
601166.SH,3/25/2025,21.78,31639586,
601166.SH,3/26/2025,21.48,60439734,
601166.SH,3/27/2025,21.5,38365602,
601166.SH,3/28/2025,21.53,38611535,
601166.SH,3/31/2025,21.6,56227810,
601166.SH,4/1/2025,21.26,61300103,
601166.SH,4/2/2025,21.25,38462628,
601166.SH,4/3/2025,21.18,39603084,
601166.SH,4/7/2025,20.13,174139850,
601166.SH,4/8/2025,20.81,156377486,
601166.SH,4/9/2025,20.39,94160610,
601166.SH,4/10/2025,20.76,68332203,
601166.SH,4/11/2025,20.75,45412038,
601166.SH,4/14/2025,20.8,46171205,
601166.SH,4/15/2025,21.11,49418363,
601166.SH,4/16/2025,21.13,64581942,
601166.SH,4/17/2025,21.03,48319061,
601166.SH,4/18/2025,21.39,51622885,
601166.SH,4/21/2025,21.08,47260058,
601166.SH,4/22/2025,21.03,35103354,
601166.SH,4/23/2025,20.95,36054791,
601166.SH,4/24/2025,21.15,37695735,
601166.SH,4/25/2025,20.94,36836755,
601166.SH,4/28/2025,21.09,38077063,
601166.SH,4/29/2025,21.02,33468503,
601166.SH,4/30/2025,20.87,57475693,
601166.SH,5/6/2025,20.73,47006946,
601166.SH,5/7/2025,21.04,52732120,
601166.SH,5/8/2025,21.53,72385924,
601166.SH,5/9/2025,22.1,82162433,
601166.SH,5/12/2025,22.28,86234316,
601166.SH,5/13/2025,22.55,75863600,
601166.SH,5/14/2025,22.93,90099072,
601166.SH,5/15/2025,22.89,59540375,
601166.SH,5/16/2025,22.7,48178256,
601166.SH,5/19/2025,22.72,45413518,
601166.SH,5/20/2025,22.52,49876741,
601166.SH,5/21/2025,22.71,44931151,
601166.SH,5/22/2025,22.9,38771367,
601166.SH,5/23/2025,22.81,40925201,
601166.SH,5/26/2025,22.62,39289340,
601166.SH,5/27/2025,22.76,40571928,
601166.SH,5/28/2025,22.54,37249089,
601166.SH,5/29/2025,22.65,48004676,
601166.SH,5/30/2025,22.64,49968991,
601166.SH,6/3/2025,23.71,152729132,
601166.SH,6/4/2025,23.62,50311224,
601166.SH,6/5/2025,23.52,45616131,
601166.SH,6/6/2025,23.56,45998184,
601166.SH,6/9/2025,23.8,56992840,
601166.SH,6/10/2025,23.81,78488757,
601166.SH,6/11/2025,23.98,57461676,
601166.SH,6/12/2025,23.86,71143847,
601166.SH,6/13/2025,23.5,181719619,
601166.SH,6/16/2025,23.96,72763152,
601166.SH,6/17/2025,23.81,49553229,
601166.SH,6/18/2025,23.91,53677473,
601166.SH,6/19/2025,23.8,52485576,
601166.SH,6/20/2025,23.16,79004549,
601166.SH,6/23/2025,23.75,78118188,
601166.SH,6/24/2025,23.85,77973220,
601166.SH,6/25/2025,24.06,60448439,
601166.SH,6/26/2025,24.18,65760397,
601166.SH,6/27/2025,23.56,89061976,
601166.SH,6/30/2025,23.34,53389989,
601166.SH,7/1/2025,23.55,48655910,
601166.SH,7/2/2025,23.9,59859229,
601166.SH,7/3/2025,24.07,49418683,
601166.SH,7/4/2025,24.83,100938989,
601166.SH,7/7/2025,25.12,61180122,
601166.SH,7/8/2025,25.14,52675374,
601166.SH,7/9/2025,25.08,54656536,
601166.SH,7/10/2025,24.94,84292536,
601166.SH,7/11/2025,24.45,127758138,
601166.SH,7/14/2025,24.69,79819509,
601166.SH,7/15/2025,24.43,58519956,
601166.SH,7/16/2025,24.31,58538495,
601166.SH,7/17/2025,24.29,48932606,
601166.SH,7/18/2025,24.42,52519964,
601166.SH,7/21/2025,24.01,72459885,
601166.SH,7/22/2025,23.85,88420867,
601166.SH,7/23/2025,23.79,77944050,
601166.SH,7/24/2025,23.32,99326264,
601166.SH,7/25/2025,23.17,82838111,
601166.SH,7/28/2025,22.96,73399245,
601166.SH,7/29/2025,22.71,75603556,
601166.SH,7/30/2025,22.77,73851684,
601166.SH,7/31/2025,22.64,71531290,
601166.SH,8/1/2025,22.53,63503509,
601166.SH,8/4/2025,22.78,71291404,
601166.SH,8/5/2025,23.09,82030352,
601166.SH,8/6/2025,22.98,55347515,
601166.SH,8/7/2025,23.07,56757391,
601166.SH,8/8/2025,23.06,41084213,
601166.SH,8/11/2025,22.88,57255658,
601166.SH,8/12/2025,22.99,59812387,
601166.SH,8/13/2025,22.8,61342218,
601166.SH,8/14/2025,22.73,62936583,
601166.SH,8/15/2025,22.32,100932305,
601166.SH,8/18/2025,22.62,79074942,
601166.SH,8/19/2025,22.55,46435364,
601166.SH,8/20/2025,22.59,51747944,
601166.SH,8/21/2025,22.61,45380949,
601166.SH,8/22/2025,22.77,64080929,
601166.SH,8/25/2025,22.95,61757674,
601166.SH,8/26/2025,22.88,52653065,
601166.SH,8/27/2025,22.5,68855733,
601166.SH,8/28/2025,22.77,71518408,
601166.SH,8/29/2025,22.41,110367467,
601166.SH,9/1/2025,21.81,101947514,
601166.SH,9/2/2025,21.99,97491525,
601166.SH,9/3/2025,21.72,81343439,
601166.SH,9/4/2025,21.92,103205879,
601166.SH,9/5/2025,21.75,51288666,
601166.SH,9/8/2025,21.46,68139334,
601166.SH,9/9/2025,21.52,45193683,
601166.SH,9/10/2025,21.5,39477957,
601166.SH,9/11/2025,21.84,69389366,
601166.SH,9/12/2025,21.42,87144305,
601166.SH,9/15/2025,21.07,81757618,
601166.SH,9/16/2025,20.7,109859149,
601166.SH,9/17/2025,20.59,121699319,
601166.SH,9/18/2025,20.25,132646486,
601166.SH,9/19/2025,20.29,90243997,
601166.SH,9/22/2025,20.13,52217620,
601166.SH,9/23/2025,20.41,118614652,
601166.SH,9/24/2025,20.24,85193873,
601166.SH,9/25/2025,20.21,73559168,
601166.SH,9/26/2025,20.32,75135416,
601166.SH,9/29/2025,20.05,128871976,
601166.SH,9/30/2025,19.85,142228461,
601166.SH,10/9/2025,19.67,142204077,
601166.SH,10/10/2025,19.69,122488716,
601166.SH,10/13/2025,19.7,118644788,
601166.SH,10/14/2025,20.23,167425552,
601166.SH,10/15/2025,20.31,121877133,
601166.SH,10/16/2025,20.45,104083927,
601166.SH,10/17/2025,20.19,102670497,
601166.SH,10/20/2025,20.26,73331679,
601166.SH,10/21/2025,20.16,71319321,
601166.SH,10/22/2025,20.4,105297751,
601166.SH,10/23/2025,20.76,128892521,
601166.SH,10/24/2025,20.6,87108440,
601166.SH,10/27/2025,20.43,86809811,
601166.SH,10/28/2025,20.42,67805058,
601166.SH,10/29/2025,20.01,93109731,
601166.SH,10/30/2025,20.03,85352172,
601166.SH,10/31/2025,20.23,88786188,
601166.SH,11/3/2025,20.56,99084924,
601166.SH,11/4/2025,21.14,168489305,
601166.SH,11/5/2025,21.22,109425962,
601166.SH,11/6/2025,21.16,87378748,
601166.SH,11/7/2025,21.17,75886616,
601166.SH,11/10/2025,21.18,62042219,
601166.SH,11/11/2025,21.27,63482483,
601166.SH,11/12/2025,21.3,93377215,
601166.SH,11/13/2025,21.28,67304490,
601166.SH,11/14/2025,21.6,119591827,
601166.SH,11/17/2025,21.42,90159739,
601166.SH,11/18/2025,21.3,54306322,
601166.SH,11/19/2025,21.43,61497527,
601166.SH,11/20/2025,21.52,81155381,
601166.SH,11/21/2025,21.36,102218933,
601166.SH,11/24/2025,21.01,90230240,
601166.SH,11/25/2025,21.4,70570686,
601166.SH,11/26/2025,21.3,52205802,
601166.SH,11/27/2025,21.39,55851532,
601166.SH,11/28/2025,21.11,56706300,
601166.SH,12/1/2025,21.16,77359674,
601166.SH,12/2/2025,21.15,53146979,
601166.SH,12/3/2025,20.94,59174490,
601166.SH,12/4/2025,20.87,45222927,
601166.SH,12/5/2025,20.8,67135607,
601166.SH,12/8/2025,20.88,74199558,
601166.SH,12/9/2025,20.72,61457597,
601166.SH,12/10/2025,20.35,71614860,
601166.SH,12/11/2025,20.42,63022368,
601166.SH,12/12/2025,20.65,95885628,
601166.SH,12/15/2025,20.69,50677188,
601166.SH,12/16/2025,20.42,47521692,
601166.SH,12/17/2025,20.48,69532603,
601166.SH,12/18/2025,20.94,67001453,
601166.SH,12/19/2025,21.09,71706644,
601166.SH,12/22/2025,20.99,62654940,
601166.SH,12/23/2025,21.06,44745043,
601166.SH,12/24/2025,21.03,49921423,
601166.SH,12/25/2025,21.04,54593953,
601166.SH,12/26/2025,21.14,50287933,
601166.SH,12/29/2025,21.42,75174628,
601166.SH,12/30/2025,21.09,67534398,
601166.SH,12/31/2025,21.06,51630336,
601166.SH,1/5/2026,21.05,68192102,
601166.SH,1/6/2026,21.46,98048600,
601166.SH,1/7/2026,21.24,72168253,
601166.SH,1/8/2026,20.92,68314913,
601166.SH,1/9/2026,20.84,59363078,
601166.SH,1/12/2026,20.92,80668018,
601166.SH,1/13/2026,21.01,67149008,
601166.SH,1/14/2026,20.51,129693381,
601166.SH,1/15/2026,20.32,101176246,
601166.SH,1/16/2026,20.08,166241062,
601166.SH,1/19/2026,20.08,88262009,
601166.SH,1/20/2026,20.09,92084679,
601166.SH,1/21/2026,19.61,148401565,
601166.SH,1/22/2026,19.35,145943397,
601166.SH,1/23/2026,19.12,170954742,
601166.SH,1/26/2026,18.88,212426687,
601166.SH,1/27/2026,18.82,137878584,
601166.SH,1/28/2026,18.55,204522726,
601166.SH,1/29/2026,18.89,239284074,
601166.SH,1/30/2026,18.7,149706906,
601166.SH,2/2/2026,18.87,159123357,
601166.SH,2/3/2026,18.89,101047222,
601166.SH,2/4/2026,19.18,115136738,
601166.SH,2/5/2026,19.38,119848229,
601166.SH,2/6/2026,18.85,104845537,
601166.SH,2/9/2026,18.88,64439529,
601166.SH,2/10/2026,18.82,51870605,
601166.SH,2/11/2026,18.86,52058903,
601166.SH,2/12/2026,18.59,77762241,
601166.SH,2/13/2026,18.49,66259388,
601166.SH,2/24/2026,18.35,81562485,
601166.SH,2/25/2026,18.3,86086167,
601166.SH,2/26/2026,18.25,56823807,
601166.SH,2/27/2026,18.31,87003521,
601166.SH,3/2/2026,18.31,85283543,
601166.SH,3/3/2026,18.44,120307080,
601166.SH,3/4/2026,18.14,117524438,
601166.SH,3/5/2026,18.47,88303688,
601166.SH,3/6/2026,18.52,58880320,
601166.SH,3/9/2026,18.3,93932811,
601166.SH,3/10/2026,18.47,61572691,
601166.SH,3/11/2026,18.71,74255828,
601166.SH,3/12/2026,18.81,70194562,
601166.SH,3/13/2026,18.83,66844636,
601166.SH,3/16/2026,18.83,71595899,
601166.SH,3/17/2026,19.01,82046147,
601166.SH,3/18/2026,18.95,63523202,
601166.SH,3/19/2026,18.83,65973866,
601166.SH,3/20/2026,18.79,66428256,
601166.SH,3/23/2026,18.24,109236970,
601166.SH,3/24/2026,18.72,81747871,
601166.SH,3/25/2026,18.76,58180014,
601166.SH,3/26/2026,18.88,58122160,
601166.SH,3/27/2026,18.7,58732428,
601166.SH,3/30/2026,18.69,62244802,
601166.SH,3/31/2026,18.82,75026646,
601166.SH,4/1/2026,18.91,74201531,
601166.SH,4/2/2026,18.9,50959388,
601166.SH,4/3/2026,18.69,47915154,
601166.SH,4/7/2026,18.53,55792184,
601166.SH,4/8/2026,18.78,65101594,
601166.SH,4/9/2026,18.6,51041106,
601166.SH,4/10/2026,18.53,60252420,
601166.SH,4/13/2026,18.42,50247999,
601166.SH,4/14/2026,18.57,48202480,
601166.SH,4/15/2026,18.7,55537897,
601166.SH,4/16/2026,18.61,55861983,
601166.SH,4/17/2026,18.4,83107167,
601166.SH,4/20/2026,18.36,100867702,
601166.SH,4/21/2026,18.42,105943311,
601166.SH,4/22/2026,18.22,126628680,
601166.SH,4/23/2026,18.2,96963893,
601166.SH,4/24/2026,18.18,80731011,
601166.SH,4/27/2026,18.17,108583390,
601166.SH,4/28/2026,18.14,86419459,
601166.SH,4/29/2026,18.18,96684445,
601166.SH,4/30/2026,17.93,153038670,
601166.SH,5/6/2026,17.79,135142601,
601166.SH,5/7/2026,17.75,87157904,
601166.SH,5/8/2026,17.73,84968307,
601166.SH,5/11/2026,17.73,93445821,
601166.SH,5/12/2026,17.75,105805289,
601166.SH,5/13/2026,17.69,80607397,
601166.SH,5/14/2026,17.69,90921199,
601166.SH,5/15/2026,17.67,86475009,
601166.SH,5/18/2026,17.45,89116079,
601166.SH,5/19/2026,17.5,82925693,
601166.SH,5/20/2026,17.33,65283104,
601166.SH,5/21/2026,17.37,78679762,
601166.SH,5/22/2026,17.46,97319736,
601166.SH,5/25/2026,17.64,97725859,
601166.SH,5/26/2026,17.83,94546223,
601166.SH,5/27/2026,18,130756658,
601166.SH,5/28/2026,17.97,97741989,
601166.SH,5/29/2026,18.5,208708613,
601166.SH,6/1/2026,18.44,117584490,
601166.SH,6/2/2026,18.61,109494866,
601166.SH,6/3/2026,18.49,100861936,
601166.SH,6/4/2026,18.29,77049055,0.058283
601166.SH,6/5/2026,18.6,117199998,0.057312
601166.SH,6/8/2026,18.54,84917608,0.057497
601166.SH,6/9/2026,18.45,81934873,0.057778
601166.SH,6/10/2026,18.89,137352656,0.056432
601166.SH,6/11/2026,18.79,101408867,0.056732
601169.SH,6/12/2025,6.53,59700418,0.049005
601169.SH,6/13/2025,6.47,84763977,0.049459
601169.SH,6/16/2025,6.65,140593269,0.04812
601169.SH,6/17/2025,6.66,85698192,0.048048
601169.SH,6/18/2025,6.82,108179613,0.046921
601169.SH,6/19/2025,6.79,104880126,0.047128
601169.SH,6/20/2025,6.84,91101045,0.046784
601169.SH,6/23/2025,6.94,94621345,0.04611
601169.SH,6/24/2025,6.92,112265153,0.046243
601169.SH,6/25/2025,6.95,104039699,0.046043
601169.SH,6/26/2025,7.03,93074556,0.045519
601169.SH,6/27/2025,6.92,142140279,0.046243
601169.SH,6/30/2025,6.83,100231434,0.029283
601169.SH,7/1/2025,6.96,95605486,0.028736
601169.SH,7/2/2025,7.04,77260575,0.028409
601169.SH,7/3/2025,7.02,63525399,0.02849
601169.SH,7/4/2025,7.2,100718955,0.027778
601169.SH,7/7/2025,7.24,80240009,0.027624
601169.SH,7/8/2025,7.2,84750029,0.027778
601169.SH,7/9/2025,7.25,96590051,0.027586
601169.SH,7/10/2025,7.08,161808448,0.028249
601169.SH,7/11/2025,6.95,199920109,0.028777
601169.SH,7/14/2025,7.02,135365146,0.02849
601169.SH,7/15/2025,6.98,75803882,0.028653
601169.SH,7/16/2025,6.88,116407235,0.02907
601169.SH,7/17/2025,6.84,72477031,0.02924
601169.SH,7/18/2025,6.86,78490081,0.029155
601169.SH,7/21/2025,6.79,120990240,0.029455
601169.SH,7/22/2025,6.69,112011089,0.029895
601169.SH,7/23/2025,6.7,104935134,0.029851
601169.SH,7/24/2025,6.6,140436548,0.030303
601169.SH,7/25/2025,6.56,102089836,0.030488
601169.SH,7/28/2025,6.59,117499768,0.030349
601169.SH,7/29/2025,6.46,110981271,0.03096
601169.SH,7/30/2025,6.51,121651534,0.030722
601169.SH,7/31/2025,6.45,114246680,0.031008
601169.SH,8/1/2025,6.48,94189249,0.030864
601169.SH,8/4/2025,6.47,85356020,0.030912
601169.SH,8/5/2025,6.55,134449885,0.030534
601169.SH,8/6/2025,6.52,103711193,0.030675
601169.SH,8/7/2025,6.54,90446941,0.030581
601169.SH,8/8/2025,6.53,75814382,0.030628
601169.SH,8/11/2025,6.45,110962986,0.031008
601169.SH,8/12/2025,6.44,83254624,0.031056
601169.SH,8/13/2025,6.39,107876178,0.031299
601169.SH,8/14/2025,6.33,123449437,0.031596
601169.SH,8/15/2025,6.25,155446118,0.032
601169.SH,8/18/2025,6.24,114879348,0.032051
601169.SH,8/19/2025,6.24,87251527,0.032051
601169.SH,8/20/2025,6.25,110292496,0.032
601169.SH,8/21/2025,6.29,110375640,0.031797
601169.SH,8/22/2025,6.22,166140539,0.032154
601169.SH,8/25/2025,6.3,165975115,0.031746
601169.SH,8/26/2025,6.23,98982763,0.032103
601169.SH,8/27/2025,6.08,216034432,0.032895
601169.SH,8/28/2025,6.12,132330609,0.03268
601169.SH,8/29/2025,6,391156425,0.033333
601169.SH,9/1/2025,6.07,524927415,0.032949
601169.SH,9/2/2025,6.16,209654854,0.032468
601169.SH,9/3/2025,6.09,148955124,0.032841
601169.SH,9/4/2025,6.13,208569967,0.032626
601169.SH,9/5/2025,6.06,135063558,0.033003
601169.SH,9/8/2025,5.98,236187652,0.033445
601169.SH,9/9/2025,6.01,133193040,0.033278
601169.SH,9/10/2025,6.03,157577579,0.033167
601169.SH,9/11/2025,6.07,126902290,0.032949
601169.SH,9/12/2025,5.95,321485270,0.033613
601169.SH,9/15/2025,5.88,272909027,0.034014
601169.SH,9/16/2025,5.77,484846812,0.034662
601169.SH,9/17/2025,5.72,254836230,0.034965
601169.SH,9/18/2025,5.63,276076817,0.035524
601169.SH,9/19/2025,5.63,227293535,0.035524
601169.SH,9/22/2025,5.58,130445000,0.035842
601169.SH,9/23/2025,5.64,224106833,0.035461
601169.SH,9/24/2025,5.63,176901155,0.035524
601169.SH,9/25/2025,5.59,138182346,0.035778
601169.SH,9/26/2025,5.6,152115142,0.035714
601169.SH,9/29/2025,5.55,230256769,0.036036
601169.SH,9/30/2025,5.51,231157991,0.036298
601169.SH,10/9/2025,5.46,307225111,0.03663
601169.SH,10/10/2025,5.5,495069735,0.036364
601169.SH,10/13/2025,5.55,346055525,0.036036
601169.SH,10/14/2025,5.65,423211327,0.035398
601169.SH,10/15/2025,5.7,289374531,0.035088
601169.SH,10/16/2025,5.76,269977653,0.034722
601169.SH,10/17/2025,5.73,244901368,0.034904
601169.SH,10/20/2025,5.74,233815049,0.034843
601169.SH,10/21/2025,5.7,225714648,0.035088
601169.SH,10/22/2025,5.75,243997530,0.034783
601169.SH,10/23/2025,5.81,252102029,0.034423
601169.SH,10/24/2025,5.78,251505975,0.034602
601169.SH,10/27/2025,5.79,270326665,0.034542
601169.SH,10/28/2025,5.76,205573085,0.034722
601169.SH,10/29/2025,5.65,224084387,0.035398
601169.SH,10/30/2025,5.67,166842226,0.035273
601169.SH,10/31/2025,5.59,237781346,0.035778
601169.SH,11/3/2025,5.66,220696987,0.035336
601169.SH,11/4/2025,5.75,244053320,0.034783
601169.SH,11/5/2025,5.71,219829009,0.035026
601169.SH,11/6/2025,5.69,189905168,0.035149
601169.SH,11/7/2025,5.67,175543303,0.035273
601169.SH,11/10/2025,5.73,178739157,0.034904
601169.SH,11/11/2025,5.72,125109890,0.034965
601169.SH,11/12/2025,5.73,205199948,0.034904
601169.SH,11/13/2025,5.71,180227113,0.035026
601169.SH,11/14/2025,5.73,252319932,0.034904
601169.SH,11/17/2025,5.71,203737010,0.035026
601169.SH,11/18/2025,5.66,161633445,0.035336
601169.SH,11/19/2025,5.74,228108895,0.034843
601169.SH,11/20/2025,5.82,353547275,0.034364
601169.SH,11/21/2025,5.74,295607757,0.034843
601169.SH,11/24/2025,5.68,228820911,0.035211
601169.SH,11/25/2025,5.78,251044185,0.034602
601169.SH,11/26/2025,5.73,173984528,0.034904
601169.SH,11/27/2025,5.73,144804609,0.034904
601169.SH,11/28/2025,5.68,175518552,0.035211
601169.SH,12/1/2025,5.74,221838587,0.034843
601169.SH,12/2/2025,5.73,124778240,0.034904
601169.SH,12/3/2025,5.69,185821464,0.035149
601169.SH,12/4/2025,5.64,207235551,0.035461
601169.SH,12/5/2025,5.59,203283728,0.035778
601169.SH,12/8/2025,5.63,148866961,0.035524
601169.SH,12/9/2025,5.58,131034604,0.035842
601169.SH,12/10/2025,5.53,119308350,0.036166
601169.SH,12/11/2025,5.53,98895373,0.036166
601169.SH,12/12/2025,5.52,122047286,0.036232
601169.SH,12/15/2025,5.54,106771785,0.036101
601169.SH,12/16/2025,5.51,128400352,0.036298
601169.SH,12/17/2025,5.51,143845567,0.036298
601169.SH,12/18/2025,5.56,182228710,0.035971
601169.SH,12/19/2025,5.55,157234932,0.036036
601169.SH,12/22/2025,5.51,112002448,0.036298
601169.SH,12/23/2025,5.51,95403921,0.036298
601169.SH,12/24/2025,5.5,100313856,0.036364
601169.SH,12/25/2025,5.51,90136172,0.036298
601169.SH,12/26/2025,5.49,74976578,0.03643
601169.SH,12/29/2025,5.52,89648704,0.036232
601169.SH,12/30/2025,5.48,121955248,0.036496
601169.SH,12/31/2025,5.48,67974169,0.05073
601169.SH,1/5/2026,5.52,142882251,0.050362
601169.SH,1/6/2026,5.59,172967475,0.049732
601169.SH,1/7/2026,5.55,109477770,0.05009
601169.SH,1/8/2026,5.53,86832353,0.050271
601169.SH,1/9/2026,5.51,101237080,0.050454
601169.SH,1/12/2026,5.52,108333547,0.050362
601169.SH,1/13/2026,5.53,125573946,0.050271
601169.SH,1/14/2026,5.38,460892179,0.051673
601169.SH,1/15/2026,5.33,217991024,0.052158
601169.SH,1/16/2026,5.24,256099362,0.053053
601169.SH,1/19/2026,5.22,126437499,0.053257
601169.SH,1/20/2026,5.32,189082612,0.052256
601169.SH,1/21/2026,5.26,162522510,0.052852
601169.SH,1/22/2026,5.3,138073942,0.052453
601169.SH,1/23/2026,5.26,154086968,0.052852
601169.SH,1/26/2026,5.27,164196804,0.052751
601169.SH,1/27/2026,5.24,158904493,0.053053
601169.SH,1/28/2026,5.27,253818600,0.052751
601169.SH,1/29/2026,5.36,226457046,0.051866
601169.SH,1/30/2026,5.3,174906645,0.052453
601169.SH,2/2/2026,5.35,242690607,0.051963
601169.SH,2/3/2026,5.28,196280988,0.052652
601169.SH,2/4/2026,5.34,148677139,0.05206
601169.SH,2/5/2026,5.4,199038694,0.051481
601169.SH,2/6/2026,5.4,141420938,0.051481
601169.SH,2/9/2026,5.43,108227863,0.051197
601169.SH,2/10/2026,5.45,103594185,0.051009
601169.SH,2/11/2026,5.47,89090546,0.050823
601169.SH,2/12/2026,5.41,122213738,0.051386
601169.SH,2/13/2026,5.41,112065988,0.051386
601169.SH,2/24/2026,5.39,98135358,0.051577
601169.SH,2/25/2026,5.36,137374079,0.051866
601169.SH,2/26/2026,5.37,90963286,0.051769
601169.SH,2/27/2026,5.39,93564684,0.051577
601169.SH,3/2/2026,5.43,164961187,0.051197
601169.SH,3/3/2026,5.41,173750735,0.051386
601169.SH,3/4/2026,5.35,187279461,0.051963
601169.SH,3/5/2026,5.4,119801279,0.051481
601169.SH,3/6/2026,5.41,92270002,0.051386
601169.SH,3/9/2026,5.38,135715345,0.051673
601169.SH,3/10/2026,5.39,94154104,0.051577
601169.SH,3/11/2026,5.44,124525581,0.051103
601169.SH,3/12/2026,5.48,157352542,0.05073
601169.SH,3/13/2026,5.49,175467500,0.050638
601169.SH,3/16/2026,5.49,130175568,0.050638
601169.SH,3/17/2026,5.52,135109496,0.050362
601169.SH,3/18/2026,5.5,141992479,0.050545
601169.SH,3/19/2026,5.46,116749456,0.050916
601169.SH,3/20/2026,5.42,125528442,0.051292
601169.SH,3/23/2026,5.26,253950611,0.052852
601169.SH,3/24/2026,5.4,188335653,0.051481
601169.SH,3/25/2026,5.48,137874781,0.05073
601169.SH,3/26/2026,5.47,109838176,0.050823
601169.SH,3/27/2026,5.44,93509614,0.051103
601169.SH,3/30/2026,5.47,82899764,0.050823
601169.SH,3/31/2026,5.51,185826450,0.050454
601169.SH,4/1/2026,5.49,124026454,0.050638
601169.SH,4/2/2026,5.5,98869065,0.050545
601169.SH,4/3/2026,5.44,95225911,0.051103
601169.SH,4/7/2026,5.39,95005653,0.051577
601169.SH,4/8/2026,5.46,98214030,0.050916
601169.SH,4/9/2026,5.4,65766588,0.051481
601169.SH,4/10/2026,5.39,65635368,0.051577
601169.SH,4/13/2026,5.39,62957627,0.051577
601169.SH,4/14/2026,5.43,97622467,0.051197
601169.SH,4/15/2026,5.47,79967202,0.050823
601169.SH,4/16/2026,5.43,77856883,0.051197
601169.SH,4/17/2026,5.42,67650634,0.051292
601169.SH,4/20/2026,5.44,66676726,0.051103
601169.SH,4/21/2026,5.46,93319383,0.050916
601169.SH,4/22/2026,5.43,61600859,0.051197
601169.SH,4/23/2026,5.48,184189364,0.05073
601169.SH,4/24/2026,5.46,122107051,0.050916
601169.SH,4/27/2026,5.5,136552139,0.050545
601169.SH,4/28/2026,5.3,438860002,0.052453
601169.SH,4/29/2026,5.3,171727138,0.052453
601169.SH,4/30/2026,5.3,122887594,0.052453
601169.SH,5/6/2026,5.28,141798494,0.052652
601169.SH,5/7/2026,5.27,101774005,0.052751
601169.SH,5/8/2026,5.27,88111386,0.052751
601169.SH,5/11/2026,5.26,136323414,0.052852
601169.SH,5/12/2026,5.26,92256159,0.052852
601169.SH,5/13/2026,5.25,75089771,0.052952
601169.SH,5/14/2026,5.25,85933388,0.052952
601169.SH,5/15/2026,5.23,98150508,0.053155
601169.SH,5/18/2026,5.17,101654257,0.053772
601169.SH,5/19/2026,5.16,85575193,0.053876
601169.SH,5/20/2026,5.14,81474844,0.054086
601169.SH,5/21/2026,5.12,75066063,0.054297
601169.SH,5/22/2026,5.1,80451219,0.05451
601169.SH,5/25/2026,5.09,86372960,0.054617
601169.SH,5/26/2026,5.09,89288778,0.054617
601169.SH,5/27/2026,5.06,100383231,0.054941
601169.SH,5/28/2026,5.01,103411071,0.055489
601169.SH,5/29/2026,5.09,158751838,0.054617
601169.SH,6/1/2026,5.17,126704143,0.053772
601169.SH,6/2/2026,5.16,104533654,0.053876
601169.SH,6/3/2026,5.13,100470955,0.054191
601169.SH,6/4/2026,5.07,92847065,0.054832
601169.SH,6/5/2026,5.14,96882678,0.054086
601169.SH,6/8/2026,5.12,106845254,0.054297
601169.SH,6/9/2026,5.14,104715479,0.054086
601169.SH,6/10/2026,5.2,134851999,0.053462
601169.SH,6/11/2026,5.19,99259910,0.053565
601577.SH,6/3/2024,8.44,23175200,
601577.SH,6/4/2024,8.56,20757093,
601577.SH,6/5/2024,8.32,26308800,
601577.SH,6/6/2024,8.26,19568301,
601577.SH,6/7/2024,8.33,14859616,
601577.SH,6/11/2024,8.16,17503547,
601577.SH,6/12/2024,8.13,15434710,
601577.SH,6/13/2024,8.01,15852501,
601577.SH,6/14/2024,8.11,22362771,
601577.SH,6/17/2024,7.96,15852487,
601577.SH,6/18/2024,7.97,11624436,
601577.SH,6/19/2024,7.98,10785888,
601577.SH,6/20/2024,7.86,14358322,
601577.SH,6/21/2024,7.89,11609953,
601577.SH,6/24/2024,7.83,13893200,
601577.SH,6/25/2024,7.88,13644169,
601577.SH,6/26/2024,7.86,11477000,
601577.SH,6/27/2024,7.92,18520100,
601577.SH,6/28/2024,8.18,25811737,
601577.SH,7/1/2024,8.22,16898647,
601577.SH,7/2/2024,8.29,21426982,
601577.SH,7/3/2024,8.26,18873267,
601577.SH,7/4/2024,8.16,15623670,
601577.SH,7/5/2024,7.96,14753000,
601577.SH,7/8/2024,7.9,13124100,
601577.SH,7/9/2024,8.06,16586700,
601577.SH,7/10/2024,8.02,11362810,
601577.SH,7/11/2024,7.88,19911260,
601577.SH,7/12/2024,8.01,18207319,
601577.SH,7/15/2024,8.11,17677000,
601577.SH,7/16/2024,7.67,23654710,
601577.SH,7/17/2024,7.69,15340206,
601577.SH,7/18/2024,7.74,18295150,
601577.SH,7/19/2024,7.69,15436197,
601577.SH,7/22/2024,7.58,13134434,
601577.SH,7/23/2024,7.59,16027027,
601577.SH,7/24/2024,7.64,17882390,
601577.SH,7/25/2024,7.55,15771425,
601577.SH,7/26/2024,7.44,19896379,
601577.SH,7/29/2024,7.49,14411467,
601577.SH,7/30/2024,7.43,11589347,
601577.SH,7/31/2024,7.53,18214563,
601577.SH,8/1/2024,7.5,15244086,
601577.SH,8/2/2024,7.58,16987535,
601577.SH,8/5/2024,7.47,13005398,
601577.SH,8/6/2024,7.42,19613674,
601577.SH,8/7/2024,7.4,11824480,
601577.SH,8/8/2024,7.4,7908055,
601577.SH,8/9/2024,7.45,11305100,
601577.SH,8/12/2024,7.39,8579300,
601577.SH,8/13/2024,7.56,15873218,
601577.SH,8/14/2024,7.47,13403390,
601577.SH,8/15/2024,7.58,14197977,
601577.SH,8/16/2024,7.67,13039264,
601577.SH,8/19/2024,7.88,19374112,
601577.SH,8/20/2024,7.89,15289500,
601577.SH,8/21/2024,7.85,13730011,
601577.SH,8/22/2024,7.87,12878866,
601577.SH,8/23/2024,7.84,12930150,
601577.SH,8/26/2024,7.81,13382050,
601577.SH,8/27/2024,7.84,11675184,
601577.SH,8/28/2024,7.73,11891700,
601577.SH,8/29/2024,7.44,20338600,
601577.SH,8/30/2024,7.21,50166750,
601577.SH,9/2/2024,7.12,33344105,
601577.SH,9/3/2024,7,28103275,
601577.SH,9/4/2024,7.05,21272749,
601577.SH,9/5/2024,6.97,16318278,
601577.SH,9/6/2024,6.94,17366481,
601577.SH,9/9/2024,6.79,20479279,
601577.SH,9/10/2024,6.79,18345400,
601577.SH,9/11/2024,6.66,20188836,
601577.SH,9/12/2024,6.66,15071981,
601577.SH,9/13/2024,6.61,18031916,
601577.SH,9/18/2024,6.64,17661700,
601577.SH,9/19/2024,6.68,18470146,
601577.SH,9/20/2024,6.73,16378920,
601577.SH,9/23/2024,6.88,20200231,
601577.SH,9/24/2024,7.17,29598962,
601577.SH,9/25/2024,7.37,36437846,
601577.SH,9/26/2024,7.79,37393063,
601577.SH,9/27/2024,7.83,31928500,
601577.SH,9/30/2024,8.37,61319125,
601577.SH,10/8/2024,8.52,71866742,
601577.SH,10/9/2024,7.84,62290827,
601577.SH,10/10/2024,8.14,56411342,
601577.SH,10/11/2024,8,25769055,
601577.SH,10/14/2024,8.39,58682676,
601577.SH,10/15/2024,8.26,40365100,
601577.SH,10/16/2024,8.68,56260781,
601577.SH,10/17/2024,8.53,32689372,
601577.SH,10/18/2024,8.6,50206008,
601577.SH,10/21/2024,8.6,29084282,
601577.SH,10/22/2024,8.53,20422136,
601577.SH,10/23/2024,8.5,20065875,
601577.SH,10/24/2024,8.42,19901200,
601577.SH,10/25/2024,8.31,23311678,
601577.SH,10/28/2024,8.33,21830209,
601577.SH,10/29/2024,8.29,17578954,
601577.SH,10/30/2024,8.46,46087160,
601577.SH,10/31/2024,8.52,27596400,
601577.SH,11/1/2024,8.68,38666516,
601577.SH,11/4/2024,8.82,28415980,
601577.SH,11/5/2024,8.85,28131189,
601577.SH,11/6/2024,8.66,34145347,
601577.SH,11/7/2024,8.88,26056283,
601577.SH,11/8/2024,8.81,25917317,
601577.SH,11/11/2024,8.52,41693230,
601577.SH,11/12/2024,8.44,26904669,
601577.SH,11/13/2024,8.52,24503594,
601577.SH,11/14/2024,8.46,24126043,
601577.SH,11/15/2024,8.45,23027026,
601577.SH,11/18/2024,8.68,51051297,
601577.SH,11/19/2024,8.75,33369345,
601577.SH,11/20/2024,8.63,22852078,
601577.SH,11/21/2024,8.62,18967313,
601577.SH,11/22/2024,8.27,33324993,
601577.SH,11/25/2024,8.31,21188300,
601577.SH,11/26/2024,8.42,22255195,
601577.SH,11/27/2024,8.55,22748582,
601577.SH,11/28/2024,8.53,15034674,
601577.SH,11/29/2024,8.55,24383235,
601577.SH,12/2/2024,8.5,25405390,
601577.SH,12/3/2024,8.67,25531124,
601577.SH,12/4/2024,8.73,27033888,
601577.SH,12/5/2024,8.7,23969679,
601577.SH,12/6/2024,8.8,18546900,
601577.SH,12/9/2024,8.82,16037600,
601577.SH,12/10/2024,8.81,24486790,
601577.SH,12/11/2024,8.78,20651403,
601577.SH,12/12/2024,8.86,23311313,
601577.SH,12/13/2024,8.71,30613039,
601577.SH,12/16/2024,8.71,18953850,
601577.SH,12/17/2024,8.6,31303066,
601577.SH,12/18/2024,8.69,25347167,
601577.SH,12/19/2024,8.62,23547745,
601577.SH,12/20/2024,8.52,22447310,
601577.SH,12/23/2024,8.6,24296152,
601577.SH,12/24/2024,8.72,23569278,
601577.SH,12/25/2024,8.82,23860669,
601577.SH,12/26/2024,8.82,16358132,
601577.SH,12/27/2024,8.81,22248396,
601577.SH,12/30/2024,9.07,33750522,
601577.SH,12/31/2024,8.89,34252439,
601577.SH,1/2/2025,8.63,31550121,
601577.SH,1/3/2025,8.48,24875402,
601577.SH,1/6/2025,8.5,22859413,
601577.SH,1/7/2025,8.44,24418232,
601577.SH,1/8/2025,8.5,28538185,
601577.SH,1/9/2025,8.37,21784298,
601577.SH,1/10/2025,8.29,19655306,
601577.SH,1/13/2025,8.14,21463664,
601577.SH,1/14/2025,8.27,20935129,
601577.SH,1/15/2025,8.33,19471939,
601577.SH,1/16/2025,8.49,26635160,
601577.SH,1/17/2025,8.52,13894562,
601577.SH,1/20/2025,8.89,51105221,
601577.SH,1/21/2025,9.07,27670384,
601577.SH,1/22/2025,8.84,28965900,
601577.SH,1/23/2025,9.1,28473239,
601577.SH,1/24/2025,9.15,25057669,
601577.SH,1/27/2025,9.22,22245904,
601577.SH,2/5/2025,9.1,26375285,
601577.SH,2/6/2025,9.08,19929053,
601577.SH,2/7/2025,9.01,21043308,
601577.SH,2/10/2025,8.95,19300164,
601577.SH,2/11/2025,9.05,18254475,
601577.SH,2/12/2025,9.04,13097619,
601577.SH,2/13/2025,8.98,15763854,
601577.SH,2/14/2025,8.97,21460605,
601577.SH,2/17/2025,8.91,20150220,
601577.SH,2/18/2025,9.01,26192866,
601577.SH,2/19/2025,8.94,15356000,
601577.SH,2/20/2025,8.88,12939490,
601577.SH,2/21/2025,8.75,27512968,
601577.SH,2/24/2025,8.63,28219578,
601577.SH,2/25/2025,8.54,21437496,
601577.SH,2/26/2025,8.56,21109018,
601577.SH,2/27/2025,8.63,21898813,
601577.SH,2/28/2025,8.57,23235933,
601577.SH,3/3/2025,8.62,21442500,
601577.SH,3/4/2025,8.65,18220852,
601577.SH,3/5/2025,8.78,25901699,
601577.SH,3/6/2025,8.79,24339923,
601577.SH,3/7/2025,8.75,17150830,
601577.SH,3/10/2025,8.65,16554914,
601577.SH,3/11/2025,8.76,16123941,
601577.SH,3/12/2025,8.71,12788321,
601577.SH,3/13/2025,8.74,15903453,
601577.SH,3/14/2025,8.83,26189627,
601577.SH,3/17/2025,8.82,27581300,
601577.SH,3/18/2025,8.83,15026368,
601577.SH,3/19/2025,8.98,25955859,
601577.SH,3/20/2025,8.98,22185729,
601577.SH,3/21/2025,8.92,22452833,
601577.SH,3/24/2025,9.13,32668310,
601577.SH,3/25/2025,9.15,17253922,
601577.SH,3/26/2025,9.09,17120757,
601577.SH,3/27/2025,9.09,11380516,
601577.SH,3/28/2025,9.05,13646889,
601577.SH,3/31/2025,9.18,24946603,
601577.SH,4/1/2025,9.15,19143600,
601577.SH,4/2/2025,9.42,30820763,
601577.SH,4/3/2025,9.47,18760778,
601577.SH,4/7/2025,8.91,44644508,
601577.SH,4/8/2025,9.05,34158952,
601577.SH,4/9/2025,8.94,29354623,
601577.SH,4/10/2025,8.99,23541950,
601577.SH,4/11/2025,9,18564891,
601577.SH,4/14/2025,9,25959499,
601577.SH,4/15/2025,9.12,16539072,
601577.SH,4/16/2025,9.21,24458900,
601577.SH,4/17/2025,9.28,23846882,
601577.SH,4/18/2025,9.42,22603454,
601577.SH,4/21/2025,9.27,29461052,
601577.SH,4/22/2025,9.42,22917688,
601577.SH,4/23/2025,9.32,20809582,
601577.SH,4/24/2025,9.44,27288077,
601577.SH,4/25/2025,9.39,22619199,
601577.SH,4/28/2025,9.39,41338430,
601577.SH,4/29/2025,9.27,34498207,
601577.SH,4/30/2025,9.05,38899700,
601577.SH,5/6/2025,9,31714061,
601577.SH,5/7/2025,9.14,29062682,
601577.SH,5/8/2025,9.28,26260276,
601577.SH,5/9/2025,9.41,28260445,
601577.SH,5/12/2025,9.41,25708708,
601577.SH,5/13/2025,9.58,23407844,
601577.SH,5/14/2025,9.62,26708258,
601577.SH,5/15/2025,9.54,20983346,
601577.SH,5/16/2025,9.5,18590500,
601577.SH,5/19/2025,9.43,18022986,
601577.SH,5/20/2025,9.47,25243167,
601577.SH,5/21/2025,9.65,24786003,
601577.SH,5/22/2025,9.77,23715858,
601577.SH,5/23/2025,9.65,26738999,
601577.SH,5/26/2025,9.56,25963097,
601577.SH,5/27/2025,9.65,21543890,
601577.SH,5/28/2025,9.73,20289782,
601577.SH,5/29/2025,9.79,33499646,
601577.SH,5/30/2025,9.81,35174073,
601577.SH,6/3/2025,9.99,38821624,
601577.SH,6/4/2025,10.17,32914651,
601577.SH,6/5/2025,9.95,34562042,
601577.SH,6/6/2025,10.05,20534280,
601577.SH,6/9/2025,10.18,26831710,
601577.SH,6/10/2025,10.23,26496365,
601577.SH,6/11/2025,10.21,24080261,
601577.SH,6/12/2025,10.36,38303692,
601577.SH,6/13/2025,9.94,43282433,
601577.SH,6/16/2025,10.05,28842103,
601577.SH,6/17/2025,10.01,18674585,
601577.SH,6/18/2025,10.14,25873059,
601577.SH,6/19/2025,10.14,22416139,
601577.SH,6/20/2025,10.22,28024834,
601577.SH,6/23/2025,10.15,38331250,
601577.SH,6/24/2025,10.01,43974785,
601577.SH,6/25/2025,10.17,37977440,
601577.SH,6/26/2025,10.35,29684105,
601577.SH,6/27/2025,10.01,44511712,
601577.SH,6/30/2025,9.94,31321724,
601577.SH,7/1/2025,10.1,24624272,
601577.SH,7/2/2025,10.16,26050529,
601577.SH,7/3/2025,10.2,16340700,
601577.SH,7/4/2025,10.42,32920898,
601577.SH,7/7/2025,10.52,26316026,
601577.SH,7/8/2025,10.41,28954451,
601577.SH,7/9/2025,10.57,24466911,
601577.SH,7/10/2025,10.62,29701209,
601577.SH,7/11/2025,10.34,46474870,
601577.SH,7/14/2025,10.34,33961712,
601577.SH,7/15/2025,10.16,43150855,
601577.SH,7/16/2025,10.11,42770978,
601577.SH,7/17/2025,10.03,26906364,
601577.SH,7/18/2025,10.2,28698835,
601577.SH,7/21/2025,10.22,26917416,
601577.SH,7/22/2025,10.18,28447548,
601577.SH,7/23/2025,10.34,33940650,
601577.SH,7/24/2025,10.12,37902888,
601577.SH,7/25/2025,10.12,23501967,
601577.SH,7/28/2025,10.16,24474016,
601577.SH,7/29/2025,10.03,37855900,
601577.SH,7/30/2025,10.07,26518634,
601577.SH,7/31/2025,9.88,34226067,
601577.SH,8/1/2025,9.95,26029195,
601577.SH,8/4/2025,10.01,25903695,
601577.SH,8/5/2025,10.19,22327726,
601577.SH,8/6/2025,10.21,19317971,
601577.SH,8/7/2025,10.27,21057617,
601577.SH,8/8/2025,10.2,13498564,
601577.SH,8/11/2025,10.2,24551341,
601577.SH,8/12/2025,10.16,13161400,
601577.SH,8/13/2025,10.03,26076674,
601577.SH,8/14/2025,9.98,15066600,
601577.SH,8/15/2025,9.81,31468648,
601577.SH,8/18/2025,9.85,19480775,
601577.SH,8/19/2025,9.81,13057188,
601577.SH,8/20/2025,9.91,24759391,
601577.SH,8/21/2025,9.95,17376700,
601577.SH,8/22/2025,9.84,27576049,
601577.SH,8/25/2025,9.88,22992859,
601577.SH,8/26/2025,9.77,17477660,
601577.SH,8/27/2025,9.61,20493864,
601577.SH,8/28/2025,9.65,19080923,
601577.SH,8/29/2025,9.61,29705845,
601577.SH,9/1/2025,9.63,34786102,
601577.SH,9/2/2025,9.72,32325580,
601577.SH,9/3/2025,9.52,24879914,
601577.SH,9/4/2025,9.55,25613621,
601577.SH,9/5/2025,9.45,20299355,
601577.SH,9/8/2025,9.43,20757846,
601577.SH,9/9/2025,9.54,18940861,
601577.SH,9/10/2025,9.53,14739455,
601577.SH,9/11/2025,9.59,25745644,
601577.SH,9/12/2025,9.44,24831881,
601577.SH,9/15/2025,9.35,19803500,
601577.SH,9/16/2025,9.28,18713968,
601577.SH,9/17/2025,9.25,16411919,
601577.SH,9/18/2025,9.04,24211282,
601577.SH,9/19/2025,9.1,15977436,
601577.SH,9/22/2025,9.01,11844094,
601577.SH,9/23/2025,9.09,20368433,
601577.SH,9/24/2025,9.12,19155588,
601577.SH,9/25/2025,9.02,22119524,
601577.SH,9/26/2025,8.87,22607264,
601577.SH,9/29/2025,8.91,27525222,
601577.SH,9/30/2025,8.83,27676215,
601577.SH,10/9/2025,9.03,30499259,
601577.SH,10/10/2025,9.06,21798128,
601577.SH,10/13/2025,9.09,29926751,
601577.SH,10/14/2025,9.25,35319700,
601577.SH,10/15/2025,9.35,30914160,
601577.SH,10/16/2025,9.37,20235269,
601577.SH,10/17/2025,9.35,22492465,
601577.SH,10/20/2025,9.36,20133577,
601577.SH,10/21/2025,9.43,16923817,
601577.SH,10/22/2025,9.53,16214993,
601577.SH,10/23/2025,9.55,16058900,
601577.SH,10/24/2025,9.55,16279378,
601577.SH,10/27/2025,9.53,14808548,
601577.SH,10/28/2025,9.56,19059814,
601577.SH,10/29/2025,9.37,17599086,
601577.SH,10/30/2025,9.36,18984609,
601577.SH,10/31/2025,9.57,29130744,
601577.SH,11/3/2025,9.73,26842466,
601577.SH,11/4/2025,9.9,29817558,
601577.SH,11/5/2025,9.89,24660610,
601577.SH,11/6/2025,9.98,24074568,
601577.SH,11/7/2025,9.88,19600800,
601577.SH,11/10/2025,10.05,22672001,
601577.SH,11/11/2025,9.99,13806919,
601577.SH,11/12/2025,10.08,19978903,
601577.SH,11/13/2025,9.98,18094589,
601577.SH,11/14/2025,9.95,12742688,
601577.SH,11/17/2025,9.78,16898105,
601577.SH,11/18/2025,9.68,13415311,
601577.SH,11/19/2025,9.71,12616826,
601577.SH,11/20/2025,9.83,24101028,
601577.SH,11/21/2025,9.7,21430187,
601577.SH,11/24/2025,9.59,19608126,
601577.SH,11/25/2025,9.69,15698974,
601577.SH,11/26/2025,9.63,12489096,
601577.SH,11/27/2025,9.68,13792991,
601577.SH,11/28/2025,9.64,12424037,
601577.SH,12/1/2025,9.76,24885776,
601577.SH,12/2/2025,9.81,15301501,
601577.SH,12/3/2025,9.75,20193510,
601577.SH,12/4/2025,9.66,13516284,
601577.SH,12/5/2025,9.54,23407396,
601577.SH,12/8/2025,9.54,15380389,
601577.SH,12/9/2025,9.44,12469501,
601577.SH,12/10/2025,9.45,18050260,
601577.SH,12/11/2025,9.5,23427018,
601577.SH,12/12/2025,9.48,32184481,
601577.SH,12/15/2025,9.62,19400000,
601577.SH,12/16/2025,9.53,15841900,
601577.SH,12/17/2025,9.56,14322520,
601577.SH,12/18/2025,9.76,16450996,
601577.SH,12/19/2025,9.72,14148223,
601577.SH,12/22/2025,9.67,12908700,
601577.SH,12/23/2025,9.68,10529566,
601577.SH,12/24/2025,9.72,11739185,
601577.SH,12/25/2025,9.76,9921605,
601577.SH,12/26/2025,9.71,16830300,
601577.SH,12/29/2025,9.79,13549868,
601577.SH,12/30/2025,9.74,10977027,
601577.SH,12/31/2025,9.7,11181125,
601577.SH,1/5/2026,9.72,18046420,
601577.SH,1/6/2026,9.73,21698627,
601577.SH,1/7/2026,9.67,14156672,
601577.SH,1/8/2026,9.49,20535988,
601577.SH,1/9/2026,9.49,14848097,
601577.SH,1/12/2026,9.45,14843113,
601577.SH,1/13/2026,9.5,18313700,
601577.SH,1/14/2026,9.35,22802953,
601577.SH,1/15/2026,9.28,14960000,
601577.SH,1/16/2026,9.14,19858603,
601577.SH,1/19/2026,9.14,14002503,
601577.SH,1/20/2026,9.36,27308219,
601577.SH,1/21/2026,9.3,15107229,
601577.SH,1/22/2026,9.37,12683616,
601577.SH,1/23/2026,9.37,12482968,
601577.SH,1/26/2026,9.39,17238008,
601577.SH,1/27/2026,9.4,15997342,
601577.SH,1/28/2026,9.48,17372636,
601577.SH,1/29/2026,9.72,29930255,
601577.SH,1/30/2026,9.76,23603814,
601577.SH,2/2/2026,9.65,27507657,
601577.SH,2/3/2026,9.56,19597706,
601577.SH,2/4/2026,9.67,18929069,
601577.SH,2/5/2026,9.91,27851892,
601577.SH,2/6/2026,9.91,19907203,
601577.SH,2/9/2026,9.97,16753374,
601577.SH,2/10/2026,10.05,16039464,
601577.SH,2/11/2026,10.11,15910709,
601577.SH,2/12/2026,10.02,13326700,
601577.SH,2/13/2026,9.92,14078871,
601577.SH,2/24/2026,9.91,15323878,
601577.SH,2/25/2026,9.89,17729603,
601577.SH,2/26/2026,9.81,15196602,
601577.SH,2/27/2026,9.8,13353287,
601577.SH,3/2/2026,9.78,19535309,
601577.SH,3/3/2026,9.75,21269176,
601577.SH,3/4/2026,9.49,25846136,
601577.SH,3/5/2026,9.54,15785804,
601577.SH,3/6/2026,9.57,13222352,
601577.SH,3/9/2026,9.52,18074960,
601577.SH,3/10/2026,9.54,15859799,
601577.SH,3/11/2026,9.59,16026026,
601577.SH,3/12/2026,9.69,17129755,
601577.SH,3/13/2026,9.8,22514585,
601577.SH,3/16/2026,9.98,24839112,
601577.SH,3/17/2026,10.01,19547511,
601577.SH,3/18/2026,9.94,14700955,
601577.SH,3/19/2026,9.84,13841108,
601577.SH,3/20/2026,9.79,14457239,
601577.SH,3/23/2026,9.32,29254750,
601577.SH,3/24/2026,9.6,17909823,
601577.SH,3/25/2026,9.71,17622892,
601577.SH,3/26/2026,9.66,12943932,
601577.SH,3/27/2026,9.51,17831238,
601577.SH,3/30/2026,9.57,16050819,
601577.SH,3/31/2026,9.63,13444151,
601577.SH,4/1/2026,9.67,13967306,
601577.SH,4/2/2026,9.64,11876040,
601577.SH,4/3/2026,9.54,10680455,
601577.SH,4/7/2026,9.41,14689254,
601577.SH,4/8/2026,9.61,20839900,
601577.SH,4/9/2026,9.44,13213444,
601577.SH,4/10/2026,9.43,12567520,
601577.SH,4/13/2026,9.32,17500300,
601577.SH,4/14/2026,9.39,12434568,
601577.SH,4/15/2026,9.47,14974821,
601577.SH,4/16/2026,9.48,13003700,
601577.SH,4/17/2026,9.49,8790624,
601577.SH,4/20/2026,9.53,12393584,
601577.SH,4/21/2026,9.66,14107746,
601577.SH,4/22/2026,9.65,10546736,
601577.SH,4/23/2026,9.96,29852034,
601577.SH,4/24/2026,9.83,19229568,
601577.SH,4/27/2026,9.79,13994263,
601577.SH,4/28/2026,9.55,29160477,
601577.SH,4/29/2026,9.89,33496322,
601577.SH,4/30/2026,9.97,24837125,
601577.SH,5/6/2026,9.81,25779556,
601577.SH,5/7/2026,9.8,17950000,
601577.SH,5/8/2026,9.65,18085335,
601577.SH,5/11/2026,9.58,17533900,
601577.SH,5/12/2026,9.54,14460584,
601577.SH,5/13/2026,9.53,14756354,
601577.SH,5/14/2026,9.56,18286981,
601577.SH,5/15/2026,9.45,22769589,
601577.SH,5/18/2026,9.21,26230752,
601577.SH,5/19/2026,9.28,16583870,
601577.SH,5/20/2026,9.22,12217590,
601577.SH,5/21/2026,9.23,15248380,
601577.SH,5/22/2026,9.19,14992802,
601577.SH,5/25/2026,9.17,11170255,
601577.SH,5/26/2026,9.31,18234636,
601577.SH,5/27/2026,9.31,22535206,
601577.SH,5/28/2026,9.31,20022295,
601577.SH,5/29/2026,9.5,28181376,
601577.SH,6/1/2026,9.69,27029767,
601577.SH,6/2/2026,9.71,20744600,
601577.SH,6/3/2026,9.54,20254558,
601577.SH,6/4/2026,9.43,22093830,0.045599
601577.SH,6/5/2026,9.56,14201800,0.044979
601577.SH,6/8/2026,9.53,15456649,0.045121
601577.SH,6/9/2026,9.54,17987004,0.045073
601577.SH,6/10/2026,9.72,18468236,0.044239
601577.SH,6/11/2026,9.6,16740027,0.044792
601818.SH,6/12/2025,4.09,103361524,0.04621
601818.SH,6/13/2025,4.02,147463359,0.047015
601818.SH,6/16/2025,4.08,114288936,0.046324
601818.SH,6/17/2025,4.07,106162590,0.046437
601818.SH,6/18/2025,4.1,125959588,0.046098
601818.SH,6/19/2025,4.08,107572956,0.046324
601818.SH,6/20/2025,4.16,154025637,0.045433
601818.SH,6/23/2025,4.23,191447910,0.044681
601818.SH,6/24/2025,4.25,166827492,0.044471
601818.SH,6/25/2025,4.24,161870380,0.044575
601818.SH,6/26/2025,4.28,163950721,0.044159
601818.SH,6/27/2025,4.15,291002055,0.045542
601818.SH,6/30/2025,4.15,151249836,0.045783
601818.SH,7/1/2025,4.2,126264409,0.045238
601818.SH,7/2/2025,4.22,127187300,0.045024
601818.SH,7/3/2025,4.25,127722600,0.044706
601818.SH,7/4/2025,4.38,223699384,0.043379
601818.SH,7/7/2025,4.44,152668929,0.042793
601818.SH,7/8/2025,4.41,130874601,0.043084
601818.SH,7/9/2025,4.43,112119041,0.042889
601818.SH,7/10/2025,4.44,206705007,0.042793
601818.SH,7/11/2025,4.34,284352532,0.043779
601818.SH,7/14/2025,4.39,198209474,0.04328
601818.SH,7/15/2025,4.35,154702824,0.043678
601818.SH,7/16/2025,4.31,175665864,0.044084
601818.SH,7/17/2025,4.27,127999261,0.044496
601818.SH,7/18/2025,4.3,141636436,0.044186
601818.SH,7/21/2025,4.27,141331097,0.044496
601818.SH,7/22/2025,4.24,189618324,0.044811
601818.SH,7/23/2025,4.24,177077228,0.044811
601818.SH,7/24/2025,4.13,198450100,0.046005
601818.SH,7/25/2025,4.08,174138350,0.046569
601818.SH,7/28/2025,4.09,152445915,0.046455
601818.SH,7/29/2025,4.05,151636901,0.046914
601818.SH,7/30/2025,4.08,154462030,0.046569
601818.SH,7/31/2025,4.05,181955567,0.046914
601818.SH,8/1/2025,4.05,157970702,0.046914
601818.SH,8/4/2025,4.06,132314157,0.046798
601818.SH,8/5/2025,4.12,191825059,0.046117
601818.SH,8/6/2025,4.12,130261367,0.046117
601818.SH,8/7/2025,4.13,144777559,0.046005
601818.SH,8/8/2025,4.15,157139616,0.045783
601818.SH,8/11/2025,4.06,211724460,0.046798
601818.SH,8/12/2025,4.1,213969546,0.046341
601818.SH,8/13/2025,4.04,220779683,0.04703
601818.SH,8/14/2025,4.04,136192329,0.04703
601818.SH,8/15/2025,3.93,327813759,0.048346
601818.SH,8/18/2025,3.94,163516612,0.048223
601818.SH,8/19/2025,3.93,138493151,0.048346
601818.SH,8/20/2025,3.95,140278826,0.048101
601818.SH,8/21/2025,3.98,148290726,0.047739
601818.SH,8/22/2025,3.95,194603762,0.048101
601818.SH,8/25/2025,4,210068628,0.0475
601818.SH,8/26/2025,3.96,143873231,0.04798
601818.SH,8/27/2025,3.85,295063740,0.049351
601818.SH,8/28/2025,3.85,213781283,0.049351
601818.SH,8/29/2025,3.78,558827330,0.050265
601818.SH,9/1/2025,3.71,597840984,0.051213
601818.SH,9/2/2025,3.79,391262640,0.050132
601818.SH,9/3/2025,3.74,214891761,0.050802
601818.SH,9/4/2025,3.75,338915783,0.050667
601818.SH,9/5/2025,3.71,235843778,0.051213
601818.SH,9/8/2025,3.66,388119869,0.051913
601818.SH,9/9/2025,3.67,188318988,0.051771
601818.SH,9/10/2025,3.67,212382100,0.051771
601818.SH,9/11/2025,3.7,243260945,0.051351
601818.SH,9/12/2025,3.63,347037938,0.052342
601818.SH,9/15/2025,3.61,522182691,0.052632
601818.SH,9/16/2025,3.55,572456303,0.053521
601818.SH,9/17/2025,3.54,276655145,0.053672
601818.SH,9/18/2025,3.48,339329069,0.054598
601818.SH,9/19/2025,3.46,283766901,0.054913
601818.SH,9/22/2025,3.45,178806634,0.055072
601818.SH,9/23/2025,3.48,327580718,0.054598
601818.SH,9/24/2025,3.47,257449287,0.054755
601818.SH,9/25/2025,3.44,233093460,0.055233
601818.SH,9/26/2025,3.43,252801608,0.055394
601818.SH,9/29/2025,3.4,372178543,0.055882
601818.SH,9/30/2025,3.36,304397551,0.056548
601818.SH,10/9/2025,3.36,529392376,0.056548
601818.SH,10/10/2025,3.35,701476267,0.056716
601818.SH,10/13/2025,3.35,508863103,0.056716
601818.SH,10/14/2025,3.42,603413876,0.055556
601818.SH,10/15/2025,3.44,374636536,0.055233
601818.SH,10/16/2025,3.47,393755884,0.054755
601818.SH,10/17/2025,3.43,375571644,0.055394
601818.SH,10/20/2025,3.47,399805655,0.054755
601818.SH,10/21/2025,3.45,298576948,0.055072
601818.SH,10/22/2025,3.5,431862176,0.054286
601818.SH,10/23/2025,3.54,433540058,0.053672
601818.SH,10/24/2025,3.53,376543728,0.053824
601818.SH,10/27/2025,3.53,446255068,0.053824
601818.SH,10/28/2025,3.5,305726286,0.054286
601818.SH,10/29/2025,3.44,304300969,0.055233
601818.SH,10/30/2025,3.45,237864330,0.055072
601818.SH,10/31/2025,3.34,591535497,0.056886
601818.SH,11/3/2025,3.41,423025624,0.055718
601818.SH,11/4/2025,3.46,393932681,0.054913
601818.SH,11/5/2025,3.45,261324796,0.055072
601818.SH,11/6/2025,3.44,206180497,0.055233
601818.SH,11/7/2025,3.45,218300800,0.055072
601818.SH,11/10/2025,3.49,289110677,0.054441
601818.SH,11/11/2025,3.48,174195399,0.054598
601818.SH,11/12/2025,3.5,283867438,0.054286
601818.SH,11/13/2025,3.5,299654004,0.054286
601818.SH,11/14/2025,3.51,330208719,0.054131
601818.SH,11/17/2025,3.54,423931196,0.053672
601818.SH,11/18/2025,3.53,244436394,0.053824
601818.SH,11/19/2025,3.6,421441912,0.052778
601818.SH,11/20/2025,3.67,517945184,0.051771
601818.SH,11/21/2025,3.6,465384998,0.052778
601818.SH,11/24/2025,3.58,394647296,0.053073
601818.SH,11/25/2025,3.65,318887431,0.052055
601818.SH,11/26/2025,3.62,301873600,0.052486
601818.SH,11/27/2025,3.65,266575172,0.052055
601818.SH,11/28/2025,3.61,268595543,0.052632
601818.SH,12/1/2025,3.6,276314715,0.052778
601818.SH,12/2/2025,3.59,227317939,0.052925
601818.SH,12/3/2025,3.55,258803894,0.053521
601818.SH,12/4/2025,3.54,194147300,0.053672
601818.SH,12/5/2025,3.52,204517623,0.053977
601818.SH,12/8/2025,3.56,241260744,0.053371
601818.SH,12/9/2025,3.52,199649842,0.053977
601818.SH,12/10/2025,3.49,224648747,0.054441
601818.SH,12/11/2025,3.5,164061135,0.054286
601818.SH,12/12/2025,3.5,229318788,0.054286
601818.SH,12/15/2025,3.54,198083584,0.053672
601818.SH,12/16/2025,3.5,209396129,0.054286
601818.SH,12/17/2025,3.52,205500124,0.053977
601818.SH,12/18/2025,3.56,223191574,0.053371
601818.SH,12/19/2025,3.56,208129346,0.053371
601818.SH,12/22/2025,3.52,184857800,0.053977
601818.SH,12/23/2025,3.51,173952768,0.054131
601818.SH,12/24/2025,3.5,148271986,0.054286
601818.SH,12/25/2025,3.52,129488472,0.053977
601818.SH,12/26/2025,3.51,126614517,0.054131
601818.SH,12/29/2025,3.53,196528968,0.053824
601818.SH,12/30/2025,3.49,200164942,0.054441
601818.SH,12/31/2025,3.49,122343911,0.050143
601818.SH,1/5/2026,3.48,229224400,0.050287
601818.SH,1/6/2026,3.5,192181301,0.05
601818.SH,1/7/2026,3.49,199912365,0.050143
601818.SH,1/8/2026,3.47,163674172,0.050432
601818.SH,1/9/2026,3.45,191124812,0.050725
601818.SH,1/12/2026,3.46,227347310,0.050578
601818.SH,1/13/2026,3.46,248832211,0.050578
601818.SH,1/14/2026,3.43,314596036,0.05102
601818.SH,1/15/2026,3.38,254392020,0.051775
601818.SH,1/16/2026,3.35,231038840,0.052239
601818.SH,1/19/2026,3.34,188755831,0.052395
601818.SH,1/20/2026,3.39,252984330,0.051622
601818.SH,1/21/2026,3.36,255850190,0.052083
601818.SH,1/22/2026,3.38,220241100,0.051775
601818.SH,1/23/2026,3.37,206511943,0.051929
601818.SH,1/26/2026,3.38,239562293,0.051775
601818.SH,1/27/2026,3.36,245717325,0.052083
601818.SH,1/28/2026,3.32,718169970,0.052711
601818.SH,1/29/2026,3.34,649091103,0.052395
601818.SH,1/30/2026,3.32,365986701,0.052711
601818.SH,2/2/2026,3.35,455575838,0.052239
601818.SH,2/3/2026,3.32,319401673,0.052711
601818.SH,2/4/2026,3.37,339138812,0.051929
601818.SH,2/5/2026,3.32,323078654,0.052711
601818.SH,2/6/2026,3.31,259385980,0.05287
601818.SH,2/9/2026,3.33,199520704,0.052553
601818.SH,2/10/2026,3.35,217278099,0.052239
601818.SH,2/11/2026,3.35,145469050,0.052239
601818.SH,2/12/2026,3.3,320740783,0.05303
601818.SH,2/13/2026,3.29,198940960,0.053191
601818.SH,2/24/2026,3.28,183774612,0.053354
601818.SH,2/25/2026,3.24,549013268,0.054012
601818.SH,2/26/2026,3.24,186328216,0.054012
601818.SH,2/27/2026,3.24,196191861,0.054012
601818.SH,3/2/2026,3.24,337378236,0.054012
601818.SH,3/3/2026,3.26,476884558,0.053681
601818.SH,3/4/2026,3.2,439094256,0.054688
601818.SH,3/5/2026,3.24,235787356,0.054012
601818.SH,3/6/2026,3.24,172993980,0.054012
601818.SH,3/9/2026,3.23,252487689,0.05418
601818.SH,3/10/2026,3.25,248684262,0.053846
601818.SH,3/11/2026,3.29,295929493,0.053191
601818.SH,3/12/2026,3.33,329294045,0.052553
601818.SH,3/13/2026,3.33,286597333,0.052553
601818.SH,3/16/2026,3.31,241249400,0.05287
601818.SH,3/17/2026,3.34,297914932,0.052395
601818.SH,3/18/2026,3.33,242770225,0.052553
601818.SH,3/19/2026,3.31,221178600,0.05287
601818.SH,3/20/2026,3.28,325930406,0.053354
601818.SH,3/23/2026,3.18,467852100,0.055031
601818.SH,3/24/2026,3.25,251904256,0.053846
601818.SH,3/25/2026,3.3,243714060,0.05303
601818.SH,3/26/2026,3.3,233882953,0.05303
601818.SH,3/27/2026,3.27,153131329,0.053517
601818.SH,3/30/2026,3.28,148729128,0.053354
601818.SH,3/31/2026,3.21,368633940,0.054517
601818.SH,4/1/2026,3.2,279995692,0.054688
601818.SH,4/2/2026,3.19,181071711,0.054859
601818.SH,4/3/2026,3.19,142931152,0.054859
601818.SH,4/7/2026,3.18,135049700,0.055031
601818.SH,4/8/2026,3.22,199854460,0.054348
601818.SH,4/9/2026,3.19,107480066,0.054859
601818.SH,4/10/2026,3.19,107013182,0.054859
601818.SH,4/13/2026,3.19,88896742,0.054859
601818.SH,4/14/2026,3.2,96560157,0.054688
601818.SH,4/15/2026,3.21,111992041,0.054517
601818.SH,4/16/2026,3.2,123690410,0.054688
601818.SH,4/17/2026,3.18,204965591,0.055031
601818.SH,4/20/2026,3.18,103689499,0.055031
601818.SH,4/21/2026,3.18,118472915,0.055031
601818.SH,4/22/2026,3.18,105973300,0.055031
601818.SH,4/23/2026,3.18,111278158,0.055031
601818.SH,4/24/2026,3.18,92093592,0.055031
601818.SH,4/27/2026,3.16,138633020,0.05538
601818.SH,4/28/2026,3.15,178988714,0.055556
601818.SH,4/29/2026,3.16,101701442,0.05538
601818.SH,4/30/2026,3.12,216338044,0.05609
601818.SH,5/6/2026,3.11,168677076,0.05627
601818.SH,5/7/2026,3.12,147344187,0.05609
601818.SH,5/8/2026,3.12,72971313,0.05609
601818.SH,5/11/2026,3.15,220582924,0.055556
601818.SH,5/12/2026,3.15,115873100,0.055556
601818.SH,5/13/2026,3.13,127161087,0.055911
601818.SH,5/14/2026,3.14,117251960,0.055732
601818.SH,5/15/2026,3.11,188147800,0.05627
601818.SH,5/18/2026,3.09,154729209,0.056634
601818.SH,5/19/2026,3.12,122101155,0.05609
601818.SH,5/20/2026,3.13,222828205,0.055911
601818.SH,5/21/2026,3.11,126116912,0.05627
601818.SH,5/22/2026,3.1,111326891,0.056452
601818.SH,5/25/2026,3.1,91995219,0.056452
601818.SH,5/26/2026,3.09,105464600,0.056634
601818.SH,5/27/2026,3.09,115766586,0.056634
601818.SH,5/28/2026,3.07,118465687,0.057003
601818.SH,5/29/2026,3.1,192550411,0.056452
601818.SH,6/1/2026,3.14,182501573,0.055732
601818.SH,6/2/2026,3.15,205259291,0.055556
601818.SH,6/3/2026,3.12,160605000,0.05609
601818.SH,6/4/2026,3.09,164857527,0.056634
601818.SH,6/5/2026,3.13,189080289,0.055911
601818.SH,6/8/2026,3.12,215621634,0.05609
601818.SH,6/9/2026,3.13,198434131,0.055911
601818.SH,6/10/2026,3.18,244562098,0.055031
601818.SH,6/11/2026,3.17,205699706,0.055205
601825.SH,6/3/2024,7.32,161059829,
601825.SH,6/4/2024,7.35,77329673,
601825.SH,6/5/2024,7.11,58305922,
601825.SH,6/6/2024,7.14,46130409,
601825.SH,6/7/2024,7.15,29763684,
601825.SH,6/11/2024,7,36320608,
601825.SH,6/12/2024,7.05,51735800,
601825.SH,6/13/2024,6.9,29354051,
601825.SH,6/14/2024,6.93,30975801,
601825.SH,6/17/2024,6.78,28371200,
601825.SH,6/18/2024,6.85,21091225,
601825.SH,6/19/2024,6.95,23646692,
601825.SH,6/20/2024,6.85,17237000,
601825.SH,6/21/2024,6.84,18506509,
601825.SH,6/24/2024,6.79,22526600,
601825.SH,6/25/2024,6.83,26896969,
601825.SH,6/26/2024,6.43,32142128,
601825.SH,6/27/2024,6.73,57803942,
601825.SH,6/28/2024,6.72,30683146,
601825.SH,7/1/2024,6.98,35284066,
601825.SH,7/2/2024,7.12,30471003,
601825.SH,7/3/2024,7.02,23005300,
601825.SH,7/4/2024,6.93,24424968,
601825.SH,7/5/2024,6.82,20263600,
601825.SH,7/8/2024,6.91,25305405,
601825.SH,7/9/2024,7,17330265,
601825.SH,7/10/2024,6.92,17126630,
601825.SH,7/11/2024,6.83,18467524,
601825.SH,7/12/2024,6.94,17889397,
601825.SH,7/15/2024,6.92,19137028,
601825.SH,7/16/2024,6.83,15646581,
601825.SH,7/17/2024,6.88,16092349,
601825.SH,7/18/2024,6.86,24644550,
601825.SH,7/19/2024,6.82,17294241,
601825.SH,7/22/2024,6.65,20159600,
601825.SH,7/23/2024,6.74,26106549,
601825.SH,7/24/2024,6.78,14515717,
601825.SH,7/25/2024,6.68,14436041,
601825.SH,7/26/2024,6.56,19813339,
601825.SH,7/29/2024,6.67,15645825,
601825.SH,7/30/2024,6.63,9925568,
601825.SH,7/31/2024,6.66,15040821,
601825.SH,8/1/2024,6.59,20043868,
601825.SH,8/2/2024,6.55,15656011,
601825.SH,8/5/2024,6.48,21382014,
601825.SH,8/6/2024,6.47,17079502,
601825.SH,8/7/2024,6.46,13261211,
601825.SH,8/8/2024,6.43,7792900,
601825.SH,8/9/2024,6.43,7840400,
601825.SH,8/12/2024,6.36,10709398,
601825.SH,8/13/2024,6.34,15801298,
601825.SH,8/14/2024,6.28,14027750,
601825.SH,8/15/2024,6.46,18334100,
601825.SH,8/16/2024,6.54,26936438,
601825.SH,8/19/2024,6.96,57490854,
601825.SH,8/20/2024,6.96,28691830,
601825.SH,8/21/2024,6.96,26578544,
601825.SH,8/22/2024,7.17,42070600,
601825.SH,8/23/2024,7.21,25981964,
601825.SH,8/26/2024,7.19,20834700,
601825.SH,8/27/2024,7.11,20423100,
601825.SH,8/28/2024,7.17,17625089,
601825.SH,8/29/2024,6.89,33945357,
601825.SH,8/30/2024,6.6,49695823,
601825.SH,9/2/2024,6.74,41797300,
601825.SH,9/3/2024,6.76,26949789,
601825.SH,9/4/2024,6.73,14191000,
601825.SH,9/5/2024,6.63,19756500,
601825.SH,9/6/2024,6.59,13662700,
601825.SH,9/9/2024,6.55,14584100,
601825.SH,9/10/2024,6.76,22080500,
601825.SH,9/11/2024,6.55,17622358,
601825.SH,9/12/2024,6.65,21977617,
601825.SH,9/13/2024,6.58,14902809,
601825.SH,9/18/2024,6.61,11653788,
601825.SH,9/19/2024,6.68,21020032,
601825.SH,9/20/2024,6.86,25576200,
601825.SH,9/23/2024,6.95,25261688,
601825.SH,9/24/2024,7.06,36409151,
601825.SH,9/25/2024,6.88,37876264,
601825.SH,9/26/2024,7.1,31265627,
601825.SH,9/27/2024,7.1,19790697,
601825.SH,9/30/2024,7.43,80830831,
601825.SH,10/8/2024,7.62,77460717,
601825.SH,10/9/2024,7.37,52989033,
601825.SH,10/10/2024,7.59,47705931,
601825.SH,10/11/2024,7.68,43217394,
601825.SH,10/14/2024,8.11,82608317,
601825.SH,10/15/2024,8.09,57211160,
601825.SH,10/16/2024,8.21,43699567,
601825.SH,10/17/2024,8.05,40040857,
601825.SH,10/18/2024,8.01,46133676,
601825.SH,10/21/2024,8.11,47251599,
601825.SH,10/22/2024,7.95,31066396,
601825.SH,10/23/2024,7.99,29757644,
601825.SH,10/24/2024,7.93,19017662,
601825.SH,10/25/2024,7.9,22492894,
601825.SH,10/28/2024,7.75,38540891,
601825.SH,10/29/2024,7.9,42742299,
601825.SH,10/30/2024,7.77,24311512,
601825.SH,10/31/2024,7.75,22032399,
601825.SH,11/1/2024,7.81,24183263,
601825.SH,11/4/2024,7.82,29191166,
601825.SH,11/5/2024,7.85,40787300,
601825.SH,11/6/2024,7.95,32590920,
601825.SH,11/7/2024,8.15,36996378,
601825.SH,11/8/2024,7.93,37659094,
601825.SH,11/11/2024,7.79,30654617,
601825.SH,11/12/2024,7.74,23354016,
601825.SH,11/13/2024,7.87,25722588,
601825.SH,11/14/2024,7.81,22239859,
601825.SH,11/15/2024,7.86,27671995,
601825.SH,11/18/2024,8.02,55811260,
601825.SH,11/19/2024,8.01,28535439,
601825.SH,11/20/2024,8.11,23937839,
601825.SH,11/21/2024,8.09,19934006,
601825.SH,11/22/2024,7.91,28255900,
601825.SH,11/25/2024,8.05,36641504,
601825.SH,11/26/2024,8.01,25000825,
601825.SH,11/27/2024,8.11,21820735,
601825.SH,11/28/2024,8.22,27806953,
601825.SH,11/29/2024,8.32,35545896,
601825.SH,12/2/2024,7.81,123942908,
601825.SH,12/3/2024,7.98,61344528,
601825.SH,12/4/2024,7.96,37620936,
601825.SH,12/5/2024,8.09,32021902,
601825.SH,12/6/2024,8.12,32197451,
601825.SH,12/9/2024,8.07,33605300,
601825.SH,12/10/2024,8.14,40879819,
601825.SH,12/11/2024,8.13,37258342,
601825.SH,12/12/2024,8.23,72450651,
601825.SH,12/13/2024,7.93,118926157,
601825.SH,12/16/2024,8.23,73135600,
601825.SH,12/17/2024,8.26,40977168,
601825.SH,12/18/2024,8.47,53519926,
601825.SH,12/19/2024,8.34,33282043,
601825.SH,12/20/2024,8.26,23426472,
601825.SH,12/23/2024,8.3,29426550,
601825.SH,12/24/2024,8.43,26187797,
601825.SH,12/25/2024,8.48,31684000,
601825.SH,12/26/2024,8.48,21450214,
601825.SH,12/27/2024,8.5,23691779,
601825.SH,12/30/2024,8.6,27834408,
601825.SH,12/31/2024,8.51,32095100,
601825.SH,1/2/2025,8.3,47336500,
601825.SH,1/3/2025,8.11,32939900,
601825.SH,1/6/2025,8.27,34741900,
601825.SH,1/7/2025,8.27,16422047,
601825.SH,1/8/2025,8.34,19413400,
601825.SH,1/9/2025,8.24,15829891,
601825.SH,1/10/2025,8.18,16561468,
601825.SH,1/13/2025,8.04,26750240,
601825.SH,1/14/2025,8.14,16285600,
601825.SH,1/15/2025,8.2,18214896,
601825.SH,1/16/2025,8.25,15043100,
601825.SH,1/17/2025,8.17,12605143,
601825.SH,1/20/2025,8.11,17424340,
601825.SH,1/21/2025,8.07,14510249,
601825.SH,1/22/2025,7.94,15691038,
601825.SH,1/23/2025,8.16,28403856,
601825.SH,1/24/2025,8.21,15713092,
601825.SH,1/27/2025,8.35,21725488,
601825.SH,2/5/2025,8.18,15079203,
601825.SH,2/6/2025,8.2,21606446,
601825.SH,2/7/2025,8.07,41673775,
601825.SH,2/10/2025,8.06,20754282,
601825.SH,2/11/2025,8.17,27214114,
601825.SH,2/12/2025,8.2,17918137,
601825.SH,2/13/2025,8.09,18229936,
601825.SH,2/14/2025,8.08,20191414,
601825.SH,2/17/2025,8.06,18695565,
601825.SH,2/18/2025,8.07,24496346,
601825.SH,2/19/2025,8.05,21145300,
601825.SH,2/20/2025,8.16,30771049,
601825.SH,2/21/2025,8.04,31504467,
601825.SH,2/24/2025,8.02,14821986,
601825.SH,2/25/2025,7.92,21002046,
601825.SH,2/26/2025,7.93,18301207,
601825.SH,2/27/2025,8,18905636,
601825.SH,2/28/2025,7.98,17243700,
601825.SH,3/3/2025,7.98,15535398,
601825.SH,3/4/2025,8.02,11998773,
601825.SH,3/5/2025,8.19,30939270,
601825.SH,3/6/2025,8.11,15350448,
601825.SH,3/7/2025,8.05,14253491,
601825.SH,3/10/2025,8.01,9829697,
601825.SH,3/11/2025,8.14,15451101,
601825.SH,3/12/2025,8.1,14367362,
601825.SH,3/13/2025,8.07,17632752,
601825.SH,3/14/2025,8.03,25538006,
601825.SH,3/17/2025,8.06,14630709,
601825.SH,3/18/2025,8.02,16608700,
601825.SH,3/19/2025,8.11,26919321,
601825.SH,3/20/2025,8.13,18776740,
601825.SH,3/21/2025,8.04,18901893,
601825.SH,3/24/2025,8.06,15209891,
601825.SH,3/25/2025,8.16,21940903,
601825.SH,3/26/2025,8.15,10671100,
601825.SH,3/27/2025,8.23,21261242,
601825.SH,3/28/2025,8.27,11890500,
601825.SH,3/31/2025,8.34,18531229,
601825.SH,4/1/2025,8.45,22121000,
601825.SH,4/2/2025,8.58,23779300,
601825.SH,4/3/2025,8.61,20487470,
601825.SH,4/7/2025,8.33,39950765,
601825.SH,4/8/2025,8.4,29861731,
601825.SH,4/9/2025,8.32,23916853,
601825.SH,4/10/2025,8.33,13614195,
601825.SH,4/11/2025,8.3,17754472,
601825.SH,4/14/2025,8.38,16457861,
601825.SH,4/15/2025,8.47,14337093,
601825.SH,4/16/2025,8.56,17771326,
601825.SH,4/17/2025,8.64,19441252,
601825.SH,4/18/2025,8.71,14757139,
601825.SH,4/21/2025,8.54,16778386,
601825.SH,4/22/2025,8.46,27924641,
601825.SH,4/23/2025,8.33,31906204,
601825.SH,4/24/2025,8.44,35655305,
601825.SH,4/25/2025,8.64,34306313,
601825.SH,4/28/2025,8.79,32732816,
601825.SH,4/29/2025,8.76,17728900,
601825.SH,4/30/2025,8.4,38930100,
601825.SH,5/6/2025,8.39,22010250,
601825.SH,5/7/2025,8.45,22851943,
601825.SH,5/8/2025,8.49,19372745,
601825.SH,5/9/2025,8.66,24371736,
601825.SH,5/12/2025,8.53,25478004,
601825.SH,5/13/2025,8.64,24724472,
601825.SH,5/14/2025,8.73,28511206,
601825.SH,5/15/2025,8.7,18141625,
601825.SH,5/16/2025,8.58,17312600,
601825.SH,5/19/2025,8.59,20713286,
601825.SH,5/20/2025,8.79,33958686,
601825.SH,5/21/2025,8.8,22644892,
601825.SH,5/22/2025,9.06,35115856,
601825.SH,5/23/2025,9.04,25579000,
601825.SH,5/26/2025,8.85,21708526,
601825.SH,5/27/2025,8.91,17357678,
601825.SH,5/28/2025,8.92,17313559,
601825.SH,5/29/2025,8.79,22206298,
601825.SH,5/30/2025,8.96,34862656,
601825.SH,6/3/2025,9.86,138251465,
601825.SH,6/4/2025,10.37,175130766,
601825.SH,6/5/2025,9.97,93533900,
601825.SH,6/6/2025,10,61323617,
601825.SH,6/9/2025,10.22,46434139,
601825.SH,6/10/2025,10.22,41145503,
601825.SH,6/11/2025,10.11,38872707,
601825.SH,6/12/2025,10.06,61490000,
601825.SH,6/13/2025,9.8,272102817,
601825.SH,6/16/2025,10.03,69782306,
601825.SH,6/17/2025,9.87,26775400,
601825.SH,6/18/2025,9.92,25452401,
601825.SH,6/19/2025,9.91,24656300,
601825.SH,6/20/2025,10.03,38846900,
601825.SH,6/23/2025,10.05,35630180,
601825.SH,6/24/2025,10.09,35660557,
601825.SH,6/25/2025,10.12,26649617,
601825.SH,6/26/2025,10.18,29898953,
601825.SH,6/27/2025,9.73,44879460,
601825.SH,6/30/2025,9.7,25612700,
601825.SH,7/1/2025,9.89,23090201,
601825.SH,7/2/2025,9.86,22273961,
601825.SH,7/3/2025,9.94,29057032,
601825.SH,7/4/2025,10.07,28017829,
601825.SH,7/7/2025,10.04,18869700,
601825.SH,7/8/2025,9.99,17734300,
601825.SH,7/9/2025,10.04,14867906,
601825.SH,7/10/2025,10.05,24478332,
601825.SH,7/11/2025,9.95,37301400,
601825.SH,7/14/2025,9.96,23944800,
601825.SH,7/15/2025,9.91,17539780,
601825.SH,7/16/2025,9.9,18090387,
601825.SH,7/17/2025,9.86,19907701,
601825.SH,7/18/2025,9.9,13109600,
601825.SH,7/21/2025,9.83,20830514,
601825.SH,7/22/2025,9.64,24069221,
601825.SH,7/23/2025,9.64,22893172,
601825.SH,7/24/2025,9.43,37278195,
601825.SH,7/25/2025,9.38,21206821,
601825.SH,7/28/2025,9.36,26103600,
601825.SH,7/29/2025,9.14,38283157,
601825.SH,7/30/2025,9.15,26643442,
601825.SH,7/31/2025,9.09,30381744,
601825.SH,8/1/2025,9.07,23378964,
601825.SH,8/4/2025,9.24,37250713,
601825.SH,8/5/2025,9.38,22947900,
601825.SH,8/6/2025,9.33,14621400,
601825.SH,8/7/2025,9.28,14392277,
601825.SH,8/8/2025,9.22,16090471,
601825.SH,8/11/2025,9.05,34833281,
601825.SH,8/12/2025,9.05,21869600,
601825.SH,8/13/2025,9.01,18960803,
601825.SH,8/14/2025,8.95,22617900,
601825.SH,8/15/2025,8.84,37667620,
601825.SH,8/18/2025,8.84,29737398,
601825.SH,8/19/2025,8.76,24191610,
601825.SH,8/20/2025,8.77,30377923,
601825.SH,8/21/2025,8.88,31007900,
601825.SH,8/22/2025,8.8,30891012,
601825.SH,8/25/2025,8.86,27573100,
601825.SH,8/26/2025,8.76,23717441,
601825.SH,8/27/2025,8.67,37801743,
601825.SH,8/28/2025,8.76,38274774,
601825.SH,8/29/2025,8.7,36442139,
601825.SH,9/1/2025,8.75,56099083,
601825.SH,9/2/2025,9.09,81459539,
601825.SH,9/3/2025,8.94,41467412,
601825.SH,9/4/2025,8.82,36790334,
601825.SH,9/5/2025,8.72,24439978,
601825.SH,9/8/2025,8.71,25305791,
601825.SH,9/9/2025,8.75,17961700,
601825.SH,9/10/2025,8.73,18057992,
601825.SH,9/11/2025,8.74,24364964,
601825.SH,9/12/2025,8.68,20751989,
601825.SH,9/15/2025,8.56,25977260,
601825.SH,9/16/2025,8.56,19478970,
601825.SH,9/17/2025,8.49,17316924,
601825.SH,9/18/2025,8.41,23364267,
601825.SH,9/19/2025,8.48,17963700,
601825.SH,9/22/2025,8.59,30143303,
601825.SH,9/23/2025,8.61,27972500,
601825.SH,9/24/2025,8.67,24474251,
601825.SH,9/25/2025,8.62,20853353,
601825.SH,9/26/2025,8.26,23218402,
601825.SH,9/29/2025,8.32,21359593,
601825.SH,9/30/2025,8.18,25529136,
601825.SH,10/9/2025,8.12,29754054,
601825.SH,10/10/2025,8.11,28201708,
601825.SH,10/13/2025,8.28,41334175,
601825.SH,10/14/2025,8.58,57693359,
601825.SH,10/15/2025,8.65,35458539,
601825.SH,10/16/2025,8.81,31994195,
601825.SH,10/17/2025,8.86,29602997,
601825.SH,10/20/2025,8.79,26892290,
601825.SH,10/21/2025,8.75,18834225,
601825.SH,10/22/2025,8.84,15335700,
601825.SH,10/23/2025,8.8,17260776,
601825.SH,10/24/2025,8.86,22676792,
601825.SH,10/27/2025,8.76,23788679,
601825.SH,10/28/2025,8.7,20326968,
601825.SH,10/29/2025,8.52,19319600,
601825.SH,10/30/2025,8.49,16865599,
601825.SH,10/31/2025,8.53,20442121,
601825.SH,11/3/2025,8.61,18147674,
601825.SH,11/4/2025,8.75,23429566,
601825.SH,11/5/2025,8.86,28554871,
601825.SH,11/6/2025,8.84,20630636,
601825.SH,11/7/2025,8.87,20322571,
601825.SH,11/10/2025,9.09,29099344,
601825.SH,11/11/2025,9.07,12928824,
601825.SH,11/12/2025,9.04,14752404,
601825.SH,11/13/2025,9.08,16270200,
601825.SH,11/14/2025,9.14,19076051,
601825.SH,11/17/2025,8.92,19004433,
601825.SH,11/18/2025,8.89,11668700,
601825.SH,11/19/2025,8.96,18349141,
601825.SH,11/20/2025,9.06,22350960,
601825.SH,11/21/2025,8.98,20439097,
601825.SH,11/24/2025,8.86,22787767,
601825.SH,11/25/2025,8.93,28806271,
601825.SH,11/26/2025,8.98,16131000,
601825.SH,11/27/2025,9.15,27369868,
601825.SH,11/28/2025,9.42,47082446,
601825.SH,12/1/2025,9.44,27983218,
601825.SH,12/2/2025,9.54,21218687,
601825.SH,12/3/2025,9.45,19260800,
601825.SH,12/4/2025,9.41,17710694,
601825.SH,12/5/2025,9.41,21213099,
601825.SH,12/8/2025,9.52,21454103,
601825.SH,12/9/2025,9.34,25440456,
601825.SH,12/10/2025,9.36,26749060,
601825.SH,12/11/2025,9.37,30440030,
601825.SH,12/12/2025,9.34,56750889,
601825.SH,12/15/2025,9.11,34677491,
601825.SH,12/16/2025,9.28,19241691,
601825.SH,12/17/2025,9.2,18812201,
601825.SH,12/18/2025,9.36,15725904,
601825.SH,12/19/2025,9.21,18736895,
601825.SH,12/22/2025,9.12,15795400,
601825.SH,12/23/2025,9.18,14685614,
601825.SH,12/24/2025,9.16,19278600,
601825.SH,12/25/2025,9.13,8973618,
601825.SH,12/26/2025,9.05,18952224,
601825.SH,12/29/2025,9.14,22712701,
601825.SH,12/30/2025,9.17,13401258,
601825.SH,12/31/2025,9.29,18534500,
601825.SH,1/5/2026,9.36,36341670,
601825.SH,1/6/2026,9.25,35278066,
601825.SH,1/7/2026,9.15,11481934,
601825.SH,1/8/2026,9.08,13648711,
601825.SH,1/9/2026,9.03,29185651,
601825.SH,1/12/2026,9.03,17043444,
601825.SH,1/13/2026,9.03,18711513,
601825.SH,1/14/2026,8.91,29189682,
601825.SH,1/15/2026,8.77,26834119,
601825.SH,1/16/2026,8.77,32598524,
601825.SH,1/19/2026,8.68,27500040,
601825.SH,1/20/2026,8.76,26781700,
601825.SH,1/21/2026,8.6,30151400,
601825.SH,1/22/2026,8.56,24430551,
601825.SH,1/23/2026,8.49,33708992,
601825.SH,1/26/2026,8.4,37769831,
601825.SH,1/27/2026,8.32,26467882,
601825.SH,1/28/2026,8.32,43713100,
601825.SH,1/29/2026,8.51,54014512,
601825.SH,1/30/2026,8.59,49961895,
601825.SH,2/2/2026,8.36,42867169,
601825.SH,2/3/2026,8.24,28609930,
601825.SH,2/4/2026,8.35,20659626,
601825.SH,2/5/2026,8.58,33124575,
601825.SH,2/6/2026,8.56,17407362,
601825.SH,2/9/2026,8.58,13882300,
601825.SH,2/10/2026,8.64,15048230,
601825.SH,2/11/2026,8.65,14730980,
601825.SH,2/12/2026,8.56,20547029,
601825.SH,2/13/2026,8.48,17593301,
601825.SH,2/24/2026,8.44,12886600,
601825.SH,2/25/2026,8.36,18976580,
601825.SH,2/26/2026,8.37,10900419,
601825.SH,2/27/2026,8.41,12596898,
601825.SH,3/2/2026,8.39,18043545,
601825.SH,3/3/2026,8.45,26114482,
601825.SH,3/4/2026,8.37,26912582,
601825.SH,3/5/2026,8.48,16770095,
601825.SH,3/6/2026,8.57,18925158,
601825.SH,3/9/2026,8.42,23150443,
601825.SH,3/10/2026,8.48,13186962,
601825.SH,3/11/2026,8.52,13072361,
601825.SH,3/12/2026,8.64,22475879,
601825.SH,3/13/2026,8.81,27388507,
601825.SH,3/16/2026,8.9,22292331,
601825.SH,3/17/2026,8.93,16009225,
601825.SH,3/18/2026,8.9,13645900,
601825.SH,3/19/2026,8.82,13052700,
601825.SH,3/20/2026,8.79,14560796,
601825.SH,3/23/2026,8.63,30095964,
601825.SH,3/24/2026,8.89,21336300,
601825.SH,3/25/2026,8.88,14727391,
601825.SH,3/26/2026,8.98,28363030,
601825.SH,3/27/2026,8.9,14905031,
601825.SH,3/30/2026,8.98,16638100,
601825.SH,3/31/2026,9.11,24826888,
601825.SH,4/1/2026,9.15,24027692,
601825.SH,4/2/2026,9.25,18309241,
601825.SH,4/3/2026,9.15,15633300,
601825.SH,4/7/2026,9.03,16420600,
601825.SH,4/8/2026,9.1,21411400,
601825.SH,4/9/2026,9.04,11913304,
601825.SH,4/10/2026,9.2,22728696,
601825.SH,4/13/2026,9.17,13566200,
601825.SH,4/14/2026,9.22,9633560,
601825.SH,4/15/2026,9.3,15667900,
601825.SH,4/16/2026,9.17,16485910,
601825.SH,4/17/2026,9.14,13048747,
601825.SH,4/20/2026,9.14,18757130,
601825.SH,4/21/2026,9.15,15433300,
601825.SH,4/22/2026,9.07,11607900,
601825.SH,4/23/2026,8.89,37224830,
601825.SH,4/24/2026,9.13,32673429,
601825.SH,4/27/2026,8.98,30586211,
601825.SH,4/28/2026,9.05,20573243,
601825.SH,4/29/2026,8.94,19802700,
601825.SH,4/30/2026,8.98,19485516,
601825.SH,5/6/2026,8.75,50104300,
601825.SH,5/7/2026,8.76,36376017,
601825.SH,5/8/2026,8.8,24202054,
601825.SH,5/11/2026,8.6,30285044,
601825.SH,5/12/2026,8.61,25265717,
601825.SH,5/13/2026,8.64,23634818,
601825.SH,5/14/2026,8.76,20621886,
601825.SH,5/15/2026,8.81,21554342,
601825.SH,5/18/2026,8.7,15248820,
601825.SH,5/19/2026,8.8,18381800,
601825.SH,5/20/2026,8.69,11584010,
601825.SH,5/21/2026,8.63,16245369,
601825.SH,5/22/2026,8.6,14034119,
601825.SH,5/25/2026,8.51,14451119,
601825.SH,5/26/2026,8.5,15322600,
601825.SH,5/27/2026,8.37,18624800,
601825.SH,5/28/2026,8.34,13103200,
601825.SH,5/29/2026,8.5,27548029,
601825.SH,6/1/2026,8.64,23074260,
601825.SH,6/2/2026,8.84,30533207,
601825.SH,6/3/2026,8.75,24739727,
601825.SH,6/4/2026,8.59,20172906,0.05064
601825.SH,6/5/2026,8.66,12429609,0.050231
601825.SH,6/8/2026,8.67,16005877,0.050173
601825.SH,6/9/2026,8.78,16672595,0.049544
601825.SH,6/10/2026,8.93,18582723,0.048712
601825.SH,6/11/2026,8.8,14641556,0.049432
601900.SH,6/3/2024,13.63,16934350,
601900.SH,6/4/2024,13.28,13668400,
601900.SH,6/5/2024,12.62,16233134,
601900.SH,6/6/2024,12.56,9704902,
601900.SH,6/7/2024,12.59,8962075,
601900.SH,6/11/2024,12.72,8192602,
601900.SH,6/12/2024,13.47,16114588,
601900.SH,6/13/2024,13.27,11075400,
601900.SH,6/14/2024,13.5,10646800,
601900.SH,6/17/2024,13.24,9169300,
601900.SH,6/18/2024,13.09,9308677,
601900.SH,6/19/2024,12.9,5324000,
601900.SH,6/20/2024,12.58,6191300,
601900.SH,6/21/2024,12.49,4350500,
601900.SH,6/24/2024,11.86,9096117,
601900.SH,6/25/2024,11.76,9054300,
601900.SH,6/26/2024,12.5,11882885,
601900.SH,6/27/2024,12.35,10323100,
601900.SH,6/28/2024,12.43,8558400,
601900.SH,7/1/2024,12.34,13198500,
601900.SH,7/2/2024,12.4,7775100,
601900.SH,7/3/2024,12.44,8123300,
601900.SH,7/4/2024,12.26,5338900,
601900.SH,7/5/2024,12.46,6607600,
601900.SH,7/8/2024,11.91,7124583,
601900.SH,7/9/2024,12.24,6648218,
601900.SH,7/10/2024,11.72,8259801,
601900.SH,7/11/2024,11.81,11140874,
601900.SH,7/12/2024,11.6,6125300,
601900.SH,7/15/2024,11.44,7079200,
601900.SH,7/16/2024,11.05,15024000,
601900.SH,7/17/2024,11.25,15233300,
601900.SH,7/18/2024,11.24,7573200,
601900.SH,7/19/2024,11.44,9905800,
601900.SH,7/22/2024,11.28,5521400,
601900.SH,7/23/2024,10.94,5909422,
601900.SH,7/24/2024,10.82,5144800,
601900.SH,7/25/2024,11.4,13887700,
601900.SH,7/26/2024,11.42,6311500,
601900.SH,7/29/2024,11.22,4834500,
601900.SH,7/30/2024,10.99,7292011,
601900.SH,7/31/2024,11.75,16241848,
601900.SH,8/1/2024,11.55,11420018,
601900.SH,8/2/2024,11.36,7819420,
601900.SH,8/5/2024,11.44,13156257,
601900.SH,8/6/2024,12.24,24768100,
601900.SH,8/7/2024,12.17,14222800,
601900.SH,8/8/2024,12.26,11290600,
601900.SH,8/9/2024,11.7,13275800,
601900.SH,8/12/2024,11.74,9900100,
601900.SH,8/13/2024,11.61,6279042,
601900.SH,8/14/2024,11.83,9811184,
601900.SH,8/15/2024,12.12,10031700,
601900.SH,8/16/2024,11.92,5367600,
601900.SH,8/19/2024,12,4530200,
601900.SH,8/20/2024,11.85,6153828,
601900.SH,8/21/2024,11.86,4963800,
601900.SH,8/22/2024,11.4,8232070,
601900.SH,8/23/2024,11.24,5911600,
601900.SH,8/26/2024,11.29,3260501,
601900.SH,8/27/2024,11.22,3675828,
601900.SH,8/28/2024,11.06,6917492,
601900.SH,8/29/2024,11.57,12776295,
601900.SH,8/30/2024,11.86,11048591,
601900.SH,9/2/2024,11.69,4936302,
601900.SH,9/3/2024,11.99,5688102,
601900.SH,9/4/2024,12.38,9676491,
601900.SH,9/5/2024,12.7,11922400,
601900.SH,9/6/2024,12.59,8600000,
601900.SH,9/9/2024,12.7,10845542,
601900.SH,9/10/2024,12.91,8401100,
601900.SH,9/11/2024,12.55,8071646,
601900.SH,9/12/2024,12.09,9726634,
601900.SH,9/13/2024,12.31,9481311,
601900.SH,9/18/2024,12.55,9065400,
601900.SH,9/19/2024,12.75,9392300,
601900.SH,9/20/2024,12.66,4727100,
601900.SH,9/23/2024,12.55,6177500,
601900.SH,9/24/2024,12.88,11072349,
601900.SH,9/25/2024,13,17172746,
601900.SH,9/26/2024,13.24,10425477,
601900.SH,9/27/2024,13.63,10823668,
601900.SH,9/30/2024,14.68,22920778,
601900.SH,10/8/2024,15.27,36060565,
601900.SH,10/9/2024,13.74,16938368,
601900.SH,10/10/2024,14.3,19728209,
601900.SH,10/11/2024,13.25,15094780,
601900.SH,10/14/2024,13.72,8810840,
601900.SH,10/15/2024,13.8,14669975,
601900.SH,10/16/2024,13.97,9676700,
601900.SH,10/17/2024,13.77,7798653,
601900.SH,10/18/2024,14.1,14115819,
601900.SH,10/21/2024,14.43,17933478,
601900.SH,10/22/2024,14.7,21250060,
601900.SH,10/23/2024,14.39,14184226,
601900.SH,10/24/2024,14.4,6349000,
601900.SH,10/25/2024,14.53,10296555,
601900.SH,10/28/2024,14.82,10368376,
601900.SH,10/29/2024,14.22,11993190,
601900.SH,10/30/2024,14.06,13313710,
601900.SH,10/31/2024,13.92,10752319,
601900.SH,11/1/2024,13.68,9819966,
601900.SH,11/4/2024,13.94,5948900,
601900.SH,11/5/2024,14.14,10064321,
601900.SH,11/6/2024,14,10372880,
601900.SH,11/7/2024,14.12,7120683,
601900.SH,11/8/2024,14.39,14066820,
601900.SH,11/11/2024,14.69,15708700,
601900.SH,11/12/2024,14.49,12924360,
601900.SH,11/13/2024,15.55,42461269,
601900.SH,11/14/2024,14.67,23132625,
601900.SH,11/15/2024,15.4,31258567,
601900.SH,11/18/2024,14.73,28371008,
601900.SH,11/19/2024,14.47,16867245,
601900.SH,11/20/2024,15.4,36516738,
601900.SH,11/21/2024,14.95,42847901,
601900.SH,11/22/2024,14.91,35324298,
601900.SH,11/25/2024,14.44,29027127,
601900.SH,11/26/2024,14.24,19899890,
601900.SH,11/27/2024,14.57,16874900,
601900.SH,11/28/2024,14.28,14049500,
601900.SH,11/29/2024,15.03,21567100,
601900.SH,12/2/2024,15.04,10740300,
601900.SH,12/3/2024,14.66,12340600,
601900.SH,12/4/2024,14.22,13834815,
601900.SH,12/5/2024,14.99,25388037,
601900.SH,12/6/2024,16.02,27609517,
601900.SH,12/9/2024,15.79,20040000,
601900.SH,12/10/2024,15.99,20062400,
601900.SH,12/11/2024,15.54,29039502,
601900.SH,12/12/2024,15.33,21630120,
601900.SH,12/13/2024,15.85,35050668,
601900.SH,12/16/2024,15.65,19368900,
601900.SH,12/17/2024,14.8,20638600,
601900.SH,12/18/2024,14.68,15296387,
601900.SH,12/19/2024,15.11,15824558,
601900.SH,12/20/2024,15.17,15457300,
601900.SH,12/23/2024,14.67,17168400,
601900.SH,12/24/2024,14.78,14986555,
601900.SH,12/25/2024,14.93,13521708,
601900.SH,12/26/2024,15.05,14028828,
601900.SH,12/27/2024,15.38,14057344,
601900.SH,12/30/2024,15.48,12249886,
601900.SH,12/31/2024,15.11,11145584,
601900.SH,1/2/2025,15,10800500,
601900.SH,1/3/2025,14.98,14998774,
601900.SH,1/6/2025,14.6,15184796,
601900.SH,1/7/2025,14.28,12460900,
601900.SH,1/8/2025,14.38,8534300,
601900.SH,1/9/2025,14.3,7570200,
601900.SH,1/10/2025,14.37,8591800,
601900.SH,1/13/2025,14.19,7781000,
601900.SH,1/14/2025,14.48,6328400,
601900.SH,1/15/2025,14.51,5197500,
601900.SH,1/16/2025,14.49,5249600,
601900.SH,1/17/2025,14.58,4826420,
601900.SH,1/20/2025,14.98,6460600,
601900.SH,1/21/2025,14.98,3250200,
601900.SH,1/22/2025,15.2,7364100,
601900.SH,1/23/2025,15.37,7338600,
601900.SH,1/24/2025,15.68,9235410,
601900.SH,1/27/2025,16.12,9742000,
601900.SH,2/5/2025,16.81,27160670,
601900.SH,2/6/2025,16.44,15237700,
601900.SH,2/7/2025,16.35,15181956,
601900.SH,2/10/2025,15.99,13987434,
601900.SH,2/11/2025,16.04,9802713,
601900.SH,2/12/2025,15.91,8669604,
601900.SH,2/13/2025,15.65,10649309,
601900.SH,2/14/2025,15.8,9282568,
601900.SH,2/17/2025,15.61,13868589,
601900.SH,2/18/2025,15.18,8760500,
601900.SH,2/19/2025,14.98,12859512,
601900.SH,2/20/2025,14.89,12942653,
601900.SH,2/21/2025,14.89,13203002,
601900.SH,2/24/2025,14.89,12847839,
601900.SH,2/25/2025,14.73,12273328,
601900.SH,2/26/2025,14.82,7655056,
601900.SH,2/27/2025,14.83,11252177,
601900.SH,2/28/2025,14.47,7968500,
601900.SH,3/3/2025,14.09,11852010,
601900.SH,3/4/2025,14.31,5989038,
601900.SH,3/5/2025,14.2,4851453,
601900.SH,3/6/2025,14.32,11089351,
601900.SH,3/7/2025,14.84,24582833,
601900.SH,3/10/2025,15.33,22778671,
601900.SH,3/11/2025,15.84,19727300,
601900.SH,3/12/2025,15.56,12023003,
601900.SH,3/13/2025,15.25,8171083,
601900.SH,3/14/2025,15.45,8162100,
601900.SH,3/17/2025,15.66,10348832,
601900.SH,3/18/2025,15.3,8964587,
601900.SH,3/19/2025,14.98,5511000,
601900.SH,3/20/2025,14.74,5647591,
601900.SH,3/21/2025,15.11,9301753,
601900.SH,3/24/2025,15.6,18142199,
601900.SH,3/25/2025,15.38,7052300,
601900.SH,3/26/2025,15.88,12924139,
601900.SH,3/27/2025,15.8,6714682,
601900.SH,3/28/2025,15.99,15118718,
601900.SH,3/31/2025,15.83,8226977,
601900.SH,4/1/2025,15.72,6613130,
601900.SH,4/2/2025,15.9,5349100,
601900.SH,4/3/2025,16.43,11503569,
601900.SH,4/7/2025,14.98,15612655,
601900.SH,4/8/2025,15.8,13472200,
601900.SH,4/9/2025,15.99,13300315,
601900.SH,4/10/2025,15.94,8116251,
601900.SH,4/11/2025,15.74,6646528,
601900.SH,4/14/2025,15.8,6445928,
601900.SH,4/15/2025,15.72,6894476,
601900.SH,4/16/2025,16.03,9922400,
601900.SH,4/17/2025,15.46,9153300,
601900.SH,4/18/2025,15.4,4714200,
601900.SH,4/21/2025,15.91,14408700,
601900.SH,4/22/2025,15.82,10480400,
601900.SH,4/23/2025,15.63,6671534,
601900.SH,4/24/2025,15.96,10846100,
601900.SH,4/25/2025,15.79,6084579,
601900.SH,4/28/2025,16.7,28767749,
601900.SH,4/29/2025,16.64,13174800,
601900.SH,4/30/2025,16.49,10080000,
601900.SH,5/6/2025,17.61,21432655,
601900.SH,5/7/2025,17.28,12286700,
601900.SH,5/8/2025,17.3,7953199,
601900.SH,5/9/2025,17.02,7683249,
601900.SH,5/12/2025,16.93,6348405,
601900.SH,5/13/2025,17.42,10636523,
601900.SH,5/14/2025,17.27,5848463,
601900.SH,5/15/2025,17.05,5711599,
601900.SH,5/16/2025,17.01,3696700,
601900.SH,5/19/2025,17.11,3974654,
601900.SH,5/20/2025,16.99,7269600,
601900.SH,5/21/2025,16.98,5645991,
601900.SH,5/22/2025,16.69,5154000,
601900.SH,5/23/2025,16.38,4127600,
601900.SH,5/26/2025,16.66,13650250,
601900.SH,5/27/2025,16.15,9128850,
601900.SH,5/28/2025,16.01,5033283,
601900.SH,5/29/2025,16.07,7414017,
601900.SH,5/30/2025,15.79,7373100,
601900.SH,6/3/2025,16.11,7300532,
601900.SH,6/4/2025,15.84,9275426,
601900.SH,6/5/2025,16,5632236,
601900.SH,6/6/2025,15.95,3893950,
601900.SH,6/9/2025,16.23,7284500,
601900.SH,6/10/2025,16.32,6133250,
601900.SH,6/11/2025,16.26,7024361,
601900.SH,6/12/2025,16.41,5657200,
601900.SH,6/13/2025,15.89,6373700,
601900.SH,6/16/2025,15.84,6308093,
601900.SH,6/17/2025,15.56,7215083,
601900.SH,6/18/2025,15.57,3742294,
601900.SH,6/19/2025,15.59,4796131,
601900.SH,6/20/2025,15.52,4225611,
601900.SH,6/23/2025,15.26,6120321,
601900.SH,6/24/2025,15.55,5955387,
601900.SH,6/25/2025,15.61,5566394,
601900.SH,6/26/2025,15.62,5900620,
601900.SH,6/27/2025,15.69,5395227,
601900.SH,6/30/2025,15.64,9845683,
601900.SH,7/1/2025,15.71,7066700,
601900.SH,7/2/2025,15.88,9600461,
601900.SH,7/3/2025,15.75,6456992,
601900.SH,7/4/2025,15.64,6710900,
601900.SH,7/7/2025,15.77,10725154,
601900.SH,7/8/2025,15.57,10702940,
601900.SH,7/9/2025,15.79,14887194,
601900.SH,7/10/2025,15.79,7010186,
601900.SH,7/11/2025,15.91,9349690,
601900.SH,7/14/2025,15.7,10425453,
601900.SH,7/15/2025,14.76,38710567,
601900.SH,7/16/2025,14.63,22624975,
601900.SH,7/17/2025,14.61,16024632,
601900.SH,7/18/2025,14.62,11143198,
601900.SH,7/21/2025,14.62,18457259,
601900.SH,7/22/2025,14.65,14981950,
601900.SH,7/23/2025,14.87,24515550,
601900.SH,7/24/2025,14.91,13806304,
601900.SH,7/25/2025,15.01,18676990,
601900.SH,7/28/2025,14.32,15057573,
601900.SH,7/29/2025,14.2,10598623,
601900.SH,7/30/2025,14.35,11223613,
601900.SH,7/31/2025,14.26,10379366,
601900.SH,8/1/2025,14.4,11804446,
601900.SH,8/4/2025,14.31,8204379,
601900.SH,8/5/2025,14.35,7250900,
601900.SH,8/6/2025,14.37,7451301,
601900.SH,8/7/2025,14.34,6031781,
601900.SH,8/8/2025,14.31,6000113,
601900.SH,8/11/2025,14.3,7588200,
601900.SH,8/12/2025,14.34,5557081,
601900.SH,8/13/2025,14.29,10304800,
601900.SH,8/14/2025,14.16,11784790,
601900.SH,8/15/2025,14.2,6932081,
601900.SH,8/18/2025,14.38,21984481,
601900.SH,8/19/2025,14.37,10189792,
601900.SH,8/20/2025,14.4,7638950,
601900.SH,8/21/2025,14.54,16478431,
601900.SH,8/22/2025,14.56,8948654,
601900.SH,8/25/2025,14.74,14450200,
601900.SH,8/26/2025,14.8,11377110,
601900.SH,8/27/2025,14.46,14243922,
601900.SH,8/28/2025,14.37,11828318,
601900.SH,8/29/2025,14.21,11624300,
601900.SH,9/1/2025,14.11,12855400,
601900.SH,9/2/2025,13.73,18970915,
601900.SH,9/3/2025,13.48,9731400,
601900.SH,9/4/2025,13.4,9947800,
601900.SH,9/5/2025,13.44,8413535,
601900.SH,9/8/2025,13.66,9338077,
601900.SH,9/9/2025,13.45,8918302,
601900.SH,9/10/2025,13.45,4788044,
601900.SH,9/11/2025,13.47,7631905,
601900.SH,9/12/2025,13.33,9602888,
601900.SH,9/15/2025,13.11,9856722,
601900.SH,9/16/2025,13.02,8878228,
601900.SH,9/17/2025,13.07,7380482,
601900.SH,9/18/2025,12.8,11864100,
601900.SH,9/19/2025,12.91,6969094,
601900.SH,9/22/2025,12.75,5478008,
601900.SH,9/23/2025,12.62,6773141,
601900.SH,9/24/2025,12.82,6455910,
601900.SH,9/25/2025,13.02,10516698,
601900.SH,9/26/2025,13.4,23167881,
601900.SH,9/29/2025,13.2,11680000,
601900.SH,9/30/2025,13.14,8250953,
601900.SH,10/9/2025,13.1,6503896,
601900.SH,10/10/2025,13.17,12129913,
601900.SH,10/13/2025,12.93,7019587,
601900.SH,10/14/2025,12.91,6698237,
601900.SH,10/15/2025,12.95,4970800,
601900.SH,10/16/2025,12.93,4712450,
601900.SH,10/17/2025,13.19,16151873,
601900.SH,10/20/2025,13.67,21820243,
601900.SH,10/21/2025,13.51,11097000,
601900.SH,10/22/2025,13.59,10899700,
601900.SH,10/23/2025,13.68,10873254,
601900.SH,10/24/2025,13.55,11511300,
601900.SH,10/27/2025,14.16,39165958,
601900.SH,10/28/2025,14.13,20110448,
601900.SH,10/29/2025,14.16,10869250,
601900.SH,10/30/2025,13.87,11802949,
601900.SH,10/31/2025,14.14,12909600,
601900.SH,11/3/2025,14.83,38744336,
601900.SH,11/4/2025,14.85,16078336,
601900.SH,11/5/2025,14.83,12547608,
601900.SH,11/6/2025,14.88,13899416,
601900.SH,11/7/2025,14.79,11378335,
601900.SH,11/10/2025,14.88,10826237,
601900.SH,11/11/2025,14.69,7274981,
601900.SH,11/12/2025,14.63,8386779,
601900.SH,11/13/2025,14.45,9288735,
601900.SH,11/14/2025,14.21,7002600,
601900.SH,11/17/2025,14.19,6216301,
601900.SH,11/18/2025,14.38,7745100,
601900.SH,11/19/2025,13.97,8087738,
601900.SH,11/20/2025,13.89,6984000,
601900.SH,11/21/2025,13.79,7555400,
601900.SH,11/24/2025,14.06,10704600,
601900.SH,11/25/2025,14.12,7882800,
601900.SH,11/26/2025,13.86,5932897,
601900.SH,11/27/2025,13.8,4251500,
601900.SH,11/28/2025,13.92,5389300,
601900.SH,12/1/2025,14.23,9567735,
601900.SH,12/2/2025,14.23,3903400,
601900.SH,12/3/2025,14.03,3543400,
601900.SH,12/4/2025,13.79,5596775,
601900.SH,12/5/2025,13.7,5489089,
601900.SH,12/8/2025,13.45,8576900,
601900.SH,12/9/2025,13.53,5246554,
601900.SH,12/10/2025,13.5,4699900,
601900.SH,12/11/2025,13.39,5116708,
601900.SH,12/12/2025,13.42,7123561,
601900.SH,12/15/2025,13.7,7726500,
601900.SH,12/16/2025,13.86,9025669,
601900.SH,12/17/2025,13.87,6017554,
601900.SH,12/18/2025,14,6442550,
601900.SH,12/19/2025,13.92,4854774,
601900.SH,12/22/2025,13.64,6131100,
601900.SH,12/23/2025,13.59,3781876,
601900.SH,12/24/2025,13.59,3728799,
601900.SH,12/25/2025,13.56,4547531,
601900.SH,12/26/2025,13.52,4581000,
601900.SH,12/29/2025,13.27,7125200,
601900.SH,12/30/2025,13.31,4650131,
601900.SH,12/31/2025,13.41,7003221,
601900.SH,1/5/2026,13.71,11784974,
601900.SH,1/6/2026,13.79,8349000,
601900.SH,1/7/2026,13.27,18960821,
601900.SH,1/8/2026,13.24,9607833,
601900.SH,1/9/2026,13.7,15259554,
601900.SH,1/12/2026,15.07,24009710,
601900.SH,1/13/2026,15.31,86139472,
601900.SH,1/14/2026,16.53,76724674,
601900.SH,1/15/2026,15.51,47291748,
601900.SH,1/16/2026,14.72,38726871,
601900.SH,1/19/2026,14.96,22669700,
601900.SH,1/20/2026,15.6,41262551,
601900.SH,1/21/2026,15.46,24533005,
601900.SH,1/22/2026,15.54,23504969,
601900.SH,1/23/2026,16.12,38651846,
601900.SH,1/26/2026,15.7,25284043,
601900.SH,1/27/2026,15.56,17307082,
601900.SH,1/28/2026,15.35,19678129,
601900.SH,1/29/2026,15.38,29777669,
601900.SH,1/30/2026,15.1,16819789,
601900.SH,2/2/2026,14.9,22528100,
601900.SH,2/3/2026,15.3,14595413,
601900.SH,2/4/2026,14.97,20207713,
601900.SH,2/5/2026,15.03,11965350,
601900.SH,2/6/2026,14.59,18288228,
601900.SH,2/9/2026,14.91,19085903,
601900.SH,2/10/2026,15.43,41806267,
601900.SH,2/11/2026,14.86,29134171,
601900.SH,2/12/2026,14.81,15638854,
601900.SH,2/13/2026,14.61,11006627,
601900.SH,2/24/2026,14.52,13114675,
601900.SH,2/25/2026,14.7,11918000,
601900.SH,2/26/2026,14.55,10348050,
601900.SH,2/27/2026,14.75,12617284,
601900.SH,3/2/2026,14.5,13524151,
601900.SH,3/3/2026,14.18,12044454,
601900.SH,3/4/2026,13.82,10624500,
601900.SH,3/5/2026,13.94,7584999,
601900.SH,3/6/2026,14.14,6003486,
601900.SH,3/9/2026,14.18,9424519,
601900.SH,3/10/2026,14.19,6633000,
601900.SH,3/11/2026,14.23,5641721,
601900.SH,3/12/2026,14.3,7228152,
601900.SH,3/13/2026,13.97,10259900,
601900.SH,3/16/2026,13.98,6256160,
601900.SH,3/17/2026,13.82,6445259,
601900.SH,3/18/2026,13.84,6120300,
601900.SH,3/19/2026,13.79,6640739,
601900.SH,3/20/2026,13.56,7272300,
601900.SH,3/23/2026,12.73,14730900,
601900.SH,3/24/2026,12.89,8073200,
601900.SH,3/25/2026,13.1,7988600,
601900.SH,3/26/2026,12.92,5823000,
601900.SH,3/27/2026,12.85,7236400,
601900.SH,3/30/2026,12.95,7109100,
601900.SH,3/31/2026,12.99,7896625,
601900.SH,4/1/2026,13.12,6820438,
601900.SH,4/2/2026,12.96,6558938,
601900.SH,4/3/2026,12.77,4513994,
601900.SH,4/7/2026,12.78,5142184,
601900.SH,4/8/2026,13.49,12672600,
601900.SH,4/9/2026,13.36,7387000,
601900.SH,4/10/2026,13.41,5391226,
601900.SH,4/13/2026,13.16,5595600,
601900.SH,4/14/2026,13.14,5907500,
601900.SH,4/15/2026,12.91,12198222,
601900.SH,4/16/2026,13.03,7365300,
601900.SH,4/17/2026,13.34,12884403,
601900.SH,4/20/2026,13.38,8967037,
601900.SH,4/21/2026,13.46,10759165,
601900.SH,4/22/2026,13.27,9950239,
601900.SH,4/23/2026,13.15,18133235,
601900.SH,4/24/2026,12.63,18571494,
601900.SH,4/27/2026,12.28,12483230,
601900.SH,4/28/2026,12.73,14009375,
601900.SH,4/29/2026,12.6,10041121,
601900.SH,4/30/2026,12.5,7486800,
601900.SH,5/6/2026,12.53,10239000,
601900.SH,5/7/2026,12.73,11690200,
601900.SH,5/8/2026,12.61,8488331,
601900.SH,5/11/2026,12.5,12413994,
601900.SH,5/12/2026,12.41,7221651,
601900.SH,5/13/2026,12.59,9059573,
601900.SH,5/14/2026,12.42,6034501,
601900.SH,5/15/2026,12.37,6959629,
601900.SH,5/18/2026,12.3,6999313,
601900.SH,5/19/2026,12.42,6871023,
601900.SH,5/20/2026,12.31,8505658,
601900.SH,5/21/2026,12.15,8938649,
601900.SH,5/22/2026,12.18,5324882,
601900.SH,5/25/2026,12.03,5299280,
601900.SH,5/26/2026,11.95,5677253,
601900.SH,5/27/2026,11.79,4262100,
601900.SH,5/28/2026,11.57,5576794,
601900.SH,5/29/2026,11.79,6002901,
601900.SH,6/1/2026,12.39,12928667,
601900.SH,6/2/2026,12.11,7263348,
601900.SH,6/3/2026,11.82,6297570,
601900.SH,6/4/2026,11.74,5556933,0.0477
601900.SH,6/5/2026,11.79,3497394,0.047498
601900.SH,6/8/2026,11.7,4168470,0.047863
601900.SH,6/9/2026,11.72,3634500,0.047782
601900.SH,6/10/2026,11.98,7141100,0.046745
601900.SH,6/11/2026,11.63,7086131,0.048151
603198.SH,6/3/2024,68.05,6030036,
603198.SH,6/4/2024,68.72,3263500,
603198.SH,6/5/2024,67.18,3263429,
603198.SH,6/6/2024,65.95,2934200,
603198.SH,6/7/2024,64.79,2696400,
603198.SH,6/11/2024,62.51,6008356,
603198.SH,6/12/2024,61.99,3703094,
603198.SH,6/13/2024,60.89,4142772,
603198.SH,6/14/2024,61.47,4892533,
603198.SH,6/17/2024,61.52,3805361,
603198.SH,6/18/2024,60.52,3852802,
603198.SH,6/19/2024,59.63,3014684,
603198.SH,6/20/2024,58.85,2630702,
603198.SH,6/21/2024,58,2940554,
603198.SH,6/24/2024,59.33,6834249,
603198.SH,6/25/2024,58.76,4288590,
603198.SH,6/26/2024,60.85,5611303,
603198.SH,6/27/2024,58.72,3642600,
603198.SH,6/28/2024,57.5,4153602,
603198.SH,7/1/2024,58.38,3514261,
603198.SH,7/2/2024,59.21,5551162,
603198.SH,7/3/2024,57.81,3138378,
603198.SH,7/4/2024,56.48,3853721,
603198.SH,7/5/2024,55.52,3361595,
603198.SH,7/8/2024,53.94,3756427,
603198.SH,7/9/2024,54.8,3301818,
603198.SH,7/10/2024,55.32,3716720,
603198.SH,7/11/2024,56.71,4853240,
603198.SH,7/12/2024,57.15,3413657,
603198.SH,7/15/2024,57.31,2167103,
603198.SH,7/16/2024,56.86,2328426,
603198.SH,7/17/2024,59.82,5510171,
603198.SH,7/18/2024,58.79,6174382,
603198.SH,7/19/2024,60.12,4749104,
603198.SH,7/22/2024,57.6,5391073,
603198.SH,7/23/2024,53.86,6146700,
603198.SH,7/24/2024,52.5,4815867,
603198.SH,7/25/2024,51.72,4696950,
603198.SH,7/26/2024,51.25,4591429,
603198.SH,7/29/2024,50.03,5088493,
603198.SH,7/30/2024,49.87,3363095,
603198.SH,7/31/2024,52.25,6609920,
603198.SH,8/1/2024,49.8,7264671,
603198.SH,8/2/2024,49.8,3642282,
603198.SH,8/5/2024,50.84,5946631,
603198.SH,8/6/2024,51.54,4327602,
603198.SH,8/7/2024,52.73,5761614,
603198.SH,8/8/2024,52.87,5901134,
603198.SH,8/9/2024,52.26,4163955,
603198.SH,8/12/2024,51.85,2819501,
603198.SH,8/13/2024,51.3,3446060,
603198.SH,8/14/2024,50.1,3012816,
603198.SH,8/15/2024,50.26,2903945,
603198.SH,8/16/2024,50.72,3426263,
603198.SH,8/19/2024,51.78,7526364,
603198.SH,8/20/2024,50.93,3283035,
603198.SH,8/21/2024,51.29,2958296,
603198.SH,8/22/2024,50.3,3753002,
603198.SH,8/23/2024,50.74,3261789,
603198.SH,8/26/2024,49.3,4055506,
603198.SH,8/27/2024,48.6,3153950,
603198.SH,8/28/2024,47.62,3750204,
603198.SH,8/29/2024,48.61,4032388,
603198.SH,8/30/2024,50.3,6971692,
603198.SH,9/2/2024,48.6,4131274,
603198.SH,9/3/2024,50.81,6180358,
603198.SH,9/4/2024,50.36,2558207,
603198.SH,9/5/2024,51.11,3219300,
603198.SH,9/6/2024,50.28,2235600,
603198.SH,9/9/2024,49,3286800,
603198.SH,9/10/2024,50.13,5795897,
603198.SH,9/11/2024,49.95,2176434,
603198.SH,9/12/2024,49.54,5621692,
603198.SH,9/13/2024,47.3,5262200,
603198.SH,9/18/2024,49,7267804,
603198.SH,9/19/2024,50.57,7079656,
603198.SH,9/20/2024,51.8,5401667,
603198.SH,9/23/2024,53.02,5860993,
603198.SH,9/24/2024,55.15,8174730,
603198.SH,9/25/2024,54.78,6892404,
603198.SH,9/26/2024,60.26,11623707,
603198.SH,9/27/2024,66.29,9015806,
603198.SH,9/30/2024,72.92,8930944,
603198.SH,10/8/2024,71.5,15489762,
603198.SH,10/9/2024,64.35,11366808,
603198.SH,10/10/2024,64.88,9154788,
603198.SH,10/11/2024,62.89,4822619,
603198.SH,10/14/2024,65.19,9255889,
603198.SH,10/15/2024,63.09,4963262,
603198.SH,10/16/2024,62.54,3998978,
603198.SH,10/17/2024,61.3,3693400,
603198.SH,10/18/2024,62.3,8827781,
603198.SH,10/21/2024,63.09,6389000,
603198.SH,10/22/2024,63.81,6026480,
603198.SH,10/23/2024,65.8,9383227,
603198.SH,10/24/2024,64.31,4438694,
603198.SH,10/25/2024,65.95,5808238,
603198.SH,10/28/2024,68.03,8448639,
603198.SH,10/29/2024,63.53,10690970,
603198.SH,10/30/2024,60.97,11050712,
603198.SH,10/31/2024,60.18,7573006,
603198.SH,11/1/2024,60.78,7525598,
603198.SH,11/4/2024,60.76,5789616,
603198.SH,11/5/2024,61.53,6268780,
603198.SH,11/6/2024,61.59,5810000,
603198.SH,11/7/2024,67.75,14736292,
603198.SH,11/8/2024,65.58,10272012,
603198.SH,11/11/2024,65.99,6709860,
603198.SH,11/12/2024,66.69,8180455,
603198.SH,11/13/2024,67.64,6262481,
603198.SH,11/14/2024,66.32,5815370,
603198.SH,11/15/2024,64.95,4339042,
603198.SH,11/18/2024,62.31,5882789,
603198.SH,11/19/2024,63.2,4256712,
603198.SH,11/20/2024,63.37,2984850,
603198.SH,11/21/2024,62.59,3662600,
603198.SH,11/22/2024,59.89,3970100,
603198.SH,11/25/2024,60.76,3564300,
603198.SH,11/26/2024,60.71,2577250,
603198.SH,11/27/2024,61.91,3995795,
603198.SH,11/28/2024,61.3,2365902,
603198.SH,11/29/2024,61.64,4279153,
603198.SH,12/2/2024,61.83,4690396,
603198.SH,12/3/2024,61.12,3175867,
603198.SH,12/4/2024,60.64,2756467,
603198.SH,12/5/2024,59.83,3195472,
603198.SH,12/6/2024,60.25,3318834,
603198.SH,12/9/2024,60.05,2660933,
603198.SH,12/10/2024,61.55,11251291,
603198.SH,12/11/2024,64.19,9592050,
603198.SH,12/12/2024,65.2,6654795,
603198.SH,12/13/2024,63.48,4688314,
603198.SH,12/16/2024,60.18,6860200,
603198.SH,12/17/2024,60.01,3724700,
603198.SH,12/18/2024,58.31,7904116,
603198.SH,12/19/2024,55.44,11117058,
603198.SH,12/20/2024,55.75,4890350,
603198.SH,12/23/2024,53.87,6992951,
603198.SH,12/24/2024,54.19,4220900,
603198.SH,12/25/2024,53.49,4192000,
603198.SH,12/26/2024,53.31,5535296,
603198.SH,12/27/2024,54.16,6716642,
603198.SH,12/30/2024,53.79,5172223,
603198.SH,12/31/2024,53.94,7111588,
603198.SH,1/2/2025,52.3,5625974,
603198.SH,1/3/2025,51.43,4181295,
603198.SH,1/6/2025,50.34,6271100,
603198.SH,1/7/2025,51.34,4187658,
603198.SH,1/8/2025,52.52,8001834,
603198.SH,1/9/2025,53.98,8492428,
603198.SH,1/10/2025,53.44,4200599,
603198.SH,1/13/2025,55.14,7188629,
603198.SH,1/14/2025,55.22,7873945,
603198.SH,1/15/2025,54.7,3604565,
603198.SH,1/16/2025,55.91,7166768,
603198.SH,1/17/2025,56.49,6911495,
603198.SH,1/20/2025,58.53,9179481,
603198.SH,1/21/2025,56.37,8285115,
603198.SH,1/22/2025,55.52,6606794,
603198.SH,1/23/2025,55.28,3891769,
603198.SH,1/24/2025,55.26,3801866,
603198.SH,1/27/2025,55.76,3724200,
603198.SH,2/5/2025,53.94,4588653,
603198.SH,2/6/2025,53.4,5923598,
603198.SH,2/7/2025,53.71,4601772,
603198.SH,2/10/2025,53.26,3900890,
603198.SH,2/11/2025,51.85,5899600,
603198.SH,2/12/2025,52.2,6571099,
603198.SH,2/13/2025,54.28,13195132,
603198.SH,2/14/2025,54.4,5439108,
603198.SH,2/17/2025,54.11,4878008,
603198.SH,2/18/2025,52.41,6203265,
603198.SH,2/19/2025,52.74,5371372,
603198.SH,2/20/2025,52.3,3386662,
603198.SH,2/21/2025,52.39,5630973,
603198.SH,2/24/2025,53.7,16003483,
603198.SH,2/25/2025,52.5,5845000,
603198.SH,2/26/2025,52.72,5616648,
603198.SH,2/27/2025,55.52,16033251,
603198.SH,2/28/2025,56.41,13802098,
603198.SH,3/3/2025,56.04,7235544,
603198.SH,3/4/2025,53.98,6579571,
603198.SH,3/5/2025,54.27,4244869,
603198.SH,3/6/2025,54.83,6771002,
603198.SH,3/7/2025,57.82,11438580,
603198.SH,3/10/2025,59.22,10881108,
603198.SH,3/11/2025,60.64,11075481,
603198.SH,3/12/2025,59.58,6448508,
603198.SH,3/13/2025,58.69,5408195,
603198.SH,3/14/2025,60.29,10737492,
603198.SH,3/17/2025,58.03,10002638,
603198.SH,3/18/2025,57.04,8062000,
603198.SH,3/19/2025,57.13,5726307,
603198.SH,3/20/2025,56.94,5209300,
603198.SH,3/21/2025,56.78,4827440,
603198.SH,3/24/2025,56.3,6597204,
603198.SH,3/25/2025,56.36,4368722,
603198.SH,3/26/2025,55.92,4322600,
603198.SH,3/27/2025,56.25,3240100,
603198.SH,3/28/2025,55.05,5779796,
603198.SH,3/31/2025,54.12,4570600,
603198.SH,4/1/2025,54.09,4005312,
603198.SH,4/2/2025,53.15,4454495,
603198.SH,4/3/2025,54.26,6026113,
603198.SH,4/7/2025,51.22,7212200,
603198.SH,4/8/2025,52.72,7388853,
603198.SH,4/9/2025,53.35,6028917,
603198.SH,4/10/2025,53.7,7258299,
603198.SH,4/11/2025,52.64,6670500,
603198.SH,4/14/2025,51.81,8042033,
603198.SH,4/15/2025,51.34,6499914,
603198.SH,4/16/2025,51.52,4509264,
603198.SH,4/17/2025,50.77,6467881,
603198.SH,4/18/2025,50.08,5232500,
603198.SH,4/21/2025,50.09,6359299,
603198.SH,4/22/2025,50.05,7433422,
603198.SH,4/23/2025,50.09,5544905,
603198.SH,4/24/2025,49.04,7399058,
603198.SH,4/25/2025,49.97,7682800,
603198.SH,4/28/2025,48.79,8028261,
603198.SH,4/29/2025,44.41,21858600,
603198.SH,4/30/2025,43.92,9985652,
603198.SH,5/6/2025,44.92,8774181,
603198.SH,5/7/2025,45.69,8821076,
603198.SH,5/8/2025,45.98,5621709,
603198.SH,5/9/2025,45.82,4399446,
603198.SH,5/12/2025,46.18,4268497,
603198.SH,5/13/2025,46.05,4259086,
603198.SH,5/14/2025,45.98,7899798,
603198.SH,5/15/2025,45,5711742,
603198.SH,5/16/2025,44.35,5337444,
603198.SH,5/19/2025,43.14,11924791,
603198.SH,5/20/2025,42.79,7572298,
603198.SH,5/21/2025,42.95,7365592,
603198.SH,5/22/2025,42.21,6620851,
603198.SH,5/23/2025,41.87,5671050,
603198.SH,5/26/2025,41.89,4552285,
603198.SH,5/27/2025,42.07,5224734,
603198.SH,5/28/2025,42.08,4798401,
603198.SH,5/29/2025,41.98,4921214,
603198.SH,5/30/2025,40.4,10338304,
603198.SH,6/3/2025,40.64,6340651,
603198.SH,6/4/2025,40.85,4897098,
603198.SH,6/5/2025,40.93,5908005,
603198.SH,6/6/2025,40.93,5400077,
603198.SH,6/9/2025,40.45,8037599,
603198.SH,6/10/2025,39.9,7232594,
603198.SH,6/11/2025,40.36,9800567,
603198.SH,6/12/2025,39.47,9304100,
603198.SH,6/13/2025,38.43,9584360,
603198.SH,6/16/2025,38.62,6400305,
603198.SH,6/17/2025,38.76,5725752,
603198.SH,6/18/2025,38.94,9463267,
603198.SH,6/19/2025,38.55,5750479,
603198.SH,6/20/2025,41.32,25688837,
603198.SH,6/23/2025,38.48,13047520,
603198.SH,6/24/2025,38.95,9498873,
603198.SH,6/25/2025,39.43,10902379,
603198.SH,6/26/2025,39.04,12352338,
603198.SH,6/27/2025,38.82,6179300,
603198.SH,6/30/2025,39.43,10516311,
603198.SH,7/1/2025,38.95,5514817,
603198.SH,7/2/2025,39.25,7273343,
603198.SH,7/3/2025,39.58,9162126,
603198.SH,7/4/2025,39.5,6128399,
603198.SH,7/7/2025,39.3,4527735,
603198.SH,7/8/2025,39.58,5931218,
603198.SH,7/9/2025,40.22,12138108,
603198.SH,7/10/2025,40.55,7984373,
603198.SH,7/11/2025,40.54,9960148,
603198.SH,7/14/2025,40.27,6107217,
603198.SH,7/15/2025,39.07,10256596,
603198.SH,7/16/2025,39.47,6307963,
603198.SH,7/17/2025,39.36,5864400,
603198.SH,7/18/2025,39.94,10715701,
603198.SH,7/21/2025,40.08,5479047,
603198.SH,7/22/2025,42.18,18669038,
603198.SH,7/23/2025,41.85,12354582,
603198.SH,7/24/2025,42.25,8352988,
603198.SH,7/25/2025,41.37,8079760,
603198.SH,7/28/2025,42.12,9008625,
603198.SH,7/29/2025,42.53,9647513,
603198.SH,7/30/2025,42.49,13748485,
603198.SH,7/31/2025,41.06,10147221,
603198.SH,8/1/2025,41.19,5715700,
603198.SH,8/4/2025,41.01,4387662,
603198.SH,8/5/2025,41.12,4824700,
603198.SH,8/6/2025,41.16,4316821,
603198.SH,8/7/2025,41.63,7652812,
603198.SH,8/8/2025,41.19,4330211,
603198.SH,8/11/2025,42.51,13275481,
603198.SH,8/12/2025,42.11,8889143,
603198.SH,8/13/2025,41.95,6202468,
603198.SH,8/14/2025,41.67,6793763,
603198.SH,8/15/2025,41.83,5055113,
603198.SH,8/18/2025,42.14,7792284,
603198.SH,8/19/2025,43.03,14049504,
603198.SH,8/20/2025,44.76,22449575,
603198.SH,8/21/2025,44.05,10562030,
603198.SH,8/22/2025,43.91,8383498,
603198.SH,8/25/2025,47.08,22359151,
603198.SH,8/26/2025,46.13,17535758,
603198.SH,8/27/2025,45.01,14251393,
603198.SH,8/28/2025,44.65,11130294,
603198.SH,8/29/2025,45.58,12626952,
603198.SH,9/1/2025,45.15,9630405,
603198.SH,9/2/2025,44.72,11392210,
603198.SH,9/3/2025,44.06,8078471,
603198.SH,9/4/2025,44.3,7623711,
603198.SH,9/5/2025,44.38,6535606,
603198.SH,9/8/2025,44.82,8489500,
603198.SH,9/9/2025,45.25,9624149,
603198.SH,9/10/2025,45.93,14526591,
603198.SH,9/11/2025,45.93,10199034,
603198.SH,9/12/2025,45.06,9372529,
603198.SH,9/15/2025,44.7,5722699,
603198.SH,9/16/2025,44.95,4791808,
603198.SH,9/17/2025,44.2,5979617,
603198.SH,9/18/2025,43.02,11399797,
603198.SH,9/19/2025,42.7,8711524,
603198.SH,9/22/2025,42.28,5503692,
603198.SH,9/23/2025,41.48,5800266,
603198.SH,9/24/2025,41.54,4974400,
603198.SH,9/25/2025,40.72,6581322,
603198.SH,9/26/2025,41,6742047,
603198.SH,9/29/2025,41.39,7981900,
603198.SH,9/30/2025,41.15,4380600,
603198.SH,10/9/2025,40.63,6581730,
603198.SH,10/10/2025,40.37,4956183,
603198.SH,10/13/2025,39.7,5751775,
603198.SH,10/14/2025,40.56,7862209,
603198.SH,10/15/2025,40.63,5460455,
603198.SH,10/16/2025,41,5600283,
603198.SH,10/17/2025,40.39,3853587,
603198.SH,10/20/2025,40.38,2833295,
603198.SH,10/21/2025,40.54,3135002,
603198.SH,10/22/2025,40.19,2720795,
603198.SH,10/23/2025,40.45,3367899,
603198.SH,10/24/2025,39.81,5536786,
603198.SH,10/27/2025,39.7,3522208,
603198.SH,10/28/2025,39.57,3285283,
603198.SH,10/29/2025,39.07,5489089,
603198.SH,10/30/2025,40.08,13758637,
603198.SH,10/31/2025,42.38,22422501,
603198.SH,11/3/2025,43.01,11656704,
603198.SH,11/4/2025,42.69,5216000,
603198.SH,11/5/2025,42.69,4725549,
603198.SH,11/6/2025,42.06,5316031,
603198.SH,11/7/2025,41.63,4531860,
603198.SH,11/10/2025,43.85,14717772,
603198.SH,11/11/2025,43.5,7456571,
603198.SH,11/12/2025,43.14,6848271,
603198.SH,11/13/2025,43.88,7465699,
603198.SH,11/14/2025,42.92,6399600,
603198.SH,11/17/2025,42.99,4169500,
603198.SH,11/18/2025,42.57,4059733,
603198.SH,11/19/2025,42.21,2923200,
603198.SH,11/20/2025,42.9,5959453,
603198.SH,11/21/2025,41.63,6324663,
603198.SH,11/24/2025,41.49,5459071,
603198.SH,11/25/2025,41.88,3415499,
603198.SH,11/26/2025,42.08,3262500,
603198.SH,11/27/2025,42.4,4562883,
603198.SH,11/28/2025,42.1,2791400,
603198.SH,12/1/2025,42.26,3445600,
603198.SH,12/2/2025,41.08,4461400,
603198.SH,12/3/2025,40.27,3393800,
603198.SH,12/4/2025,39.91,3560800,
603198.SH,12/5/2025,40.17,2654800,
603198.SH,12/8/2025,39.8,3299391,
603198.SH,12/9/2025,38.94,5391521,
603198.SH,12/10/2025,39.32,4129099,
603198.SH,12/11/2025,38.92,2929562,
603198.SH,12/12/2025,39.1,5712935,
603198.SH,12/15/2025,39.42,9248937,
603198.SH,12/16/2025,39.48,4346487,
603198.SH,12/17/2025,39.27,3750084,
603198.SH,12/18/2025,38.89,2865100,
603198.SH,12/19/2025,40.09,6645644,
603198.SH,12/22/2025,40.24,3761497,
603198.SH,12/23/2025,39.98,2469520,
603198.SH,12/24/2025,39.78,2526260,
603198.SH,12/25/2025,40.36,4705021,
603198.SH,12/26/2025,39.87,3575130,
603198.SH,12/29/2025,39.94,5105579,
603198.SH,12/30/2025,40.07,4161618,
603198.SH,12/31/2025,39.56,3695632,
603198.SH,1/5/2026,40.11,5004452,
603198.SH,1/6/2026,40.24,3954300,
603198.SH,1/7/2026,39.78,5485700,
603198.SH,1/8/2026,39.69,3941028,
603198.SH,1/9/2026,39.84,4070100,
603198.SH,1/12/2026,40.18,6716464,
603198.SH,1/13/2026,39.56,5897138,
603198.SH,1/14/2026,39.34,6343046,
603198.SH,1/15/2026,39.08,4994800,
603198.SH,1/16/2026,38.99,4626704,
603198.SH,1/19/2026,39.24,4664600,
603198.SH,1/20/2026,39.88,8611599,
603198.SH,1/21/2026,38.96,6802000,
603198.SH,1/22/2026,38.84,3329948,
603198.SH,1/23/2026,39.12,3214001,
603198.SH,1/26/2026,38.96,3795497,
603198.SH,1/27/2026,38.51,2933008,
603198.SH,1/28/2026,38.75,2870249,
603198.SH,1/29/2026,42.63,21396204,
603198.SH,1/30/2026,40.63,15836952,
603198.SH,2/2/2026,41.63,13858529,
603198.SH,2/3/2026,41.58,8164240,
603198.SH,2/4/2026,42.7,13097003,
603198.SH,2/5/2026,42.36,9357769,
603198.SH,2/6/2026,42.27,8066218,
603198.SH,2/9/2026,41.74,7890463,
603198.SH,2/10/2026,40.87,5169080,
603198.SH,2/11/2026,40.75,3968700,
603198.SH,2/12/2026,39.68,5581930,
603198.SH,2/13/2026,39.33,4168454,
603198.SH,2/24/2026,38.73,4787512,
603198.SH,2/25/2026,38.95,2658213,
603198.SH,2/26/2026,38.11,5817200,
603198.SH,2/27/2026,38.02,3092027,
603198.SH,3/2/2026,36.91,3986796,
603198.SH,3/3/2026,36.74,4186100,
603198.SH,3/4/2026,35.61,4128595,
603198.SH,3/5/2026,35.79,2358674,
603198.SH,3/6/2026,36.37,2324087,
603198.SH,3/9/2026,35.98,2726147,
603198.SH,3/10/2026,35.91,3029200,
603198.SH,3/11/2026,35.74,2309676,
603198.SH,3/12/2026,35.43,3556298,
603198.SH,3/13/2026,35.48,2262300,
603198.SH,3/16/2026,35.85,3238671,
603198.SH,3/17/2026,35.69,2432000,
603198.SH,3/18/2026,35.53,2244683,
603198.SH,3/19/2026,34.2,3570816,
603198.SH,3/20/2026,33.5,3231595,
603198.SH,3/23/2026,31.84,4801121,
603198.SH,3/24/2026,32.47,2295118,
603198.SH,3/25/2026,32.6,2160340,
603198.SH,3/26/2026,31.73,2425440,
603198.SH,3/27/2026,31.97,1872996,
603198.SH,3/30/2026,32.39,2511300,
603198.SH,3/31/2026,32.5,8720994,
603198.SH,4/1/2026,34.07,9504571,
603198.SH,4/2/2026,36.35,15114637,
603198.SH,4/3/2026,35.52,6366201,
603198.SH,4/7/2026,35.51,3592253,
603198.SH,4/8/2026,35.76,3862773,
603198.SH,4/9/2026,35.27,3278836,
603198.SH,4/10/2026,35.68,2778395,
603198.SH,4/13/2026,35.79,2242393,
603198.SH,4/14/2026,35.59,3208400,
603198.SH,4/15/2026,35.82,2808095,
603198.SH,4/16/2026,35.74,3152352,
603198.SH,4/17/2026,34.57,6076450,
603198.SH,4/20/2026,35.13,3614098,
603198.SH,4/21/2026,35.24,1929692,
603198.SH,4/22/2026,35.47,3075700,
603198.SH,4/23/2026,39.02,17089453,
603198.SH,4/24/2026,39.85,25137361,
603198.SH,4/27/2026,38.4,10892140,
603198.SH,4/28/2026,37.89,7121298,
603198.SH,4/29/2026,38.84,13681135,
603198.SH,4/30/2026,38,5628912,
603198.SH,5/6/2026,37.97,7620200,
603198.SH,5/7/2026,38.26,6517710,
603198.SH,5/8/2026,37.82,4841134,
603198.SH,5/11/2026,38.27,5732251,
603198.SH,5/12/2026,36.51,10670869,
603198.SH,5/13/2026,35.41,6983727,
603198.SH,5/14/2026,36.06,9298693,
603198.SH,5/15/2026,35.28,6009900,
603198.SH,5/18/2026,35.28,4924297,
603198.SH,5/19/2026,36.43,8386778,
603198.SH,5/20/2026,36.85,6258250,
603198.SH,5/21/2026,36.69,6670430,
603198.SH,5/22/2026,35.67,4935995,
603198.SH,5/25/2026,37.16,10007746,
603198.SH,5/26/2026,36.7,6781477,
603198.SH,5/27/2026,36.81,17011105,
603198.SH,5/28/2026,35.39,10605745,
603198.SH,5/29/2026,36.95,14153444,
603198.SH,6/1/2026,37.55,12125509,
603198.SH,6/2/2026,36.75,8012812,
603198.SH,6/3/2026,35.87,7549500,
603198.SH,6/4/2026,35.01,5440157,0.042845
603198.SH,6/5/2026,35.13,5881655,0.042699
603198.SH,6/8/2026,34.83,5957219,0.043066
603198.SH,6/9/2026,33.9,5430800,0.044248
603198.SH,6/10/2026,34.95,6464816,0.042918
603198.SH,6/11/2026,34.36,6013495,0.043655
603369.SH,6/3/2024,53,3446962,
603369.SH,6/4/2024,53.4,4170013,
603369.SH,6/5/2024,52.82,3284890,
603369.SH,6/6/2024,52.43,3752582,
603369.SH,6/7/2024,51.72,2699649,
603369.SH,6/11/2024,51.27,5364200,
603369.SH,6/12/2024,50.43,4189537,
603369.SH,6/13/2024,49.65,5773805,
603369.SH,6/14/2024,49.54,8999799,
603369.SH,6/17/2024,49.05,5833399,
603369.SH,6/18/2024,48.48,3531043,
603369.SH,6/19/2024,48.01,3004054,
603369.SH,6/20/2024,47.55,3029936,
603369.SH,6/21/2024,47.66,3637929,
603369.SH,6/24/2024,48.27,7740095,
603369.SH,6/25/2024,48.19,5566069,
603369.SH,6/26/2024,48.54,4140167,
603369.SH,6/27/2024,47.45,4756162,
603369.SH,6/28/2024,46.2,5424846,
603369.SH,7/1/2024,46.37,3806001,
603369.SH,7/2/2024,48.08,9102420,
603369.SH,7/3/2024,47.95,3830109,
603369.SH,7/4/2024,47.8,3743946,
603369.SH,7/5/2024,47.22,2969259,
603369.SH,7/8/2024,45.59,4515839,
603369.SH,7/9/2024,46.24,3660013,
603369.SH,7/10/2024,46.16,3150864,
603369.SH,7/11/2024,47.86,5262310,
603369.SH,7/12/2024,48.25,4721393,
603369.SH,7/15/2024,48.15,3304193,
603369.SH,7/16/2024,48.05,2991893,
603369.SH,7/17/2024,49.75,5869821,
603369.SH,7/18/2024,49.86,5168764,
603369.SH,7/19/2024,51.03,5670506,
603369.SH,7/22/2024,49.17,5890342,
603369.SH,7/23/2024,46.55,6584214,
603369.SH,7/24/2024,45.63,4524696,
603369.SH,7/25/2024,46.4,3785745,
603369.SH,7/26/2024,45.8,5242497,
603369.SH,7/29/2024,43.3,9269135,
603369.SH,7/30/2024,42.66,5800138,
603369.SH,7/31/2024,44.2,7026528,
603369.SH,8/1/2024,43.11,5377349,
603369.SH,8/2/2024,42.95,3110845,
603369.SH,8/5/2024,42.98,6141561,
603369.SH,8/6/2024,43.65,4324088,
603369.SH,8/7/2024,44.18,4391372,
603369.SH,8/8/2024,46.3,12053092,
603369.SH,8/9/2024,45.54,5942835,
603369.SH,8/12/2024,45.14,3676455,
603369.SH,8/13/2024,43.9,5497385,
603369.SH,8/14/2024,43.22,3438016,
603369.SH,8/15/2024,43.18,6029450,
603369.SH,8/16/2024,42.99,4604300,
603369.SH,8/19/2024,41.72,13425854,
603369.SH,8/20/2024,41.21,6053842,
603369.SH,8/21/2024,40.81,4217900,
603369.SH,8/22/2024,39.39,10492220,
603369.SH,8/23/2024,39.2,6868346,
603369.SH,8/26/2024,38.06,8297850,
603369.SH,8/27/2024,37.55,5253436,
603369.SH,8/28/2024,37.4,6908973,
603369.SH,8/29/2024,38.02,9535000,
603369.SH,8/30/2024,39.16,9903779,
603369.SH,9/2/2024,38.57,6755700,
603369.SH,9/3/2024,39.22,5842883,
603369.SH,9/4/2024,38.91,3749397,
603369.SH,9/5/2024,39.03,3980054,
603369.SH,9/6/2024,38.61,2817471,
603369.SH,9/9/2024,38.06,4280209,
603369.SH,9/10/2024,38.12,4107293,
603369.SH,9/11/2024,37.68,4970300,
603369.SH,9/12/2024,36.67,5418900,
603369.SH,9/13/2024,35.59,6799948,
603369.SH,9/18/2024,36.06,5145692,
603369.SH,9/19/2024,37.4,12340325,
603369.SH,9/20/2024,37.62,5913340,
603369.SH,9/23/2024,38.27,6114101,
603369.SH,9/24/2024,39.82,12620810,
603369.SH,9/25/2024,39,12720972,
603369.SH,9/26/2024,42.9,18401117,
603369.SH,9/27/2024,46.85,13016936,
603369.SH,9/30/2024,51.54,18500738,
603369.SH,10/8/2024,54.53,25478749,
603369.SH,10/9/2024,49.08,16593968,
603369.SH,10/10/2024,48.51,15343901,
603369.SH,10/11/2024,46.28,9934967,
603369.SH,10/14/2024,47.64,13528600,
603369.SH,10/15/2024,45.8,7344823,
603369.SH,10/16/2024,45.28,6695455,
603369.SH,10/17/2024,44.25,5192905,
603369.SH,10/18/2024,45.49,12342690,
603369.SH,10/21/2024,45.93,9804511,
603369.SH,10/22/2024,46.51,8333283,
603369.SH,10/23/2024,48.51,12964901,
603369.SH,10/24/2024,47.45,5045196,
603369.SH,10/25/2024,47.03,6994478,
603369.SH,10/28/2024,47.75,9085110,
603369.SH,10/29/2024,45.37,13093555,
603369.SH,10/30/2024,43.94,15177184,
603369.SH,10/31/2024,43.92,8286325,
603369.SH,11/1/2024,44.48,10552041,
603369.SH,11/4/2024,44.9,7193850,
603369.SH,11/5/2024,45.46,10219740,
603369.SH,11/6/2024,45.27,9237016,
603369.SH,11/7/2024,49.18,23135076,
603369.SH,11/8/2024,47.49,17004689,
603369.SH,11/11/2024,47.49,11822962,
603369.SH,11/12/2024,47.28,12313283,
603369.SH,11/13/2024,47.62,7485183,
603369.SH,11/14/2024,46.99,6806798,
603369.SH,11/15/2024,46.33,6573265,
603369.SH,11/18/2024,45.3,6280151,
603369.SH,11/19/2024,45.48,5318418,
603369.SH,11/20/2024,45.7,4257234,
603369.SH,11/21/2024,46.36,4969333,
603369.SH,11/22/2024,44.5,7351200,
603369.SH,11/25/2024,44.34,4880158,
603369.SH,11/26/2024,44.2,4187160,
603369.SH,11/27/2024,45.16,6985158,
603369.SH,11/28/2024,44.71,4125170,
603369.SH,11/29/2024,44.96,6103900,
603369.SH,12/2/2024,47.29,16468926,
603369.SH,12/3/2024,47.41,6644450,
603369.SH,12/4/2024,47.12,5830800,
603369.SH,12/5/2024,47.56,6378625,
603369.SH,12/6/2024,47.48,7301528,
603369.SH,12/9/2024,47.45,5582702,
603369.SH,12/10/2024,49.66,19139365,
603369.SH,12/11/2024,50.41,11664763,
603369.SH,12/12/2024,50.85,11503893,
603369.SH,12/13/2024,49.49,16403738,
603369.SH,12/16/2024,47.98,8236596,
603369.SH,12/17/2024,47.8,4851785,
603369.SH,12/18/2024,46.96,6028273,
603369.SH,12/19/2024,44.74,13728226,
603369.SH,12/20/2024,45.18,8057939,
603369.SH,12/23/2024,44.55,5853760,
603369.SH,12/24/2024,45.43,6343302,
603369.SH,12/25/2024,45.44,6882300,
603369.SH,12/26/2024,45.5,4508550,
603369.SH,12/27/2024,45.15,6472043,
603369.SH,12/30/2024,44.78,5374390,
603369.SH,12/31/2024,45.23,12838794,
603369.SH,1/2/2025,44.91,9436345,
603369.SH,1/3/2025,44.8,9499362,
603369.SH,1/6/2025,43.38,8741289,
603369.SH,1/7/2025,43.75,5896332,
603369.SH,1/8/2025,43.3,6823106,
603369.SH,1/9/2025,43.17,5477950,
603369.SH,1/10/2025,42.07,4589600,
603369.SH,1/13/2025,42.47,5749851,
603369.SH,1/14/2025,43.59,6559050,
603369.SH,1/15/2025,43.89,4999950,
603369.SH,1/16/2025,43.84,4594354,
603369.SH,1/17/2025,45.3,9255325,
603369.SH,1/20/2025,45.77,5716084,
603369.SH,1/21/2025,45.35,3422650,
603369.SH,1/22/2025,43.65,5463784,
603369.SH,1/23/2025,43.52,5828562,
603369.SH,1/24/2025,43.77,5722692,
603369.SH,1/27/2025,43.48,3774459,
603369.SH,2/5/2025,43.76,5892655,
603369.SH,2/6/2025,43.89,6866013,
603369.SH,2/7/2025,44.52,7658026,
603369.SH,2/10/2025,43.79,7379233,
603369.SH,2/11/2025,43.58,5362229,
603369.SH,2/12/2025,43.58,4005545,
603369.SH,2/13/2025,46.17,21286387,
603369.SH,2/14/2025,46.56,8595893,
603369.SH,2/17/2025,47.48,9864450,
603369.SH,2/18/2025,47.46,8525300,
603369.SH,2/19/2025,47.11,6495942,
603369.SH,2/20/2025,47.88,7655466,
603369.SH,2/21/2025,47.28,6707887,
603369.SH,2/24/2025,49.59,13343121,
603369.SH,2/25/2025,49.5,6873382,
603369.SH,2/26/2025,50.23,6657744,
603369.SH,2/27/2025,52.12,10811359,
603369.SH,2/28/2025,53.01,14872177,
603369.SH,3/3/2025,51.44,12649014,
603369.SH,3/4/2025,49.67,9235375,
603369.SH,3/5/2025,51.1,6720968,
603369.SH,3/6/2025,51.09,5525101,
603369.SH,3/7/2025,53.25,8248469,
603369.SH,3/10/2025,53.44,5385600,
603369.SH,3/11/2025,55.35,9596357,
603369.SH,3/12/2025,54.68,11339935,
603369.SH,3/13/2025,54.88,7007237,
603369.SH,3/14/2025,56.37,12284129,
603369.SH,3/17/2025,55.8,7983884,
603369.SH,3/18/2025,54.99,5447312,
603369.SH,3/19/2025,53.73,6407135,
603369.SH,3/20/2025,52.18,8851866,
603369.SH,3/21/2025,52.15,4620079,
603369.SH,3/24/2025,51.69,6834563,
603369.SH,3/25/2025,52.68,7749672,
603369.SH,3/26/2025,52.58,4140913,
603369.SH,3/27/2025,53.9,5531319,
603369.SH,3/28/2025,53.16,4532175,
603369.SH,3/31/2025,52.88,3768844,
603369.SH,4/1/2025,51.99,4310200,
603369.SH,4/2/2025,52,2811935,
603369.SH,4/3/2025,52.52,4388201,
603369.SH,4/7/2025,51.31,8659147,
603369.SH,4/8/2025,54.01,9791840,
603369.SH,4/9/2025,55.55,7914421,
603369.SH,4/10/2025,53.44,14328179,
603369.SH,4/11/2025,51.74,11471101,
603369.SH,4/14/2025,49.95,10495545,
603369.SH,4/15/2025,50.98,8161849,
603369.SH,4/16/2025,50.95,5585603,
603369.SH,4/17/2025,50.93,4387615,
603369.SH,4/18/2025,50.35,2693483,
603369.SH,4/21/2025,49.19,5676591,
603369.SH,4/22/2025,49.01,4529107,
603369.SH,4/23/2025,48.6,4947002,
603369.SH,4/24/2025,48.77,4791662,
603369.SH,4/25/2025,48.7,2897852,
603369.SH,4/28/2025,48.05,3686696,
603369.SH,4/29/2025,46.27,10359400,
603369.SH,4/30/2025,47.4,9480130,
603369.SH,5/6/2025,46.79,11443646,
603369.SH,5/7/2025,47.49,9865891,
603369.SH,5/8/2025,48.33,7268295,
603369.SH,5/9/2025,48.65,5866499,
603369.SH,5/12/2025,48.34,3999715,
603369.SH,5/13/2025,48.21,3921483,
603369.SH,5/14/2025,48.51,6186810,
603369.SH,5/15/2025,47.68,3960005,
603369.SH,5/16/2025,47.13,3807668,
603369.SH,5/19/2025,46.16,7642791,
603369.SH,5/20/2025,46.05,4619999,
603369.SH,5/21/2025,46.02,3662667,
603369.SH,5/22/2025,46,5058211,
603369.SH,5/23/2025,45.2,5370190,
603369.SH,5/26/2025,44.71,6411209,
603369.SH,5/27/2025,44.87,4533975,
603369.SH,5/28/2025,44.67,3167875,
603369.SH,5/29/2025,44.54,6703830,
603369.SH,5/30/2025,44.09,5689234,
603369.SH,6/3/2025,43.85,8821320,
603369.SH,6/4/2025,43.83,5376400,
603369.SH,6/5/2025,43.83,7328325,
603369.SH,6/6/2025,43.07,7919780,
603369.SH,6/9/2025,42.7,7238172,
603369.SH,6/10/2025,41.78,9666534,
603369.SH,6/11/2025,41.99,5889505,
603369.SH,6/12/2025,40.95,10116949,
603369.SH,6/13/2025,39.28,13770041,
603369.SH,6/16/2025,39.16,14596350,
603369.SH,6/17/2025,38.5,10775892,
603369.SH,6/18/2025,38.72,20794991,
603369.SH,6/19/2025,38.09,11504796,
603369.SH,6/20/2025,39.39,20072591,
603369.SH,6/23/2025,38.65,11360150,
603369.SH,6/24/2025,38.95,9369004,
603369.SH,6/25/2025,39.27,10690325,
603369.SH,6/26/2025,39,9493670,
603369.SH,6/27/2025,38.69,7817381,
603369.SH,6/30/2025,38.93,10981470,
603369.SH,7/1/2025,38.62,6675685,
603369.SH,7/2/2025,38.69,8959272,
603369.SH,7/3/2025,38.91,9140050,
603369.SH,7/4/2025,38.71,6949600,
603369.SH,7/7/2025,38.5,6323600,
603369.SH,7/8/2025,38.98,10348837,
603369.SH,7/9/2025,38.9,13185757,
603369.SH,7/10/2025,39.1,13275245,
603369.SH,7/11/2025,39.48,18240883,
603369.SH,7/14/2025,39.57,10699354,
603369.SH,7/15/2025,38.8,12585861,
603369.SH,7/16/2025,39.17,10824111,
603369.SH,7/17/2025,39,11426810,
603369.SH,7/18/2025,39.5,16389599,
603369.SH,7/21/2025,39.7,11453335,
603369.SH,7/22/2025,41.18,25772570,
603369.SH,7/23/2025,40.71,16460823,
603369.SH,7/24/2025,41.02,11517361,
603369.SH,7/25/2025,40.19,13589616,
603369.SH,7/28/2025,39.99,9377664,
603369.SH,7/29/2025,40.04,9111886,
603369.SH,7/30/2025,40.05,12646116,
603369.SH,7/31/2025,39.29,10873705,
603369.SH,8/1/2025,39.32,5647311,
603369.SH,8/4/2025,39.21,4949200,
603369.SH,8/5/2025,39.58,5764100,
603369.SH,8/6/2025,39.45,6333943,
603369.SH,8/7/2025,39.44,5784557,
603369.SH,8/8/2025,39.29,5350553,
603369.SH,8/11/2025,39.89,13469496,
603369.SH,8/12/2025,39.82,11485886,
603369.SH,8/13/2025,39.77,9332352,
603369.SH,8/14/2025,39.91,12283750,
603369.SH,8/15/2025,39.83,10438498,
603369.SH,8/18/2025,40.3,14777008,
603369.SH,8/19/2025,41.12,23032403,
603369.SH,8/20/2025,42.89,30454501,
603369.SH,8/21/2025,42.16,15551936,
603369.SH,8/22/2025,42.49,11136939,
603369.SH,8/25/2025,44.3,24591303,
603369.SH,8/26/2025,44.55,23824296,
603369.SH,8/27/2025,43,16022270,
603369.SH,8/28/2025,42.71,14040995,
603369.SH,8/29/2025,43.29,13595345,
603369.SH,9/1/2025,42.9,9760533,
603369.SH,9/2/2025,42.4,11145790,
603369.SH,9/3/2025,42.38,12971148,
603369.SH,9/4/2025,42.88,12484513,
603369.SH,9/5/2025,43.07,8845303,
603369.SH,9/8/2025,43.42,9987981,
603369.SH,9/9/2025,42.93,10192162,
603369.SH,9/10/2025,42.74,8079926,
603369.SH,9/11/2025,43.02,9968574,
603369.SH,9/12/2025,42.45,9744077,
603369.SH,9/15/2025,41.93,8391114,
603369.SH,9/16/2025,42.16,5571932,
603369.SH,9/17/2025,41.83,5269409,
603369.SH,9/18/2025,40.96,10032926,
603369.SH,9/19/2025,41.26,8376314,
603369.SH,9/22/2025,40.1,8404143,
603369.SH,9/23/2025,39.6,7681796,
603369.SH,9/24/2025,39.8,6160563,
603369.SH,9/25/2025,39.26,6928160,
603369.SH,9/26/2025,39.1,6494147,
603369.SH,9/29/2025,39.71,11328498,
603369.SH,9/30/2025,39.3,6619571,
603369.SH,10/9/2025,39.06,9105527,
603369.SH,10/10/2025,39,5685779,
603369.SH,10/13/2025,38.65,6509268,
603369.SH,10/14/2025,39.45,12119020,
603369.SH,10/15/2025,40.3,12510729,
603369.SH,10/16/2025,40.22,6228288,
603369.SH,10/17/2025,39.58,5582644,
603369.SH,10/20/2025,39.34,4715590,
603369.SH,10/21/2025,39.21,5437533,
603369.SH,10/22/2025,38.98,3910853,
603369.SH,10/23/2025,39.18,3785931,
603369.SH,10/24/2025,38.75,6419395,
603369.SH,10/27/2025,38.74,4886637,
603369.SH,10/28/2025,38.68,4818966,
603369.SH,10/29/2025,38.04,10641205,
603369.SH,10/30/2025,38.25,7321062,
603369.SH,10/31/2025,38.82,10944607,
603369.SH,11/3/2025,38.79,6726218,
603369.SH,11/4/2025,38.13,8830462,
603369.SH,11/5/2025,38.17,4871086,
603369.SH,11/6/2025,38.1,4187100,
603369.SH,11/7/2025,37.79,6253537,
603369.SH,11/10/2025,39.22,16826769,
603369.SH,11/11/2025,38.94,7776791,
603369.SH,11/12/2025,39.16,10017730,
603369.SH,11/13/2025,39.28,7141644,
603369.SH,11/14/2025,38.9,6062767,
603369.SH,11/17/2025,38.52,5553859,
603369.SH,11/18/2025,38.32,4193100,
603369.SH,11/19/2025,38.05,3271680,
603369.SH,11/20/2025,38.14,5384986,
603369.SH,11/21/2025,37.6,6677555,
603369.SH,11/24/2025,38.1,4449571,
603369.SH,11/25/2025,37.86,4352379,
603369.SH,11/26/2025,37.94,3046398,
603369.SH,11/27/2025,37.77,3471668,
603369.SH,11/28/2025,37.79,2680591,
603369.SH,12/1/2025,37.97,3359573,
603369.SH,12/2/2025,37.63,3187448,
603369.SH,12/3/2025,36.9,7932809,
603369.SH,12/4/2025,36.19,6588673,
603369.SH,12/5/2025,36.38,3746148,
603369.SH,12/8/2025,36.07,6557832,
603369.SH,12/9/2025,35.12,8398717,
603369.SH,12/10/2025,35.27,4975741,
603369.SH,12/11/2025,34.7,4858400,
603369.SH,12/12/2025,34.89,7505002,
603369.SH,12/15/2025,35.17,6133998,
603369.SH,12/16/2025,35.09,4175255,
603369.SH,12/17/2025,35.04,5383600,
603369.SH,12/18/2025,35.1,3655456,
603369.SH,12/19/2025,35.78,7726878,
603369.SH,12/22/2025,35.77,3890075,
603369.SH,12/23/2025,35.23,4073348,
603369.SH,12/24/2025,35.18,3252532,
603369.SH,12/25/2025,35.53,5466723,
603369.SH,12/26/2025,35.23,4158900,
603369.SH,12/29/2025,35.06,3034241,
603369.SH,12/30/2025,34.97,3048459,
603369.SH,12/31/2025,34.78,3289135,
603369.SH,1/5/2026,35.06,4988472,
603369.SH,1/6/2026,35.28,6730830,
603369.SH,1/7/2026,35.17,6607280,
603369.SH,1/8/2026,35.41,6967655,
603369.SH,1/9/2026,35.47,7072055,
603369.SH,1/12/2026,35.85,9189058,
603369.SH,1/13/2026,35.28,8449841,
603369.SH,1/14/2026,35.38,9231634,
603369.SH,1/15/2026,34.96,6426012,
603369.SH,1/16/2026,34.58,8503391,
603369.SH,1/19/2026,34.58,5899275,
603369.SH,1/20/2026,34.76,6914059,
603369.SH,1/21/2026,34.22,7680021,
603369.SH,1/22/2026,33.91,7359607,
603369.SH,1/23/2026,33.71,8180364,
603369.SH,1/26/2026,33.1,11480996,
603369.SH,1/27/2026,32.2,11035736,
603369.SH,1/28/2026,32.22,11691388,
603369.SH,1/29/2026,35.44,33424792,
603369.SH,1/30/2026,33.5,20467330,
603369.SH,2/2/2026,33.94,16186489,
603369.SH,2/3/2026,33.68,11479368,
603369.SH,2/4/2026,34.24,14129363,
603369.SH,2/5/2026,34.4,13188530,
603369.SH,2/6/2026,33.34,11121134,
603369.SH,2/9/2026,33.32,7665500,
603369.SH,2/10/2026,32.85,7530918,
603369.SH,2/11/2026,32.88,4482786,
603369.SH,2/12/2026,32.39,5263696,
603369.SH,2/13/2026,32.39,4388111,
603369.SH,2/24/2026,32.01,6800992,
603369.SH,2/25/2026,32.07,3792676,
603369.SH,2/26/2026,31.47,9232912,
603369.SH,2/27/2026,31.25,5886421,
603369.SH,3/2/2026,30.15,9942233,
603369.SH,3/3/2026,30.02,10316099,
603369.SH,3/4/2026,29.06,8941441,
603369.SH,3/5/2026,29.1,4212905,
603369.SH,3/6/2026,29.52,5300300,
603369.SH,3/9/2026,29.1,5782392,
603369.SH,3/10/2026,29.32,3906204,
603369.SH,3/11/2026,29.35,4164855,
603369.SH,3/12/2026,29.24,4616792,
603369.SH,3/13/2026,29.4,5720620,
603369.SH,3/16/2026,29.76,7703288,
603369.SH,3/17/2026,29.58,5404273,
603369.SH,3/18/2026,29.07,5666862,
603369.SH,3/19/2026,28.35,5611269,
603369.SH,3/20/2026,28.17,5578153,
603369.SH,3/23/2026,26.99,8476638,
603369.SH,3/24/2026,27.45,5035335,
603369.SH,3/25/2026,27.43,5192356,
603369.SH,3/26/2026,26.64,7215143,
603369.SH,3/27/2026,27.02,5642928,
603369.SH,3/30/2026,26.8,7556314,
603369.SH,3/31/2026,26.5,10448653,
603369.SH,4/1/2026,27.23,10580846,
603369.SH,4/2/2026,27.5,10866488,
603369.SH,4/3/2026,26.14,14382274,
603369.SH,4/7/2026,25.84,7427750,
603369.SH,4/8/2026,26.68,9773502,
603369.SH,4/9/2026,26.02,7673700,
603369.SH,4/10/2026,26.31,6608081,
603369.SH,4/13/2026,26.1,4359286,
603369.SH,4/14/2026,26.4,8174167,
603369.SH,4/15/2026,26.46,7692400,
603369.SH,4/16/2026,26.36,7401502,
603369.SH,4/17/2026,25.71,12842097,
603369.SH,4/20/2026,25.88,7557832,
603369.SH,4/21/2026,25.63,6228330,
603369.SH,4/22/2026,25.64,5841000,
603369.SH,4/23/2026,26.26,18265600,
603369.SH,4/24/2026,26.65,19785058,
603369.SH,4/27/2026,26.08,9181920,
603369.SH,4/28/2026,25.96,7747119,
603369.SH,4/29/2026,27.78,29566535,
603369.SH,4/30/2026,27.44,12331150,
603369.SH,5/6/2026,27.57,11234484,
603369.SH,5/7/2026,27.55,9855045,
603369.SH,5/8/2026,28.13,17443577,
603369.SH,5/11/2026,28.91,18159658,
603369.SH,5/12/2026,28.8,12732221,
603369.SH,5/13/2026,28.06,12014647,
603369.SH,5/14/2026,28.7,20113606,
603369.SH,5/15/2026,27.75,12747560,
603369.SH,5/18/2026,27.91,8713295,
603369.SH,5/19/2026,27.96,8389844,
603369.SH,5/20/2026,28.36,14335783,
603369.SH,5/21/2026,28.2,11254103,
603369.SH,5/22/2026,27.09,11911744,
603369.SH,5/25/2026,27.96,16600529,
603369.SH,5/26/2026,28.25,13911425,
603369.SH,5/27/2026,29.82,29147972,
603369.SH,5/28/2026,29.19,17812954,
603369.SH,5/29/2026,30.3,36101539,
603369.SH,6/1/2026,29.96,22439158,
603369.SH,6/2/2026,29.19,16251984,
603369.SH,6/3/2026,29.49,15937860,
603369.SH,6/4/2026,26.76,12887428,0.044843
603369.SH,6/5/2026,25.93,17789323,0.046278
603369.SH,6/8/2026,25.58,10382190,0.046912
603369.SH,6/9/2026,24.51,14740771,0.04896
603369.SH,6/10/2026,24.43,10055256,0.04912
603369.SH,6/11/2026,24.37,10789286,0.049241
6690.HK,6/3/2024,28.95,8423528,
6690.HK,6/4/2024,29.45,11427567,
6690.HK,6/5/2024,29.5,12610727,
6690.HK,6/6/2024,30.1,7471328,
6690.HK,6/7/2024,29.8,21823526,
6690.HK,6/11/2024,29.45,12332269,
6690.HK,6/12/2024,29.15,12471933,
6690.HK,6/13/2024,28.5,15977329,
6690.HK,6/14/2024,28.75,10412067,
6690.HK,6/17/2024,28.45,6870220,
6690.HK,6/18/2024,28.35,6330568,
6690.HK,6/19/2024,28.15,12763806,
6690.HK,6/20/2024,28.15,5845000,
6690.HK,6/21/2024,27.55,11490967,
6690.HK,6/24/2024,28.05,11428551,
6690.HK,6/25/2024,28.3,10487544,
6690.HK,6/26/2024,27.7,6644477,
6690.HK,6/27/2024,26.2,18136736,
6690.HK,6/28/2024,26.1,10875213,
6690.HK,7/2/2024,25.3,25334825,
6690.HK,7/3/2024,24.9,11061352,
6690.HK,7/4/2024,25.1,12452330,
6690.HK,7/5/2024,24.75,11420966,
6690.HK,7/8/2024,24.5,9842196,
6690.HK,7/9/2024,24.4,10527624,
6690.HK,7/10/2024,24.05,6393810,
6690.HK,7/11/2024,24.65,13656086,
6690.HK,7/12/2024,25.4,9517393,
6690.HK,7/15/2024,23.95,10911659,
6690.HK,7/16/2024,23.55,9305330,
6690.HK,7/17/2024,23.65,10505825,
6690.HK,7/18/2024,24.3,13034333,
6690.HK,7/19/2024,23.7,14623956,
6690.HK,7/22/2024,24.1,9248244,
6690.HK,7/23/2024,23.35,12584214,
6690.HK,7/24/2024,23.4,11477711,
6690.HK,7/25/2024,24.6,31079575,
6690.HK,7/26/2024,26.1,51174075,
6690.HK,7/29/2024,25.5,17906684,
6690.HK,7/30/2024,24.75,17494671,
6690.HK,7/31/2024,25.65,17555126,
6690.HK,8/1/2024,25.05,12032434,
6690.HK,8/2/2024,24.9,12444842,
6690.HK,8/5/2024,24.3,11865338,
6690.HK,8/6/2024,23.7,12540800,
6690.HK,8/7/2024,24.1,9268490,
6690.HK,8/8/2024,23.9,15019156,
6690.HK,8/9/2024,23.9,11004211,
6690.HK,8/12/2024,24.3,9109218,
6690.HK,8/13/2024,23.85,9981302,
6690.HK,8/14/2024,23.4,10939808,
6690.HK,8/15/2024,23.45,6792427,
6690.HK,8/16/2024,23.6,8076459,
6690.HK,8/19/2024,23.45,9117203,
6690.HK,8/20/2024,22.75,15189629,
6690.HK,8/21/2024,22.9,9014373,
6690.HK,8/22/2024,23.7,14752574,
6690.HK,8/23/2024,24,16093961,
6690.HK,8/26/2024,24,13338012,
6690.HK,8/27/2024,23.2,13206893,
6690.HK,8/28/2024,22.6,18010798,
6690.HK,8/29/2024,22.7,8615337,
6690.HK,8/30/2024,24.05,21662672,
6690.HK,9/2/2024,23.55,9771374,
6690.HK,9/3/2024,24.2,9376442,
6690.HK,9/4/2024,24.05,11888159,
6690.HK,9/5/2024,24.4,12685275,
6690.HK,9/9/2024,23.25,17249876,
6690.HK,9/10/2024,22.85,21798403,
6690.HK,9/11/2024,23.75,16083260,
6690.HK,9/12/2024,23.25,11263918,
6690.HK,9/13/2024,24.05,8798903,
6690.HK,9/16/2024,23.95,4274817,
6690.HK,9/17/2024,23.4,14436380,
6690.HK,9/19/2024,25.2,27520155,
6690.HK,9/20/2024,25.8,21914606,
6690.HK,9/23/2024,26.25,24035451,
6690.HK,9/24/2024,27.65,28116619,
6690.HK,9/25/2024,27.95,30180916,
6690.HK,9/26/2024,29.55,19591618,
6690.HK,9/27/2024,30.3,30777591,
6690.HK,9/30/2024,31.2,37082186,
6690.HK,10/2/2024,33.5,25840772,
6690.HK,10/3/2024,33.1,16997155,
6690.HK,10/4/2024,34.45,20685311,
6690.HK,10/7/2024,35.75,20307175,
6690.HK,10/8/2024,32.35,49723912,
6690.HK,10/9/2024,31.25,30011187,
6690.HK,10/10/2024,31.95,31915159,
6690.HK,10/14/2024,32.05,20313227,
6690.HK,10/15/2024,31.4,19819433,
6690.HK,10/16/2024,30.8,24388212,
6690.HK,10/17/2024,30.35,22751850,
6690.HK,10/18/2024,31.3,19363656,
6690.HK,10/21/2024,30.9,19723485,
6690.HK,10/22/2024,31.5,19375947,
6690.HK,10/23/2024,30.5,17172179,
6690.HK,10/24/2024,30.25,12802200,
6690.HK,10/25/2024,30.2,6043900,
6690.HK,10/28/2024,29.8,14540116,
6690.HK,10/29/2024,29.8,17682348,
6690.HK,10/30/2024,28.95,18764729,
6690.HK,10/31/2024,28.25,11091124,
6690.HK,11/1/2024,28.55,9836473,
6690.HK,11/4/2024,28.85,8680464,
6690.HK,11/5/2024,29.05,10610397,
6690.HK,11/6/2024,27.85,22562790,
6690.HK,11/7/2024,28.2,15748920,
6690.HK,11/8/2024,27.95,12847732,
6690.HK,11/11/2024,27.65,11421628,
6690.HK,11/12/2024,27.35,19943069,
6690.HK,11/13/2024,27.8,18121115,
6690.HK,11/14/2024,27.7,26016009,
6690.HK,11/15/2024,27.95,21501672,
6690.HK,11/18/2024,27.1,10488389,
6690.HK,11/19/2024,27.15,8280000,
6690.HK,11/20/2024,27.15,5470227,
6690.HK,11/21/2024,26.95,4281822,
6690.HK,11/22/2024,26.65,8244216,
6690.HK,11/25/2024,26.1,19848001,
6690.HK,11/26/2024,26.1,11013944,
6690.HK,11/27/2024,27.05,7957049,
6690.HK,11/28/2024,26.3,7983843,
6690.HK,11/29/2024,26.45,7472608,
6690.HK,12/2/2024,26.55,9470200,
6690.HK,12/3/2024,26.55,10460602,
6690.HK,12/4/2024,26.65,11560411,
6690.HK,12/5/2024,26.5,10605494,
6690.HK,12/6/2024,27.4,17826887,
6690.HK,12/9/2024,28.65,20615189,
6690.HK,12/10/2024,28.3,25265686,
6690.HK,12/11/2024,27.95,10627891,
6690.HK,12/12/2024,28.15,10252132,
6690.HK,12/13/2024,27.2,13701056,
6690.HK,12/16/2024,27.1,4694589,
6690.HK,12/17/2024,26.9,8307951,
6690.HK,12/18/2024,27.3,7080523,
6690.HK,12/19/2024,27.1,10113326,
6690.HK,12/20/2024,26.8,6284884,
6690.HK,12/23/2024,27.05,9043942,
6690.HK,12/24/2024,27.8,5914706,
6690.HK,12/27/2024,27.15,8547862,
6690.HK,12/30/2024,26.8,15327161,
6690.HK,12/31/2024,27.5,6956820,
6690.HK,1/2/2025,26.75,12316562,
6690.HK,1/3/2025,26.3,10853100,
6690.HK,1/6/2025,25.95,11091743,
6690.HK,1/7/2025,26.3,17526148,
6690.HK,1/8/2025,27.05,13144841,
6690.HK,1/9/2025,27.25,9486162,
6690.HK,1/10/2025,26.35,9437637,
6690.HK,1/13/2025,24.55,18253818,
6690.HK,1/14/2025,25.15,22027521,
6690.HK,1/15/2025,24.65,15265533,
6690.HK,1/16/2025,25.15,9632139,
6690.HK,1/17/2025,25.55,11586158,
6690.HK,1/20/2025,25.9,9409710,
6690.HK,1/21/2025,25.85,11820546,
6690.HK,1/22/2025,25.3,11664320,
6690.HK,1/23/2025,25.05,13217929,
6690.HK,1/24/2025,25.45,16101719,
6690.HK,1/27/2025,26,12408820,
6690.HK,1/28/2025,25.7,1894956,
6690.HK,2/3/2025,25.2,9904134,
6690.HK,2/4/2025,25.85,10255008,
6690.HK,2/5/2025,24.95,17724660,
6690.HK,2/6/2025,24.95,17038446,
6690.HK,2/7/2025,25.45,12594798,
6690.HK,2/10/2025,25.65,11887032,
6690.HK,2/11/2025,25.15,19301442,
6690.HK,2/12/2025,25.25,21835392,
6690.HK,2/13/2025,25.25,28196443,
6690.HK,2/14/2025,26,17441700,
6690.HK,2/17/2025,25.65,17943263,
6690.HK,2/18/2025,26.05,15593954,
6690.HK,2/19/2025,25.45,16123316,
6690.HK,2/20/2025,25.2,12682664,
6690.HK,2/21/2025,25,32011842,
6690.HK,2/24/2025,25.75,18628741,
6690.HK,2/25/2025,24.7,22458000,
6690.HK,2/26/2025,25.55,18762140,
6690.HK,2/27/2025,26.1,28744439,
6690.HK,2/28/2025,24.75,40129850,
6690.HK,3/3/2025,24.15,21800343,
6690.HK,3/4/2025,24.6,16825941,
6690.HK,3/5/2025,25.2,19936812,
6690.HK,3/6/2025,25.7,21989218,
6690.HK,3/7/2025,25.7,26434105,
6690.HK,3/10/2025,25.7,17384096,
6690.HK,3/11/2025,26.2,22703120,
6690.HK,3/12/2025,25.45,23543018,
6690.HK,3/13/2025,24.95,16978359,
6690.HK,3/14/2025,26.45,24783412,
6690.HK,3/17/2025,26.55,22015632,
6690.HK,3/18/2025,27.35,37255244,
6690.HK,3/19/2025,27.15,19138192,
6690.HK,3/20/2025,26.5,16095117,
6690.HK,3/21/2025,25.75,19814746,
6690.HK,3/24/2025,27.3,28600059,
6690.HK,3/25/2025,26.65,14843819,
6690.HK,3/26/2025,26.3,16280990,
6690.HK,3/27/2025,26.7,12983839,
6690.HK,3/28/2025,24.7,50599951,
6690.HK,3/31/2025,25,27357759,
6690.HK,4/1/2025,24.75,18355263,
6690.HK,4/2/2025,24.9,14571610,
6690.HK,4/3/2025,22.9,73813970,
6690.HK,4/7/2025,19.82,94440169,
6690.HK,4/8/2025,20.4,59114792,
6690.HK,4/9/2025,20.6,62861741,
6690.HK,4/10/2025,21.35,52205124,
6690.HK,4/11/2025,21.6,37928756,
6690.HK,4/14/2025,22.25,21815877,
6690.HK,4/15/2025,22.25,23379556,
6690.HK,4/16/2025,21.6,23880027,
6690.HK,4/17/2025,21.65,13850005,
6690.HK,4/22/2025,22.15,20938135,
6690.HK,4/23/2025,22.5,18371805,
6690.HK,4/24/2025,22.3,14798269,
6690.HK,4/25/2025,22.35,14978730,
6690.HK,4/28/2025,22.4,11954480,
6690.HK,4/29/2025,22.5,12333467,
6690.HK,4/30/2025,22.55,13514567,
6690.HK,5/2/2025,23.1,9807705,
6690.HK,5/6/2025,22.9,10129913,
6690.HK,5/7/2025,22.75,20572573,
6690.HK,5/8/2025,22.85,15095104,
6690.HK,5/9/2025,22.8,15302573,
6690.HK,5/12/2025,24.7,47488741,
6690.HK,5/13/2025,24.15,22362820,
6690.HK,5/14/2025,24.1,12325241,
6690.HK,5/15/2025,23.75,16328321,
6690.HK,5/16/2025,23.25,17533574,
6690.HK,5/19/2025,23.5,16483704,
6690.HK,5/20/2025,23.85,22126712,
6690.HK,5/21/2025,23.95,14627211,
6690.HK,5/22/2025,23.7,10930400,
6690.HK,5/23/2025,23.45,14566461,
6690.HK,5/26/2025,23.45,16022305,
6690.HK,5/27/2025,22.9,17637148,
6690.HK,5/28/2025,23.05,22022328,
6690.HK,5/29/2025,23.5,22818675,
6690.HK,5/30/2025,23,33408133,
6690.HK,6/2/2025,22.5,16948164,
6690.HK,6/3/2025,22.8,18601251,
6690.HK,6/4/2025,22.9,25352443,
6690.HK,6/5/2025,22.9,17339514,
6690.HK,6/6/2025,23.25,44768751,
6690.HK,6/9/2025,23.35,28398009,
6690.HK,6/10/2025,23.25,11675972,
6690.HK,6/11/2025,23.65,19113373,
6690.HK,6/12/2025,23.35,13853294,
6690.HK,6/13/2025,22.9,19625341,
6690.HK,6/16/2025,22.9,13747787,
6690.HK,6/17/2025,23.2,12597321,
6690.HK,6/18/2025,23.05,12925548,
6690.HK,6/19/2025,22.5,13940800,
6690.HK,6/20/2025,22.75,17379683,
6690.HK,6/23/2025,22.8,11400336,
6690.HK,6/24/2025,23.15,13825105,
6690.HK,6/25/2025,23.5,17208136,
6690.HK,6/26/2025,23.2,21342196,
6690.HK,6/27/2025,22.5,14887580,
6690.HK,6/30/2025,22.45,12215898,
6690.HK,7/1/2025,22.45,0,0.059956
6690.HK,7/2/2025,23.25,26001846,
6690.HK,7/3/2025,23.7,17956214,
6690.HK,7/4/2025,23.6,14790439,
6690.HK,7/7/2025,23.75,13757141,
6690.HK,7/8/2025,23.6,13546943,
6690.HK,7/9/2025,23.35,14219619,
6690.HK,7/10/2025,23.65,16874614,
6690.HK,7/11/2025,24,23503034,
6690.HK,7/14/2025,24.05,14078867,
6690.HK,7/15/2025,24.65,18695218,
6690.HK,7/16/2025,24.6,17250466,
6690.HK,7/17/2025,24.7,11142206,
6690.HK,7/18/2025,24.85,16456022,
6690.HK,7/21/2025,25.15,9753432,
6690.HK,7/22/2025,25.4,14308489,
6690.HK,7/23/2025,26.2,27898280,
6690.HK,7/24/2025,26.05,23457817,
6690.HK,7/25/2025,25.7,13447109,
6690.HK,7/28/2025,25.8,9934613,
6690.HK,7/29/2025,25.65,13495231,
6690.HK,7/30/2025,25.55,15592564,
6690.HK,7/31/2025,24.7,19388300,
6690.HK,8/1/2025,24.3,13719396,
6690.HK,8/4/2025,24.3,14259471,
6690.HK,8/5/2025,24.56,9816104,
6690.HK,8/6/2025,24.9,9173652,
6690.HK,8/7/2025,24.88,7068717,
6690.HK,8/8/2025,24.86,6197320,
6690.HK,8/11/2025,24.96,7592471,
6690.HK,8/12/2025,25.38,14224818,
6690.HK,8/13/2025,25.56,15172610,
6690.HK,8/14/2025,25.52,15827046,
6690.HK,8/15/2025,25.38,16459387,
6690.HK,8/18/2025,25.44,15310985,
6690.HK,8/19/2025,25.3,17824540,
6690.HK,8/20/2025,25.1,22065242,
6690.HK,8/21/2025,25.48,15995008,
6690.HK,8/22/2025,25.42,8655668,
6690.HK,8/25/2025,25.98,12322833,
6690.HK,8/26/2025,26,14347581,
6690.HK,8/27/2025,25.28,17694978,
6690.HK,8/28/2025,25.08,14077333,
6690.HK,8/29/2025,26.24,36695736,
6690.HK,9/1/2025,26.16,19548567,
6690.HK,9/2/2025,25.9,21621294,
6690.HK,9/3/2025,25.46,16814186,
6690.HK,9/4/2025,25.2,15267808,
6690.HK,9/5/2025,25.74,39688706,
6690.HK,9/8/2025,25.74,20516859,
6690.HK,9/9/2025,25.98,19537247,
6690.HK,9/10/2025,25.5,19772910,
6690.HK,9/11/2025,25.58,12497485,
6690.HK,9/12/2025,25.58,14946225,
6690.HK,9/15/2025,25.52,13186874,
6690.HK,9/16/2025,25.68,11451613,
6690.HK,9/17/2025,27.62,41831528,
6690.HK,9/18/2025,26.78,26611105,
6690.HK,9/19/2025,26.96,23503473,
6690.HK,9/22/2025,26.28,16687720,
6690.HK,9/23/2025,25.9,11295071,
6690.HK,9/24/2025,26.32,14777248,
6690.HK,9/25/2025,25.06,30615536,
6690.HK,9/26/2025,24.84,23302946,
6690.HK,9/29/2025,25.54,16572842,
6690.HK,9/30/2025,25.34,16093688,
6690.HK,10/2/2025,25.6,6651287,
6690.HK,10/3/2025,25.76,5558533,
6690.HK,10/6/2025,25.12,4113936,
6690.HK,10/8/2025,25.36,4980353,
6690.HK,10/9/2025,25.8,17861704,
6690.HK,10/10/2025,25.42,15781710,
6690.HK,10/13/2025,24.74,22093533,
6690.HK,10/14/2025,24.38,14788703,
6690.HK,10/15/2025,24.56,17319550,
6690.HK,10/16/2025,24.26,17829575,
6690.HK,10/17/2025,23.96,18660211,
6690.HK,10/20/2025,24.12,12747615,
6690.HK,10/21/2025,24.58,10973747,
6690.HK,10/22/2025,24.9,19965258,
6690.HK,10/23/2025,24.92,6957486,
6690.HK,10/24/2025,25.26,9562136,
6690.HK,10/27/2025,25.32,9956855,
6690.HK,10/28/2025,24.92,8263510,
6690.HK,10/29/2025,24.92,0,0.054013
6690.HK,10/30/2025,24.6,22561899,
6690.HK,10/31/2025,25.24,29830313,
6690.HK,11/3/2025,25.06,11340978,
6690.HK,11/4/2025,25.4,17096510,
6690.HK,11/5/2025,25.14,14446653,
6690.HK,11/6/2025,25.72,19496949,
6690.HK,11/7/2025,25.82,14079293,
6690.HK,11/10/2025,26.4,13724652,
6690.HK,11/11/2025,25.94,17466519,
6690.HK,11/12/2025,26.74,41472009,
6690.HK,11/13/2025,26.78,12666667,
6690.HK,11/14/2025,26.2,13416014,
6690.HK,11/17/2025,25.94,13087004,
6690.HK,11/18/2025,25.3,9131482,
6690.HK,11/19/2025,25.44,9477191,
6690.HK,11/20/2025,25.82,11073842,
6690.HK,11/21/2025,25.58,19011841,
6690.HK,11/24/2025,26.02,18959234,
6690.HK,11/25/2025,26.12,11495272,
6690.HK,11/26/2025,26.5,9961306,
6690.HK,11/27/2025,26.84,15221403,
6690.HK,11/28/2025,26.58,6598275,
6690.HK,12/1/2025,26.7,8012453,
6690.HK,12/2/2025,26.8,12253072,
6690.HK,12/3/2025,27.04,12383979,
6690.HK,12/4/2025,27.3,10364760,
6690.HK,12/5/2025,27.06,16500611,
6690.HK,12/8/2025,26.58,12594359,
6690.HK,12/9/2025,26.04,12764115,
6690.HK,12/10/2025,26.1,16764275,
6690.HK,12/11/2025,25.96,16234570,
6690.HK,12/12/2025,26.52,24286654,
6690.HK,12/15/2025,26.7,13679058,
6690.HK,12/16/2025,26.18,12613714,
6690.HK,12/17/2025,26.62,14931967,
6690.HK,12/18/2025,26.44,11166162,
6690.HK,12/19/2025,26.26,14026207,
6690.HK,12/22/2025,25.88,13227229,
6690.HK,12/23/2025,25.88,11735172,
6690.HK,12/24/2025,25.28,9556723,
6690.HK,12/25/2025,25.28,0,0.053244
6690.HK,12/26/2025,25.28,0,0.053244
6690.HK,12/29/2025,24.54,19497737,
6690.HK,12/30/2025,24.76,15575230,
6690.HK,12/31/2025,24.28,10557945,
6690.HK,1/2/2026,25.3,9704625,
6690.HK,1/5/2026,25.24,13174271,
6690.HK,1/6/2026,25.46,17203767,
6690.HK,1/7/2026,25.74,14416888,
6690.HK,1/8/2026,25.72,12400003,
6690.HK,1/9/2026,26,16814295,
6690.HK,1/12/2026,26.22,15467491,
6690.HK,1/13/2026,26.46,21269087,
6690.HK,1/14/2026,26.38,17159355,
6690.HK,1/15/2026,26.36,9115930,
6690.HK,1/16/2026,26.48,11122358,
6690.HK,1/19/2026,26.5,7427324,
6690.HK,1/20/2026,26.78,24139546,
6690.HK,1/21/2026,26.8,16963189,
6690.HK,1/22/2026,26.32,14290951,
6690.HK,1/23/2026,25.9,11244792,
6690.HK,1/26/2026,25.64,13543516,
6690.HK,1/27/2026,25.9,9480927,
6690.HK,1/28/2026,25.66,15243476,
6690.HK,1/29/2026,26.2,13683563,
6690.HK,1/30/2026,25.8,15965305,
6690.HK,2/2/2026,25.62,12945665,
6690.HK,2/3/2026,26.32,17665368,
6690.HK,2/4/2026,27,13244502,
6690.HK,2/5/2026,27.4,15043971,
6690.HK,2/6/2026,26.9,15420999,
6690.HK,2/9/2026,26.92,17589959,
6690.HK,2/10/2026,27.14,13066135,
6690.HK,2/11/2026,27.3,8281051,
6690.HK,2/12/2026,27.2,8764282,
6690.HK,2/13/2026,27.06,6323219,
6690.HK,2/16/2026,27.56,2474738,
6690.HK,2/20/2026,26.98,7239396,
6690.HK,2/23/2026,27.82,8092024,
6690.HK,2/24/2026,27.38,13053732,
6690.HK,2/25/2026,27.36,17210395,
6690.HK,2/26/2026,26.46,20499503,
6690.HK,2/27/2026,26.68,17391396,
6690.HK,3/2/2026,26.08,11348782,
6690.HK,3/3/2026,25.44,13913921,
6690.HK,3/4/2026,24.78,18101353,
6690.HK,3/5/2026,24.74,14093699,
6690.HK,3/6/2026,25.02,16494679,
6690.HK,3/9/2026,24.84,16962460,
6690.HK,3/10/2026,25.26,8895399,
6690.HK,3/11/2026,25.24,9627456,
6690.HK,3/12/2026,25.18,12833102,
6690.HK,3/13/2026,25.06,6953681,
6690.HK,3/16/2026,25,8282053,
6690.HK,3/17/2026,25.06,10820664,
6690.HK,3/18/2026,25.08,11197897,
6690.HK,3/19/2026,24.6,15008834,
6690.HK,3/20/2026,24.36,11833356,
6690.HK,3/23/2026,23.36,24896529,
6690.HK,3/24/2026,23.9,31431173,
6690.HK,3/25/2026,23.66,22840219,
6690.HK,3/26/2026,22.82,15503637,
6690.HK,3/27/2026,21.88,59705307,
6690.HK,3/30/2026,20.7,42180362,
6690.HK,3/31/2026,20.72,36891986,
6690.HK,4/1/2026,20.76,32573602,
6690.HK,4/2/2026,20.44,19469177,
6690.HK,4/3/2026,20.44,0,0.0643
6690.HK,4/7/2026,20.44,0,0.0643
6690.HK,4/8/2026,21.04,21357940,
6690.HK,4/9/2026,20.76,19892352,
6690.HK,4/10/2026,20.86,16304334,
6690.HK,4/13/2026,20.64,11488218,
6690.HK,4/14/2026,20.84,17206688,
6690.HK,4/15/2026,20.92,17617901,
6690.HK,4/16/2026,21.3,14244181,
6690.HK,4/17/2026,20.98,17419192,
6690.HK,4/20/2026,21.14,15601129,
6690.HK,4/21/2026,21.36,15052225,
6690.HK,4/22/2026,21.12,20673556,
6690.HK,4/23/2026,20.64,26063277,
6690.HK,4/24/2026,20.76,26556825,
6690.HK,4/27/2026,20.86,25622015,
6690.HK,4/28/2026,21.68,36389732,
6690.HK,4/29/2026,22.2,28163410,
6690.HK,4/30/2026,21.92,22962372,
6690.HK,5/4/2026,21.9,10401857,
6690.HK,5/5/2026,21.4,15371943,
6690.HK,5/6/2026,21.66,17414596,
6690.HK,5/7/2026,21.78,18238354,
6690.HK,5/8/2026,21.64,9321599,
6690.HK,5/11/2026,21.52,17339414,
6690.HK,5/12/2026,21.18,13969881,
6690.HK,5/13/2026,20.88,15872882,
6690.HK,5/14/2026,20.98,15117162,
6690.HK,5/15/2026,21.04,16550798,
6690.HK,5/18/2026,20.58,14289628,
6690.HK,5/19/2026,20.42,16667122,
6690.HK,5/20/2026,20.4,13716923,
6690.HK,5/21/2026,20.08,19399457,
6690.HK,5/22/2026,19.98,18658860,
6690.HK,5/25/2026,19.98,0,0.065781
6690.HK,5/26/2026,19.91,21668141,
6690.HK,5/27/2026,19.66,23308291,
6690.HK,5/28/2026,19.28,29958320,
6690.HK,5/29/2026,19.7,47707940,
6690.HK,6/1/2026,20.36,27937683,
6690.HK,6/2/2026,20.72,34424904,
6690.HK,6/3/2026,20.8,30097573,
6690.HK,6/4/2026,20.52,28919032,0.06405
6690.HK,6/5/2026,20.98,48639498,0.062645
6690.HK,6/8/2026,20.6,29216495,0.063801
6690.HK,6/9/2026,20.72,29435438,0.063431
6690.HK,6/10/2026,21.26,28015533,0.06182
6690.HK,6/11/2026,21.42,24729262,0.061358
6818.HK,6/3/2024,2.55,14218208,
6818.HK,6/4/2024,2.58,22854570,
6818.HK,6/5/2024,2.56,12432000,
6818.HK,6/6/2024,2.53,10668000,
6818.HK,6/7/2024,2.59,13965836,
6818.HK,6/11/2024,2.49,17261346,
6818.HK,6/12/2024,2.49,12094790,
6818.HK,6/13/2024,2.48,8778095,
6818.HK,6/14/2024,2.47,11866964,
6818.HK,6/17/2024,2.43,12881447,
6818.HK,6/18/2024,2.44,10537595,
6818.HK,6/19/2024,2.5,8374884,
6818.HK,6/20/2024,2.48,8697063,
6818.HK,6/21/2024,2.45,21705326,
6818.HK,6/24/2024,2.45,5180100,
6818.HK,6/25/2024,2.43,16266146,
6818.HK,6/26/2024,2.44,8984912,
6818.HK,6/27/2024,2.4,11531600,
6818.HK,6/28/2024,2.43,13901000,
6818.HK,7/2/2024,2.34,31810291,
6818.HK,7/3/2024,2.38,27553200,
6818.HK,7/4/2024,2.42,19354160,
6818.HK,7/5/2024,2.37,8477122,
6818.HK,7/8/2024,2.33,12048263,
6818.HK,7/9/2024,2.34,19804000,
6818.HK,7/10/2024,2.36,10350000,
6818.HK,7/11/2024,2.4,13027964,
6818.HK,7/12/2024,2.46,21744003,
6818.HK,7/15/2024,2.49,14980000,
6818.HK,7/16/2024,2.46,10141355,
6818.HK,7/17/2024,2.47,8988910,
6818.HK,7/18/2024,2.48,12679000,
6818.HK,7/19/2024,2.42,7539300,
6818.HK,7/22/2024,2.43,4867515,
6818.HK,7/23/2024,2.42,7327000,
6818.HK,7/24/2024,2.42,3407000,
6818.HK,7/25/2024,2.34,15170520,
6818.HK,7/26/2024,2.33,7116910,
6818.HK,7/29/2024,2.35,9825387,
6818.HK,7/30/2024,2.33,7683288,
6818.HK,7/31/2024,2.36,11350000,
6818.HK,8/1/2024,2.36,4390911,
6818.HK,8/2/2024,2.39,15731044,
6818.HK,8/5/2024,2.33,19978000,
6818.HK,8/6/2024,2.33,9782846,
6818.HK,8/7/2024,2.36,3963052,
6818.HK,8/8/2024,2.34,7134423,
6818.HK,8/9/2024,2.36,6465834,
6818.HK,8/12/2024,2.36,5104936,
6818.HK,8/13/2024,2.38,7216000,
6818.HK,8/14/2024,2.37,2067710,
6818.HK,8/15/2024,2.38,12006566,
6818.HK,8/16/2024,2.39,11817000,
6818.HK,8/19/2024,2.42,7545425,
6818.HK,8/20/2024,2.44,11562359,
6818.HK,8/21/2024,2.42,6851364,
6818.HK,8/22/2024,2.43,4986154,
6818.HK,8/23/2024,2.43,7440348,
6818.HK,8/26/2024,2.45,7168000,
6818.HK,8/27/2024,2.47,10107600,
6818.HK,8/28/2024,2.47,7789492,
6818.HK,8/29/2024,2.39,13792973,
6818.HK,8/30/2024,2.34,22684579,
6818.HK,9/2/2024,2.35,14602797,
6818.HK,9/3/2024,2.31,19477933,
6818.HK,9/4/2024,2.31,8314096,
6818.HK,9/5/2024,2.31,10754809,
6818.HK,9/9/2024,2.28,21246543,
6818.HK,9/10/2024,2.28,9662949,
6818.HK,9/11/2024,2.25,15234744,
6818.HK,9/12/2024,2.27,18469000,
6818.HK,9/13/2024,2.24,44280000,
6818.HK,9/16/2024,2.25,2709000,
6818.HK,9/17/2024,2.27,2441521,
6818.HK,9/19/2024,2.28,13842595,
6818.HK,9/20/2024,2.31,20338499,
6818.HK,9/23/2024,2.33,17050518,
6818.HK,9/24/2024,2.44,25633410,
6818.HK,9/25/2024,2.46,31342199,
6818.HK,9/26/2024,2.6,30748814,
6818.HK,9/27/2024,2.61,49207350,
6818.HK,9/30/2024,2.64,45560430,
6818.HK,10/2/2024,2.75,22060988,
6818.HK,10/3/2024,2.74,12692046,
6818.HK,10/4/2024,2.83,22246720,
6818.HK,10/7/2024,2.93,30836000,
6818.HK,10/8/2024,2.69,58360995,
6818.HK,10/9/2024,2.55,50825248,
6818.HK,10/10/2024,2.68,35335000,
6818.HK,10/14/2024,2.7,43930162,
6818.HK,10/15/2024,2.61,20929000,
6818.HK,10/16/2024,2.68,28043310,
6818.HK,10/17/2024,2.66,21023286,
6818.HK,10/18/2024,2.72,23830591,
6818.HK,10/21/2024,2.67,12685357,
6818.HK,10/22/2024,2.68,6947000,
6818.HK,10/23/2024,2.67,10715017,
6818.HK,10/24/2024,2.65,7330000,
6818.HK,10/25/2024,2.64,10919560,
6818.HK,10/28/2024,2.64,8165000,
6818.HK,10/29/2024,2.63,7095100,
6818.HK,10/30/2024,2.59,11986393,
6818.HK,10/31/2024,2.63,19946393,
6818.HK,11/1/2024,2.67,14096000,
6818.HK,11/4/2024,2.67,9794382,
6818.HK,11/5/2024,2.73,9772287,
6818.HK,11/6/2024,2.73,15230400,
6818.HK,11/7/2024,2.77,13274000,
6818.HK,11/8/2024,2.77,19305029,
6818.HK,11/11/2024,2.76,22998681,
6818.HK,11/12/2024,2.74,33326140,
6818.HK,11/13/2024,2.73,8873545,
6818.HK,11/14/2024,2.66,12223200,
6818.HK,11/15/2024,2.65,8385002,
6818.HK,11/18/2024,2.76,21019803,
6818.HK,11/19/2024,2.78,19120000,
6818.HK,11/20/2024,2.77,8179294,
6818.HK,11/21/2024,2.78,19925987,
6818.HK,11/22/2024,2.69,12578500,
6818.HK,11/25/2024,2.68,15141605,
6818.HK,11/26/2024,2.7,8534211,
6818.HK,11/27/2024,2.74,6616029,
6818.HK,11/28/2024,2.69,6787129,
6818.HK,11/29/2024,2.7,6533889,
6818.HK,12/2/2024,2.74,6115000,
6818.HK,12/3/2024,2.77,8703669,
6818.HK,12/4/2024,2.78,9097713,
6818.HK,12/5/2024,2.77,4505633,
6818.HK,12/6/2024,2.79,14662584,
6818.HK,12/9/2024,2.85,18215490,
6818.HK,12/10/2024,2.84,18202281,
6818.HK,12/11/2024,2.82,6910975,
6818.HK,12/12/2024,2.84,9069764,
6818.HK,12/13/2024,2.79,12679756,
6818.HK,12/16/2024,2.79,9567000,
6818.HK,12/17/2024,2.76,10963632,
6818.HK,12/18/2024,2.81,14906467,
6818.HK,12/19/2024,2.79,8045410,
6818.HK,12/20/2024,2.8,18953844,
6818.HK,12/23/2024,2.89,29051285,
6818.HK,12/24/2024,2.94,16408000,
6818.HK,12/27/2024,2.97,20298000,
6818.HK,12/30/2024,3.03,32745620,
6818.HK,12/31/2024,3.02,6611482,
6818.HK,1/2/2025,2.95,18435000,
6818.HK,1/3/2025,2.96,21147737,
6818.HK,1/6/2025,2.97,30456883,
6818.HK,1/7/2025,2.95,21079947,
6818.HK,1/8/2025,2.94,21893971,
6818.HK,1/9/2025,2.83,11511010,
6818.HK,1/10/2025,2.8,10840926,
6818.HK,1/13/2025,2.77,9053069,
6818.HK,1/14/2025,2.81,11239600,
6818.HK,1/15/2025,2.82,8294000,
6818.HK,1/16/2025,2.87,5833062,
6818.HK,1/17/2025,2.86,7326000,
6818.HK,1/20/2025,2.91,14706568,
6818.HK,1/21/2025,2.94,11132952,
6818.HK,1/22/2025,2.94,9921482,
6818.HK,1/23/2025,3.06,64947590,
6818.HK,1/24/2025,3.06,13188000,
6818.HK,1/27/2025,3.11,25933358,
6818.HK,1/28/2025,3.04,1177000,
6818.HK,2/3/2025,3.04,3887232,
6818.HK,2/4/2025,3.03,3444086,
6818.HK,2/5/2025,3.04,12499456,
6818.HK,2/6/2025,3.04,19665550,
6818.HK,2/7/2025,3.02,12215247,
6818.HK,2/10/2025,3,15561482,
6818.HK,2/11/2025,3,14632788,
6818.HK,2/12/2025,3.05,17793510,
6818.HK,2/13/2025,3.02,17334120,
6818.HK,2/14/2025,3.03,19593000,
6818.HK,2/17/2025,3.09,18139525,
6818.HK,2/18/2025,3.17,25504824,
6818.HK,2/19/2025,3.13,10772000,
6818.HK,2/20/2025,3.17,16896452,
6818.HK,2/21/2025,3.18,18544236,
6818.HK,2/24/2025,3.16,22572532,
6818.HK,2/25/2025,3.08,21553554,
6818.HK,2/26/2025,3.17,14614775,
6818.HK,2/27/2025,3.16,8268855,
6818.HK,2/28/2025,3.14,29641852,
6818.HK,3/3/2025,3.13,15792034,
6818.HK,3/4/2025,3.1,12920948,
6818.HK,3/5/2025,3.18,20206000,
6818.HK,3/6/2025,3.16,17337350,
6818.HK,3/7/2025,3.13,12473000,
6818.HK,3/10/2025,3.08,25218000,
6818.HK,3/11/2025,3.14,15928885,
6818.HK,3/12/2025,3.15,12069000,
6818.HK,3/13/2025,3.17,13625000,
6818.HK,3/14/2025,3.21,21780000,
6818.HK,3/17/2025,3.25,18190002,
6818.HK,3/18/2025,3.28,19124940,
6818.HK,3/19/2025,3.3,17238425,
6818.HK,3/20/2025,3.29,26944678,
6818.HK,3/21/2025,3.28,44462115,
6818.HK,3/24/2025,3.25,16968247,
6818.HK,3/25/2025,3.23,11802264,
6818.HK,3/26/2025,3.2,12316000,
6818.HK,3/27/2025,3.22,10263015,
6818.HK,3/28/2025,3.18,7563110,
6818.HK,3/31/2025,3.17,31350640,
6818.HK,4/1/2025,3.2,9790000,
6818.HK,4/2/2025,3.25,12545000,
6818.HK,4/3/2025,3.22,8806174,
6818.HK,4/7/2025,2.85,36551710,
6818.HK,4/8/2025,2.93,35757878,
6818.HK,4/9/2025,2.92,26297484,
6818.HK,4/10/2025,2.95,20106597,
6818.HK,4/11/2025,3.04,19015053,
6818.HK,4/14/2025,3.14,16719000,
6818.HK,4/15/2025,3.17,15417000,
6818.HK,4/16/2025,3.13,12184900,
6818.HK,4/17/2025,3.17,17222045,
6818.HK,4/22/2025,3.23,16369713,
6818.HK,4/23/2025,3.21,11400608,
6818.HK,4/24/2025,3.23,14592010,
6818.HK,4/25/2025,3.26,36569252,
6818.HK,4/28/2025,3.4,38193000,
6818.HK,4/29/2025,3.42,23820011,
6818.HK,4/30/2025,3.37,52953000,
6818.HK,5/2/2025,3.26,11873000,
6818.HK,5/6/2025,3.32,18244000,
6818.HK,5/7/2025,3.37,20891000,
6818.HK,5/8/2025,3.37,21603499,
6818.HK,5/9/2025,3.42,29223452,
6818.HK,5/12/2025,3.44,16469700,
6818.HK,5/13/2025,3.48,23493000,
6818.HK,5/14/2025,3.57,21916000,
6818.HK,5/15/2025,3.54,12401761,
6818.HK,5/16/2025,3.55,16742136,
6818.HK,5/19/2025,3.57,7977922,
6818.HK,5/20/2025,3.62,23358189,
6818.HK,5/21/2025,3.67,20640512,
6818.HK,5/22/2025,3.68,18373423,
6818.HK,5/23/2025,3.68,22307000,
6818.HK,5/26/2025,3.64,23697522,
6818.HK,5/27/2025,3.65,20441409,
6818.HK,5/28/2025,3.65,29777719,
6818.HK,5/29/2025,3.64,22126000,
6818.HK,5/30/2025,3.63,61987590,
6818.HK,6/2/2025,3.57,13153973,
6818.HK,6/3/2025,3.7,16716743,
6818.HK,6/4/2025,3.77,16415674,
6818.HK,6/5/2025,3.78,16057558,
6818.HK,6/6/2025,3.71,22908867,
6818.HK,6/9/2025,3.76,13311145,
6818.HK,6/10/2025,3.81,18722614,
6818.HK,6/11/2025,3.89,26658720,
6818.HK,6/12/2025,3.88,13645065,
6818.HK,6/13/2025,3.93,19316938,
6818.HK,6/16/2025,3.91,26793606,
6818.HK,6/17/2025,3.9,8246611,
6818.HK,6/18/2025,3.93,13934325,
6818.HK,6/19/2025,3.87,13454000,
6818.HK,6/20/2025,3.93,45217314,
6818.HK,6/23/2025,4.02,15829359,
6818.HK,6/24/2025,3.98,22899350,
6818.HK,6/25/2025,4.03,15768520,
6818.HK,6/26/2025,4.04,15680494,
6818.HK,6/27/2025,4,17125896,
6818.HK,6/30/2025,3.92,19572457,
6818.HK,7/1/2025,3.92,0,0.053507
6818.HK,7/2/2025,3.85,35018168,
6818.HK,7/3/2025,3.88,23258000,
6818.HK,7/4/2025,3.97,27886000,
6818.HK,7/7/2025,4.03,13986001,
6818.HK,7/8/2025,4.04,17969433,
6818.HK,7/9/2025,4,17486000,
6818.HK,7/10/2025,4.09,21604000,
6818.HK,7/11/2025,3.97,21940815,
6818.HK,7/14/2025,3.99,19157460,
6818.HK,7/15/2025,3.95,17465000,
6818.HK,7/16/2025,3.96,12426000,
6818.HK,7/17/2025,3.98,13982000,
6818.HK,7/18/2025,4.01,11046148,
6818.HK,7/21/2025,3.95,35203000,
6818.HK,7/22/2025,3.91,23564168,
6818.HK,7/23/2025,3.95,14072891,
6818.HK,7/24/2025,3.95,15826115,
6818.HK,7/25/2025,3.9,12607550,
6818.HK,7/28/2025,3.9,8915113,
6818.HK,7/29/2025,3.77,37129465,
6818.HK,7/30/2025,3.71,26880000,
6818.HK,7/31/2025,3.69,14472275,
6818.HK,8/1/2025,3.63,12541281,
6818.HK,8/4/2025,3.68,10873339,
6818.HK,8/5/2025,3.78,15546000,
6818.HK,8/6/2025,3.67,24832618,
6818.HK,8/7/2025,3.76,17497000,
6818.HK,8/8/2025,3.74,9655252,
6818.HK,8/11/2025,3.72,11250000,
6818.HK,8/12/2025,3.78,8456000,
6818.HK,8/13/2025,3.74,7295537,
6818.HK,8/14/2025,3.75,16105544,
6818.HK,8/15/2025,3.69,20672000,
6818.HK,8/18/2025,3.64,20294192,
6818.HK,8/19/2025,3.62,10792000,
6818.HK,8/20/2025,3.64,6935686,
6818.HK,8/21/2025,3.67,5558000,
6818.HK,8/22/2025,3.63,6262970,
6818.HK,8/25/2025,3.66,8571000,
6818.HK,8/26/2025,3.6,14059541,
6818.HK,8/27/2025,3.51,10137921,
6818.HK,8/28/2025,3.53,13241001,
6818.HK,8/29/2025,3.5,15336150,
6818.HK,9/1/2025,3.48,9954000,
6818.HK,9/2/2025,3.57,17941924,
6818.HK,9/3/2025,3.51,16196000,
6818.HK,9/4/2025,3.55,15300022,
6818.HK,9/5/2025,3.58,25620000,
6818.HK,9/8/2025,3.55,11373000,
6818.HK,9/9/2025,3.53,12388000,
6818.HK,9/10/2025,3.58,11482220,
6818.HK,9/11/2025,3.55,12259000,
6818.HK,9/12/2025,3.59,13247155,
6818.HK,9/15/2025,3.48,14923500,
6818.HK,9/16/2025,3.47,10270100,
6818.HK,9/17/2025,3.47,9551833,
6818.HK,9/18/2025,3.4,17216000,
6818.HK,9/19/2025,3.37,20492821,
6818.HK,9/22/2025,3.31,16996998,
6818.HK,9/23/2025,3.31,13331788,
6818.HK,9/24/2025,3.29,11126001,
6818.HK,9/25/2025,3.23,12801722,
6818.HK,9/26/2025,3.27,16440120,
6818.HK,9/29/2025,3.26,20193704,
6818.HK,9/30/2025,3.24,25146068,
6818.HK,10/2/2025,3.21,12762169,
6818.HK,10/3/2025,3.19,6171296,
6818.HK,10/6/2025,3.18,7951986,
6818.HK,10/8/2025,3.18,17033000,
6818.HK,10/9/2025,3.22,23996830,
6818.HK,10/10/2025,3.22,22037486,
6818.HK,10/13/2025,3.23,42344502,
6818.HK,10/14/2025,3.33,33933000,
6818.HK,10/15/2025,3.34,24074117,
6818.HK,10/16/2025,3.42,19546000,
6818.HK,10/17/2025,3.36,18316954,
6818.HK,10/20/2025,3.37,12990053,
6818.HK,10/21/2025,3.4,7907000,
6818.HK,10/22/2025,3.43,14432190,
6818.HK,10/23/2025,3.45,13325900,
6818.HK,10/24/2025,3.4,13380468,
6818.HK,10/27/2025,3.42,15606400,
6818.HK,10/28/2025,3.42,11215380,
6818.HK,10/29/2025,3.42,0,0.06133
6818.HK,10/30/2025,3.37,19535760,
6818.HK,10/31/2025,3.19,34293000,
6818.HK,11/3/2025,3.24,35873506,
6818.HK,11/4/2025,3.34,28645755,
6818.HK,11/5/2025,3.33,21216269,
6818.HK,11/6/2025,3.31,25785220,
6818.HK,11/7/2025,3.37,17127014,
6818.HK,11/10/2025,3.45,20189000,
6818.HK,11/11/2025,3.48,44523000,
6818.HK,11/12/2025,3.53,42673171,
6818.HK,11/13/2025,3.53,41662484,
6818.HK,11/14/2025,3.5,40107300,
6818.HK,11/17/2025,3.61,35573846,
6818.HK,11/18/2025,3.61,55166217,
6818.HK,11/19/2025,3.64,50598108,
6818.HK,11/20/2025,3.69,38190610,
6818.HK,11/21/2025,3.56,39984727,
6818.HK,11/24/2025,3.76,262337877,
6818.HK,11/25/2025,3.73,117974884,
6818.HK,11/26/2025,3.78,44722028,
6818.HK,11/27/2025,3.79,38441000,
6818.HK,11/28/2025,3.8,26817806,
6818.HK,12/1/2025,3.68,36418395,
6818.HK,12/2/2025,3.72,26755100,
6818.HK,12/3/2025,3.64,29544508,
6818.HK,12/4/2025,3.66,12872247,
6818.HK,12/5/2025,3.59,24419000,
6818.HK,12/8/2025,3.58,21251646,
6818.HK,12/9/2025,3.59,22933697,
6818.HK,12/10/2025,3.63,24827500,
6818.HK,12/11/2025,3.65,33519000,
6818.HK,12/12/2025,3.66,61377000,
6818.HK,12/15/2025,3.76,47549438,
6818.HK,12/16/2025,3.72,34954000,
6818.HK,12/17/2025,3.71,18230000,
6818.HK,12/18/2025,3.71,16959000,
6818.HK,12/19/2025,3.71,32488300,
6818.HK,12/22/2025,3.69,9021237,
6818.HK,12/23/2025,3.72,8605809,
6818.HK,12/24/2025,3.68,3942000,
6818.HK,12/25/2025,3.68,0,0.056996
6818.HK,12/26/2025,3.68,0,0.056996
6818.HK,12/29/2025,3.67,24302000,
6818.HK,12/30/2025,3.61,9591661,
6818.HK,12/31/2025,3.64,4653000,
6818.HK,1/2/2026,3.66,4892000,
6818.HK,1/5/2026,3.62,15343498,
6818.HK,1/6/2026,3.6,14484414,
6818.HK,1/7/2026,3.6,8498000,
6818.HK,1/8/2026,3.59,12203000,
6818.HK,1/9/2026,3.58,8604650,
6818.HK,1/12/2026,3.59,14719000,
6818.HK,1/13/2026,3.61,17669987,
6818.HK,1/14/2026,3.57,14179000,
6818.HK,1/15/2026,3.33,30057424,
6818.HK,1/16/2026,3.25,21866342,
6818.HK,1/19/2026,3.16,30088000,
6818.HK,1/20/2026,3.2,38518315,
6818.HK,1/21/2026,3.18,24692050,
6818.HK,1/22/2026,3.21,15135524,
6818.HK,1/23/2026,3.18,12603054,
6818.HK,1/26/2026,3.2,14764195,
6818.HK,1/27/2026,3.22,12212000,
6818.HK,1/28/2026,3.27,19130000,
6818.HK,1/29/2026,3.32,30064168,
6818.HK,1/30/2026,3.26,13920084,
6818.HK,2/2/2026,3.25,9994084,
6818.HK,2/3/2026,3.25,16690807,
6818.HK,2/4/2026,3.25,11049524,
6818.HK,2/5/2026,3.31,10480764,
6818.HK,2/6/2026,3.38,25683134,
6818.HK,2/9/2026,3.38,12062494,
6818.HK,2/10/2026,3.43,8827418,
6818.HK,2/11/2026,3.46,15125153,
6818.HK,2/12/2026,3.41,11012069,
6818.HK,2/13/2026,3.39,12867531,
6818.HK,2/16/2026,3.38,1630000,
6818.HK,2/20/2026,3.37,5283405,
6818.HK,2/23/2026,3.45,3754270,
6818.HK,2/24/2026,3.42,8758509,
6818.HK,2/25/2026,3.37,7540900,
6818.HK,2/26/2026,3.32,6699060,
6818.HK,2/27/2026,3.29,13063133,
6818.HK,3/2/2026,3.24,16059204,
6818.HK,3/3/2026,3.27,12727574,
6818.HK,3/4/2026,3.22,18609000,
6818.HK,3/5/2026,3.23,15553916,
6818.HK,3/6/2026,3.24,19245400,
6818.HK,3/9/2026,3.25,16236000,
6818.HK,3/10/2026,3.27,14433000,
6818.HK,3/11/2026,3.3,11368000,
6818.HK,3/12/2026,3.3,20454000,
6818.HK,3/13/2026,3.26,10449000,
6818.HK,3/16/2026,3.25,12581204,
6818.HK,3/17/2026,3.28,12065208,
6818.HK,3/18/2026,3.31,10688196,
6818.HK,3/19/2026,3.28,5509000,
6818.HK,3/20/2026,3.28,15517000,
6818.HK,3/23/2026,3.15,23542048,
6818.HK,3/24/2026,3.19,33228000,
6818.HK,3/25/2026,3.29,19096900,
6818.HK,3/26/2026,3.26,7004000,
6818.HK,3/27/2026,3.25,7101000,
6818.HK,3/30/2026,3.24,8122745,
6818.HK,3/31/2026,3.04,59349485,
6818.HK,4/1/2026,3.03,25369756,
6818.HK,4/2/2026,3.02,21446000,
6818.HK,4/3/2026,3.02,0,0.06527
6818.HK,4/7/2026,3.02,0,0.06527
6818.HK,4/8/2026,3.09,16991616,
6818.HK,4/9/2026,3.05,5116672,
6818.HK,4/10/2026,3.12,9528038,
6818.HK,4/13/2026,3.12,16794025,
6818.HK,4/14/2026,3.14,16556000,
6818.HK,4/15/2026,3.13,5730000,
6818.HK,4/16/2026,3.2,20219153,
6818.HK,4/17/2026,3.15,9562851,
6818.HK,4/20/2026,3.16,10048000,
6818.HK,4/21/2026,3.18,11858000,
6818.HK,4/22/2026,3.19,5387000,
6818.HK,4/23/2026,3.18,9246000,
6818.HK,4/24/2026,3.14,11412000,
6818.HK,4/27/2026,3.16,14371000,
6818.HK,4/28/2026,3.2,19701000,
6818.HK,4/29/2026,3.22,16920403,
6818.HK,4/30/2026,3.09,23224899,
6818.HK,5/4/2026,3.14,2182000,
6818.HK,5/5/2026,3.11,1768768,
6818.HK,5/6/2026,3.14,8567763,
6818.HK,5/7/2026,3.15,9948000,
6818.HK,5/8/2026,3.12,7951000,
6818.HK,5/11/2026,3.13,7549999,
6818.HK,5/12/2026,3.17,14210139,
6818.HK,5/13/2026,3.2,14621940,
6818.HK,5/14/2026,3.17,12175320,
6818.HK,5/15/2026,3.16,12718000,
6818.HK,5/18/2026,3.13,12290000,
6818.HK,5/19/2026,3.14,11851999,
6818.HK,5/20/2026,3.07,15932000,
6818.HK,5/21/2026,3.03,8484046,
6818.HK,5/22/2026,3.02,6079930,
6818.HK,5/25/2026,3.02,0,0.06527
6818.HK,5/26/2026,3.02,6145108,
6818.HK,5/27/2026,3.03,12334000,
6818.HK,5/28/2026,3.05,14318992,
6818.HK,5/29/2026,3.05,10747000,
6818.HK,6/1/2026,3.11,14403596,
6818.HK,6/2/2026,3.2,21640000,
6818.HK,6/3/2026,3.2,27515100,
6818.HK,6/4/2026,3.18,23125870,0.061986
6818.HK,6/5/2026,3.22,69619339,0.061216
6818.HK,6/8/2026,3.21,49079995,0.061407
6818.HK,6/9/2026,3.23,14658279,0.061027
6818.HK,6/10/2026,3.28,21523451,0.060097
6818.HK,6/11/2026,3.31,20496585,0.059552
6862.HK,6/3/2024,18.12,11608214,
6862.HK,6/4/2024,18.26,4952646,
6862.HK,6/5/2024,17.88,5783848,
6862.HK,6/6/2024,17.68,9630561,
6862.HK,6/7/2024,16.58,10553024,
6862.HK,6/11/2024,16.38,14643012,
6862.HK,6/12/2024,16.16,9310234,
6862.HK,6/13/2024,16.78,12933686,
6862.HK,6/14/2024,16.52,6012267,
6862.HK,6/17/2024,16.36,5741997,
6862.HK,6/18/2024,15.96,9206368,
6862.HK,6/19/2024,16.32,8494688,
6862.HK,6/20/2024,15.36,28876048,
6862.HK,6/21/2024,15.1,17205193,
6862.HK,6/24/2024,14.68,37565852,
6862.HK,6/25/2024,14.84,15010824,
6862.HK,6/26/2024,14.6,9648634,
6862.HK,6/27/2024,14.1,14629971,
6862.HK,6/28/2024,14.04,18751976,
6862.HK,7/2/2024,13.9,14463636,
6862.HK,7/3/2024,14.02,14585750,
6862.HK,7/4/2024,13.94,10446377,
6862.HK,7/5/2024,13.72,7904618,
6862.HK,7/8/2024,13.26,16967996,
6862.HK,7/9/2024,13.24,9535481,
6862.HK,7/10/2024,13.02,11010551,
6862.HK,7/11/2024,13.46,13099658,
6862.HK,7/12/2024,13.92,17698261,
6862.HK,7/15/2024,13.56,9508854,
6862.HK,7/16/2024,13.5,7190555,
6862.HK,7/17/2024,13.7,8811967,
6862.HK,7/18/2024,13.72,7305188,
6862.HK,7/19/2024,13.14,16104900,
6862.HK,7/22/2024,13.04,20828273,
6862.HK,7/23/2024,12.78,10423914,
6862.HK,7/24/2024,12.62,10932671,
6862.HK,7/25/2024,12.46,9845966,
6862.HK,7/26/2024,12.58,8763859,
6862.HK,7/29/2024,12.62,6589288,
6862.HK,7/30/2024,12.16,11831530,
6862.HK,7/31/2024,12.7,21404206,
6862.HK,8/1/2024,12.2,18369537,
6862.HK,8/2/2024,12.02,8168667,
6862.HK,8/5/2024,12.16,14102621,
6862.HK,8/6/2024,12.22,9728646,
6862.HK,8/7/2024,12.56,16350035,
6862.HK,8/8/2024,12.8,20234107,
6862.HK,8/9/2024,12.46,16944125,
6862.HK,8/12/2024,12.22,9202331,
6862.HK,8/13/2024,12.14,8089680,
6862.HK,8/14/2024,12.02,8453206,
6862.HK,8/15/2024,11.94,11324333,
6862.HK,8/16/2024,12,9577459,
6862.HK,8/19/2024,12.46,20236747,
6862.HK,8/20/2024,12.38,13468650,
6862.HK,8/21/2024,12.24,8924962,
6862.HK,8/22/2024,12.2,11696964,
6862.HK,8/23/2024,11.8,21915502,
6862.HK,8/26/2024,11.92,13380396,
6862.HK,8/27/2024,12.26,13516759,
6862.HK,8/28/2024,12.34,34005420,
6862.HK,8/29/2024,13.04,36067365,
6862.HK,8/30/2024,13.12,32700487,
6862.HK,9/2/2024,13.16,17455051,
6862.HK,9/3/2024,13.28,16900514,
6862.HK,9/4/2024,13.28,12191164,
6862.HK,9/5/2024,13.64,20459169,
6862.HK,9/9/2024,12.72,21444794,
6862.HK,9/10/2024,12.62,15696849,
6862.HK,9/11/2024,12.82,10019015,
6862.HK,9/12/2024,12.48,17661468,
6862.HK,9/13/2024,12.44,9372341,
6862.HK,9/16/2024,12.42,5255981,
6862.HK,9/17/2024,12.58,5870780,
6862.HK,9/19/2024,13.48,24989905,
6862.HK,9/20/2024,13.4,20773861,
6862.HK,9/23/2024,13.44,18365582,
6862.HK,9/24/2024,14.62,49314381,
6862.HK,9/25/2024,14.56,45007619,
6862.HK,9/26/2024,17.18,81652896,
6862.HK,9/27/2024,17.54,97678438,
6862.HK,9/30/2024,19.06,114006967,
6862.HK,10/2/2024,18.92,117447907,
6862.HK,10/3/2024,18.5,38752900,
6862.HK,10/4/2024,19,26277165,
6862.HK,10/7/2024,19.3,37310851,
6862.HK,10/8/2024,16.4,87789546,
6862.HK,10/9/2024,15.92,60856659,
6862.HK,10/10/2024,16.86,53709987,
6862.HK,10/14/2024,16.62,37632195,
6862.HK,10/15/2024,15.64,37475356,
6862.HK,10/16/2024,15.3,38520399,
6862.HK,10/17/2024,14.76,33396880,
6862.HK,10/18/2024,15.48,33050444,
6862.HK,10/21/2024,15.34,15067428,
6862.HK,10/22/2024,15.5,12196100,
6862.HK,10/23/2024,15.8,15070299,
6862.HK,10/24/2024,15.34,9147638,
6862.HK,10/25/2024,15.5,8617726,
6862.HK,10/28/2024,15.96,20805872,
6862.HK,10/29/2024,15.88,18621259,
6862.HK,10/30/2024,15.68,11581847,
6862.HK,10/31/2024,15.68,13513025,
6862.HK,11/1/2024,15.94,14457612,
6862.HK,11/4/2024,16.1,10058497,
6862.HK,11/5/2024,16.62,21392674,
6862.HK,11/6/2024,16.4,21863212,
6862.HK,11/7/2024,17.92,43188291,
6862.HK,11/8/2024,17.4,30325177,
6862.HK,11/11/2024,16.94,21200625,
6862.HK,11/12/2024,16.16,26150993,
6862.HK,11/13/2024,15.72,21975570,
6862.HK,11/14/2024,15.28,20518645,
6862.HK,11/15/2024,15.34,14657502,
6862.HK,11/18/2024,15.44,9175120,
6862.HK,11/19/2024,15.64,9199830,
6862.HK,11/20/2024,15.68,6517651,
6862.HK,11/21/2024,15.5,9422971,
6862.HK,11/22/2024,14.94,14483222,
6862.HK,11/25/2024,14.7,14100476,
6862.HK,11/26/2024,14.74,12319657,
6862.HK,11/27/2024,15.2,18272219,
6862.HK,11/28/2024,14.88,10557462,
6862.HK,11/29/2024,15.52,25722781,
6862.HK,12/2/2024,16,18661755,
6862.HK,12/3/2024,15.96,11424776,
6862.HK,12/4/2024,15.9,10475536,
6862.HK,12/5/2024,15.42,12433868,
6862.HK,12/6/2024,16.02,14048934,
6862.HK,12/9/2024,16.9,28620085,
6862.HK,12/10/2024,16.6,36106256,
6862.HK,12/11/2024,16.96,25080111,
6862.HK,12/12/2024,17.62,35822687,
6862.HK,12/13/2024,17,23250169,
6862.HK,12/16/2024,16.84,12536000,
6862.HK,12/17/2024,17.36,19338962,
6862.HK,12/18/2024,17.34,15635731,
6862.HK,12/19/2024,17.12,13027444,
6862.HK,12/20/2024,17.02,11903760,
6862.HK,12/23/2024,16.76,12419843,
6862.HK,12/24/2024,17,5838565,
6862.HK,12/27/2024,16.4,18668846,
6862.HK,12/30/2024,15.5,35427091,
6862.HK,12/31/2024,15.9,20778983,
6862.HK,1/2/2025,15.56,13264053,
6862.HK,1/3/2025,15.34,15971297,
6862.HK,1/6/2025,14.94,19300723,
6862.HK,1/7/2025,14.92,18338352,
6862.HK,1/8/2025,14.64,25828487,
6862.HK,1/9/2025,14.56,18449469,
6862.HK,1/10/2025,13.92,30335432,
6862.HK,1/13/2025,13.8,20064508,
6862.HK,1/14/2025,14.1,21350853,
6862.HK,1/15/2025,14,14705782,
6862.HK,1/16/2025,14.2,18181175,
6862.HK,1/17/2025,14.16,15350041,
6862.HK,1/20/2025,14.22,24552401,
6862.HK,1/21/2025,14.24,19446893,
6862.HK,1/22/2025,14.02,11700201,
6862.HK,1/23/2025,13.88,10147093,
6862.HK,1/24/2025,14.18,16626766,
6862.HK,1/27/2025,14.36,12701560,
6862.HK,1/28/2025,14.5,4311887,
6862.HK,2/3/2025,14.02,20377958,
6862.HK,2/4/2025,14.96,26948714,
6862.HK,2/5/2025,14.42,20024816,
6862.HK,2/6/2025,14.42,16474133,
6862.HK,2/7/2025,14.9,31363716,
6862.HK,2/10/2025,15.32,27746516,
6862.HK,2/11/2025,14.88,16961541,
6862.HK,2/12/2025,15.34,26734647,
6862.HK,2/13/2025,15.54,50903398,
6862.HK,2/14/2025,15.98,26406995,
6862.HK,2/17/2025,15.46,31718876,
6862.HK,2/18/2025,15.48,23397583,
6862.HK,2/19/2025,15.9,24473120,
6862.HK,2/20/2025,15.7,20159863,
6862.HK,2/21/2025,15.58,26086288,
6862.HK,2/24/2025,15.84,21962544,
6862.HK,2/25/2025,15.46,22331115,
6862.HK,2/26/2025,16,27525766,
6862.HK,2/27/2025,17.08,70057502,
6862.HK,2/28/2025,16.62,49167517,
6862.HK,3/3/2025,16.26,30981664,
6862.HK,3/4/2025,15.98,24009942,
6862.HK,3/5/2025,16.56,25566273,
6862.HK,3/6/2025,17.02,35865391,
6862.HK,3/7/2025,17.5,44080218,
6862.HK,3/10/2025,16.72,27006371,
6862.HK,3/11/2025,17.34,37621391,
6862.HK,3/12/2025,17.34,25986183,
6862.HK,3/13/2025,16.96,21888990,
6862.HK,3/14/2025,17.4,29008444,
6862.HK,3/17/2025,17.74,38300308,
6862.HK,3/18/2025,18.06,25191597,
6862.HK,3/19/2025,18.2,19267945,
6862.HK,3/20/2025,17.74,20294922,
6862.HK,3/21/2025,17.24,22958257,
6862.HK,3/24/2025,17.04,20008035,
6862.HK,3/25/2025,16.6,17767315,
6862.HK,3/26/2025,17.62,42748693,
6862.HK,3/27/2025,18.68,49010007,
6862.HK,3/28/2025,18.02,28009203,
6862.HK,3/31/2025,17.56,19879015,
6862.HK,4/1/2025,17.88,19890365,
6862.HK,4/2/2025,17.48,27864917,
6862.HK,4/3/2025,17.72,22667953,
6862.HK,4/7/2025,15.74,49771240,
6862.HK,4/8/2025,16.12,33948535,
6862.HK,4/9/2025,17.2,45147104,
6862.HK,4/10/2025,17.56,26548234,
6862.HK,4/11/2025,17.74,20365979,
6862.HK,4/14/2025,17.62,40073777,
6862.HK,4/15/2025,17.54,22373596,
6862.HK,4/16/2025,16.94,29607397,
6862.HK,4/17/2025,17.4,22803987,
6862.HK,4/22/2025,16.98,24668631,
6862.HK,4/23/2025,17.58,26397937,
6862.HK,4/24/2025,17.84,18630129,
6862.HK,4/25/2025,18.02,20498392,
6862.HK,4/28/2025,17.62,21617157,
6862.HK,4/29/2025,17.92,11746437,
6862.HK,4/30/2025,17.62,12475317,
6862.HK,5/2/2025,17.92,6187735,
6862.HK,5/6/2025,17.68,15349138,
6862.HK,5/7/2025,17.54,16836073,
6862.HK,5/8/2025,17.32,19045150,
6862.HK,5/9/2025,16.84,45037167,
6862.HK,5/12/2025,17.02,36675226,
6862.HK,5/13/2025,16.7,19206014,
6862.HK,5/14/2025,16.78,14254605,
6862.HK,5/15/2025,16.74,18362038,
6862.HK,5/16/2025,16.36,15986984,
6862.HK,5/19/2025,16.06,22437029,
6862.HK,5/20/2025,16.24,17654609,
6862.HK,5/21/2025,15.8,16409018,
6862.HK,5/22/2025,15.1,35349836,
6862.HK,5/23/2025,15.12,14658369,
6862.HK,5/26/2025,14.8,19479011,
6862.HK,5/27/2025,14.78,18982536,
6862.HK,5/28/2025,15.12,21256924,
6862.HK,5/29/2025,15.3,20823170,
6862.HK,5/30/2025,15.08,15110572,
6862.HK,6/2/2025,14.78,12400409,
6862.HK,6/3/2025,14.88,12144038,
6862.HK,6/4/2025,15.16,20887888,
6862.HK,6/5/2025,15.32,18561953,
6862.HK,6/6/2025,15.18,15361951,
6862.HK,6/9/2025,15.62,20122834,
6862.HK,6/10/2025,15.58,19153277,
6862.HK,6/11/2025,15.58,16162717,
6862.HK,6/12/2025,15.02,25613070,
6862.HK,6/13/2025,14.9,15070008,
6862.HK,6/16/2025,15.02,13784621,
6862.HK,6/17/2025,14.92,13998429,
6862.HK,6/18/2025,14.86,17365753,
6862.HK,6/19/2025,14.44,24158181,
6862.HK,6/20/2025,14.52,15430550,
6862.HK,6/23/2025,14.54,11165623,
6862.HK,6/24/2025,14.94,17258051,
6862.HK,6/25/2025,15.14,16176041,
6862.HK,6/26/2025,15.24,16832017,
6862.HK,6/27/2025,15.16,12367124,
6862.HK,6/30/2025,14.9,10964157,
6862.HK,7/1/2025,14.9,0,0.056711
6862.HK,7/2/2025,15.08,15014441,
6862.HK,7/3/2025,15.1,13834764,
6862.HK,7/4/2025,14.76,16757698,
6862.HK,7/7/2025,14.66,11648581,
6862.HK,7/8/2025,14.78,20502260,
6862.HK,7/9/2025,14.54,15493087,
6862.HK,7/10/2025,14.42,24008397,
6862.HK,7/11/2025,14.66,28643071,
6862.HK,7/14/2025,14.12,41378724,
6862.HK,7/15/2025,14,51349650,
6862.HK,7/16/2025,13.88,44369735,
6862.HK,7/17/2025,13.96,36309501,
6862.HK,7/18/2025,13.92,38254675,
6862.HK,7/21/2025,14.3,44511291,
6862.HK,7/22/2025,14.36,28548318,
6862.HK,7/23/2025,14.42,39050875,
6862.HK,7/24/2025,14.64,27860029,
6862.HK,7/25/2025,14.52,24742101,
6862.HK,7/28/2025,14.36,27823531,
6862.HK,7/29/2025,14.2,26394350,
6862.HK,7/30/2025,14.34,28381228,
6862.HK,7/31/2025,13.92,32525097,
6862.HK,8/1/2025,13.86,23495622,
6862.HK,8/4/2025,13.89,15811313,
6862.HK,8/5/2025,14.02,16402881,
6862.HK,8/6/2025,13.9,15909723,
6862.HK,8/7/2025,14,19229412,
6862.HK,8/8/2025,13.95,11321049,
6862.HK,8/11/2025,13.79,20684110,
6862.HK,8/12/2025,13.76,22926184,
6862.HK,8/13/2025,14.14,27268105,
6862.HK,8/14/2025,14.1,15375638,
6862.HK,8/15/2025,14.07,18512531,
6862.HK,8/18/2025,14.01,23497895,
6862.HK,8/19/2025,14.3,32672798,
6862.HK,8/20/2025,14.27,30649420,
6862.HK,8/21/2025,14.16,29620409,
6862.HK,8/22/2025,14.27,36612952,
6862.HK,8/25/2025,14.88,68395376,
6862.HK,8/26/2025,14.47,81476172,
6862.HK,8/27/2025,14.04,69871714,
6862.HK,8/28/2025,13.87,49784176,
6862.HK,8/29/2025,13.79,43389476,
6862.HK,9/1/2025,13.88,27829400,
6862.HK,9/2/2025,13.63,29069809,
6862.HK,9/3/2025,13.51,26624422,
6862.HK,9/4/2025,13.43,27621620,
6862.HK,9/5/2025,13.4,27989493,
6862.HK,9/8/2025,13.52,24975183,
6862.HK,9/9/2025,13.38,28313304,
6862.HK,9/10/2025,13.46,24751524,
6862.HK,9/11/2025,13.3,26662798,
6862.HK,9/12/2025,13.34,26958749,
6862.HK,9/15/2025,13.2,32606972,
6862.HK,9/16/2025,13.11,31116120,
6862.HK,9/17/2025,13.36,30909393,
6862.HK,9/18/2025,13.11,33479934,
6862.HK,9/19/2025,13.21,18738898,
6862.HK,9/22/2025,12.96,27163018,
6862.HK,9/23/2025,12.82,23996815,
6862.HK,9/24/2025,12.78,21140961,
6862.HK,9/25/2025,12.55,24595852,
6862.HK,9/26/2025,12.89,40884123,
6862.HK,9/29/2025,13.1,24507277,
6862.HK,9/30/2025,13.42,32096055,
6862.HK,10/2/2025,13.23,14061294,
6862.HK,10/3/2025,13.03,15695279,
6862.HK,10/6/2025,12.89,7179175,
6862.HK,10/8/2025,12.8,16824898,
6862.HK,10/9/2025,12.81,23329293,
6862.HK,10/10/2025,12.86,21633833,
6862.HK,10/13/2025,12.78,31376895,
6862.HK,10/14/2025,12.61,20284453,
6862.HK,10/15/2025,13.28,45151398,
6862.HK,10/16/2025,13.14,25409138,
6862.HK,10/17/2025,12.91,18968876,
6862.HK,10/20/2025,13.07,13811151,
6862.HK,10/21/2025,13.02,16073300,
6862.HK,10/22/2025,13.07,9157464,
6862.HK,10/23/2025,13.16,16374752,
6862.HK,10/24/2025,13.16,11802467,
6862.HK,10/27/2025,13.22,15786234,
6862.HK,10/28/2025,13.05,16124394,
6862.HK,10/29/2025,13.05,0,0.064751
6862.HK,10/30/2025,12.83,25120962,
6862.HK,10/31/2025,12.8,12876248,
6862.HK,11/3/2025,12.85,9367314,
6862.HK,11/4/2025,12.7,13525384,
6862.HK,11/5/2025,12.8,18561232,
6862.HK,11/6/2025,13.05,18056644,
6862.HK,11/7/2025,13.06,14076769,
6862.HK,11/10/2025,13.7,58050432,
6862.HK,11/11/2025,13.78,21667493,
6862.HK,11/12/2025,13.96,37577072,
6862.HK,11/13/2025,14.07,28565857,
6862.HK,11/14/2025,13.97,22656005,
6862.HK,11/17/2025,13.84,16639938,
6862.HK,11/18/2025,13.6,19356635,
6862.HK,11/19/2025,13.46,14661822,
6862.HK,11/20/2025,13.59,15339313,
6862.HK,11/21/2025,13.17,21926725,
6862.HK,11/24/2025,13.24,21635507,
6862.HK,11/25/2025,13.57,23188247,
6862.HK,11/26/2025,13.63,14746666,
6862.HK,11/27/2025,13.71,11797016,
6862.HK,11/28/2025,13.75,10227058,
6862.HK,12/1/2025,14.07,29427382,
6862.HK,12/2/2025,14.14,29332220,
6862.HK,12/3/2025,14.02,14566293,
6862.HK,12/4/2025,13.88,14132912,
6862.HK,12/5/2025,13.66,20810613,
6862.HK,12/8/2025,13.6,13892298,
6862.HK,12/9/2025,13.63,17195135,
6862.HK,12/10/2025,14.1,27125020,
6862.HK,12/11/2025,14.02,14654985,
6862.HK,12/12/2025,14.42,51269772,
6862.HK,12/15/2025,14.6,31954128,
6862.HK,12/16/2025,14.66,27210175,
6862.HK,12/17/2025,14.58,28192467,
6862.HK,12/18/2025,14.59,14209784,
6862.HK,12/19/2025,14.77,17640198,
6862.HK,12/22/2025,14.85,18004962,
6862.HK,12/23/2025,14.84,13939250,
6862.HK,12/24/2025,14.61,8027556,
6862.HK,12/25/2025,14.61,0,0.057837
6862.HK,12/26/2025,14.61,0,0.057837
6862.HK,12/29/2025,14.35,17681870,
6862.HK,12/30/2025,14.35,10017210,
6862.HK,12/31/2025,14.25,6069000,
6862.HK,1/2/2026,14.41,6954174,
6862.HK,1/5/2026,14.24,27453487,
6862.HK,1/6/2026,14.13,21049032,
6862.HK,1/7/2026,14.27,12910560,
6862.HK,1/8/2026,13.99,20503688,
6862.HK,1/9/2026,13.99,15427156,
6862.HK,1/12/2026,14.77,39934106,
6862.HK,1/13/2026,14.42,19007902,
6862.HK,1/14/2026,15.74,123582645,
6862.HK,1/15/2026,15.64,28233847,
6862.HK,1/16/2026,15.48,23929380,
6862.HK,1/19/2026,15.5,14092874,
6862.HK,1/20/2026,15.65,22622028,
6862.HK,1/21/2026,15.65,15688926,
6862.HK,1/22/2026,15.8,21186068,
6862.HK,1/23/2026,15.95,16098926,
6862.HK,1/26/2026,15.87,15475151,
6862.HK,1/27/2026,15.93,20016249,
6862.HK,1/28/2026,15.52,28683563,
6862.HK,1/29/2026,16.09,28844647,
6862.HK,1/30/2026,15.98,22123556,
6862.HK,2/2/2026,15.96,27609999,
6862.HK,2/3/2026,15.9,34085797,
6862.HK,2/4/2026,16.38,30844599,
6862.HK,2/5/2026,17.04,45865753,
6862.HK,2/6/2026,17.36,43976306,
6862.HK,2/9/2026,17.68,42817621,
6862.HK,2/10/2026,17.22,33192730,
6862.HK,2/11/2026,17.21,19924545,
6862.HK,2/12/2026,16.63,27279106,
6862.HK,2/13/2026,17.15,25263232,
6862.HK,2/16/2026,17.02,3799348,
6862.HK,2/20/2026,16.87,7692531,
6862.HK,2/23/2026,16.85,3657153,
6862.HK,2/24/2026,16.49,21625360,
6862.HK,2/25/2026,17.51,30960215,
6862.HK,2/26/2026,17.42,21311293,
6862.HK,2/27/2026,17.62,17895663,
6862.HK,3/2/2026,17.49,27623468,
6862.HK,3/3/2026,16.88,25951994,
6862.HK,3/4/2026,16.75,23802466,
6862.HK,3/5/2026,16.91,18799066,
6862.HK,3/6/2026,17.18,29919230,
6862.HK,3/9/2026,16.93,10963438,
6862.HK,3/10/2026,17.16,14651942,
6862.HK,3/11/2026,16.51,30190671,
6862.HK,3/12/2026,16.77,22113653,
6862.HK,3/13/2026,16.01,24466900,
6862.HK,3/16/2026,16.44,19796395,
6862.HK,3/17/2026,16.55,9660669,
6862.HK,3/18/2026,16.5,8643687,
6862.HK,3/19/2026,16.04,15332145,
6862.HK,3/20/2026,15.85,9935446,
6862.HK,3/23/2026,15.17,20969019,
6862.HK,3/24/2026,15.99,23894276,
6862.HK,3/25/2026,14.22,93441071,
6862.HK,3/26/2026,13.91,29068709,
6862.HK,3/27/2026,14.59,36553132,
6862.HK,3/30/2026,14.51,21626169,
6862.HK,3/31/2026,14.27,16660815,
6862.HK,4/1/2026,14.39,15167618,
6862.HK,4/2/2026,14.82,16832682,
6862.HK,4/3/2026,14.82,0,0.048718
6862.HK,4/7/2026,14.82,0,0.048718
6862.HK,4/8/2026,14.85,17015454,
6862.HK,4/9/2026,14.67,15756523,
6862.HK,4/10/2026,15.09,48982641,
6862.HK,4/13/2026,14.58,17628934,
6862.HK,4/14/2026,14.78,10403201,
6862.HK,4/15/2026,14.47,21314570,
6862.HK,4/16/2026,15.45,33318589,
6862.HK,4/17/2026,14.97,18746575,
6862.HK,4/20/2026,15.13,17690101,
6862.HK,4/21/2026,15.12,7665224,
6862.HK,4/22/2026,15,12408167,
6862.HK,4/23/2026,14.7,8690951,
6862.HK,4/24/2026,14.6,11852871,
6862.HK,4/27/2026,14.3,15192750,
6862.HK,4/28/2026,14.01,28900787,
6862.HK,4/29/2026,14.36,12222413,
6862.HK,4/30/2026,14.36,9281975,
6862.HK,5/4/2026,14.42,4588310,
6862.HK,5/5/2026,14.26,5081109,
6862.HK,5/6/2026,14.35,14930331,
6862.HK,5/7/2026,14.61,12721303,
6862.HK,5/8/2026,14.73,8246585,
6862.HK,5/11/2026,15.46,23490875,
6862.HK,5/12/2026,15.09,14980595,
6862.HK,5/13/2026,15.04,13388183,
6862.HK,5/14/2026,15,10856893,
6862.HK,5/15/2026,14.68,12209377,
6862.HK,5/18/2026,14.25,19279500,
6862.HK,5/19/2026,14.23,12424158,
6862.HK,5/20/2026,14.27,10832400,
6862.HK,5/21/2026,13.5,32990126,
6862.HK,5/22/2026,12.92,80103688,
6862.HK,5/25/2026,12.92,0,0.055882
6862.HK,5/26/2026,12.65,29729438,
6862.HK,5/27/2026,12.54,22594021,
6862.HK,5/28/2026,12.36,30399403,
6862.HK,5/29/2026,12.76,34707907,
6862.HK,6/1/2026,13.16,24444201,
6862.HK,6/2/2026,12.96,18206716,
6862.HK,6/3/2026,12.8,15799372,
6862.HK,6/4/2026,12.58,9667110,0.057393
6862.HK,6/5/2026,12.54,10575531,0.057576
6862.HK,6/8/2026,12.42,11508297,0.058132
6862.HK,6/9/2026,12.22,10826443,0.059083
6862.HK,6/10/2026,12.68,19699911,0.05694
6862.HK,6/11/2026,12.3,11870003,0.058699
9985.HK,6/3/2024,5.93,600800,
9985.HK,6/4/2024,6.12,621200,
9985.HK,6/5/2024,6.38,807400,
9985.HK,6/6/2024,6.22,505200,
9985.HK,6/7/2024,6.26,532200,
9985.HK,6/11/2024,6.45,807000,
9985.HK,6/12/2024,6.29,713400,
9985.HK,6/13/2024,6.55,740400,
9985.HK,6/14/2024,5.95,905400,
9985.HK,6/17/2024,6.06,807800,
9985.HK,6/18/2024,6.05,813400,
9985.HK,6/19/2024,6.05,826800,
9985.HK,6/20/2024,6.06,904600,
9985.HK,6/21/2024,6.26,851400,
9985.HK,6/24/2024,5.7,687400,
9985.HK,6/25/2024,5.59,637600,
9985.HK,6/26/2024,5.76,1010600,
9985.HK,6/27/2024,5.7,538200,
9985.HK,6/28/2024,5.5,758600,
9985.HK,7/2/2024,5.7,1201800,
9985.HK,7/3/2024,5.8,1202000,
9985.HK,7/4/2024,5.77,627000,
9985.HK,7/5/2024,6.05,1237400,
9985.HK,7/8/2024,5.85,1205200,
9985.HK,7/9/2024,5.84,435200,
9985.HK,7/10/2024,5.89,1219200,
9985.HK,7/11/2024,6.03,507600,
9985.HK,7/12/2024,6.13,315800,
9985.HK,7/15/2024,6.1,1173000,
9985.HK,7/16/2024,5.92,1206400,
9985.HK,7/17/2024,6.09,1208600,
9985.HK,7/18/2024,6.1,441600,
9985.HK,7/19/2024,6.23,1212400,
9985.HK,7/22/2024,6.13,1231000,
9985.HK,7/23/2024,6.16,322200,
9985.HK,7/24/2024,5.85,1205600,
9985.HK,7/25/2024,5.93,462800,
9985.HK,7/26/2024,6.13,1300600,
9985.HK,7/29/2024,6.31,851800,
9985.HK,7/30/2024,6.1,378600,
9985.HK,7/31/2024,6.47,563200,
9985.HK,8/1/2024,6.25,1205800,
9985.HK,8/2/2024,6.44,1218400,
9985.HK,8/5/2024,6.25,385200,
9985.HK,8/6/2024,6.54,1237800,
9985.HK,8/7/2024,6.48,347200,
9985.HK,8/8/2024,6.42,448000,
9985.HK,8/9/2024,6.53,1265800,
9985.HK,8/12/2024,6.7,1319400,
9985.HK,8/13/2024,6.64,603000,
9985.HK,8/14/2024,6.56,1201200,
9985.HK,8/15/2024,6.8,620600,
9985.HK,8/16/2024,6.85,1296200,
9985.HK,8/19/2024,6.9,1202800,
9985.HK,8/20/2024,6.94,612200,
9985.HK,8/21/2024,6.9,1201693,
9985.HK,8/22/2024,6.93,1203000,
9985.HK,8/23/2024,6.73,627400,
9985.HK,8/26/2024,7,1244600,
9985.HK,8/27/2024,7.28,1203800,
9985.HK,8/28/2024,7.1,617800,
9985.HK,8/29/2024,7.03,615200,
9985.HK,8/30/2024,7.21,1554000,
9985.HK,9/2/2024,6.84,1209200,
9985.HK,9/3/2024,6.83,800200,
9985.HK,9/4/2024,6.62,1245200,
9985.HK,9/5/2024,6.72,1243200,
9985.HK,9/9/2024,6.48,669000,
9985.HK,9/10/2024,6.42,606800,
9985.HK,9/11/2024,6.55,1201000,
9985.HK,9/12/2024,6.63,1200000,
9985.HK,9/13/2024,6.73,637600,
9985.HK,9/16/2024,6.52,467800,
9985.HK,9/17/2024,6.63,1181200,
9985.HK,9/19/2024,6.42,805600,
9985.HK,9/20/2024,6.4,1236000,
9985.HK,9/23/2024,6.32,1247800,
9985.HK,9/24/2024,6.64,556200,
9985.HK,9/25/2024,6.9,1184400,
9985.HK,9/26/2024,7.2,1839800,
9985.HK,9/27/2024,7.6,2648600,
9985.HK,9/30/2024,8,1203922,
9985.HK,10/2/2024,8.29,679500,
9985.HK,10/3/2024,8.02,1395400,
9985.HK,10/4/2024,7.94,1222400,
9985.HK,10/7/2024,8.32,1931400,
9985.HK,10/8/2024,7.77,2170200,
9985.HK,10/9/2024,7.68,1182800,
9985.HK,10/10/2024,7.97,620523,
9985.HK,10/14/2024,8.03,945000,
9985.HK,10/15/2024,7.91,847600,
9985.HK,10/16/2024,7.9,625000,
9985.HK,10/17/2024,7.68,482600,
9985.HK,10/18/2024,7.96,407800,
9985.HK,10/21/2024,7.93,1206200,
9985.HK,10/22/2024,8.06,564400,
9985.HK,10/23/2024,8.29,1381200,
9985.HK,10/24/2024,7.92,1688400,
9985.HK,10/25/2024,7.9,1189000,
9985.HK,10/28/2024,7.95,1253200,
9985.HK,10/29/2024,7.83,1201600,
9985.HK,10/30/2024,7.61,738000,
9985.HK,10/31/2024,7.4,761800,
9985.HK,11/1/2024,7.38,1204800,
9985.HK,11/4/2024,7.49,1240400,
9985.HK,11/5/2024,7.5,740800,
9985.HK,11/6/2024,7.47,826600,
9985.HK,11/7/2024,7.8,1335800,
9985.HK,11/8/2024,7.56,608800,
9985.HK,11/11/2024,7.3,1238600,
9985.HK,11/12/2024,7.3,610400,
9985.HK,11/13/2024,7.2,607400,
9985.HK,11/14/2024,7.14,540200,
9985.HK,11/15/2024,7.2,710200,
9985.HK,11/18/2024,7.23,1314522,
9985.HK,11/19/2024,7.25,513600,
9985.HK,11/20/2024,7.25,1192400,
9985.HK,11/21/2024,7.25,1220800,
9985.HK,11/22/2024,7.14,1197600,
9985.HK,11/25/2024,7.23,430600,
9985.HK,11/26/2024,7.17,1241400,
9985.HK,11/27/2024,7.25,1529886,
9985.HK,11/28/2024,7.17,608600,
9985.HK,11/29/2024,7.22,1257080,
9985.HK,12/2/2024,7.26,1222600,
9985.HK,12/3/2024,7.3,1208000,
9985.HK,12/4/2024,7.3,1191800,
9985.HK,12/5/2024,7.3,1211400,
9985.HK,12/6/2024,7.52,2694600,
9985.HK,12/9/2024,7.52,1496800,
9985.HK,12/10/2024,7.37,1238000,
9985.HK,12/11/2024,7.67,3739800,
9985.HK,12/12/2024,7.82,2538200,
9985.HK,12/13/2024,7.8,1733200,
9985.HK,12/16/2024,7.77,839600,
9985.HK,12/17/2024,7.62,418200,
9985.HK,12/18/2024,7.67,805600,
9985.HK,12/19/2024,7.54,586800,
9985.HK,12/20/2024,7.3,1342800,
9985.HK,12/23/2024,7.35,1471600,
9985.HK,12/24/2024,7.45,1592600,
9985.HK,12/27/2024,7.2,1584400,
9985.HK,12/30/2024,7.2,418122,
9985.HK,12/31/2024,7.2,317800,
9985.HK,1/2/2025,7.03,1217600,
9985.HK,1/3/2025,6.91,1204878,
9985.HK,1/6/2025,6.96,1190800,
9985.HK,1/7/2025,7,1545400,
9985.HK,1/8/2025,7,1205000,
9985.HK,1/9/2025,7.09,1786600,
9985.HK,1/10/2025,6.9,1337400,
9985.HK,1/13/2025,7,1656200,
9985.HK,1/14/2025,7,1345000,
9985.HK,1/15/2025,6.96,603434,
9985.HK,1/16/2025,7,651323,
9985.HK,1/17/2025,6.95,1192000,
9985.HK,1/20/2025,7.48,3028200,
9985.HK,1/21/2025,7.63,502200,
9985.HK,1/22/2025,7.56,821200,
9985.HK,1/23/2025,7.34,373800,
9985.HK,1/24/2025,7.42,1041600,
9985.HK,1/27/2025,7.24,426800,
9985.HK,1/28/2025,7.28,119400,
9985.HK,2/3/2025,7.3,446600,
9985.HK,2/4/2025,7.46,414000,
9985.HK,2/5/2025,7.32,888000,
9985.HK,2/6/2025,7.58,2143400,
9985.HK,2/7/2025,7.66,1186600,
9985.HK,2/10/2025,7.71,1191600,
9985.HK,2/11/2025,7.54,1208000,
9985.HK,2/12/2025,7.52,1846000,
9985.HK,2/13/2025,7.57,1266600,
9985.HK,2/14/2025,7.56,1234400,
9985.HK,2/17/2025,7.38,1203600,
9985.HK,2/18/2025,7.43,1205000,
9985.HK,2/19/2025,7.7,816400,
9985.HK,2/20/2025,7.99,1355600,
9985.HK,2/21/2025,7.96,1439000,
9985.HK,2/24/2025,8.74,3310966,
9985.HK,2/25/2025,9.05,2437800,
9985.HK,2/26/2025,9.27,5043200,
9985.HK,2/27/2025,9.19,1450900,
9985.HK,2/28/2025,9.68,2104600,
9985.HK,3/3/2025,9.42,1269000,
9985.HK,3/4/2025,9.31,1245600,
9985.HK,3/5/2025,9.55,1447000,
9985.HK,3/6/2025,9.53,1350200,
9985.HK,3/7/2025,9.58,3797800,
9985.HK,3/10/2025,11,28457649,
9985.HK,3/11/2025,11,13594800,
9985.HK,3/12/2025,11.66,21052800,
9985.HK,3/13/2025,11.92,17040825,
9985.HK,3/14/2025,11.78,12481200,
9985.HK,3/17/2025,12.28,13295000,
9985.HK,3/18/2025,12.26,5592600,
9985.HK,3/19/2025,12.86,17304948,
9985.HK,3/20/2025,13.48,9426200,
9985.HK,3/21/2025,12.86,16277734,
9985.HK,3/24/2025,12.62,5631400,
9985.HK,3/25/2025,12.2,5911200,
9985.HK,3/26/2025,12.42,3973840,
9985.HK,3/27/2025,13.84,12794278,
9985.HK,3/28/2025,14.16,19592054,
9985.HK,3/31/2025,15.22,11938249,
9985.HK,4/1/2025,16.12,22853600,
9985.HK,4/2/2025,15.36,15862400,
9985.HK,4/3/2025,15.96,24445200,
9985.HK,4/7/2025,14.14,29715993,
9985.HK,4/8/2025,16.4,28689407,
9985.HK,4/9/2025,16.24,29074019,
9985.HK,4/10/2025,16.3,20804400,
9985.HK,4/11/2025,16.1,11681800,
9985.HK,4/14/2025,16.24,20335800,
9985.HK,4/15/2025,16.06,34423102,
9985.HK,4/16/2025,16.56,20100766,
9985.HK,4/17/2025,16.26,22212000,
9985.HK,4/22/2025,15.92,17303014,
9985.HK,4/23/2025,16.78,11957400,
9985.HK,4/24/2025,17.56,10915122,
9985.HK,4/25/2025,16.84,8345000,
9985.HK,4/28/2025,16.74,6610000,
9985.HK,4/29/2025,17.2,8131226,
9985.HK,4/30/2025,16.34,8679200,
9985.HK,5/2/2025,17.82,5004184,
9985.HK,5/6/2025,16.64,11366000,
9985.HK,5/7/2025,15.98,13251894,
9985.HK,5/8/2025,15.14,117218644,
9985.HK,5/9/2025,15.32,15300400,
9985.HK,5/12/2025,14.74,25919400,
9985.HK,5/13/2025,14.82,16677200,
9985.HK,5/14/2025,14.78,7454070,
9985.HK,5/15/2025,15.02,12827200,
9985.HK,5/16/2025,14.88,5861178,
9985.HK,5/19/2025,15.3,17481600,
9985.HK,5/20/2025,16.14,20693144,
9985.HK,5/21/2025,16.2,9895600,
9985.HK,5/22/2025,15.58,9391800,
9985.HK,5/23/2025,15.36,6293800,
9985.HK,5/26/2025,15.46,4335539,
9985.HK,5/27/2025,15.56,9758149,
9985.HK,5/28/2025,15.1,8243000,
9985.HK,5/29/2025,13.82,40622322,
9985.HK,5/30/2025,13.8,22803372,
9985.HK,6/2/2025,13.78,2991192,
9985.HK,6/3/2025,14.56,14495067,
9985.HK,6/4/2025,15.72,15929101,
9985.HK,6/5/2025,15.64,13444509,
9985.HK,6/6/2025,14.96,6471400,
9985.HK,6/9/2025,15.28,8582609,
9985.HK,6/10/2025,14.8,7811500,
9985.HK,6/11/2025,14.48,8371435,
9985.HK,6/12/2025,15.1,12097000,
9985.HK,6/13/2025,14.88,5486800,
9985.HK,6/16/2025,14.86,4059400,
9985.HK,6/17/2025,14.62,6563200,
9985.HK,6/18/2025,13.96,12653180,
9985.HK,6/19/2025,13.46,11459400,
9985.HK,6/20/2025,13.2,7385200,
9985.HK,6/23/2025,13.34,5613310,
9985.HK,6/24/2025,13.8,10061768,
9985.HK,6/25/2025,13.98,7003800,
9985.HK,6/26/2025,13.5,4515541,
9985.HK,6/27/2025,13.56,3147322,
9985.HK,6/30/2025,14.5,10259851,
9985.HK,7/1/2025,14.5,0,0.021945
9985.HK,7/2/2025,14.3,8718200,
9985.HK,7/3/2025,14.16,3118072,
9985.HK,7/4/2025,14.18,4694200,
9985.HK,7/7/2025,14.18,4017200,
9985.HK,7/8/2025,14.02,4423210,
9985.HK,7/9/2025,14.5,5609144,
9985.HK,7/10/2025,12.62,43858890,
9985.HK,7/11/2025,12.56,11151000,
9985.HK,7/14/2025,12.9,8909600,
9985.HK,7/15/2025,12.82,6016640,
9985.HK,7/16/2025,12.78,8097280,
9985.HK,7/17/2025,12.82,4829400,
9985.HK,7/18/2025,12.62,7080106,
9985.HK,7/21/2025,12.5,10807634,
9985.HK,7/22/2025,12.4,5159200,
9985.HK,7/23/2025,12.3,5623600,
9985.HK,7/24/2025,12.42,4103078,
9985.HK,7/25/2025,12.5,4007878,
9985.HK,7/28/2025,12.2,5986822,
9985.HK,7/29/2025,12.16,5697400,
9985.HK,7/30/2025,12.1,6037600,
9985.HK,7/31/2025,11.78,6654400,
9985.HK,8/1/2025,11.98,5460400,
9985.HK,8/4/2025,12.31,11011300,
9985.HK,8/5/2025,12.45,4613800,
9985.HK,8/6/2025,12.42,3316000,
9985.HK,8/7/2025,12.66,7647217,
9985.HK,8/8/2025,12.66,3674600,
9985.HK,8/11/2025,12.74,5037600,
9985.HK,8/12/2025,13.16,12764600,
9985.HK,8/13/2025,12.7,9351974,
9985.HK,8/14/2025,12.11,30233186,
9985.HK,8/15/2025,13.3,32154500,
9985.HK,8/18/2025,13.2,17739069,
9985.HK,8/19/2025,12.91,10253000,
9985.HK,8/20/2025,13.01,7435800,
9985.HK,8/21/2025,13.94,12677067,
9985.HK,8/22/2025,13.6,9813954,
9985.HK,8/25/2025,13.7,9715457,
9985.HK,8/26/2025,14.29,11966600,
9985.HK,8/27/2025,13.74,6932835,
9985.HK,8/28/2025,13.22,9497948,
9985.HK,8/29/2025,13.61,5970008,
9985.HK,9/1/2025,13.01,9933200,
9985.HK,9/2/2025,13.28,5092000,
9985.HK,9/3/2025,12.64,8242600,
9985.HK,9/4/2025,12.4,7296400,
9985.HK,9/5/2025,12.7,6639250,
9985.HK,9/8/2025,13.67,15216350,
9985.HK,9/9/2025,13.94,7136400,
9985.HK,9/10/2025,13.83,4014200,
9985.HK,9/11/2025,13.4,3131878,
9985.HK,9/12/2025,13.58,3933576,
9985.HK,9/15/2025,13.36,1382800,
9985.HK,9/16/2025,13.5,3246800,
9985.HK,9/17/2025,13.23,2870078,
9985.HK,9/18/2025,12.92,4297500,
9985.HK,9/19/2025,13.17,14832112,
9985.HK,9/22/2025,13.15,4171478,
9985.HK,9/23/2025,12.63,9461672,
9985.HK,9/24/2025,12.41,4574956,
9985.HK,9/25/2025,12.2,2976200,
9985.HK,9/26/2025,12.13,2783485,
9985.HK,9/29/2025,12.32,4177000,
9985.HK,9/30/2025,12.18,3864991,
9985.HK,10/2/2025,12.11,1293500,
9985.HK,10/3/2025,12.05,794800,
9985.HK,10/6/2025,11.89,647100,
9985.HK,10/8/2025,11.62,1540000,
9985.HK,10/9/2025,11.59,4564400,
9985.HK,10/10/2025,11.97,10321610,
9985.HK,10/13/2025,12.1,4925800,
9985.HK,10/14/2025,12.03,5421716,
9985.HK,10/15/2025,12.72,9470254,
9985.HK,10/16/2025,13.1,10233506,
9985.HK,10/17/2025,12.22,3995264,
9985.HK,10/20/2025,12.42,2957235,
9985.HK,10/21/2025,12.16,4524078,
9985.HK,10/22/2025,12.02,1767000,
9985.HK,10/23/2025,11.46,9245278,
9985.HK,10/24/2025,11.53,4416200,
9985.HK,10/27/2025,11.5,3822600,
9985.HK,10/28/2025,11.7,5132522,
9985.HK,10/29/2025,11.7,0,0.027197
9985.HK,10/30/2025,11.72,3814000,
9985.HK,10/31/2025,11.91,2792722,
9985.HK,11/3/2025,11.49,6755950,
9985.HK,11/4/2025,11.28,2420200,
9985.HK,11/5/2025,11.29,2023678,
9985.HK,11/6/2025,11.16,3608600,
9985.HK,11/7/2025,10.97,3647322,
9985.HK,11/10/2025,11.86,13051600,
9985.HK,11/11/2025,12.01,3128800,
9985.HK,11/12/2025,11.93,4352440,
9985.HK,11/13/2025,12.01,2929681,
9985.HK,11/14/2025,11.98,2202919,
9985.HK,11/17/2025,11.47,2951800,
9985.HK,11/18/2025,11.2,1907954,
9985.HK,11/19/2025,11.27,1573201,
9985.HK,11/20/2025,11.08,2434400,
9985.HK,11/21/2025,10.95,2295200,
9985.HK,11/24/2025,11.04,3077600,
9985.HK,11/25/2025,11.12,3277000,
9985.HK,11/26/2025,11.19,1241600,
9985.HK,11/27/2025,11.38,3112013,
9985.HK,11/28/2025,11.37,1281600,
9985.HK,12/1/2025,11.47,2424600,
9985.HK,12/2/2025,11.25,1107400,
9985.HK,12/3/2025,10.78,4394600,
9985.HK,12/4/2025,10.92,3471400,
9985.HK,12/5/2025,10.94,1455692,
9985.HK,12/8/2025,10.98,1886600,
9985.HK,12/9/2025,10.75,2400200,
9985.HK,12/10/2025,11.06,4227200,
9985.HK,12/11/2025,10.92,1622000,
9985.HK,12/12/2025,10.82,5650800,
9985.HK,12/15/2025,10.93,3147800,
9985.HK,12/16/2025,10.52,4122800,
9985.HK,12/17/2025,10.66,1857600,
9985.HK,12/18/2025,10.57,1961200,
9985.HK,12/19/2025,11.2,6916400,
9985.HK,12/22/2025,11.75,7315200,
9985.HK,12/23/2025,11.46,3098600,
9985.HK,12/24/2025,11.58,1476556,
9985.HK,12/25/2025,11.58,0,0.027478
9985.HK,12/26/2025,11.58,0,0.027478
9985.HK,12/29/2025,11.67,3639000,
9985.HK,12/30/2025,11.4,2967800,
9985.HK,12/31/2025,11.25,2217256,
9985.HK,1/2/2026,11.12,548600,
9985.HK,1/5/2026,11.9,9275000,
9985.HK,1/6/2026,12.23,6609800,
9985.HK,1/7/2026,12,3294400,
9985.HK,1/8/2026,12.27,4673400,
9985.HK,1/9/2026,12.17,6181600,
9985.HK,1/12/2026,12.34,5127800,
9985.HK,1/13/2026,12.4,4783800,
9985.HK,1/14/2026,12.35,5094000,
9985.HK,1/15/2026,12.54,7457200,
9985.HK,1/16/2026,12.72,2832411,
9985.HK,1/19/2026,13.02,7373800,
9985.HK,1/20/2026,12.7,4264200,
9985.HK,1/21/2026,13.09,5733000,
9985.HK,1/22/2026,12.83,4749508,
9985.HK,1/23/2026,12.75,3904400,
9985.HK,1/26/2026,12.5,6317489,
9985.HK,1/27/2026,12.4,4043600,
9985.HK,1/28/2026,12.7,3029200,
9985.HK,1/29/2026,12.78,3303600,
9985.HK,1/30/2026,12.29,3670400,
9985.HK,2/2/2026,12.81,6627229,
9985.HK,2/3/2026,12.65,4988000,
9985.HK,2/4/2026,12.15,4374000,
9985.HK,2/5/2026,12.51,6989492,
9985.HK,2/6/2026,12.45,3583044,
9985.HK,2/9/2026,12.66,2514549,
9985.HK,2/10/2026,12.73,1884400,
9985.HK,2/11/2026,12.76,2498400,
9985.HK,2/12/2026,12.61,2035817,
9985.HK,2/13/2026,12.62,1409980,
9985.HK,2/16/2026,12.58,159800,
9985.HK,2/20/2026,12.38,700179,
9985.HK,2/23/2026,12.69,487600,
9985.HK,2/24/2026,12.48,3325215,
9985.HK,2/25/2026,11.96,7157800,
9985.HK,2/26/2026,11.77,4837600,
9985.HK,2/27/2026,11.71,2288000,
9985.HK,3/2/2026,11.55,2578600,
9985.HK,3/3/2026,11.23,2927200,
9985.HK,3/4/2026,11.14,2432000,
9985.HK,3/5/2026,11.05,2723600,
9985.HK,3/6/2026,11.45,1681200,
9985.HK,3/9/2026,11.5,1982419,
9985.HK,3/10/2026,11.46,2626600,
9985.HK,3/11/2026,11.42,4086800,
9985.HK,3/12/2026,11.24,1814198,
9985.HK,3/13/2026,11,2102400,
9985.HK,3/16/2026,11.23,1375800,
9985.HK,3/17/2026,11.27,1862400,
9985.HK,3/18/2026,11.37,1055944,
9985.HK,3/19/2026,10.74,8948800,
9985.HK,3/20/2026,10.59,3869000,
9985.HK,3/23/2026,10.17,6724200,
9985.HK,3/24/2026,10.48,3433600,
9985.HK,3/25/2026,11,9168932,
9985.HK,3/26/2026,10.41,2598600,
9985.HK,3/27/2026,9.52,20053600,
9985.HK,3/30/2026,9.68,4917736,
9985.HK,3/31/2026,9.4,6288117,
9985.HK,4/1/2026,9.52,4256800,
9985.HK,4/2/2026,9.33,3890254,
9985.HK,4/3/2026,9.33,0,0.042176
9985.HK,4/7/2026,9.33,0,0.042176
9985.HK,4/8/2026,9.77,4073482,
9985.HK,4/9/2026,9.5,7597576,
9985.HK,4/10/2026,9.55,3319400,
9985.HK,4/13/2026,9.34,3447400,
9985.HK,4/14/2026,9.27,5864000,
9985.HK,4/15/2026,9.32,2798200,
9985.HK,4/16/2026,9.22,4712800,
9985.HK,4/17/2026,9.03,5159400,
9985.HK,4/20/2026,9.26,4169675,
9985.HK,4/21/2026,9.44,3447400,
9985.HK,4/22/2026,9.18,2577000,
9985.HK,4/23/2026,8.97,7831589,
9985.HK,4/24/2026,9.2,2819752,
9985.HK,4/27/2026,9.26,3069881,
9985.HK,4/28/2026,9.07,2117800,
9985.HK,4/29/2026,9.55,6588400,
9985.HK,4/30/2026,9.51,3235486,
9985.HK,5/4/2026,9.39,593800,
9985.HK,5/5/2026,9.2,1523200,
9985.HK,5/6/2026,9.19,10237100,
9985.HK,5/7/2026,8.97,4568400,
9985.HK,5/8/2026,8.95,2995108,
9985.HK,5/11/2026,9.28,9098336,
9985.HK,5/12/2026,9.24,3527600,
9985.HK,5/13/2026,9.06,1964600,
9985.HK,5/14/2026,9.02,1856400,
9985.HK,5/15/2026,8.87,3546600,
9985.HK,5/18/2026,8.71,6155200,
9985.HK,5/19/2026,8.6,2290000,
9985.HK,5/20/2026,8.5,3181600,
9985.HK,5/21/2026,8.36,2094400,
9985.HK,5/22/2026,8.25,1947400,
9985.HK,5/25/2026,8.25,0,0.047697
9985.HK,5/26/2026,8.39,5607976,
9985.HK,5/27/2026,8.13,3547000,
9985.HK,5/28/2026,8.06,3419800,
9985.HK,5/29/2026,8.16,13208239,
9985.HK,6/1/2026,8.57,7276657,
9985.HK,6/2/2026,8.17,4010600,
9985.HK,6/3/2026,8.03,1740800,
9985.HK,6/4/2026,7.96,2500902,0.049435
9985.HK,6/5/2026,7.85,2328800,0.050127
9985.HK,6/8/2026,7.92,5420900,0.049684
9985.HK,6/9/2026,7.88,3515395,0.049937
9985.HK,6/10/2026,7.84,11027101,0.050191
9985.HK,6/11/2026,7.97,2443600,0.049373
